0,0.16325464304626838,0.16353636551890574
1,0.15979131173887215,0.16007185112064753
2,0.1564499275695703,0.15672753235873582
3,0.15316589764910843,0.15343895429239626
4,0.14999213350116472,0.15025885070983655
5,0.14690404997171982,0.14716600301056146
6,0.14390907987199006,0.1441696367672925
7,0.14099948441820154,0.14125255536362435
8,0.1381745807595137,0.13842599961591162
9,0.13547392133411562,0.1357241007393751
10,0.13281277726481705,0.13306138451936725
11,0.130213063382099,0.13045948968144863
12,0.12768020519354478,0.1279221635480678
13,0.125236282316394,0.12547648480540566
14,0.12287343822650168,0.12311084112190347
15,0.1205909473638743,0.12082609968415815
16,0.11834397221375854,0.11857426795632306
17,0.11618888499766573,0.1164162408969624
18,0.11408415012766399,0.11430562901498756
19,0.11198311217338107,0.11219871402234623
20,0.11003433700792992,0.11024965503689403
21,0.10814286866507344,0.10835779376950824
22,0.10625371623613977,0.10646292183087142
23,0.10449777597421786,0.10470516767697041
24,0.10276376417529812,0.10296922433826718
25,0.10109280132865733,0.10129839526248192
26,0.09945448135013407,0.09965456288924064
27,0.09787525741831053,0.0980709404373249
28,0.09634993540569058,0.09654113929642844
29,0.09488631622927365,0.09507621829633765
30,0.09346620136372266,0.0936558531279296
31,0.09207419074150308,0.09225793474606568
32,0.09071450701024902,0.09089202325078746
33,0.08941324143046105,0.0895857983758556
34,0.08816018356809258,0.08832655047101362
35,0.08693244319684333,0.08709349706067006
36,0.08579852269186308,0.08595767106564711
37,0.08465357317245266,0.08480707475777699
38,0.08355231980523337,0.08369983552854489
39,0.08247006317646118,0.08261165330549755
40,0.08142353243474641,0.08156003479447214
41,0.08041713847182387,0.08054719113417366
42,0.07944166705638384,0.07956754134211116
43,0.07851128492290008,0.07863394081304413
44,0.07761338647652101,0.07773066025518925
45,0.07673989419556194,0.07685255788788278
46,0.07593395407591333,0.07604491424781891
47,0.07512403871385416,0.07523141592035931
48,0.07434813221484947,0.0744509905124095
49,0.073609794024041,0.07370659928911605
50,0.0728981054513404,0.07299076994042586
51,0.0722245179146075,0.0723118024077344
52,0.07157721601145699,0.07166098889653114
53,0.07095647571303838,0.07103713425726664
54,0.07037360210395294,0.07045196838835542
55,0.0698226083323127,0.06989750400128575
56,0.06926702293064667,0.06933672032987649
57,0.06872895945015,0.06879398580566641
58,0.06821282654730901,0.06827389511286548
59,0.06773278644266256,0.06779154674284124
60,0.06725564916403402,0.0673110672714188
61,0.06679498130914731,0.06684713574124543
62,0.0663593652403824,0.06640775013076754
63,0.06594970169846129,0.0659950110603837
64,0.06555170699927176,0.065593820986502
65,0.06516688273871378,0.06520525482085643
66,0.06479999941475939,0.06483434091282253
67,0.06444805510296743,0.06448013770527486
68,0.06411073452620307,0.06413910298405183
69,0.06378965335699135,0.06381427415241728
70,0.0634859349995604,0.06350819778151862
71,0.06318939447658196,0.06320925598074943
72,0.06291716959214019,0.06293590168217761
73,0.06265093100734119,0.0626669905962241
74,0.062387047988098195,0.062401278122058014
75,0.06214361297087158,0.06215533322616083
76,0.061916815291681276,0.06192654332883905
77,0.061698118517560005,0.06170549128668668
78,0.061492349890618,0.061497388317745295
79,0.061296370256358854,0.06129944218552073
80,0.06109959305869219,0.061100810056959054
81,0.06092127999275526,0.06092196383208123
82,0.06074063947697782,0.0607386224421798
83,0.060571824202379054,0.060567660580771884
84,0.06040480426003521,0.060397788484840134
85,0.06025684615043802,0.06024852893831834
86,0.06010554450276469,0.060094965800595694
87,0.059967859914055004,0.05995636472919717
88,0.05982757723622165,0.05981424276125895
89,0.05969696961392749,0.05968253191360744
90,0.05957570737188967,0.05956201539053936
91,0.059459566422434204,0.05944460759080536
92,0.05934311471621537,0.05932662223460903
93,0.059240918769057245,0.059224108565579976
94,0.05913388746768951,0.05911515339459908
95,0.05903137842167558,0.059011328015916104
96,0.05894252261310051,0.058921808806700296
97,0.05885051533993031,0.05882849628471142
98,0.05876491803639163,0.0587415738051238
99,0.058679886475215805,0.05865470589187888
100,0.05859678172102322,0.058570726554539314
101,0.058520486174693326,0.058492985007134894
102,0.0584453311975108,0.05841674670515212
103,0.0583782039134892,0.05834862948436134
104,0.05831364576881641,0.05828430213287961
105,0.05824951587802888,0.058219385569332135
106,0.05818828868903213,0.058156993417937286
107,0.0581318787824734,0.058099774816696016
108,0.05807489987844581,0.05804145610028294
109,0.05802341347348542,0.05798861513446959
110,0.0579769408304435,0.057942190607934416
111,0.05792712528387698,0.05789147669599056
112,0.057879594642066275,0.05784351350782427
113,0.057834942135932696,0.05779815222729379
114,0.05779464430222703,0.057757296369295184
115,0.057751332184460505,0.057713020021227635
116,0.057711994601451454,0.057673222621638716
117,0.05767424095161897,0.05763514113934583
118,0.0576344692436509,0.057594313711192086
119,0.057599075018480536,0.05755834291220728
120,0.05756742359772182,0.05752579965204159
121,0.057535460796538915,0.05749315153569845
122,0.057505385247372594,0.057462918561693235
123,0.05747278530193148,0.05742949841348324
124,0.05744791846579214,0.05740451919777385
125,0.05742345553601398,0.05737987539234619
126,0.057400278002081036,0.05735604265741279
127,0.05737744738399714,0.05733285938314294
128,0.057355693003948195,0.05731076050065601
129,0.057332219497290546,0.05728671794649981
130,0.05730817944313853,0.05726237642306388
131,0.05728785941498921,0.0572420310726252
132,0.05726886476727696,0.057222584233972175
133,0.05724835501743249,0.057201230950975214
134,0.057229549328642826,0.05718211871910148
135,0.057211848521035585,0.05716420456805161
136,0.05719069223096296,0.05714295128065859
137,0.0571749870158894,0.057127005969668986
138,0.05715825033725305,0.05710959945633632
139,0.057142314770441176,0.05709322629116628
140,0.057127201658124994,0.05707800031651251
141,0.057113058957364606,0.057063613124275
142,0.05710108644998122,0.05705151211484126
143,0.05708796415867652,0.057038152989502634
144,0.057075307679826055,0.05702527991357673
145,0.057062461986519916,0.057011696090617875
146,0.05705111590594238,0.056999820785385215
147,0.05703895991212271,0.05698759247459742
148,0.057024698220794104,0.05697362018491565
149,0.05701424735645019,0.056962751424246984
150,0.057003312254346364,0.056951423141794806
151,0.05699181741716893,0.05694023944005101
152,0.05698094266642388,0.05692923226475597
153,0.05697065689016604,0.056918681124787845
154,0.05696140777224722,0.05690971316340495
155,0.0569527269120308,0.056900940509943834
156,0.056946236911804934,0.056894548154415026
157,0.05693946858205678,0.05688785904621526
158,0.056931767260188074,0.05687998942539739
159,0.05692190219859808,0.056870497889911574
160,0.05691426732125558,0.05686241194389286
161,0.05690730023505714,0.05685472329398553
162,0.05689985050330646,0.05684690792386197
163,0.056892321989318505,0.056839478300387374
164,0.05688598174759955,0.0568329003735299
165,0.05687772177848349,0.056825213878618226
166,0.05687173924925944,0.05681908628479435
167,0.05686434202680369,0.05681164014647504
168,0.05685709091051078,0.056804448635705065
169,0.05685144212024008,0.056798482112844086
170,0.05684618754581091,0.05679361286054469
171,0.056839755005417526,0.05678757061354179
172,0.056836215655468654,0.0567838893195407
173,0.05683216940032011,0.05677956852331915
174,0.056829338545723695,0.05677690477557715
175,0.05682517417869939,0.056772823956554516
176,0.0568210591845881,0.05676894554371982
177,0.05681758223181136,0.056765203995478186
178,0.05681326599503287,0.05676119497037905
179,0.05680921469029422,0.05675732841518776
180,0.05680517397642477,0.05675321689324896
181,0.05680144727761534,0.0567493942063349
182,0.056799135352511874,0.05674733794449612
183,0.05679631257714218,0.056744556964651575
184,0.0567926983217978,0.05674089892040829
185,0.05678863079717502,0.05673715611587775
186,0.05678516047646987,0.056733730450660415
187,0.05677974770501897,0.05672838489399467
188,0.056775775447905505,0.05672477576937466
189,0.05677144656225171,0.05672094198822247
190,0.05676707914500634,0.0567163052274163
191,0.05676285608215003,0.0567120959987623
192,0.056760987767493686,0.05671054851145695
193,0.05675702030229116,0.05670673665697063
194,0.05675469734927443,0.056704430438260796
195,0.056750912515883864,0.05670076904469339
196,0.05674612029233779,0.056696098881243356
197,0.05674300640600331,0.056693011549478596
198,0.05673861037947456,0.056688380614075926
199,0.05673533903024112,0.05668576271177719
200,0.05673322156255589,0.05668399727636142
201,0.05673136129545685,0.05668210048239891
202,0.05672838251767014,0.0566791683394474
203,0.0567269057269368,0.056678102853168294
204,0.056724398701178104,0.05667611690827234
205,0.05672226617184774,0.05667415638066429
206,0.05672062458494234,0.05667283250605281
207,0.056717041750001786,0.056669329772127255
208,0.056715133414969664,0.056667680185398715
209,0.05671197299097628,0.056664658608150294
210,0.0567099188364011,0.05666288321096452
211,0.05670555411818834,0.05665912175484932
212,0.05670361524037337,0.05665741250375418
213,0.05670052064832933,0.05665451688683617
214,0.05669851139637792,0.05665281357013699
215,0.05669520738578401,0.056649901868445325
216,0.0566929320820458,0.05664737471149072
217,0.05669054675393443,0.05664466809780717
218,0.056687901604670375,0.05664329460527321
219,0.056685268118231394,0.05664054202544243
220,0.05668394307224722,0.05663916620320887
221,0.05668264609827699,0.05663775875243199
222,0.056680934348878824,0.056636194232530385
223,0.05668003668262346,0.05663549319708615
224,0.056678057237138806,0.056633573670584685
225,0.056675275774788605,0.05663056833915001
226,0.056673843805465286,0.05662937757307625
227,0.056671245731331525,0.05662676408839969
228,0.05667011870820481,0.05662576999261159
229,0.056667788374446554,0.05662335689695147
230,0.05666526630558947,0.05662083583254005
231,0.05666450569943347,0.05662020178505358
232,0.056663636506572905,0.0566194018547202
233,0.056662490212835356,0.05661839148041922
234,0.05666105359703516,0.05661729647513095
235,0.056660773805835174,0.05661695522321557
236,0.05665860232779747,0.056614971875046875
237,0.05665691172442118,0.05661323658275464
238,0.05665516027504589,0.05661151870878477
239,0.056653651361092204,0.056610519084508426
240,0.056652059639665714,0.05660916069526691
241,0.05665044569734019,0.05660799225333517
242,0.05664852668549601,0.056606332805166144
243,0.05664762430839381,0.05660530757145282
244,0.0566466752644289,0.056604536982010824
245,0.05664487572652691,0.05660292659861486
246,0.056643352119669206,0.056601504036294464
247,0.05664274165180239,0.05660103727872224
248,0.05664011950851169,0.05659859564379536
249,0.05663955639448833,0.056597992437412356
250,0.05663951991852088,0.05659794542817278
251,0.056637949452278534,0.05659699240576131
252,0.056636813904516844,0.05659586257682983
253,0.056633817897641825,0.05659386377099549
254,0.05663246302165086,0.05659284299490761
255,0.05663097595102251,0.056591446651421275
256,0.056628820589771096,0.05658960604499318
257,0.05662634760202375,0.056587071844738795
258,0.056625672711785646,0.05658644444019411
259,0.0566243479854766,0.05658535605040561
260,0.05662431998270263,0.05658532086527725
261,0.05662353466448084,0.056584687025689015
262,0.05662154547401733,0.05658349425576471
263,0.056618541953889996,0.056581032841929044
264,0.056617896852047635,0.056580643788355825
265,0.05661625173350854,0.05657922269669524
266,0.056614881096436316,0.056577830331461465
267,0.05661379437636211,0.056576701793235186
268,0.05661185435261861,0.05657505626117753
269,0.05661001176806766,0.05657371692513758
270,0.056607758477008496,0.05657178299441481
271,0.056607059057242004,0.056570984866179244
272,0.056605573365236854,0.056569850178837415
273,0.056603377349829,0.05656769130576637
274,0.056601719907547546,0.0565663978519973
275,0.05660064402914411,0.056565525931951716
276,0.05659957500099475,0.05656466525625892
277,0.056599563520419754,0.05656465020242619
278,0.05659878043774739,0.05656428128207691
279,0.05659537012164819,0.056562198962920376
280,0.05659395936599658,0.05656084517543537
281,0.05659225430052124,0.05655889896518846
282,0.056591366577522666,0.056558188049162454
283,0.05658968542285402,0.05655702021359762
284,0.056588306152403275,0.05655589776448973
285,0.05658745914669948,0.05655520088195663
286,0.056585792332525815,0.05655413258752078
287,0.05658576694154849,0.05655413136224066
288,0.05658448486517792,0.05655301010324447
289,0.05658309412698128,0.05655132372278523
290,0.05658182640821818,0.05655014993925981
291,0.05657941229144621,0.05654961846908411
292,0.0565780856835926,0.05654865933119649
293,0.0565776281780067,0.05654831630894578
294,0.05657567167623891,0.056546620983055414
295,0.056574912667724166,0.05654601270934807
296,0.05657183924654926,0.05654323446603524
297,0.05657002317166265,0.056540986542632024
298,0.056569602047302645,0.056540799147080496
299,0.05656857272808925,0.05653949437285424
300,0.0565668232260005,0.05653801936558073
301,0.05656632488356627,0.056537238637225554
302,0.056565349112962814,0.05653662860147725
303,0.05656440807341359,0.05653597346848712
304,0.05656438196305271,0.05653595085000069
305,0.05656255780791294,0.05653426594541898
306,0.0565605169381816,0.05653293893443058
307,0.056559724880084296,0.05653252183294168
308,0.05655856041071896,0.05653136841106206
309,0.056557788691647556,0.05653078887089282
310,0.05655624348840528,0.05652941673749988
311,0.05655550345522585,0.05652912089558305
312,0.05655444800985839,0.056528328642598304
313,0.05655412355186861,0.05652812963523524
314,0.056552511016883314,0.0565271433344881
315,0.056552090063961884,0.05652685599265031
316,0.0565517015578199,0.056526652167302634
317,0.05655047382579912,0.05652582764158415
318,0.05654935279391495,0.05652458485637563
319,0.05654792176500304,0.056523568468184335
320,0.056546000971374986,0.05652171976453014
321,0.056544917303957026,0.05652140942056604
322,0.05654416960112224,0.05652094110575514
323,0.056543692471688806,0.056520610155460144
324,0.056543475006317845,0.05652042357561257
325,0.05654276966755836,0.056520110222956214
326,0.05654166909550654,0.05651919001884172
327,0.056540418441327324,0.05651803321137691
328,0.05653911706938126,0.0565169289212652
329,0.05653772562730149,0.05651569501252915
330,0.05653572817073122,0.056515191640532154
331,0.05653327373502477,0.05651302378180056
332,0.05653316017087371,0.0565130087660948
333,0.05653207353445137,0.05651204817649804
334,0.0565319658951414,0.05651197347359793
335,0.05653089671758532,0.056511039161362
336,0.05652978964593693,0.05651021470137383
337,0.05652770283275721,0.05650796363301953
338,0.05652660552018266,0.056507168884449434
339,0.05652543368198856,0.05650621389911505
340,0.05652422112537846,0.05650508975651527
341,0.056524041473366995,0.05650493707697493
342,0.056523276741766874,0.056504631642586976
343,0.056523027058128394,0.056504425086811035
344,0.05652125217748305,0.05650328556072224
345,0.056520532522826086,0.05650286316529577
346,0.056519826550194475,0.05650214125337914
347,0.056518433346433486,0.056501604152524657
348,0.056517670282646065,0.056500768354657706
349,0.056517248275832675,0.05650067789385384
350,0.056516183440905816,0.05650034615740219
351,0.05651574326089736,0.056499972378232725
352,0.05651468732379785,0.056499094987943935
353,0.05651404841246717,0.05649877180962359
354,0.05651213636198438,0.05649722194159163
355,0.056512107025419575,0.056497175717713476
356,0.05651203490978383,0.05649711049480384
357,0.0565115540799487,0.05649670242161517
358,0.05651001230228262,0.056494816938416424
359,0.05650999400031088,0.056494825850163057
360,0.05650998668106672,0.05649479400102586
361,0.05650846065263789,0.05649377725124082
362,0.05650706455320273,0.05649289378565156
363,0.0565067941818242,0.056492759612965654
364,0.056506683371645466,0.056492755985818835
365,0.05650581196947443,0.05649219172492899
366,0.05650529941338376,0.05649157618971745
367,0.056505270604197216,0.056491566415710306
368,0.056504874314987096,0.05649124069791552
369,0.05650341062810254,0.05648971612095038
370,0.05650311243598529,0.0564895989905622
371,0.05650261314399627,0.05648922352310825
372,0.056501900476784224,0.056488758581108967
373,0.056499928759404926,0.05648737236097123
374,0.056498532670249096,0.05648663220978421
375,0.05649758022642948,0.05648562215476352
376,0.05649718881644041,0.05648541504456032
377,0.056495808903688244,0.056484334743648924
378,0.05649551467784622,0.05648431099868664
379,0.05649448867509313,0.05648395081228278
380,0.056493175738281075,0.056482927605664084
381,0.05649263993282809,0.056482869595583386
382,0.05649211429994432,0.05648270204520142
383,0.05649134832914975,0.056482369073129576
384,0.056491316215189796,0.056482342600391554
385,0.05649031010081443,0.05648192205197389
386,0.0564892816792173,0.05648133960192907
387,0.05648870077773759,0.05648075792957312
388,0.05648741845903793,0.056479945367307875
389,0.056487311428547606,0.05647978238542777
390,0.05648485526986743,0.05647834298876367
391,0.05648348650659527,0.05647728057894999
392,0.05648348390547647,0.05647727925407628
393,0.056482362598272266,0.05647663244821041
394,0.056480664722022116,0.05647528245539724
395,0.05648022484957448,0.05647500591572606
396,0.05647959097584959,0.05647461312065007
397,0.05647827787914745,0.05647358860062638
398,0.05647647813113789,0.056472272777730786
399,0.056475761577291776,0.05647184238238733
400,0.05647520413521128,0.056471579657022694
401,0.05647505966819816,0.05647157373942099
402,0.05647433397437793,0.05647146804348761
403,0.0564736352080853,0.05647092975563898
404,0.05647355059314109,0.05647096592156242
405,0.05647322408105033,0.05647086715771438
406,0.05647255763906732,0.05647031447152492
407,0.05647187522315796,0.05646986098472306
408,0.056471126049208946,0.05646925617579792
409,0.056470525137233496,0.05646879020903742
410,0.05646980544618375,0.056468356372007256
411,0.05646842446839065,0.05646740484266879
412,0.05646720198206803,0.056466733481306985
413,0.056466700726375094,0.056466296258907096
414,0.05646530343091468,0.05646511996521078
415,0.056464989113925404,0.05646499344086675
416,0.056464250992899076,0.05646418072950493
417,0.05646374481997647,0.05646390211296996
418,0.05646325648681303,0.056463530693811714
419,0.056462960159468986,0.05646324119557869
420,0.056462095836639456,0.05646259245932711
421,0.056461824559987696,0.056462490843575866
422,0.056460353615238636,0.05646138016472988
423,0.05646000689748197,0.05646103876762013
424,0.05645976302378528,0.05646110590242005
425,0.05645927581876138,0.05646083943314296
426,0.05645781021272528,0.05645968674753818
427,0.056457463320884395,0.056459452121735657
428,0.05645707933866512,0.05645925822654215
429,0.05645670601305771,0.05645911757704979
430,0.05645502499816534,0.05645885959652679
431,0.0564545640946445,0.05645860297657752
432,0.0564541248143155,0.05645832257464836
433,0.05645387351747969,0.05645810429409853
434,0.05645342378119822,0.056457780701408736
435,0.05645237959077055,0.0564569371745029
436,0.05645127247757075,0.05645619916731195
437,0.05645047872445599,0.0564556648489339
438,0.056450136533735394,0.05645553617404872
439,0.056450096673572404,0.05645551677032201
440,0.05644935503873885,0.056455330715317956
441,0.05644891046570453,0.05645518916790563
442,0.05644805145830486,0.0564549652528937
443,0.05644779506432538,0.0564547708170887
444,0.056447577243564,0.05645466300223791
445,0.056447038538185,0.05645406402292524
446,0.05644630171058918,0.056453395805833695
447,0.05644555465566995,0.056452741094273985
448,0.05644532057344655,0.05645265974136986
449,0.056444668599228184,0.05645158327101638
450,0.056444505121555334,0.056451452019170824
451,0.056442855216232,0.05645036862951501
452,0.056441586325561045,0.0564493372034835
453,0.05644127288591823,0.05644894154535506
454,0.056440938317417845,0.05644893403296663
455,0.056440777829639306,0.05644890182276874
456,0.05643919399005896,0.05644866356950014
457,0.05643919915571068,0.05644864970144886
458,0.0564388374231708,0.05644858361119717
459,0.05643869747939715,0.056448618418493315
460,0.056438542203155424,0.056448595865867736
461,0.05643794253100167,0.05644829315097107
462,0.056437632361054466,0.056448138699398416
463,0.05643681374809043,0.05644772533699174
464,0.056436445872378456,0.05644739290405883
465,0.05643571083671723,0.05644729381198477
466,0.0564353523892812,0.05644692842672405
467,0.056434662784325684,0.056446253792681256
468,0.056434369335001684,0.05644616648148992
469,0.05643419395690533,0.05644614298281295
470,0.05643367010237343,0.05644556464190054
471,0.05643333123252139,0.056445547402308005
472,0.05643160305297896,0.05644411043575616
473,0.05643147791117718,0.05644408646117919
474,0.056431072668327295,0.056443981441981594
475,0.056431069657397664,0.05644398475758442
476,0.056430132813689804,0.05644280365638101
477,0.056427697574033424,0.05644079111087228
478,0.056427698160004515,0.056440794796469705
479,0.056427320599834706,0.05644067123256608
480,0.05642620345325957,0.05643995156425956
481,0.05642575429680968,0.05643999043600691
482,0.056424741031492524,0.056439321915934614
483,0.05642335031938927,0.05643807384280548
484,0.05642259695169844,0.056437619908835765
485,0.05642164275568785,0.056437191720578955
486,0.05642063979640874,0.05643689344729142
487,0.05641974655464292,0.05643629448809634
488,0.05641921469230404,0.056436052036826986
489,0.05641801462871981,0.05643503400276882
490,0.05641771686094037,0.05643489765603496
491,0.056417580321902,0.05643489669838478
492,0.05641674233668427,0.05643486118650497
493,0.05641550110040311,0.056434376210111
494,0.05641394895641654,0.05643291318078831
495,0.05641320949543742,0.05643252942350322
496,0.05641216781736321,0.05643191006787103
497,0.056411594132324695,0.056431523203359674
498,0.056411597759378755,0.056431526908558946
499,0.05641038175828753,0.05643073183893257
500,0.05640986114477683,0.056430378857097487
501,0.056408668440800946,0.0564296592046151
502,0.05640778298366399,0.05642886546975347
503,0.056407172338588385,0.0564282702708348
504,0.05640656897551796,0.05642768990834484
505,0.05640557495131186,0.05642690053824908
506,0.05640498411004477,0.05642662182702565
507,0.05640441848269471,0.05642605232656091
508,0.056403462637118394,0.056425386480670255
509,0.05640321964775293,0.05642529350693803
510,0.05640287289915271,0.056425090594062165
511,0.05640216251584607,0.056424487759741335
512,0.05640175452405508,0.05642419051724188
513,0.05640088625239193,0.05642359535677023
514,0.056400309847294466,0.05642306154087835
515,0.05640005786549466,0.05642291481569029
516,0.05639968964242472,0.05642232315562094
517,0.05639828429734082,0.056421255045671456
518,0.05639822834475975,0.05642125567380075
519,0.05639746911713228,0.056421153511446734
520,0.0563972206579353,0.056420886527620465
521,0.056396154388570936,0.056420187610855536
522,0.05639524462224236,0.05641963417422746
523,0.056394878285063954,0.056419382897551745
524,0.0563944442840011,0.05641918538016648
525,0.056393899593799715,0.05641870975671038
526,0.056392946752996706,0.05641816971579955
527,0.05639241771843861,0.05641782669898456
528,0.05639151968155743,0.0564171019450843
529,0.05639093234764106,0.05641700012201417
530,0.056390208879360686,0.056415983184206604
531,0.056389679206132165,0.05641575524768411
532,0.056389032840924294,0.056415602322660796
533,0.05638896458029815,0.056415614014591595
534,0.05638823296506149,0.056415160817249746
535,0.05638739295471677,0.0564144233744934
536,0.05638728561760762,0.056414416585686064
537,0.05638624565345565,0.056413716266156086
538,0.05638546357323636,0.05641297016359857
539,0.05638523142349887,0.056412806838520124
540,0.056384818605007075,0.05641253120989743
541,0.05638460349237665,0.056412459158495076
542,0.056384137028138236,0.056412323020632066
543,0.056383716447078236,0.056412113697920055
544,0.056383430085950356,0.05641196517013867
545,0.0563826910787582,0.05641138856083282
546,0.056381038290113636,0.05640974759027254
547,0.05638083994047652,0.05640976571493747
548,0.056380163182045216,0.056409202488998854
549,0.05637963892833143,0.05640884702053343
550,0.056378432104738536,0.05640878657967814
551,0.056377921669240036,0.056408735010577526
552,0.05637737475763189,0.05640851848654185
553,0.05637721169132919,0.056408335438455234
554,0.056376986020626296,0.05640820623667656
555,0.05637575047195535,0.056407134158405606
556,0.0563754812094019,0.05640704590865425
557,0.056374817971301436,0.05640646688504111
558,0.056374373931035594,0.05640609541856957
559,0.05637360324329468,0.056405332849650526
560,0.05637228742571122,0.05640443150858619
561,0.05637162275423433,0.0564039605378454
562,0.056371044954719424,0.05640347235169092
563,0.056370016323719525,0.05640256341878898
564,0.056369160769439916,0.05640218911644161
565,0.05636879936925973,0.05640222395100353
566,0.0563685703640446,0.05640210681886486
567,0.05636777884856922,0.05640144548786981
568,0.05636715978458751,0.05640120070623222
569,0.05636676047192104,0.056401112228047466
570,0.0563652394545139,0.056400203489708756
571,0.05636451120442572,0.05639991417827869
572,0.05636332542014368,0.05639923887128759
573,0.056363062045735574,0.056399211884438576
574,0.05636242916777363,0.056398667213309696
575,0.056361667704169116,0.05639815572387232
576,0.056360897016991346,0.05639768806784322
577,0.05636018000922127,0.056397349283172096
578,0.056358920965873686,0.05639674781385394
579,0.056358000663128224,0.05639630402233842
580,0.056357688307515204,0.056396218602702136
581,0.056356361436806994,0.05639498463841568
582,0.05635551010939904,0.056394418369930185
583,0.05635477315472393,0.05639422824069843
584,0.056354445925466456,0.056393859907121875
585,0.056353747029617623,0.056393417720010094
586,0.056353743726642515,0.05639344928587196
587,0.056352890074588255,0.0563927957548324
588,0.056352533337234625,0.05639245981565386
589,0.05635235543835851,0.05639243716315968
590,0.056351487565073646,0.05639172229369779
591,0.05635085950755212,0.05639108168031491
592,0.05635004950144682,0.056390321412668906
593,0.056348865205107616,0.056389656091871694
594,0.05634840321094258,0.056389544032473565
595,0.056347002562473325,0.056388776646358635
596,0.05634610671839239,0.056387874366719444
597,0.056344812013301146,0.05638666994827401
598,0.05634408367045822,0.056386203648745845
599,0.056343741766249664,0.05638593165825682
600,0.05634341353047378,0.05638564725256935
601,0.05634290557749993,0.05638513423975232
602,0.056342253832370605,0.05638431212631005
603,0.05634198009248763,0.05638404508115553
604,0.056341020543212744,0.056383408012677695
605,0.056339503953692395,0.056382063754794806
606,0.056338863098859215,0.05638156924846383
607,0.05633807853848023,0.0563813383063242
608,0.05633789729448384,0.05638128349247496
609,0.05633717151284743,0.056381405734629984
610,0.056336843314398456,0.056381328909071105
611,0.05633486698927928,0.056379957519603
612,0.0563346389480416,0.05637990366484901
613,0.05633391987575223,0.05637926252233799
614,0.0563326091831503,0.056378317080971636
615,0.056331716518063804,0.05637754791802368
616,0.05633057241753881,0.05637656352584023
617,0.05633000002554503,0.05637618283715391
618,0.05632959019633234,0.05637601612602617
619,0.056328595282699755,0.05637508060097179
620,0.056328429073244556,0.056375119099787846
621,0.056328095639617666,0.05637503593323171
622,0.05632717309061029,0.056374622606568704
623,0.056326444107750784,0.05637386131985992
624,0.05632584803827275,0.05637352304894209
625,0.05632476272575771,0.05637308841090337
626,0.0563245379674439,0.05637287236336485
627,0.056324176934020934,0.05637256397021653
628,0.05632308221678297,0.05637182629156582
629,0.056322908384923646,0.05637175197898804
630,0.05632206903378396,0.0563710561823692
631,0.05632189636156951,0.056371000757464255
632,0.056321213403470544,0.05637057267525705
633,0.05632008538764124,0.05636991604614469
634,0.056320040519856535,0.05637000685880635
635,0.05631868277594426,0.05636928840875533
636,0.05631815384367403,0.056369012660440955
637,0.05631760010094418,0.05636875362304623
638,0.05631746790371133,0.056368497910496224
639,0.056316987101613356,0.056368356097593074
640,0.056315983111631635,0.05636756569141607
641,0.0563152638699711,0.05636726051015422
642,0.0563138843319235,0.056365937053459034
643,0.05631325876724416,0.056365615729661034
644,0.05631297646488576,0.05636541022629729
645,0.05631174772939618,0.056364497987386804
646,0.05631117147777139,0.05636420043776119
647,0.056310431452370906,0.05636347598204175
648,0.056309720056416365,0.05636296787865217
649,0.05630940572348455,0.05636276552880071
650,0.056308867567333866,0.05636277198544862
651,0.056307896987395224,0.05636208385642297
652,0.05630748979816418,0.0563619255236514
653,0.05630623553355954,0.05636153833986637
654,0.05630580291801022,0.05636147472496579
655,0.05630552741569702,0.05636121764540297
656,0.056305251523556726,0.05636096954230353
657,0.05630391971055068,0.05635961329189076
658,0.05630307583730452,0.056359241483636975
659,0.05630250912891776,0.05635863149954931
660,0.056301374703182194,0.05635742682714504
661,0.05630122507044522,0.05635731548081889
662,0.05630089410927376,0.05635687138942785
663,0.05630014124368185,0.05635630837865173
664,0.056299741111092,0.05635599234425218
665,0.056299392822357554,0.05635564730087064
666,0.05629830663331934,0.05635516349827223
667,0.056297245625830286,0.05635438677129052
668,0.05629611795485695,0.05635366466161107
669,0.056295066567210485,0.05635300381648608
670,0.05629489590433734,0.05635295064712624
671,0.056294070753516244,0.056352475052662096
672,0.056293600702836434,0.056352534240199
673,0.05629336595410813,0.056352471369021676
674,0.056293243011588875,0.05635243445693695
675,0.056292733733593045,0.05635201367691639
676,0.05629213036326834,0.056351802265398356
677,0.05629062870566037,0.05635044365967995
678,0.0562903965592296,0.056350284042096396
679,0.05628962140218669,0.05634986706734236
680,0.05628880058338663,0.05634985310167383
681,0.0562886222630201,0.05634980256153736
682,0.05628800710991593,0.05634954777174968
683,0.05628772663125117,0.05634945984359985
684,0.05628758181941126,0.056349468558373104
685,0.05628690598703307,0.05634916398256178
686,0.05628609258930656,0.05634838439330772
687,0.05628553628963532,0.05634825569669594
688,0.056285106838825115,0.05634787520345595
689,0.056284073773083004,0.05634731864096799
690,0.056283345970326706,0.05634663013087653
691,0.05628258964548324,0.05634602767325177
692,0.05628221542948855,0.05634573994269081
693,0.0562814549014608,0.05634532638575022
694,0.0562803344328509,0.056344922181298655
695,0.0562796533553361,0.05634448438595722
696,0.05627934897299578,0.05634427668901253
697,0.05627877953849219,0.056343784795326084
698,0.05627813702776771,0.056343639956917206
699,0.05627792960440905,0.05634354692829851
700,0.05627765473817605,0.05634347436644443
701,0.05627656095189369,0.05634289090133068
702,0.056276453335301305,0.05634282016304967
703,0.05627607898984305,0.05634261357222075
704,0.0562757787968545,0.05634246012469839
705,0.05627530927037628,0.056342301806849675
706,0.05627474929502734,0.056341965989094335
707,0.056274241841035154,0.056341587429939555
708,0.056273818999400795,0.056341179624258685
709,0.05627299371306941,0.05634060461364737
710,0.05627246419218656,0.05633997725213415
711,0.05627077012603162,0.05633859660719702
712,0.05627027920652601,0.056338409855151025
713,0.05626946547300973,0.05633807690911998
714,0.05626909440061718,0.05633792596038548
715,0.056269022356025315,0.05633793224979943
716,0.056268256355338664,0.05633720423910043
717,0.05626796169317124,0.05633722277134141
718,0.05626743326113995,0.056337155840085064
719,0.05626710156971168,0.05633713460334563
720,0.05626565305170918,0.056336077407462916
721,0.0562650877931172,0.056335784883632625
722,0.056264781475792454,0.0563355458103474
723,0.05626405983608522,0.056335002936990466
724,0.05626325968513025,0.05633433799111412
725,0.05626306460224617,0.05633429139992856
726,0.05626277177361455,0.05633423844829169
727,0.056262373281005355,0.056333972929948115
728,0.056261958028369655,0.05633359583798847
729,0.05626113368722873,0.056333035464648434
730,0.05626097699989404,0.05633300910421654
731,0.05626088817579731,0.056333101416815266
732,0.05626061096458281,0.05633292043746694
733,0.056260420712419976,0.05633262701944281
734,0.056259959902530854,0.05633248297753427
735,0.056259900180098854,0.05633253649954132
736,0.05625937025669726,0.05633215288960689
737,0.05625880552687748,0.056331782748588424
738,0.05625830210332265,0.05633165504824674
739,0.05625761015720913,0.05633128045271645
740,0.05625722825052196,0.05633096808399623
741,0.056257095464026345,0.056330923971925795
742,0.05625684702807959,0.05633075993398877
743,0.05625632308160391,0.05633012696577895
744,0.0562552501427783,0.05632989195540328
745,0.056255123358546495,0.05632982741536075
746,0.05625506087026434,0.05632976599531502
747,0.05625462721162532,0.05632948734062156
748,0.05625429985502963,0.05632922557253218
749,0.05625419490954065,0.056329169491265076
750,0.056254042110846225,0.05632902967674118
751,0.056253482164879784,0.056328609989927864
752,0.056252902223497415,0.05632875665376774
753,0.056252747038510985,0.05632880269339354
754,0.056252395742250424,0.056328722177204055
755,0.05625234885398173,0.05632869366811462
756,0.056251850219502,0.056328232115585374
757,0.056251716015677196,0.05632812763288626
758,0.05625074435630057,0.05632727648153528
759,0.05625062745933324,0.056327251960178966
760,0.05625036525427288,0.05632712314450618
761,0.05625008302069501,0.056326878929742225
762,0.05624946096389015,0.056326453003183695
763,0.05624863449712574,0.05632605984500633
764,0.05624829799926038,0.05632564496749909
765,0.05624818075647395,0.056325607923380816
766,0.0562481515033927,0.05632560790580963
767,0.05624751128762499,0.056325441604296735
768,0.05624716836881004,0.056325247928560564
769,0.0562465910785946,0.056324819644455
770,0.05624633698840968,0.05632456301294528
771,0.05624563373392874,0.05632391781720671
772,0.05624521363792871,0.05632346400837427
773,0.05624444765347416,0.056322580680500216
774,0.05624422180532782,0.05632262968694112
775,0.05624356868098943,0.056322278050617666
776,0.05624339391911725,0.05632230882376351
777,0.05624317665277429,0.05632217787122866
778,0.0562424756956161,0.05632164946758736
779,0.05624163685905271,0.056321067633607405
780,0.056241192786938884,0.056320970032572755
781,0.056241020742688025,0.056320876514300594
782,0.056240434952094555,0.05632032435263975
783,0.05624004953523547,0.05631998302349991
784,0.05623928618121823,0.056319466227988495
785,0.056238979673360806,0.05631938243617968
786,0.056238794943646,0.0563191769199833
787,0.05623808653697576,0.0563185117794678
788,0.056237838414809053,0.056318416102748146
789,0.056237811655371533,0.05631847875610826
790,0.056237742401660205,0.05631833951885447
791,0.05623749640150835,0.05631832790677246
792,0.056237317896575566,0.05631821810567339
793,0.056236555103565115,0.05631782638692173
794,0.05623645754015788,0.05631777921670309
795,0.05623590187797853,0.05631738420165927
796,0.056235486824993505,0.05631708769484758
797,0.056234979904038904,0.05631662273281552
798,0.05623481175379354,0.0563164711025572
799,0.056234229215829115,0.0563160829422603
800,0.05623366566562271,0.056315790097006706
801,0.05623302835037201,0.05631518143568007
802,0.056232611426458454,0.05631486390679005
803,0.056232127219816914,0.05631444186747184
804,0.056231439045768515,0.05631417517007365
805,0.05623124044124172,0.05631411605771847
806,0.056231011154562596,0.0563139160362922
807,0.05623042904764246,0.056313387050703934
808,0.05623023956318114,0.056313349828734933
809,0.05623009327455648,0.05631325964320937
810,0.05622991284002238,0.056313150091968786
811,0.056229695793780184,0.05631307591068979
812,0.056229509011459386,0.056313111310708264
813,0.05622887540302744,0.056313157566534905
814,0.05622864507086871,0.056313214027684744
815,0.05622807271838983,0.05631263398715927
816,0.05622792393027699,0.056312492390411965
817,0.056227161365375054,0.05631184169575868
818,0.056226912308243115,0.05631157977532926
819,0.05622664301942694,0.05631146537073925
820,0.05622654608339552,0.056311483839277976
821,0.056226219889199465,0.056311149978038266
822,0.05622605437660683,0.05631102350381144
823,0.05622566498240675,0.05631082576466478
824,0.056225553441766975,0.05631042928975013
825,0.05622553726394913,0.05631042872393163
826,0.05622435926042525,0.056309848799244375
827,0.05622426643874704,0.056309899483176835
828,0.056223606946464874,0.056309268747972256
829,0.05622332112941141,0.056309092482403865
830,0.056222538185871355,0.0563089597651338
831,0.05622244724579902,0.0563089357819311
832,0.056221577677888164,0.05630906010242593
833,0.05622131415758841,0.05630878652244681
834,0.05622111310859466,0.056308586445869044
835,0.05622070127486869,0.05630846004203787
836,0.056220175326282484,0.05630817543978669
837,0.05621995377193592,0.05630807457874766
838,0.0562197680441894,0.056307892663245075
839,0.05621913367400056,0.05630738437003258
840,0.05621908247628087,0.056307437869667264
841,0.05621896066132364,0.05630733985360477
842,0.05621828504403979,0.05630693040510809
843,0.056218015591045216,0.05630684589597321
844,0.056217337639896635,0.056306918314352736
845,0.05621706492090387,0.056306761104901695
846,0.05621664088082873,0.05630651790495556
847,0.056216041524339344,0.056306254750455156
848,0.056215576546485804,0.05630650103109896
849,0.056215575484032776,0.056306503500086286
850,0.05621492173550853,0.056305833966443786
851,0.0562143192987725,0.05630523785821237
852,0.056214021453137863,0.05630517835131
853,0.056213712113756996,0.05630498120565394
854,0.056213337822924654,0.05630470826838709
855,0.05621331613591307,0.056304724798714414
856,0.05621281262795217,0.05630447822219718
857,0.056212218177330714,0.056304042499638725
858,0.056211746217519856,0.05630360651552065
859,0.056211708758279744,0.056303626419689154
860,0.05621084663833244,0.05630315448222867
861,0.05621081460602869,0.05630319542532199
862,0.056210774828102786,0.05630320819836648
863,0.05621043167953311,0.056302979495121704
864,0.05621023965995474,0.05630289117906191
865,0.05620984368312753,0.056302625305077236
866,0.05620952057740573,0.056302628627608715
867,0.056209442450197204,0.05630260899396122
868,0.05620935656975012,0.056302683185979294
869,0.05620935132359987,0.05630268637111667
870,0.05620891759080094,0.05630275486886414
871,0.056208818846476404,0.056302778091609204
872,0.056208784810359985,0.05630277409083137
873,0.05620865090182383,0.05630271062305269
874,0.05620858803054933,0.05630270960982661
875,0.056208457330669793,0.05630267304850727
876,0.05620783341944598,0.05630215342142082
877,0.05620769622407013,0.05630211489041244
878,0.05620751803951869,0.05630195867435294
879,0.056207450871821406,0.05630198343695005
880,0.05620710531793427,0.05630183165544764
881,0.05620670673325422,0.056301456859625405
882,0.05620596609574982,0.05630119908479693
883,0.05620567731181955,0.056300955128006425
884,0.056205356060990495,0.056300672063779984
885,0.0562051288055525,0.056300598137970954
886,0.05620493201410804,0.05630058758281253
887,0.0562045298503737,0.05630029482118685
888,0.05620434888512194,0.05630019806932282
889,0.05620401564427846,0.056299958667709954
890,0.056203915201466614,0.0562999636527509
891,0.05620338748187894,0.05629974075528294
892,0.05620321587383609,0.05629960572057883
893,0.05620289077044245,0.05629946748049847
894,0.05620233807002457,0.05629941538284948
895,0.056202241830855856,0.05629936706205319
896,0.05620220511854368,0.05629933830446978
897,0.05620174310145354,0.05629928988222906
898,0.056201587778588746,0.056299252503785646
899,0.056200051159719024,0.05629803071476754
900,0.0561993270687524,0.05629761365253017
901,0.0561986998744119,0.056296923345869866
902,0.05619830452771559,0.05629669953675829
903,0.05619795479623858,0.0562966372598642
904,0.05619793542143132,0.05629667527992642
905,0.05619783554206567,0.05629654846402236
906,0.05619780628349265,0.0562964971248481
907,0.056197798591969675,0.0562965040418804
908,0.056197520450645966,0.05629636733334551
909,0.056197177059017556,0.056296325570180245
910,0.05619674748539501,0.056295998058142865
911,0.05619643353824024,0.056295586577376266
912,0.05619639718711856,0.056295588528154215
913,0.05619606811037549,0.05629535244454859
914,0.05619599088994101,0.056295397528327594
915,0.056195914460767354,0.05629540503573313
916,0.05619557489502011,0.0562953513661032
917,0.05619519509165903,0.056295306146734884
918,0.05619486012765966,0.056295093959843966
919,0.05619441261552528,0.05629497262856442
920,0.05619414310328478,0.05629471671212703
921,0.05619385722646515,0.05629462532862566
922,0.056193539741465966,0.05629449078455131
923,0.05619321646760326,0.05629440234006538
924,0.05619277017143022,0.05629397702819487
925,0.056192389883733,0.05629391927019969
926,0.05619192258045961,0.05629365705862554
927,0.056191697271851186,0.056293519872161545
928,0.05619135406765747,0.05629317731577661
929,0.05619093526037421,0.056293191933487696
930,0.056190675801420294,0.05629310725664395
931,0.05618995984734363,0.056292583434655624
932,0.05618962876030536,0.05629245338873387
933,0.05618956149780131,0.056292459452822644
934,0.056189557257085014,0.05629245914847718
935,0.056189476006447935,0.05629253056229627
936,0.05618923109780565,0.05629248347068959
937,0.05618913030334956,0.05629245272989899
938,0.0561883403446824,0.0562920756314122
939,0.05618817708044149,0.05629195709399525
940,0.05618777341383201,0.056291422586712374
941,0.05618677420102672,0.056290360463323884
942,0.0561864110018264,0.05629027638726935
943,0.05618615643830447,0.05629017189091728
944,0.056186032301534246,0.05629011228793069
945,0.056185704855817406,0.056289962111153585
946,0.05618547457497255,0.056289877544666536
947,0.05618521198005257,0.05628974419209371
948,0.05618439863691903,0.056289151185955684
949,0.056184159233438315,0.056289024183569375
950,0.056183940983656845,0.05628911837911911
951,0.05618337155542472,0.056289128980139484
952,0.05618310334179631,0.0562890066056406
953,0.056183081365049986,0.05628899657080531
954,0.056182559632622246,0.05628869806220417
955,0.05618235049611935,0.05628866009758003
956,0.05618224229255511,0.05628864829059108
957,0.05618203113701386,0.05628845633514514
958,0.05618190393094187,0.05628842763062736
959,0.05618166656603269,0.0562881905677769
960,0.05618139218864943,0.056288073586632084
961,0.05618091588175728,0.05628772030577422
962,0.05618063733980072,0.056287574354466755
963,0.05618053511005611,0.0562875321042475
964,0.056180443156540444,0.05628749548321441
965,0.05618017955630289,0.05628759468717516
966,0.05617953212994935,0.05628737361148494
967,0.056179202935072343,0.05628723371524508
968,0.056179073186133334,0.05628733243714844
969,0.05617861613166342,0.056287068926936024
970,0.056178499763674214,0.05628707112199189
971,0.05617787499378213,0.05628668976821209
972,0.05617787017693445,0.05628668846528987
973,0.05617747595078123,0.05628632216304662
974,0.05617695570092795,0.056286097593328324
975,0.05617687522110831,0.05628598629378666
976,0.056176103465371864,0.056285404808193815
977,0.056175905822828644,0.05628538226866581
978,0.056175902436071845,0.0562853806997058
979,0.05617590246316522,0.05628540536642742
980,0.05617483939888599,0.056285381459853095
981,0.056174786757906416,0.05628538739983033
982,0.056174429691261546,0.05628522772264108
983,0.056174357288053936,0.05628527254896769
984,0.056174036632358613,0.056284952513833635
985,0.056173891603347466,0.056284899797343885
986,0.05617383335175645,0.05628489302789057
987,0.05617341075042758,0.05628458140663947
988,0.05617331823906531,0.056284678277458734
989,0.05617316419083951,0.05628464904756612
990,0.056173179586759964,0.05628469938148841
991,0.05617281819897815,0.05628467092712065
992,0.05617263430693124,0.056284639957994466
993,0.05617246647002869,0.056284587284359006
994,0.05617191603744998,0.05628416801411106
995,0.05617176495157141,0.05628402809371187
996,0.05617130426352159,0.056283795597516756
997,0.056170968914486794,0.056283776412898244
998,0.05617057938641944,0.05628382900595211
999,0.05617047563239311,0.056283797708822275
1000,0.056170277822237664,0.056283879337459194
1001,0.05617015547177812,0.056283755803074015
1002,0.0561698622178739,0.05628345449096624
1003,0.056169839910179285,0.05628345678566966
1004,0.056169673204326316,0.05628331160976483
1005,0.05616941448830537,0.056283296817339463
1006,0.05616885626763611,0.05628292302390494
1007,0.05616882348117212,0.05628292676398774
1008,0.05616877020874817,0.05628294607459055
1009,0.056168170856581906,0.05628260837457403
1010,0.0561676813016286,0.05628227033736593
1011,0.05616765267527852,0.0562822797734537
1012,0.056167154750466436,0.05628180190219614
1013,0.05616651507392408,0.056281282371514404
1014,0.05616632184160283,0.05628118104908609
1015,0.056166119426295555,0.05628100082801011
1016,0.056165839399581086,0.05628081784269255
1017,0.056165732977422216,0.05628086556576243
1018,0.056165729488770695,0.05628086563147849
1019,0.056165688008826674,0.05628079301219377
1020,0.05616546623793145,0.05628053117406935
1021,0.05616526544873524,0.05628035830810381
1022,0.056164859129215206,0.0562800503181119
1023,0.05616474102439633,0.05628003519445911
1024,0.05616471304144018,0.056280069757851006
1025,0.0561646948461703,0.056280062755233506
1026,0.0561642848022986,0.05627986735155655
1027,0.05616405497694159,0.056279884083059194
1028,0.05616402766335195,0.05627990956363698
1029,0.05616335800405867,0.05627992618909781
1030,0.05616302048067797,0.05627976295839288
1031,0.05616252599990591,0.05627922552592435
1032,0.056162525337528045,0.056279367572318856
1033,0.0561624864976748,0.05627938405068356
1034,0.05616237455580895,0.05627934658566191
1035,0.05616211829929045,0.0562790507039809
1036,0.05616196577504834,0.05627900057060391
1037,0.05616195171943346,0.056279009124079814
1038,0.05616170878125396,0.056278935508185246
1039,0.05616106863223606,0.05627887008245478
1040,0.056160774998964984,0.056278664821365114
1041,0.056160770524395165,0.05627866013800216
1042,0.056160346267236975,0.0562782968946687
1043,0.05616036842756422,0.05627834405726919
1044,0.05616008735040555,0.056278394352440794
1045,0.05616008696263178,0.05627843763484955
1046,0.05615984708256836,0.0562784959735047
1047,0.05615957868555818,0.056278393268421906
1048,0.0561591093137235,0.056278245233469124
1049,0.05615878644603466,0.0562778484781658
1050,0.05615854671459272,0.05627771747564788
1051,0.056158471929078024,0.056277692630851146
1052,0.05615820275434876,0.05627758415614829
1053,0.05615817914568862,0.05627758874929151
1054,0.05615816294312513,0.05627759164749121
1055,0.05615798798442608,0.056277558937024366
1056,0.05615763884052191,0.05627748544725967
1057,0.056157399715879915,0.05627751140300665
1058,0.056157088812049005,0.05627740684114395
1059,0.056156957067464,0.05627744052815352
1060,0.05615665468553813,0.056277308926825975
1061,0.056156607149445315,0.05627732084061199
1062,0.05615638789286818,0.05627723522846764
1063,0.0561561213506629,0.056277171119983545
1064,0.056155987625302224,0.05627715973484438
1065,0.05615569281333426,0.05627703394689447
1066,0.05615515118755809,0.05627650071490758
1067,0.05615515240158327,0.05627649912202644
1068,0.05615468088580418,0.05627601769818
1069,0.05615445773694041,0.056275957371091215
1070,0.056154248669581276,0.05627582114746804
1071,0.0561538778404605,0.056275844861051624
1072,0.0561538462086393,0.056275851471446856
1073,0.05615352112247601,0.056275721889240404
1074,0.05615335521459384,0.0562757325215486
1075,0.05615328728347724,0.05627570921446885
1076,0.05615284005527649,0.056275642316186286
1077,0.0561522718681323,0.056275474200937696
1078,0.05615213175690576,0.056275479587383534
1079,0.056151461730861885,0.05627514662964449
1080,0.05615125527920203,0.056275054543209614
1081,0.056151185030855956,0.056275070237361946
1082,0.05615118330238303,0.05627506987839151
1083,0.056151136072811275,0.056275064421554194
1084,0.056151097035133705,0.05627504561522636
1085,0.05615081710260703,0.056274912845104524
1086,0.056150752523341986,0.056274905174731965
1087,0.05615047556728647,0.05627478074000516
1088,0.05615046840014258,0.05627482088980714
1089,0.05614998175824716,0.05627457534991582
1090,0.056149646913618526,0.05627437639520782
1091,0.05614952120651138,0.056274381471355855
1092,0.05614919242859219,0.05627428883918491
1093,0.05614909227755319,0.05627429991879609
1094,0.056148736114066754,0.05627392932928321
1095,0.05614869801504754,0.056273919080515364
1096,0.05614846963460683,0.05627395977170227
1097,0.05614832442733886,0.05627393145138464
1098,0.056148200158083944,0.056273903743038596
1099,0.05614812627890426,0.056273906307628706
1100,0.05614811972804782,0.056273897302704164
1101,0.05614772342198541,0.056273818642446315
1102,0.05614769395487141,0.05627381549232107
1103,0.05614746136803399,0.056273762905616725
1104,0.056147452923244724,0.05627383217984325
1105,0.05614746174788616,0.05627383586688069
1106,0.05614732302843856,0.05627393658168958
1107,0.056146829694883896,0.05627350516432152
1108,0.05614681189692199,0.05627350322348338
1109,0.05614677963122393,0.05627350524147506
1110,0.05614590967002125,0.056273090281227435
1111,0.05614574683775292,0.056272967713208645
1112,0.0561455080376522,0.05627267741874186
1113,0.056145417845542486,0.05627279129489829
1114,0.056145264179936386,0.05627272554940445
1115,0.05614525542851415,0.05627274012191566
1116,0.0561452467564,0.056272713105584155
1117,0.05614494843792483,0.05627268159847855
1118,0.05614466849031484,0.05627235673622777
1119,0.05614439545664511,0.05627233737350446
1120,0.05614440964016719,0.056272387561917825
1121,0.05614430245639069,0.05627237525810986
1122,0.05614358378154519,0.056271775119959455
1123,0.05614336891668999,0.056271685221155394
1124,0.056143054061091165,0.05627156381239419
1125,0.056142997386699645,0.05627162376221752
1126,0.05614297368483123,0.056271646210580534
1127,0.056142930428432596,0.05627162034639539
1128,0.056142430771618713,0.05627153701502913
1129,0.05614242146298617,0.056271540770959125
1130,0.0561422745983447,0.05627149780463925
1131,0.05614181614492999,0.05627123762493212
1132,0.05614177703253544,0.05627123459369739
1133,0.05614121932596999,0.05627073542177562
1134,0.05614096098127118,0.05627052412691885
1135,0.05614073637004079,0.05627045546203341
1136,0.056140710151939235,0.05627046036228367
1137,0.05614071096563617,0.056270460666916856
1138,0.05614035096366078,0.056270349210680456
1139,0.05614035262343365,0.05627035056585368
1140,0.05614043146653424,0.056270357319215994
1141,0.056140430009672504,0.056270359836855306
1142,0.056140391134635294,0.05627035122403661
1143,0.05614042135256086,0.05627036777892295
1144,0.056140253044151406,0.05627014231015719
1145,0.056140240757975,0.056270144466997074
1146,0.05613984783884266,0.056269928250074014
1147,0.05613957663465267,0.05626965704547692
1148,0.05613918360665331,0.05626942642790051
1149,0.05613917376748372,0.0562694353429843
1150,0.056139175075489274,0.05626943587663699
1151,0.05613911698078279,0.056269468086928356
1152,0.05613864142375997,0.05626923884690272
1153,0.05613847234953012,0.0562691804636027
1154,0.05613843422969356,0.05626920443985531
1155,0.0561376446428516,0.05626835317818675
1156,0.05613735395388177,0.056268312885764615
1157,0.056137258040003205,0.056268312141200434
1158,0.05613728001042034,0.056268358844398576
1159,0.056136927260486934,0.05626817003678847
1160,0.05613644755177937,0.05626770871396651
1161,0.05613640764462262,0.05626771133014959
1162,0.056135956530314925,0.05626764519325352
1163,0.05613596186028321,0.05626764592930937
1164,0.05613558532842459,0.05626758705083848
1165,0.05613538420607166,0.056267546357486764
1166,0.05613533899995484,0.05626752660742416
1167,0.056135000445957296,0.05626750480491094
1168,0.05613498983338374,0.05626750125605897
1169,0.0561348498236954,0.056267435742170774
1170,0.05613462955866837,0.05626719466296739
1171,0.05613436287997728,0.056267052727876306
1172,0.05613419572854239,0.05626703775593797
1173,0.05613415233149868,0.05626703878166671
1174,0.05613400843781629,0.05626695486985495
1175,0.05613371804015617,0.05626687328726032
1176,0.05613361165440659,0.056266896249717833
1177,0.05613345090526108,0.056266859331323506
1178,0.05613347655895306,0.05626688775026188
1179,0.056132887509681054,0.056266683390542686
1180,0.056132472418033534,0.05626666916332984
1181,0.056132448525734575,0.056266673467225636
1182,0.056132404082544746,0.05626667192012519
1183,0.05613226468672211,0.05626657408218153
1184,0.05613207596071928,0.056266577018791064
1185,0.05613186780281671,0.05626654969079128
1186,0.05613171256298956,0.05626646167858205
1187,0.056131555797301516,0.05626644006907479
1188,0.056131555247833004,0.056266439543227596
1189,0.0561315425105328,0.056266436940025616
1190,0.05613071841747518,0.056265705956339
1191,0.05613060840392826,0.05626561387587336
1192,0.05613044574622631,0.05626565056766369
1193,0.05613025736223847,0.05626564876977481
1194,0.05613014298835335,0.05626559504085236
1195,0.05612973951730485,0.05626562195510514
1196,0.05612972814740278,0.05626564278304399
1197,0.0561297231926828,0.056265641614953815
1198,0.05612967964402431,0.05626561620063163
1199,0.05612953025360499,0.056265493836795355
1200,0.05612950649356258,0.056265529893899484
1201,0.05612927218351535,0.05626558626595192
1202,0.056129256017296604,0.056265598412592786
1203,0.05612902265049025,0.056265677208403864
1204,0.056128970174238214,0.05626566300517724
1205,0.05612881257725255,0.05626549884062155
1206,0.056128669984257,0.05626542410564017
1207,0.05612841598357517,0.05626525041857068
1208,0.0561282726260921,0.05626529667059164
1209,0.056128163386069505,0.0562652714820519
1210,0.056128143960196206,0.05626527633490675
1211,0.05612806630229295,0.05626522441682447
1212,0.05612800990205542,0.05626522493034993
1213,0.05612800929190655,0.0562652264147589
1214,0.056127550193260926,0.05626502366730804
1215,0.05612754261251616,0.05626499325938593
1216,0.0561273372886027,0.056265032666549655
1217,0.05612734652076716,0.05626501801208071
1218,0.05612685635595581,0.05626476392368308
1219,0.05612673265719786,0.056264730363974745
1220,0.056126729978645595,0.05626473813486856
1221,0.05612655851502227,0.05626471891936358
1222,0.0561264633015386,0.056264690270242536
1223,0.05612641626676803,0.056264689481690756
1224,0.05612640592504273,0.056264688073984624
1225,0.05612628253124058,0.05626459085927105
1226,0.05612628083732917,0.05626459173153648
1227,0.0561262508614795,0.05626457467095531
1228,0.05612617525456355,0.05626455746122749
1229,0.05612615315898675,0.056264547094580064
1230,0.05612611140971739,0.056264514028365194
1231,0.05612591148876455,0.056264463971968236
1232,0.05612584980552173,0.056264466343763385
1233,0.05612572977620946,0.05626449235807713
1234,0.056125643228247764,0.056264469481983916
1235,0.05612563483956777,0.056264504470198595
1236,0.056125440680998964,0.056264388950182036
1237,0.05612480856281578,0.05626394973733717
1238,0.05612479517659971,0.056263953790548445
1239,0.056124698793731255,0.056263949898525394
1240,0.056124425952032805,0.0562636300994926
1241,0.056123967463853515,0.05626328091294632
1242,0.0561239765493352,0.05626329509158376
1243,0.05612390050942318,0.05626326862205191
1244,0.056123784831576935,0.05626327676335179
1245,0.05612338446279681,0.05626327109938288
1246,0.056123264107773796,0.05626323921920694
1247,0.056123005413340143,0.05626325499592177
1248,0.056123051857784025,0.05626334838820213
1249,0.05612286361200097,0.05626318270329672
1250,0.056122379561423505,0.05626285076567462
1251,0.056122345447753436,0.05626285799002093
1252,0.05612207620517887,0.05626248845446615
1253,0.05612199100935372,0.05626247723390588
1254,0.05612190022738825,0.05626242840090905
1255,0.05612137419524982,0.05626254021305137
1256,0.0561212301555229,0.05626246910545885
1257,0.05612121550564121,0.05626246499057725
1258,0.056121180285564044,0.05626243741905415
1259,0.056121168807308504,0.05626242213676482
1260,0.05612099085338459,0.05626238808343681
1261,0.056120985564101014,0.05626241184944694
1262,0.056120241961161894,0.056262063552125825
1263,0.05612013148067389,0.056262031791087956
1264,0.0561200221092899,0.056262039012311485
1265,0.05611996080632573,0.056261981022116624
1266,0.05611969989246764,0.0562618826621842
1267,0.05611968066029171,0.05626187696080179
1268,0.05611946250473137,0.05626186765984098
1269,0.056119458879867794,0.05626186799178632
1270,0.05611945984935139,0.05626186901721733
1271,0.0561192441883218,0.05626182110759525
1272,0.056118936426936855,0.0562619219143012
1273,0.05611888504126214,0.05626195253304635
1274,0.05611880351713959,0.056261921005697824
1275,0.05611878864651682,0.05626192377770668
1276,0.05611877726478886,0.05626208218228108
1277,0.05611877800180838,0.056262083188926185
1278,0.056118725975551634,0.056262093486103046
1279,0.05611852373096544,0.056262060078000796
1280,0.056118522446716126,0.05626206830604379
1281,0.05611818818412801,0.05626187623556861
1282,0.056118150461006475,0.05626187518284072
1283,0.05611827880017527,0.05626196526473755
1284,0.056117999217701435,0.05626175406355943
1285,0.05611797897945294,0.056261778697957336
1286,0.0561178639040815,0.05626172479548948
1287,0.056117714081836655,0.0562617294267502
1288,0.056117356502958966,0.05626138194304679
1289,0.056116945644341186,0.05626113274797933
1290,0.05611691675310682,0.056261123205763444
1291,0.056116914577863816,0.05626112171875172
1292,0.05611691389754625,0.05626112141276476
1293,0.056116841752153625,0.056261131005808956
1294,0.05611677270245738,0.056261095154407366
1295,0.05611667009866798,0.05626112224329506
1296,0.05611640779460418,0.05626098594008298
1297,0.05611626021145111,0.056260992610421647
1298,0.05611624456336416,0.05626100670459328
1299,0.05611617362107989,0.056260990982631515
1300,0.05611540801005872,0.056260484715337226
1301,0.05611540362773652,0.05626048002193626
1302,0.056115403489272596,0.056260480105627585
1303,0.05611533022065096,0.05626044844038184
1304,0.0561153299684892,0.056260448254713435
1305,0.056115185880323985,0.056260398011087155
1306,0.056115011780470986,0.05626034354155587
1307,0.056114996545424,0.05626033280032035
1308,0.05611459688878115,0.05626023033258779
1309,0.05611452471732657,0.05626019331972555
1310,0.056114430146815386,0.05626015254846665
1311,0.05611412562030404,0.056259831293026565
1312,0.05611412595430627,0.05625983261098721
1313,0.05611411491604347,0.05625983016554248
1314,0.056114061895298536,0.05625982737416265
1315,0.05611377660603864,0.05625965334084654
1316,0.056113585891125466,0.056259508974400546
1317,0.05611329209423071,0.056259384638403354
1318,0.056113288070384175,0.056259382547003314
1319,0.05611314032798881,0.05625939308881027
1320,0.05611312818018979,0.05625942680458199
1321,0.056112935323623415,0.05625942188774432
1322,0.05611270160226618,0.05625928149714827
1323,0.05611256009155744,0.056259211511810875
1324,0.05611256781709062,0.056259249273574556
1325,0.0561125766408299,0.05625925978250311
1326,0.056111747850956684,0.05625873132751849
1327,0.056111737510936024,0.0562587362815136
1328,0.05611169760385886,0.05625870904632731
1329,0.05611134806783512,0.05625844898696955
1330,0.05611092485396599,0.05625867591670534
1331,0.05611087368678418,0.05625865527135485
1332,0.05611084186644546,0.056258630195923746
1333,0.0561107506118185,0.0562586847045531
1334,0.05611044225583159,0.05625868734500077
1335,0.05611039002555582,0.05625858198723864
1336,0.05611035737599839,0.05625860026031644
1337,0.05611028535490739,0.05625856494540987
1338,0.05610990739429134,0.05625835725063973
1339,0.056109814605119955,0.0562583633512006
1340,0.05610981648563815,0.056258364870574354
1341,0.05610990346205692,0.05625846987005195
1342,0.0561095286915135,0.056258152424568934
1343,0.056109409969543445,0.05625828273726531
1344,0.05610918012411547,0.0562580334511118
1345,0.05610915789849439,0.056258028011664865
1346,0.056109092944659024,0.05625804253415011
1347,0.05610907736449885,0.05625802248277872
1348,0.05610895897344756,0.05625798115488817
1349,0.05610888593515629,0.05625797968058516
1350,0.056108795064410355,0.05625790817686177
1351,0.056108790720674595,0.0562579049566068
1352,0.056108517978609065,0.05625801566758223
1353,0.056108487108828126,0.05625801271082227
1354,0.056108215097071444,0.056257828792141265
1355,0.05610819531228107,0.0562578778927147
1356,0.05610806081913426,0.05625778145795155
1357,0.05610762343257552,0.056257528632093386
1358,0.05610761649172451,0.056257515310157304
1359,0.056107313905385335,0.05625723858010093
1360,0.05610628952031467,0.056257033204857074
1361,0.05610615774772746,0.05625689439618024
1362,0.05610578193511021,0.05625646086980832
1363,0.056105716188683916,0.05625651366201382
1364,0.05610556840572742,0.05625646900998455
1365,0.056105322572061925,0.05625643354948699
1366,0.05610522479572151,0.05625642085596272
1367,0.056105213066631646,0.056256418399495495
1368,0.056105116054964786,0.056256373971243945
1369,0.05610477373842152,0.056256418727784155
1370,0.05610430364932564,0.056256203857790184
1371,0.05610420411390296,0.05625629225690534
1372,0.056104143190067415,0.056256247036214055
1373,0.056104109551564835,0.05625625032284619
1374,0.05610411155299275,0.05625626535750964
1375,0.0561037780577097,0.056256098382295686
1376,0.056103736490814134,0.05625607146821651
1377,0.05610357652881897,0.05625598064321696
1378,0.056103499363412676,0.05625591982649323
1379,0.05610350445707091,0.05625594251913571
1380,0.056103452568550295,0.0562559343460009
1381,0.056103219351245424,0.05625570870503315
1382,0.05610296631963171,0.05625560551332323
1383,0.05610296193422715,0.056255614573649686
1384,0.05610284784708456,0.056255481413291834
1385,0.056102821527553616,0.05625547852472197
1386,0.056102652248673175,0.05625549838274078
1387,0.05610232623087816,0.05625540594891721
1388,0.05610194821277166,0.05625531798383835
1389,0.0561019462706588,0.05625531795796508
1390,0.05610184564572166,0.056255265259481255
1391,0.05610171056980839,0.05625520308948195
1392,0.05610166975900506,0.05625520109906089
1393,0.05610152690456169,0.05625513843228532
1394,0.056101184503480374,0.05625495474505583
1395,0.05610042194406951,0.056254790861761744
1396,0.05609971562388853,0.05625415381299147
1397,0.05609971148442795,0.05625415681102891
1398,0.05609837708180904,0.0562531276916728
1399,0.05609830601350287,0.056253090310282715
1400,0.05609830594265895,0.056253090372054115
1401,0.05609815251597091,0.05625302276223718
1402,0.05609777588898364,0.05625303435857475
1403,0.056097565353934425,0.05625315051839718
1404,0.05609704786820228,0.05625256006500007
1405,0.056097021908307704,0.056252553038845104
1406,0.05609702026077362,0.05625255315702206
1407,0.05609701346746419,0.05625255019404457
1408,0.05609678793578097,0.05625251624330672
1409,0.05609664228893089,0.056252445993970814
1410,0.05609620711719056,0.056251925748889355
1411,0.05609617730333254,0.05625192197702473
1412,0.056096157630774315,0.056251904952400164
1413,0.05609615603102695,0.056251908310337245
1414,0.05609609132718905,0.056251873081101036
1415,0.056095878962515375,0.05625179222703847
1416,0.056095488846741634,0.0562515224465584
1417,0.056095375098905394,0.05625147640304342
1418,0.05609501484134545,0.056251507128131914
1419,0.05609495555971744,0.056251510531186745
1420,0.056094860776174565,0.05625143969137878
1421,0.056094847233023756,0.056251428311555454
1422,0.056094846626331366,0.05625143090411972
1423,0.05609438818540427,0.05625119096090412
1424,0.05609400477776932,0.05625079177839623
1425,0.056093868123897724,0.05625077091202513
1426,0.05609358776830282,0.05625058327637583
1427,0.05609351891789287,0.0562506259909122
1428,0.056093516078536305,0.05625063008096043
1429,0.056093503762552725,0.05625060942775912
1430,0.05609338508835734,0.05625064040294235
1431,0.056093350269308825,0.05625064938590477
1432,0.05609335923121985,0.05625064641506507
1433,0.0560933304449616,0.056250637976682005
1434,0.05609331730114544,0.05625063721699043
1435,0.056093311564867104,0.05625065483293254
1436,0.05609321685124134,0.05625064855164596
1437,0.05609302636215012,0.05625046194938846
1438,0.056092976359819725,0.05625050399580944
1439,0.05609293363566766,0.05625052508578134
1440,0.05609277128487654,0.05625037587097175
1441,0.05609275487886625,0.056250380442972744
1442,0.05609262269125442,0.056250311553284464
1443,0.05609243954486055,0.05625015079428718
1444,0.05609243695133544,0.056250151147749144
1445,0.05609238767951552,0.05625011163787549
1446,0.0560922436513999,0.0562498982162741
1447,0.05609181052766352,0.056249519219498195
1448,0.05609162204731137,0.056249501863404966
1449,0.05609158696659437,0.056249512751333615
1450,0.05609158598936779,0.05624951215797003
1451,0.05609149680433421,0.05624950608744054
1452,0.05609132666375835,0.05624952487710652
1453,0.056091328077851485,0.056249540043313916
1454,0.05609132876785354,0.05624954394869215
1455,0.05609132491415686,0.05624956384756966
1456,0.05609131760403695,0.056249560740786
1457,0.05609130876383537,0.056249565366701414
1458,0.05609103137611896,0.056249625467321956
1459,0.05609102099211437,0.05624963664686893
1460,0.05609083989871606,0.05624961661657517
1461,0.05609085470659779,0.05624967234302769
1462,0.05609044699162312,0.056249623491707895
1463,0.05609042761436226,0.05624959266217698
1464,0.05609043822049015,0.056249600749838174
1465,0.05609042415565237,0.056249586322560156
1466,0.056090414174159324,0.0562495857482873
1467,0.05609029607966816,0.05624953644544698
1468,0.05608964297995267,0.056249034060486494
1469,0.0560893271110696,0.05624893866633304
1470,0.056089325895671026,0.056248938026473905
1471,0.05608916917064948,0.05624896597440623
1472,0.05608894859367747,0.05624872502809518
1473,0.056088935822525075,0.056248704829960125
1474,0.05608884502972295,0.05624866893930524
1475,0.05608880194177396,0.056248658059660714
1476,0.056088726669418054,0.056248639652605674
1477,0.056088660381889185,0.0562485967064549
1478,0.056088634198607955,0.05624858753312902
1479,0.05608863292859795,0.05624858804498619
1480,0.056088347111902505,0.0562483159317561
1481,0.05608820157957827,0.056248183866485585
1482,0.056087946211573834,0.056248101449703936
1483,0.05608773278390791,0.05624801316473224
1484,0.0560877267758411,0.056248010820396585
1485,0.05608677306714674,0.056247375745644604
1486,0.05608674433035402,0.05624737202742876
1487,0.056086679370863646,0.056247371835478406
1488,0.056086670395632504,0.05624739129449017
1489,0.056086668275033814,0.05624739229882451
1490,0.056086655191408846,0.0562474464146808
1491,0.05608662312595294,0.056247437833244276
1492,0.056086533488008385,0.056247393701957214
1493,0.056086386940909325,0.05624733492388628
1494,0.056086315781016784,0.05624734300787906
1495,0.056086018210829196,0.05624709885430588
1496,0.05608586089864149,0.056247026417516034
1497,0.05608584699277552,0.05624702648339724
1498,0.056085851165758094,0.0562470284303509
1499,0.0560858512440843,0.05624702854700144
1500,0.05608570520749434,0.05624699348868379
1501,0.05608528895458583,0.05624699212999594
1502,0.05608485781205171,0.05624667369667075
1503,0.05608478586154514,0.05624671422776079
1504,0.05608451077372566,0.05624641790556239
1505,0.056084328741668084,0.056246287505137216
1506,0.056083953111057266,0.056246088442477374
1507,0.056083921551831444,0.05624608866469111
1508,0.05608361854492251,0.05624611615764936
1509,0.056083124692175725,0.05624599154662301
1510,0.05608305172781745,0.05624598717313755
1511,0.056082375453086,0.0562457912702058
1512,0.05608223102611541,0.05624575205470554
1513,0.05608212601623999,0.0562456925838983
1514,0.05608200328516154,0.056245666097960285
1515,0.056081723887325304,0.05624569104774895
1516,0.05608160946210714,0.056245614168116624
1517,0.05608158920452024,0.0562456333988793
1518,0.05608159030873428,0.056245635389400896
1519,0.05608144876735259,0.056245575785492566
1520,0.05608132688893352,0.056245516419773336
1521,0.05608128188428916,0.05624545742400416
1522,0.0560812809111787,0.05624547263807714
1523,0.05608128226986811,0.05624547371613279
1524,0.05608127772731316,0.056245463357926795
1525,0.056081209917574426,0.05624543010473379
1526,0.05608120871478257,0.056245430790716526
1527,0.056081044709575034,0.056245225634561226
1528,0.05608102623997185,0.05624523252544117
1529,0.05608100748802127,0.056245225475277265
1530,0.05608096914242247,0.05624518759163597
1531,0.056080966422587156,0.056245189397165544
1532,0.05608096297629374,0.056245186683894055
1533,0.05608083856082963,0.05624514363703449
1534,0.05608082219993581,0.05624514711818514
1535,0.05608079141003127,0.056245128938151784
1536,0.05608079371344018,0.05624513180070058
1537,0.056080510131081465,0.05624500096354654
1538,0.05608043463486784,0.05624503038658437
1539,0.056080196699913876,0.05624489223242435
1540,0.0560800040637909,0.05624482424882474
1541,0.05607965678944522,0.05624467016778907
1542,0.05607949590329597,0.056244573500220746
1543,0.056079470323975554,0.05624455620187483
1544,0.05607941540196248,0.05624457903051131
1545,0.05607925238027943,0.05624463015795471
1546,0.05607922718567458,0.05624461506346506
1547,0.05607909905729808,0.0562446573384183
1548,0.056079081634061216,0.0562446096326485
1549,0.0560789414633002,0.05624457916752513
1550,0.05607850578706009,0.05624421517974709
1551,0.05607849278320779,0.05624420473282405
1552,0.056078342958617335,0.05624418854951674
1553,0.056078321649406876,0.056244192765554216
1554,0.05607831989982845,0.056244193240795236
1555,0.05607831063921505,0.056244186403215476
1556,0.056078236200781874,0.05624417812831864
1557,0.05607824186971844,0.05624420068180608
1558,0.0560782458979414,0.05624420437770083
1559,0.05607822421375614,0.05624421207547723
1560,0.056078176145149546,0.05624421764380213
1561,0.056078174268762646,0.05624421483622997
1562,0.05607817384284974,0.05624421789111552
1563,0.056078160872201105,0.056244205358032186
1564,0.05607800411767687,0.05624410053444596
1565,0.056077917266126175,0.056244077949948325
1566,0.056077982571033955,0.056244148191946355
1567,0.05607798341940281,0.05624414886775539
1568,0.05607779887348227,0.056244054917725446
1569,0.056077675488553254,0.05624391858834351
1570,0.05607767253420111,0.056243930095671066
1571,0.05607759044598476,0.05624385811001733
1572,0.05607738431554341,0.0562438747061237
1573,0.056077362213150954,0.05624385808859553
1574,0.05607732326487843,0.05624389368361597
1575,0.05607732583240844,0.05624389531168213
1576,0.05607674088254378,0.056243406392498224
1577,0.056076744763729425,0.05624342716585073
1578,0.0560767462981409,0.05624342983653926
1579,0.056076736629769725,0.05624341965284725
1580,0.05607647373334171,0.05624315450937519
1581,0.056076449483491136,0.056243125306889186
1582,0.05607608392919162,0.05624277886442521
1583,0.05607595900028854,0.056242653598997404
1584,0.0560759566845855,0.05624265432490021
1585,0.05607592870660191,0.05624262994657235
1586,0.05607586737591958,0.056242588367326346
1587,0.05607586065507374,0.056242553684399746
1588,0.056075859178769026,0.05624255358419846
1589,0.05607578117132889,0.05624252581439066
1590,0.05607570392387552,0.056242445923643955
1591,0.05607565804496996,0.05624244186925499
1592,0.056075655224659786,0.05624244610934133
1593,0.056075568789721864,0.05624240920553277
1594,0.05607554989089092,0.05624240629486501
1595,0.05607554882189995,0.05624240578964373
1596,0.05607554822495167,0.05624240529709359
1597,0.056075525931881906,0.05624239344464992
1598,0.05607552371762366,0.05624239408121294
1599,0.05607535579360166,0.05624251852760354
1600,0.05607501753812898,0.056242401406779906
1601,0.056075032221558595,0.05624241884782452
1602,0.05607495162973542,0.05624244320547046
1603,0.0560745493110153,0.056242268450057475
1604,0.05607452510975285,0.05624225132634771
1605,0.056074068159619364,0.056242168045467646
1606,0.05607384687444307,0.0562421830343264
1607,0.05607380724128994,0.05624212909951147
1608,0.05607380886952042,0.056242131446472055
1609,0.056073611179439084,0.05624194923872661
1610,0.0560735556226434,0.056241928869776504
1611,0.05607340714359052,0.056241892257462095
1612,0.05607337343730528,0.05624188802145511
1613,0.05607331513858194,0.0562418275334134
1614,0.056073317387966275,0.05624183112814764
1615,0.05607327643530024,0.05624184117927502
1616,0.05607320815657924,0.056241875485416856
1617,0.05607312485555981,0.056241832465931556
1618,0.05607310331009247,0.05624182594900954
1619,0.056072977311205315,0.05624175249948557
1620,0.056072978290101126,0.0562417576201687
1621,0.056072969047039053,0.05624175332696647
1622,0.056072968049698184,0.05624175303481572
1623,0.056072968217386776,0.05624175157184993
1624,0.0560728782692393,0.056241715553548524
1625,0.056072876074989515,0.05624171738057881
1626,0.056072837581556574,0.056241712691904706
1627,0.05607283693356181,0.056241712240525245
1628,0.0560727307639155,0.05624170564080982
1629,0.056072558951204346,0.05624169766553238
1630,0.056072468182569356,0.056241620172834
1631,0.05607246714281639,0.05624162073297397
1632,0.05607246896066464,0.0562416159692738
1633,0.05607223028346781,0.056241523999816564
1634,0.05607219343217608,0.056241516571767555
1635,0.05607219345621098,0.05624151659384682
1636,0.05607219259840682,0.05624151611514654
1637,0.056072031925569484,0.05624154717626609
1638,0.05607202674547963,0.05624155894956448
1639,0.05607204314396355,0.056241595862733584
1640,0.05607204504120955,0.05624156200094952
1641,0.056071979627045625,0.056241546680018434
1642,0.05607196021091893,0.05624153719486932
1643,0.0560719252048524,0.056241543597814726
1644,0.05607192070458512,0.05624154235703192
1645,0.0560718762719781,0.056241566839167735
1646,0.05607180182135432,0.05624149530040341
1647,0.05607178940066493,0.05624157372171475
1648,0.05607158117267677,0.056241508116145776
1649,0.056071504699761035,0.056241483926821434
1650,0.05607150358479021,0.05624148423367242
1651,0.056071503153138295,0.05624148581802474
1652,0.05607120124762074,0.05624143912150455
1653,0.05607120002250066,0.05624144468611846
1654,0.05607107722139276,0.05624144299407769
1655,0.056070736383982904,0.05624152847732801
1656,0.05607062119739223,0.056241490420485186
1657,0.0560706192868694,0.05624148928372108
1658,0.0560703977938535,0.05624139030898543
1659,0.056070404502208966,0.05624139384123871
1660,0.05607031425906755,0.05624132632411223
1661,0.05607016646043223,0.05624123342099079
1662,0.056069630435257214,0.056241285972067186
1663,0.05606963314976765,0.056241288736919505
1664,0.056069567486496275,0.05624124085650713
1665,0.056069464465936955,0.05624112696865847
1666,0.056069352389491615,0.05624110346875495
1667,0.05606931889013612,0.056241127771958895
1668,0.05606932237580542,0.05624112618514881
1669,0.05606919588176717,0.0562410711037875
1670,0.05606915078997042,0.056241038369537
1671,0.05606914375551116,0.056241038955248984
1672,0.05606913976224945,0.05624104159135922
1673,0.05606907617714406,0.05624105644673303
1674,0.05606903266457686,0.05624103231702327
1675,0.05606902914318688,0.05624103240569917
1676,0.056069065696647206,0.05624106887002099
1677,0.05606875842460635,0.05624118807789235
1678,0.05606871561882467,0.056241178629748936
1679,0.056068571289009245,0.05624118267437078
1680,0.05606855542316692,0.05624116738426718
1681,0.05606855602985805,0.056241168053624946
1682,0.05606853227986734,0.05624112764264344
1683,0.056068527115323674,0.05624112890983708
1684,0.05606851693142726,0.05624114609121542
1685,0.05606851141525336,0.05624113936841927
1686,0.05606849640455897,0.05624113380699804
1687,0.056068465532243615,0.05624113979815587
1688,0.05606847740560596,0.0562411616946739
1689,0.056068296714527684,0.056241023647642906
1690,0.056068039141595936,0.05624102583050499
1691,0.056067770987253074,0.05624075353403492
1692,0.05606772907476376,0.05624075404628959
1693,0.056067716702444925,0.05624074488609815
1694,0.056067697530646395,0.05624075217417047
1695,0.05606769842575669,0.05624075334237798
1696,0.0560676605589701,0.05624071854961045
1697,0.05606742451133016,0.0562405913148516
1698,0.056067422848392,0.05624059108757209
1699,0.056067312399215086,0.05624050417675664
1700,0.05606722694068154,0.05624050037782273
1701,0.05606718235356702,0.05624046079965612
1702,0.05606716217965641,0.0562404673226583
1703,0.05606701129174344,0.05624040941855807
1704,0.056067003536994356,0.05624041176655081
1705,0.05606699184485563,0.05624040747726157
1706,0.05606700799784302,0.05624040948618522
1707,0.056066993461969125,0.05624040082646995
1708,0.05606691572633837,0.056240381259355425
1709,0.05606688379866409,0.056240373680958966
1710,0.0560667148570728,0.056240399075419535
1711,0.05606664372261885,0.056240354456138765
1712,0.056066453426181696,0.05624031847154841
1713,0.05606637497748035,0.05624030811775997
1714,0.056066245432807554,0.05624017666241185
1715,0.05606624387868515,0.056240179825572105
1716,0.05606622539130253,0.05624017850335637
1717,0.05606608971972814,0.056240192564570884
1718,0.056066089255135905,0.05624019245963081
1719,0.05606592645082447,0.056240085079678155
1720,0.05606581331962881,0.056240048885418746
1721,0.05606556759864582,0.056240029136877014
1722,0.05606536428806798,0.05624001936475258
1723,0.05606527167466846,0.056240033327428114
1724,0.05606526405822723,0.05624003413880501
1725,0.0560651549604626,0.05623995978418065
1726,0.05606514696404335,0.0562399590080408
1727,0.056065086034002655,0.056239942811125355
1728,0.056065013716336376,0.056239847461298405
1729,0.05606500816450982,0.05623985200542873
1730,0.05606491313553717,0.05623984194602971
1731,0.05606448113553429,0.056239748003344296
1732,0.0560644743702735,0.056239763943461356
1733,0.056064160179404465,0.056239683781569086
1734,0.056064056621617286,0.05623972190040252
1735,0.05606388434003825,0.05623965720270661
1736,0.056063874660878546,0.056239669193354984
1737,0.056063771252116854,0.056239666474006425
1738,0.05606371650167017,0.05623965475985428
1739,0.056063526037178214,0.0562396387031907
1740,0.05606347938008531,0.056239633359085925
1741,0.056063470422374334,0.056239627463007674
1742,0.056063346831216845,0.05623948010331548
1743,0.05606323138518703,0.05623943531382416
1744,0.05606321783628248,0.056239434835675235
1745,0.05606312519641954,0.05623938447189929
1746,0.05606300923043067,0.05623935025225238
1747,0.05606299172477111,0.05623932504618318
1748,0.05606297115482256,0.0562393393608227
1749,0.05606274636369401,0.056239142802853415
1750,0.05606267286545322,0.05623906840979853
1751,0.056062658286467594,0.056239066344304485
1752,0.05606243424038536,0.05623889820726644
1753,0.056062356727166585,0.05623884468171183
1754,0.05606227361305756,0.05623883376076873
1755,0.05606225387485586,0.05623877282397704
1756,0.05606223655120076,0.05623875245966286
1757,0.05606223522177011,0.0562387509501395
1758,0.056061922310341704,0.056238832981297567
1759,0.05606184949757347,0.056238793854786376
1760,0.05606173571947607,0.05623870641975102
1761,0.0560615061826496,0.05623870356146227
1762,0.056061478817016536,0.056238692139656946
1763,0.056061472268686005,0.05623868896127723
1764,0.05606147071912305,0.05623868784584063
1765,0.05606146819672796,0.05623868408141797
1766,0.05606140739964282,0.05623870804974992
1767,0.05606140508366631,0.05623871167493446
1768,0.056061401332665226,0.05623870748879284
1769,0.056061308253693605,0.05623866575206793
1770,0.056061290142114396,0.05623864935913917
1771,0.056061247452608994,0.05623855944294317
1772,0.05606112487884984,0.05623856438628519
1773,0.056061086988110534,0.056238566900771225
1774,0.0560610365189085,0.056238564104174334
1775,0.05606102471151582,0.0562386199306545
1776,0.056061001841834684,0.056238642984008394
1777,0.056060998236038086,0.056238641888108565
1778,0.056060961669991784,0.056238642746285414
1779,0.05606097373279225,0.0562386511320765
1780,0.05606099134639097,0.05623866676051459
1781,0.05606098171067877,0.05623860778571373
1782,0.05606098812985884,0.0562386032219981
1783,0.05606098600793063,0.05623860301992053
1784,0.05606096823479503,0.05623859186410837
1785,0.056060692466955366,0.05623856655933982
1786,0.0560606882133329,0.05623856009911371
1787,0.05606051889458769,0.0562385122085675
1788,0.056060518712519235,0.056238512089230135
1789,0.05606037428482385,0.05623845148757122
1790,0.05606037312643642,0.05623845570087603
1791,0.05606036295717902,0.05623845693899212
1792,0.05605994789813804,0.05623827369253987
1793,0.0560597650682288,0.05623821846778273
1794,0.05605975346508604,0.05623822138896983
1795,0.056059738882587765,0.05623821852796811
1796,0.056059612631655556,0.05623818448002375
1797,0.05605955190094574,0.05623816562211805
1798,0.05605956341185816,0.056238182265051805
1799,0.056059408971544225,0.056238190509783216
1800,0.05605933765442126,0.056238173228483485
1801,0.05605934262703453,0.056238182000535326
1802,0.056059342448197144,0.05623818193468886
1803,0.05605931232785201,0.05623816473433324
1804,0.05605932089813001,0.05623817683432232
1805,0.05605913033495791,0.056238160904498354
1806,0.05605909144381991,0.05623810974085792
1807,0.05605909227167803,0.05623811039862279
1808,0.05605908938081526,0.05623810346395646
1809,0.056059082251404165,0.05623809856868489
1810,0.05605908388374733,0.05623811118235682
1811,0.05605908025018913,0.05623810640877794
1812,0.05605897362286376,0.05623802771604433
1813,0.05605887725047055,0.056238053147726896
1814,0.05605883970993369,0.05623805023511252
1815,0.05605876267762528,0.05623799899439633
1816,0.056058043094502026,0.05623801730946864
1817,0.05605794421004341,0.05623800643970942
1818,0.05605784723313091,0.056237999872849886
1819,0.05605773720036567,0.05623790365547114
1820,0.05605777113959682,0.05623806470901583
1821,0.056057691469500855,0.05623807010525907
1822,0.05605768606159521,0.05623806900770683
1823,0.05605754985493343,0.05623805697952714
1824,0.05605756167847203,0.05623806550062749
1825,0.0560575778631408,0.056238084507051846
1826,0.056057563274760865,0.05623808047654409
1827,0.056057555812858435,0.056238080378608606
1828,0.056057531457052535,0.056238050201721845
1829,0.05605748940850808,0.05623805238277292
1830,0.056057485251365585,0.056238062245776585
1831,0.05605748171862431,0.0562380615024444
1832,0.056057438872794484,0.05623798689565593
1833,0.05605745567348934,0.056238050590502776
1834,0.05605743351470621,0.05623807686678458
1835,0.0560573853779255,0.05623806251178345
1836,0.05605734543805587,0.05623805244185502
1837,0.05605708522743354,0.056237850602697044
1838,0.05605706628585655,0.05623783946827306
1839,0.05605691650489149,0.05623781649017162
1840,0.05605691395129779,0.05623780983775049
1841,0.05605684049326066,0.05623781652694219
1842,0.05605676880834719,0.05623776899974954
1843,0.05605672857785269,0.05623779985429962
1844,0.05605670897125813,0.056237776802954956
1845,0.05605662411241266,0.05623776052077919
1846,0.056056556686619734,0.05623773476295743
1847,0.05605652390899215,0.05623772360257766
1848,0.05605640821057984,0.05623775349512355
1849,0.056055624537979035,0.05623729435283285
1850,0.056055594083988906,0.05623735076145324
1851,0.05605558634637858,0.05623736740586969
1852,0.05605558728207722,0.056237387398872754
1853,0.05605558071417398,0.05623738507787302
1854,0.0560555784576467,0.056237385300411454
1855,0.056055577482945956,0.05623738436751431
1856,0.056055580893255824,0.0562373786884436
1857,0.05605550369304724,0.05623738346299569
1858,0.05605548134095548,0.05623738898882647
1859,0.056055480743440356,0.056237391602010196
1860,0.056055456981919556,0.056237382138821984
1861,0.05605530504396261,0.05623731004955783
1862,0.056054936103385446,0.056237251738555344
1863,0.05605477114666795,0.056237223292664534
1864,0.05605462103048358,0.05623727604837329
1865,0.056054418946609834,0.056237024742092766
1866,0.056054162821698575,0.05623659772956464
1867,0.056054009866743165,0.05623657419341372
1868,0.05605400864664708,0.05623658046388492
1869,0.05605400350983718,0.05623658096197873
1870,0.056053981469829046,0.05623659920646084
1871,0.05605378293925974,0.05623662520233502
1872,0.05605366302381634,0.05623663355904664
1873,0.0560536146191741,0.05623664617260842
1874,0.05605346805595889,0.0562365755922172
1875,0.05605343016614452,0.05623657977699406
1876,0.056053191933570994,0.05623662665846814
1877,0.05605298232208357,0.056236609869066666
1878,0.05605293866439391,0.056236606635985766
1879,0.05605281779095198,0.05623655559559749
1880,0.05605281318217194,0.05623655321943031
1881,0.056052473838440836,0.05623659278416864
1882,0.056052389679731036,0.056236587428758436
1883,0.05605237211593027,0.05623657449656661
1884,0.0560523850612058,0.05623660970359614
1885,0.056052147207827197,0.05623655884370946
1886,0.05605207374113085,0.05623658785342894
1887,0.05605206561853486,0.05623658702408659
1888,0.05605198235242627,0.05623660913744336
1889,0.05605182064820292,0.05623644147529321
1890,0.05605182327284451,0.056236488702853575
1891,0.05605165800732721,0.056236428199703196
1892,0.05605152608345632,0.0562364076115939
1893,0.05605152507481298,0.056236412147770434
1894,0.05605151920995475,0.056236418570200515
1895,0.05605143827546412,0.05623645219985778
1896,0.05605139487584861,0.05623641779441192
1897,0.056051385458214066,0.0562364099740336
1898,0.056051380900963184,0.056236436979880594
1899,0.056051256716494864,0.056236525129360365
1900,0.05605127875892614,0.056236552312361326
1901,0.05605128075906855,0.05623655430711702
1902,0.05605122131580742,0.05623656337655178
1903,0.0560512120178042,0.056236576439793226
1904,0.05605119204123862,0.05623656540142594
1905,0.05605107371290836,0.05623635100198008
1906,0.056051036486240935,0.056236379532906666
1907,0.05605105469059834,0.05623640510271074
1908,0.05605105457701819,0.05623639680572429
1909,0.05605103377033679,0.05623636517054405
1910,0.056050845838025276,0.05623628749440413
1911,0.05605076078770557,0.056236246210381674
1912,0.05605076387474253,0.056236235286236995
1913,0.05605075234103435,0.056236244422636576
1914,0.05605055820687401,0.05623611350476486
1915,0.0560505169985808,0.05623610972288814
1916,0.056050422599300494,0.056236189311239464
1917,0.056050188359351126,0.05623604838002523
1918,0.056050185301646197,0.056236054637481346
1919,0.056050084545088495,0.05623606084413464
1920,0.0560499998191001,0.05623603795696197
1921,0.05604986898548798,0.05623603538713696
1922,0.05604983592964321,0.05623601092460334
1923,0.0560497122666183,0.056235986988029014
1924,0.0560496619353898,0.05623600480742536
1925,0.056049610613507744,0.05623586886902955
1926,0.05604961021344712,0.05623587754294605
1927,0.056049586384538955,0.056235865327333864
1928,0.05604948493338041,0.05623581788311857
1929,0.056049320068990396,0.056235744249188716
1930,0.05604905694160633,0.05623547041550368
1931,0.05604902480143589,0.05623547693635642
1932,0.05604888907767487,0.05623543734003662
1933,0.05604888513839082,0.05623543522092443
1934,0.056048879555842084,0.05623543020519055
1935,0.05604887842323156,0.05623542972294231
1936,0.056048867641306344,0.0562354364691267
1937,0.05604881708060198,0.05623541139237951
1938,0.05604880414091996,0.05623540176266327
1939,0.056048733981433015,0.056235367445341786
1940,0.05604864691770269,0.05623536562588581
1941,0.05604864571339125,0.05623536709869115
1942,0.05604856648791904,0.056235326293551685
1943,0.056048498749718706,0.05623526576506218
1944,0.056048499953988286,0.05623528438388181
1945,0.05604849417734763,0.05623528245203515
1946,0.05604844607668824,0.05623528624702478
1947,0.05604843414681171,0.0562352834867654
1948,0.05604831041165115,0.056235286933052665
1949,0.05604827400410223,0.05623528432412726
1950,0.0560482569477309,0.05623529869274388
1951,0.05604770300629545,0.056234847162887465
1952,0.05604755361713722,0.0562348182025366
1953,0.05604739893504737,0.05623472185020935
1954,0.05604738121439974,0.056234707824379636
1955,0.05604732281095682,0.05623468231834471
1956,0.05604719193182177,0.056234605989025854
1957,0.05604718562118326,0.056234622091123246
1958,0.05604705745032306,0.056234559346989774
1959,0.05604627375810491,0.05623384266577319
1960,0.05604627920352955,0.05623384822175935
1961,0.05604595981389462,0.05623388249129388
1962,0.05604587671228807,0.05623385430733802
1963,0.0560458684916726,0.05623384191973995
1964,0.056045691924287176,0.0562337426544148
1965,0.05604549536194206,0.056233728804861265
1966,0.05604541256195095,0.056233611155864435
1967,0.05604525858294083,0.056233511968622536
1968,0.05604524412950932,0.0562335193863246
1969,0.056045259547037214,0.056233536132953496
1970,0.056045106640204234,0.056233418979028935
1971,0.05604477784659516,0.05623329145983998
1972,0.05604477163989182,0.05623328771496495
1973,0.056044760831699875,0.056233266430305726
1974,0.05604474363073094,0.05623328150194577
1975,0.0560447126123519,0.05623327236911137
1976,0.05604469267227264,0.05623325087847843
1977,0.05604465880106242,0.05623324680737501
1978,0.05604462130437191,0.05623324494233156
1979,0.05604461862527564,0.05623329827535615
1980,0.05604460555177126,0.05623332887546753
1981,0.056044437798654756,0.056233314729606784
1982,0.05604396826781162,0.05623296118263556
1983,0.05604394537719896,0.056232962533069496
1984,0.056043914189631755,0.056232955155949435
1985,0.05604385680123755,0.05623292047694041
1986,0.05604384355900258,0.0562329030459084
1987,0.056043809779102075,0.056232897566844346
1988,0.05604384153666377,0.05623294065284039
1989,0.05604383598367927,0.0562329419133941
1990,0.05604371245432655,0.05623293204762405
1991,0.056043725855527526,0.05623296143564239
1992,0.056043720752818,0.056232961436957794
1993,0.05604372313771268,0.05623296387360785
1994,0.05604372450187591,0.05623296770485447
1995,0.056043724900100664,0.05623296956948612
1996,0.05604370836721369,0.05623296890285288
1997,0.056043623922188306,0.05623300288885329
1998,0.05604359333474737,0.05623295325462743
1999,0.056043593487615374,0.05623295571329739
2000,0.05604353794428361,0.05623295909910402
2001,0.05604337364894218,0.05623275245259904
2002,0.05604337325759793,0.05623275239735955
2003,0.056043373622963265,0.056232752755938725
2004,0.05604333348170758,0.056232656647473615
2005,0.056043300602686405,0.05623266024487942
2006,0.056043212760358806,0.056232624194461435
2007,0.056043197157178176,0.05623259833020112
2008,0.05604319053478788,0.056232602979418476
2009,0.05604308332212911,0.05623260129490842
2010,0.05604308392601025,0.05623260139519262
2011,0.05604302399442378,0.05623254750109364
2012,0.056043025242423036,0.056232548480819516
2013,0.0560425417454663,0.056232092191164505
2014,0.056042485627869607,0.05623212028246644
2015,0.05604247800381015,0.05623212192240708
2016,0.05604237805251518,0.056232143306715034
2017,0.05604231308245781,0.05623218052507279
2018,0.05604223505487617,0.05623215122766591
2019,0.056042204561518434,0.05623213918408708
2020,0.05604214977793798,0.05623212579433047
2021,0.056042150938643676,0.05623212707632655
2022,0.0560420261025073,0.05623214083261167
2023,0.05604198324505125,0.05623210234388749
2024,0.05604198373180723,0.05623209741794119
2025,0.0560419699970023,0.05623209793618956
2026,0.0560419639039507,0.05623207793656788
2027,0.056041907484277585,0.056232110528686374
2028,0.05604190754388287,0.056232112409932644
2029,0.05604188843546534,0.056232101574904284
2030,0.056041902178265525,0.05623209199960506
2031,0.05604190136221362,0.05623208730664555
2032,0.0560419020831791,0.0562320879071355
2033,0.05604189526887424,0.05623208901133675
2034,0.056041887834853484,0.0562320828151698
2035,0.056041810912705624,0.05623204357541697
2036,0.056041806837425774,0.05623205059945506
2037,0.056041652317158325,0.0562319307236585
2038,0.056041652844266196,0.056231938762554556
2039,0.05604141455221303,0.0562318187180637
2040,0.05604140229165435,0.05623184403146305
2041,0.05604122771502621,0.05623185491845387
2042,0.05604106338952761,0.05623185955467209
2043,0.05604108536284376,0.05623188325747157
2044,0.05604088063664213,0.056232040546597174
2045,0.05604084791261315,0.05623203549044623
2046,0.05604082505681744,0.056232044062714724
2047,0.05604082987510223,0.05623205001394277
2048,0.05604081791698334,0.05623206276965704
2049,0.05604082887367218,0.05623206825333624
2050,0.056040824389602464,0.05623204615647509
2051,0.05604081945453085,0.05623204557533105
2052,0.05604078692477882,0.05623203909075376
2053,0.05604066454749465,0.05623198208613208
2054,0.05604051219829169,0.056231969894615846
2055,0.056040512892212284,0.0562319704653371
2056,0.05604031635020633,0.05623187992069273
2057,0.0560403157533463,0.05623188173470761
2058,0.056040314669612526,0.05623188333965336
2059,0.056040200174523956,0.056231843982471115
2060,0.056040075795336056,0.05623181717892376
2061,0.05604007559405091,0.05623182340784472
2062,0.05604005511603774,0.0562318043855668
2063,0.05603994797193251,0.0562317974802783
2064,0.05603983279539719,0.05623167939361946
2065,0.0560398089441127,0.05623168909099912
2066,0.05603982140144343,0.05623169178856397
2067,0.05603982080179965,0.056231691129470615
2068,0.05603982374207089,0.05623169404093616
2069,0.05603962079488138,0.056231549923546495
2070,0.05603961430337837,0.05623154625763824
2071,0.05603962940811966,0.05623156440846922
2072,0.056039607832772134,0.056231571112917406
2073,0.05603964492038803,0.05623163802136328
2074,0.05603965808003552,0.05623163695574021
2075,0.05603961781112386,0.05623164023377702
2076,0.05603961794966878,0.05623164429231076
2077,0.05603956797527203,0.05623163810281389
2078,0.05603956882504274,0.056231638037468744
2079,0.056039566308798965,0.056231638466095135
2080,0.05603933390219386,0.05623171727654401
2081,0.056039270272112404,0.05623163957480779
2082,0.056039221902207705,0.05623161930781144
2083,0.05603922373011495,0.05623161531453305
2084,0.056038604928466906,0.056231176893970114
2085,0.05603860298803747,0.056231178872511015
2086,0.05603808868585542,0.05623093164286549
2087,0.05603800649426709,0.05623090910208559
2088,0.05603800855453339,0.056230947698420075
2089,0.05603782073766299,0.056230893883392016
2090,0.05603725141655188,0.05623075216252362
2091,0.05603694214489509,0.056230623258467546
2092,0.056036953352927805,0.05623066705383832
2093,0.05603687694643092,0.056230639577099645
2094,0.05603687422846019,0.05623064443501131
2095,0.056036877166529935,0.05623064786485654
2096,0.056036878252432976,0.05623064974872875
2097,0.05603681937587551,0.05623065682411688
2098,0.05603678861371549,0.05623065849528594
2099,0.05603672242556219,0.056230664887786254
2100,0.05603669935959374,0.056230773291404884
2101,0.05603635781501358,0.05623065947788784
2102,0.05603624445389567,0.05623065169164648
2103,0.05603613528737943,0.05623064793597689
2104,0.056035841487408145,0.05623077212604264
2105,0.05603581549034381,0.056230739063095475
2106,0.0560356875718107,0.056230701264842205
2107,0.05603564495227464,0.05623068449912963
2108,0.05603560360443089,0.056230696773525865
2109,0.05603558965023975,0.05623067502683403
2110,0.056035587902629656,0.056230695627774545
2111,0.05603527412088167,0.05623063985861019
2112,0.05603520703653591,0.05623057466571777
2113,0.0560352037755851,0.05623057397856284
2114,0.05603486123584759,0.056230606347796426
2115,0.05603488014888876,0.05623061243005126
2116,0.05603479948054527,0.05623061165627526
2117,0.05603478035028386,0.0562306253605417
2118,0.05603464703680193,0.0562305652929485
2119,0.05603460158144245,0.056230557947974165
2120,0.056034361838380294,0.05623047445343172
2121,0.056034359836987756,0.05623047736680407
2122,0.05603417419628755,0.056230425883578884
2123,0.056034176677271716,0.0562304279629314
2124,0.0560339927928993,0.05623038478240821
2125,0.056033951477012935,0.05623031704495642
2126,0.056033927661910655,0.05623034451048819
2127,0.05603388402524994,0.05623035244285112
2128,0.05603363627048056,0.056230124924942344
2129,0.05603364347424409,0.05623013342937517
2130,0.056033620275656795,0.0562301472148693
2131,0.05603361267763733,0.05623015187605653
2132,0.056033584677543956,0.05623021928782993
2133,0.056033519746126005,0.056230192316116125
2134,0.05603350723087871,0.05623017623786048
2135,0.056033507589243636,0.056230176669783326
2136,0.05603324318241182,0.056230106900549255
2137,0.056033228373778346,0.05623011983892499
2138,0.05603308353117705,0.05623011796538859
2139,0.056033075834685364,0.056230110858496565
2140,0.05603307262430555,0.05623009430388665
2141,0.056032868101407556,0.056229961550774706
2142,0.05603271636174023,0.05622981236211744
2143,0.056032692760621436,0.05622979562941
2144,0.05603269157270379,0.0562297955896641
2145,0.05603262631311155,0.0562297947629945
2146,0.05603254808888277,0.056229840632062926
2147,0.05603254967694455,0.056229841935323696
2148,0.056032294747208417,0.05622968180671338
2149,0.056032212339523185,0.05622963474159678
2150,0.0560320338871406,0.05622958313830865
2151,0.056032028747052695,0.056229583137996295
2152,0.05603195957072806,0.05622958670492904
2153,0.05603195791448537,0.05622958733439097
2154,0.05603187522511111,0.05622948820289727
2155,0.056031874930367646,0.05622948898097178
2156,0.05603187068002921,0.056229489116306666
2157,0.05603170686151291,0.05622939093528244
2158,0.05603169937363637,0.0562293865732198
2159,0.05603163636883381,0.05622938746327615
2160,0.056031502053098065,0.05622933701783657
2161,0.05603150256157215,0.05622933797901254
2162,0.056031501982434555,0.056229339098560246
2163,0.05603151281670864,0.056229346663956445
2164,0.056031509455960006,0.05622934810975353
2165,0.05603146083875148,0.05622935145436204
2166,0.05603146172511386,0.05622938385887822
2167,0.05603145948680237,0.056229372531144906
2168,0.05603133228544716,0.056229371517427365
2169,0.05603104846682016,0.056229278060230335
2170,0.05603096179775906,0.05622916278288439
2171,0.05603095693454633,0.056229149472615675
2172,0.05603096716145973,0.05622917139684083
2173,0.05603096814400317,0.056229172507226984
2174,0.05603096800170752,0.056229171898687674
2175,0.05603076679355884,0.05622924283564027
2176,0.056030598754971815,0.056229170213421484
2177,0.05603061741066113,0.05622918588996686
2178,0.056030493196166056,0.05622917976417627
2179,0.056030493021249815,0.05622917970201444
2180,0.05603045303128501,0.05622917954740945
2181,0.05603043284741925,0.056229166413019276
2182,0.05603034211812372,0.056229109928739085
2183,0.05603034403418666,0.056229118125965934
2184,0.05603031812506652,0.05622904151925023
2185,0.05603030899438086,0.056229032508503037
2186,0.05603030740355829,0.05622903346635
2187,0.05603032031812673,0.056229059461005586
2188,0.05603030308774667,0.056229036939037774
2189,0.0560301255494551,0.0562288066655175
2190,0.056030125295701075,0.05622880746524133
2191,0.05602973881689215,0.056228608635335124
2192,0.0560297375397917,0.05622860866332296
2193,0.05602973762927176,0.056228608755955825
2194,0.056029455376892204,0.05622834537225176
2195,0.05602913469281608,0.05622838119281717
2196,0.056028926311568555,0.05622841532575849
2197,0.05602888346101728,0.05622840776908531
2198,0.056028880543506715,0.05622840838039011
2199,0.056028778063044044,0.05622842670514784
2200,0.056028656590683804,0.056228372079460034
2201,0.05602865195372429,0.056228397094630164
2202,0.056028647369590276,0.05622842058621695
2203,0.05602864737591443,0.05622842226068087
2204,0.05602864854493789,0.05622841653011798
2205,0.05602865165498949,0.05622842127307721
2206,0.05602855641701105,0.05622838682766551
2207,0.056028555907356246,0.056228389926935914
2208,0.056028556044120374,0.056228391945474514
2209,0.05602845071656936,0.05622833120586384
2210,0.05602836663059009,0.05622828372794386
2211,0.05602836781457962,0.05622828474445513
2212,0.05602836176292713,0.05622827929520504
2213,0.05602836215930899,0.05622827963308548
2214,0.05602816592431355,0.05622815459926679
2215,0.05602799673646373,0.056227984136599074
2216,0.056027979325391386,0.05622796865758269
2217,0.0560279714814253,0.05622797079869845
2218,0.0560279709848555,0.0562279734593459
2219,0.056027955043041075,0.056227986585191916
2220,0.056027956601848415,0.05622798625583802
2221,0.05602795656488896,0.056227989193853384
2222,0.05602796178837021,0.056227978138562916
2223,0.05602729148010013,0.05622794701311936
2224,0.056027315218215794,0.05622798122673442
2225,0.05602732056401697,0.056227997951841295
2226,0.05602726290326857,0.05622798612117504
2227,0.05602725283898542,0.05622796545183048
2228,0.05602725294269273,0.05622796565008734
2229,0.05602725333817269,0.05622796539727389
2230,0.05602725312812328,0.056227967311266225
2231,0.05602720393713392,0.0562279918134645
2232,0.056027193266419896,0.05622798376686961
2233,0.056027192339753513,0.056227983094165324
2234,0.056027137480939744,0.05622799312760605
2235,0.056027088225586344,0.05622798560277848
2236,0.056027085859151095,0.05622798572605909
2237,0.05602698091616149,0.05622784791610316
2238,0.05602698104087441,0.05622784800465738
2239,0.05602680354036115,0.05622782134849557
2240,0.056026795162919286,0.05622784725812181
2241,0.056026783930597276,0.056227836374561635
2242,0.05602678362060171,0.056227836281748246
2243,0.056026698543114185,0.05622782930060508
2244,0.05602664899191637,0.05622780037755194
2245,0.05602641599334384,0.056227686709885004
2246,0.056026409047956444,0.05622766566170636
2247,0.056026408955054466,0.056227665597196004
2248,0.0560261744794452,0.05622763394217373
2249,0.05602596430245117,0.05622755813925444
2250,0.05602596693193667,0.05622756077421165
2251,0.05602594476126735,0.0562275682052818
2252,0.05602572698231669,0.05622746070282503
2253,0.05602556261800331,0.0562274188532207
2254,0.05602556092903225,0.05622741962498283
2255,0.056025550105983014,0.056227413336034794
2256,0.056025532774287866,0.056227404193273704
2257,0.056025501746578624,0.0562273911172656
2258,0.056025495164906416,0.056227389264751675
2259,0.056025492251228326,0.05622738893377393
2260,0.056025528597626155,0.056227472769360416
2261,0.0560254387540631,0.05622748057116898
2262,0.05602539092283682,0.05622740365576364
2263,0.056025366954326306,0.056227409426121734
2264,0.05602535284386273,0.05622738178848644
2265,0.05602534703762692,0.056227376464369025
2266,0.05602534796479163,0.0562273775835357
2267,0.056025297250203665,0.05622733334844424
2268,0.05602523950419814,0.05622726274859749
2269,0.05602524258175916,0.05622725887193214
2270,0.056025196963592004,0.05622724121683348
2271,0.056025177801669115,0.05622723271103225
2272,0.05602515982061038,0.0562272288751279
2273,0.05602516022098131,0.05622722958529859
2274,0.05602517482971376,0.056227236833101386
2275,0.05602517445941935,0.05622724333941757
2276,0.05602517428408121,0.05622724376939674
2277,0.05602517493832257,0.05622724441502954
2278,0.05602517511867778,0.05622725587230103
2279,0.05602513641027328,0.05622724130471129
2280,0.0560251367849521,0.056227243245858996
2281,0.056025146840866916,0.056227256644442905
2282,0.05602516505820398,0.05622728200982662
2283,0.05602514690324306,0.05622730513956829
2284,0.05602507895973753,0.056227153129099226
2285,0.056024985056653605,0.056227128404984006
2286,0.05602498885677675,0.05622713863777106
2287,0.05602498854441954,0.056227138391276334
2288,0.05602498245301733,0.05622713672861111
2289,0.056024923193443724,0.056227136903533155
2290,0.05602472732687409,0.05622704153106739
2291,0.05602472270542476,0.056227036348666465
2292,0.05602470145786751,0.05622702900408659
2293,0.05602470236979129,0.05622703037109724
2294,0.056024630020553495,0.05622703677856619
2295,0.05602451097296587,0.05622691721662946
2296,0.05602450939780598,0.0562269286297825
2297,0.0560244425336196,0.05622685336317686
2298,0.05602396879345847,0.05622684385668175
2299,0.0560239499764244,0.056226853719936624
2300,0.056023947477731935,0.05622684976258547
2301,0.056023946838476515,0.05622684910096998
2302,0.05602370348844342,0.056226656986781344
2303,0.056023664380796714,0.05622665751353416
2304,0.0560236656998143,0.05622665857080174
2305,0.05602366124690577,0.05622663462057339
2306,0.056023540728943964,0.05622658119429855
2307,0.05602346346800777,0.05622655451941464
2308,0.0560235144307977,0.056226637788315825
2309,0.05602351287933199,0.0562266356123752
2310,0.05602343538373455,0.05622665334952208
2311,0.0560233920062341,0.05622662752128099
2312,0.05602336843892865,0.056226623417476515
2313,0.05602313383830357,0.05622663883642084
2314,0.05602306463448958,0.05622663699715647
2315,0.056022788124587726,0.056226423833678804
2316,0.056022628172443155,0.05622639255274807
2317,0.05602251293512556,0.05622635259021101
2318,0.05602249691889365,0.05622634278826475
2319,0.05602224519844127,0.05622626431454028
2320,0.056022237839665555,0.05622626767974275
2321,0.05602218947772577,0.0562262637344211
2322,0.056022188304164895,0.05622625740074893
2323,0.05602218976041651,0.05622625912124906
2324,0.05602208053140703,0.056226223933548265
2325,0.05602202291076548,0.056226214824398595
2326,0.056021913925434305,0.0562261976812209
2327,0.05602187087797601,0.05622620265127957
2328,0.05602187275685571,0.056226205448188155
2329,0.056021863023398226,0.056226183021449175
2330,0.05602185067108554,0.05622616499708343
2331,0.056021732590437946,0.05622622052879436
2332,0.05602170861484719,0.056226223023993604
2333,0.05602170113766928,0.05622622780190344
2334,0.056021698207531494,0.05622622347447876
2335,0.056021699819819644,0.05622622531920631
2336,0.0560216487128884,0.056226206798628865
2337,0.056021576383854826,0.056226171138064114
2338,0.05602124832843133,0.05622608636406851
2339,0.05602119238144308,0.056226073940060184
2340,0.056021107102026915,0.056226077096112576
2341,0.05602109929612457,0.05622606481425758
2342,0.056021097849911966,0.0562260683592366
2343,0.05602109502132821,0.05622606955584053
2344,0.05602084821760097,0.056225881344063436
2345,0.056020851626781484,0.05622588439044308
2346,0.05602085144984926,0.05622588392968682
2347,0.056020416888548,0.05622550668171297
2348,0.056020419817873056,0.0562255026708719
2349,0.05602040123941158,0.056225497239547804
2350,0.05602039741252483,0.05622549332458915
2351,0.05602036666258854,0.05622550863495107
2352,0.05602029321167634,0.0562254495768064
2353,0.056020099169668415,0.056225447523856865
2354,0.056020058867385376,0.05622544462702768
2355,0.05602004994103029,0.05622545477915009
2356,0.056020050016782,0.05622545484224802
2357,0.05602003762269596,0.05622545710980678
2358,0.05602002238526762,0.056225467452791285
2359,0.05602002298704232,0.056225498352989386
2360,0.05601995328819159,0.0562254662810022
2361,0.056020006402265114,0.05622549368968609
2362,0.056019828763889015,0.0562253319163848
2363,0.056019828097793836,0.05622533523327279
2364,0.05601964610287582,0.056225204247300355
2365,0.056019641627074075,0.05622522003237259
2366,0.05601960993566559,0.0562251751813415
2367,0.05601960880463465,0.05622517689153389
2368,0.05601953953183039,0.056225133381444636
2369,0.056019532140866475,0.05622513160395195
2370,0.05601922002816102,0.05622495393742436
2371,0.05601914346975008,0.0562249140197573
2372,0.05601913757203938,0.056224911766427584
2373,0.05601898403305694,0.056224872459001186
2374,0.05601891317753034,0.05622496370830553
2375,0.056018893826065605,0.05622498006317107
2376,0.05601888342679732,0.05622497397489596
2377,0.056018756454545036,0.0562249760738738
2378,0.056018704456827696,0.056224957483044645
2379,0.056018717970172854,0.056224975172383056
2380,0.056018702214054736,0.05622496196255852
2381,0.056018681306881674,0.05622492886405155
2382,0.05601865978096382,0.05622491733126953
2383,0.0560186227955166,0.05622494000968223
2384,0.05601859676604295,0.05622493812475892
2385,0.056018528309999226,0.056224949087582514
2386,0.05601852590611385,0.05622494945228125
2387,0.05601849839999637,0.0562249637797258
2388,0.056018485160337285,0.05622496093231925
2389,0.0560184845602789,0.0562249605374623
2390,0.056018491933577115,0.056224972785497984
2391,0.056018446102438224,0.05622497887850489
2392,0.0560181081951916,0.056224948718085185
2393,0.0560181074195612,0.05622494846168593
2394,0.05601803842423597,0.05622484729675268
2395,0.056017840215114446,0.056224762052452804
2396,0.056017772933821625,0.05622472224873349
2397,0.056017204849930495,0.056224559346667376
2398,0.05601695595427846,0.05622434357988326
2399,0.05601689850674295,0.05622434382096869
2400,0.05601689797588751,0.056224345863792005
2401,0.05601684609099756,0.05622431464549852
2402,0.05601643429212401,0.056224256215256924
2403,0.0560158081431594,0.05622396634850783
2404,0.056015805323823616,0.05622395594132525
2405,0.056015804505703926,0.05622395887358591
2406,0.05601579593259744,0.0562239427170558
2407,0.05601506176136112,0.05622371610829075
2408,0.05601471389388394,0.0562236705513812
2409,0.056014707162665135,0.0562236708965653
2410,0.056014355664378936,0.05622348627300006
2411,0.05601417721059933,0.05622350539357444
2412,0.05601414958773099,0.056223514042663486
2413,0.05601414523365215,0.05622351939893677
2414,0.05601414550482705,0.05622351961942955
2415,0.056014137885088855,0.0562235143205184
2416,0.056014128239471786,0.05622352770936514
2417,0.05601390274767011,0.05622359358222268
2418,0.05601367921906234,0.05622332169347408
2419,0.05601368763440666,0.05622332098650935
2420,0.05601346060677174,0.05622321645149731
2421,0.05601346611175295,0.05622321849939628
2422,0.05601346503785736,0.05622321780198373
2423,0.05601346704506488,0.056223218994390554
2424,0.05601341603435677,0.056223173510083206
2425,0.0560134232891828,0.05622318384373463
2426,0.056013415258247316,0.05622317846747416
2427,0.05601341496817482,0.05622317829098168
2428,0.056013399380428486,0.05622316120157413
2429,0.05601338338790972,0.05622317718205345
2430,0.05601234314000132,0.05622246683062601
2431,0.05601234388733328,0.05622246777872333
2432,0.05601214472456284,0.056222321646972655
2433,0.0560119677244352,0.05622219620401931
2434,0.05601182027019268,0.056222125557067744
2435,0.05601169244629275,0.05622214968844674
2436,0.05601149820463298,0.056222066265087516
2437,0.05601149834847772,0.05622206576367665
2438,0.05601139616782108,0.05622201266139317
2439,0.05601139594914194,0.0562220135564898
2440,0.05601134209109912,0.05622194366050448
2441,0.0560112494386856,0.056221943205844414
2442,0.056010621866050214,0.05622176542043152
2443,0.05601048559173949,0.05622171870333786
2444,0.05601043020290897,0.056221728369592036
2445,0.05601025342105455,0.056221672336409935
2446,0.05601021658926721,0.056221655484950735
2447,0.056010177617481734,0.05622163985195381
2448,0.056009874013158274,0.056221614003654094
2449,0.056009864474196404,0.05622160445620377
2450,0.056009403872024015,0.05622165443192028
2451,0.056009398268849535,0.056221652832293474
2452,0.056009367195802906,0.056221630593359495
2453,0.05600930673802408,0.056221614271473055
2454,0.056009309609079204,0.05622161313215847
2455,0.05600930015549745,0.056221601541293395
2456,0.05600929838654707,0.05622160315344403
2457,0.05600929664750453,0.05622160192903676
2458,0.05600922547867687,0.05622155481559437
2459,0.05600904317596272,0.05622155279648389
2460,0.056009032319205614,0.05622155460181819
2461,0.056009046339662145,0.05622154303535479
2462,0.05600901986657022,0.05622158209013069
2463,0.056009024641042224,0.056221597068375075
2464,0.056009020902787275,0.056221560207754685
2465,0.05600905108559057,0.0562215656737099
2466,0.05600903511120496,0.05622155617735324
2467,0.05600890775794682,0.056221563835989155
2468,0.05600891039076683,0.056221573182687445
2469,0.0560088974896893,0.05622157069849108
2470,0.05600875958878821,0.05622156164957555
2471,0.05600866532270024,0.05622158125461591
2472,0.05600859308774615,0.0562215447540405
2473,0.05600859210498415,0.05622154454659412
2474,0.05600844867335583,0.056221464307642
2475,0.05600839750526178,0.056221425208433554
2476,0.05600838475780596,0.056221439155190615
2477,0.05600837876479469,0.0562214355909157
2478,0.056008225724901876,0.05622139065811366
2479,0.056008156022769276,0.056221246454157686
2480,0.056008158607377526,0.05622124809049434
2481,0.05600815640511727,0.056221242401312786
2482,0.05600803996690905,0.05622120794976759
2483,0.05600797691511606,0.05622118301875866
2484,0.056007838160859094,0.056221066135132954
2485,0.05600783347461046,0.05622106130450293
2486,0.056007792387675365,0.05622104760952007
2487,0.05600772782871233,0.05622100105227853
2488,0.0560075563914646,0.05622097576740879
2489,0.05600755378597123,0.05622097632671699
2490,0.05600729783476014,0.0562209566790609
2491,0.05600727892654463,0.05622093918918914
2492,0.056007219847191245,0.056220857371213614
2493,0.05600701167537534,0.05622083443530842
2494,0.056006954676749016,0.05622081711309126
2495,0.05600682002959599,0.05622074474756696
2496,0.05600678563521669,0.05622072838356569
2497,0.05600673954299551,0.05622072784742317
2498,0.05600654877725542,0.05622074724820624
2499,0.05600579841682736,0.056220067683581114
2500,0.05600580073034596,0.05622008435962834
2501,0.05600580938442152,0.05622010336705852
2502,0.05600580036274959,0.056220104143519446
2503,0.05600579515407797,0.056220100801842185
2504,0.0560057766652228,0.056220084892759294
2505,0.056005627694851796,0.05622000134937789
2506,0.05600564120009338,0.05622001898692209
2507,0.05600561826499284,0.05622000638910526
2508,0.05600550280523189,0.05621994959990299
2509,0.05600537662709071,0.056219882507661606
2510,0.0560053640854154,0.05621987362366684
2511,0.05600508515752822,0.05621966251912754
2512,0.05600475268277999,0.056219465331336704
2513,0.056004102201246124,0.056218825959475735
2514,0.05600408320955543,0.05621883290009457
2515,0.05600402500711303,0.056218829419130756
2516,0.05600354417975983,0.0562187637239911
2517,0.05600353381352558,0.05621875570277038
2518,0.05600346924071789,0.05621875969090249
2519,0.05600324662179508,0.05621884507227539
2520,0.05600324479034677,0.05621885509026678
2521,0.05600321193496584,0.0562188466339062
2522,0.05600320098994615,0.05621883859725657
2523,0.056003045527744676,0.05621875706693734
2524,0.05600271262707729,0.05621850669711199
2525,0.056002675926972216,0.056218489768131874
2526,0.05600260289365636,0.056218465705204265
2527,0.05600238724609316,0.05621830277159693
2528,0.05600236231451672,0.05621830793093168
2529,0.0560023542138925,0.056218308463657
2530,0.05600229769597698,0.056218313245798665
2531,0.056002280462341215,0.056218291521166266
2532,0.05600206499108365,0.05621816214792136
2533,0.05600195996607971,0.05621820712904616
2534,0.056001773954078765,0.05621816219612
2535,0.05600172407563981,0.05621813275532078
2536,0.05600169393638566,0.05621812926495109
2537,0.05600169663253216,0.056218134279462054
2538,0.05600169165384103,0.05621813766003625
2539,0.056001691682201524,0.056218137963858925
2540,0.05600169488745095,0.05621814171230833
2541,0.0560016944724628,0.05621814138759115
2542,0.05600169950477992,0.05621816115503473
2543,0.05600157639870897,0.056218138968121514
2544,0.056001571965729996,0.0562181333245822
2545,0.05600144782079544,0.05621812465415017
2546,0.056001440399431814,0.05621811278710751
2547,0.05600138816643006,0.056218087345330806
2548,0.056001210184768405,0.0562180496830064
2549,0.056001132555556964,0.05621804033711727
2550,0.05600106998877482,0.056218010804978874
2551,0.05600107133607974,0.05621801187262608
2552,0.05600095062172544,0.05621791661003681
2553,0.05600093379610789,0.05621792109554182
2554,0.05600093471701187,0.05621792190191504
2555,0.05600085839919312,0.05621782582289896
2556,0.05600083532130464,0.056217862718460916
2557,0.05600078099649823,0.05621779873537652
2558,0.05600060033458778,0.05621781267077111
2559,0.05600060061773243,0.05621781522225683
2560,0.05600056999990545,0.05621780676287112
2561,0.05600053815840335,0.05621787948254081
2562,0.05600038898468623,0.05621782562039948
2563,0.056000382743424185,0.056217824541324374
2564,0.0560003831276769,0.05621782503647486
2565,0.05600038189555261,0.05621782638308931
2566,0.0560003330632344,0.05621781389365237
2567,0.05600031068243894,0.056217827194143956
2568,0.0560002410123852,0.05621778905060104
2569,0.056000240798062574,0.05621778711615575
2570,0.05600022895374146,0.05621779630886814
2571,0.0560002092002955,0.05621779028165514
2572,0.05600017944478703,0.056217789473669705
2573,0.05600015608194372,0.0562177998605139
2574,0.0560000695738581,0.05621781175385116
2575,0.05600001937888204,0.05621781019797472
2576,0.05600001720301424,0.05621780856709103
2577,0.055999928095636434,0.056217769554492765
2578,0.05599983089338985,0.05621778821422221
2579,0.05599972081490051,0.05621782688764423
2580,0.05599971808542598,0.056217830176880035
2581,0.055999735241267695,0.056217857811994336
2582,0.055999723047564,0.05621783683340069
2583,0.05599961040228506,0.05621780702113357
2584,0.0559996243861005,0.05621780203708931
2585,0.05599963201424287,0.05621780561547073
2586,0.05599953117331287,0.05621771797780583
2587,0.055999495999654175,0.05621771680306595
2588,0.05599949833230401,0.05621771936762246
2589,0.055999519312688664,0.05621774647665031
2590,0.05599931963378817,0.05621771391961296
2591,0.055999119210808745,0.05621770662130554
2592,0.055999108224480613,0.056217791986247045
2593,0.05599910919368415,0.056217800110142574
2594,0.055999035018410456,0.056217759638668464
2595,0.055998979159519,0.05621771062324095
2596,0.05599894018352374,0.056217781126935935
2597,0.05599883917331818,0.05621777470694987
2598,0.05599883393364824,0.0562177724505709
2599,0.05599835620151176,0.05621732907627605
2600,0.0559981377039257,0.056217340959045486
2601,0.05599814335394167,0.056217348669836166
2602,0.05599805915251025,0.056217363006522685
2603,0.055997939938143816,0.05621744375745097
2604,0.05599779744818974,0.056217432795127066
2605,0.05599776708063065,0.056217429354528385
2606,0.055997760822781385,0.056217431461715914
2607,0.05599777973714637,0.05621744221560639
2608,0.05599778007305415,0.056217442604859384
2609,0.055997715065339015,0.056217435092794116
2610,0.05599765774315003,0.05621742750554127
2611,0.05599760817444563,0.05621742328518045
2612,0.0559974781172661,0.056217287744988874
2613,0.05599722532429965,0.05621725868912273
2614,0.055997202844259235,0.05621733854982741
2615,0.05599689784028801,0.05621707697307425
2616,0.0559969027196032,0.0562170970030548
2617,0.0559969020457262,0.05621709292020476
2618,0.055996795149634467,0.05621702131659652
2619,0.055996634329337616,0.056217063469717936
2620,0.05599660364278766,0.05621698189818222
2621,0.05599641702026694,0.05621682693331494
2622,0.05599638316318958,0.056216809575371784
2623,0.05599635551272747,0.05621680060809595
2624,0.05599631801899015,0.05621679993718683
2625,0.055996319953411935,0.056216802310775714
2626,0.055996318364827574,0.05621680707767344
2627,0.05599627464002205,0.05621678821748676
2628,0.05599621416220552,0.05621679069024591
2629,0.05599620997994424,0.056216790542355045
2630,0.0559962322440775,0.05621681218342322
2631,0.05599617682923136,0.056216786111869324
2632,0.05599582517723312,0.056216785203938205
2633,0.05599525442883803,0.056216394652499786
2634,0.05599499793056335,0.056216384599549696
2635,0.05599492198095844,0.05621636811625907
2636,0.05599492079998504,0.05621636869595432
2637,0.05599487304554678,0.05621638439940189
2638,0.05599486094072291,0.05621638341837297
2639,0.0559948507967328,0.056216382543819075
2640,0.055994766055415514,0.05621637704788425
2641,0.055994733507780906,0.05621635244842605
2642,0.05599471096855766,0.056216345999409285
2643,0.05599470172384346,0.05621635018335701
2644,0.05599444242321463,0.05621624421105776
2645,0.05599435290640152,0.05621617912770379
2646,0.05599434431165067,0.05621616749999896
2647,0.05599415907670202,0.05621604948703591
2648,0.055994119953682045,0.05621601930571776
2649,0.05599412793683976,0.056216043432667624
2650,0.05599397274267113,0.056216061746251864
2651,0.05599395223370803,0.05621605966245832
2652,0.05599380123368487,0.056215933004355456
2653,0.05599380158828384,0.05621594708341693
2654,0.0559936298195124,0.056215925378704096
2655,0.05599362571054842,0.05621593775168599
2656,0.055993620764833024,0.05621594889674463
2657,0.05599351272361211,0.0562158306649383
2658,0.05599346041766108,0.056215765944225594
2659,0.05599342769351054,0.05621574692051365
2660,0.05599333352532024,0.05621571886215321
2661,0.05599330757373895,0.05621570901968331
2662,0.05599329669117188,0.05621570312456289
2663,0.055993120641451614,0.05621568328512979
2664,0.05599299870782765,0.05621572343649672
2665,0.05599300495218171,0.05621574069812283
2666,0.055992999115640166,0.056215745224866956
2667,0.05599278317655241,0.056215715374555726
2668,0.055992713550464784,0.05621571860152029
2669,0.05599252212803183,0.05621562582673916
2670,0.05599243173289429,0.05621559765860773
2671,0.05599224743416562,0.056215589786969604
2672,0.055992190168451986,0.05621558682257831
2673,0.05599196237125239,0.05621555072591869
2674,0.05599194903887396,0.05621555621776757
2675,0.05599190086459628,0.05621555039657592
2676,0.05599194443886344,0.05621559356750062
2677,0.05599185471522577,0.05621554262240134
2678,0.05599174989815512,0.05621541366096255
2679,0.05599173108680256,0.05621546556699454
2680,0.05599162721384111,0.056215364098402915
2681,0.05599140107756629,0.056215396432695144
2682,0.055991390962322155,0.056215386110786636
2683,0.05599139581409503,0.05621539395566239
2684,0.05599131635211933,0.056215416346867934
2685,0.055991135820813165,0.05621540938871357
2686,0.055991096428162156,0.05621541048091779
2687,0.05599104282047699,0.05621541250029407
2688,0.05599102135107338,0.056215384573482095
2689,0.05599100822749551,0.05621537235258726
2690,0.055990979778961406,0.056215340693491184
2691,0.05599086326925145,0.05621525939267096
2692,0.055990876586940096,0.0562152752093173
2693,0.05599048988657127,0.05621529390229806
2694,0.055990032737787875,0.05621483114319695
2695,0.055990021100038936,0.05621482575376674
2696,0.05599001009646927,0.05621481974737174
2697,0.05598967598537649,0.05621472671846227
2698,0.05598959738469178,0.05621472124427535
2699,0.055989600297459675,0.05621472725369629
2700,0.05598954428132982,0.05621472278103693
2701,0.055989445861349574,0.056214715418856746
2702,0.05598943732187358,0.056214707376447105
2703,0.05598935537697223,0.056214712188867824
2704,0.05598932068202289,0.05621475383231502
2705,0.055989342431423846,0.056214778680102544
2706,0.05598927930645092,0.05621475358214646
2707,0.05598922170994514,0.056214687467426167
2708,0.055989184862237924,0.05621471307822774
2709,0.05598885043245478,0.05621465328399712
2710,0.055988391844157756,0.0562145815522858
2711,0.05598844417261813,0.056214628266885
2712,0.05598844683613868,0.056214647163727316
2713,0.055986986493077,0.05621359013806046
2714,0.05598688506985568,0.05621354362917524
2715,0.05598686736676212,0.05621354346473145
2716,0.05598683467886149,0.05621356131231159
2717,0.055986822604611415,0.056213573523951364
2718,0.05598681460693038,0.056213576208312785
2719,0.05598679543906128,0.05621357429681121
2720,0.05598668733593074,0.05621354543099304
2721,0.05598668656577113,0.056213548207727795
2722,0.055986513066834886,0.05621363795496077
2723,0.05598650605467275,0.056213629293566277
2724,0.05598639281387841,0.0562135689393998
2725,0.05598637990168012,0.05621358845408504
2726,0.05598607893794646,0.05621354650859224
2727,0.05598597811426386,0.05621353940409035
2728,0.05598575468800191,0.056213521149763336
2729,0.05598565316546908,0.05621342728969568
2730,0.05598567634402793,0.05621344394467684
2731,0.055985649060558515,0.0562134379535578
2732,0.05598558352398912,0.05621345331082907
2733,0.05598559124517341,0.0562134684075562
2734,0.055985453555636965,0.056213380045113774
2735,0.05598542036777565,0.0562133631511702
2736,0.05598540705015062,0.05621335947665248
2737,0.055985345492843626,0.05621333800737195
2738,0.055985308545098804,0.056213307582168505
2739,0.05598529699280815,0.05621330277846143
2740,0.05598527050921771,0.05621333167152398
2741,0.05598515737855604,0.05621333358696766
2742,0.0559851294281188,0.056213324019059
2743,0.05598509842905445,0.05621331686443912
2744,0.05598509189252398,0.05621330244284863
2745,0.055985036532416314,0.056213359983800885
2746,0.05598502618342577,0.056213358260711936
2747,0.05598501875451707,0.05621335536056785
2748,0.05598496470987196,0.05621335547302318
2749,0.05598491799586411,0.05621336644042757
2750,0.0559848971249225,0.056213350867756834
2751,0.055984892165616425,0.056213334758902514
2752,0.05598484767167416,0.05621333524094543
2753,0.05598483883955982,0.056213354347959654
2754,0.05598475308356047,0.056213303868149496
2755,0.05598472600054932,0.056213312982373316
2756,0.055984688168792894,0.05621331243181485
2757,0.055984684559783886,0.05621331106641477
2758,0.055984676412702127,0.056213300212527774
2759,0.055984488938389275,0.05621325986383999
2760,0.05598449094613866,0.056213275897187415
2761,0.055984488500811586,0.056213277661001884
2762,0.05598432806196354,0.056213206745380516
2763,0.05598432508989719,0.05621320800706143
2764,0.05598431729154177,0.056213199934025
2765,0.05598395845851304,0.05621318134006822
2766,0.05598371179003744,0.056213233485769336
2767,0.055983591658147716,0.05621321473553439
2768,0.05598358249192747,0.05621321227600699
2769,0.05598353677242046,0.05621317627226529
2770,0.05598344840630243,0.05621314914096939
2771,0.05598340650028512,0.05621308665058493
2772,0.055983345899943575,0.0562130978406295
2773,0.05598329441135804,0.05621310913445449
2774,0.055983273408208384,0.05621310871234425
2775,0.055983166359709256,0.05621310072766958
2776,0.05598307751405802,0.056213050564314394
2777,0.055983066915300736,0.05621305789923106
2778,0.05598280463960092,0.056212976473969105
2779,0.055982685803604874,0.056212984376955065
2780,0.05598263593479645,0.05621291465331422
2781,0.055982335617203755,0.05621270837419859
2782,0.05598236408299974,0.05621273584245084
2783,0.055982235713236794,0.056212726430747935
2784,0.05598222093743397,0.0562127156239534
2785,0.055982209714152006,0.05621270562395067
2786,0.055982205396592134,0.05621269825615991
2787,0.05598193363479992,0.056212724934219166
2788,0.05598192992812283,0.05621272701644312
2789,0.05598179865000511,0.05621271810764683
2790,0.05598177123056796,0.056212704196413124
2791,0.05598173557576533,0.05621272751127118
2792,0.05598173044987662,0.056212656991922835
2793,0.0559817260461688,0.05621269790681557
2794,0.055981694556257316,0.05621265191838561
2795,0.05598168923310327,0.05621265450421308
2796,0.0559816721630373,0.05621266292576675
2797,0.055981674611702864,0.056212669883508794
2798,0.05598167002499417,0.05621266365313954
2799,0.055981669491166716,0.05621266757475241
2800,0.055981543460235476,0.056212672618902795
2801,0.05598147796886815,0.05621258311000414
2802,0.05598141493677559,0.05621256860807801
2803,0.055981384116081445,0.056212583859691995
2804,0.05598128659771937,0.05621259125922366
2805,0.05598128780894635,0.05621260987440898
2806,0.05598121779706682,0.05621271090465465
2807,0.05598121510631299,0.05621271843953947
2808,0.0559811512321799,0.056212696437929484
2809,0.055981042926679804,0.05621274701766159
2810,0.05598104444501296,0.05621274821048499
2811,0.055981001758952126,0.05621273923697871
2812,0.05598098998812627,0.05621273914459006
2813,0.05598097721875972,0.05621275051755928
2814,0.055980957695111834,0.056212735695008134
2815,0.0559808816144025,0.05621273074485203
2816,0.05598083590169691,0.056212742430440374
2817,0.0559807810983945,0.05621274330631882
2818,0.05598076911861465,0.05621273602893579
2819,0.05598046821940325,0.05621263225212156
2820,0.05598046879800845,0.05621263540416054
2821,0.05598039620481895,0.056212578673634536
2822,0.055980387189238395,0.05621257683415936
2823,0.055980387837368716,0.056212653364176746
2824,0.05598038078152746,0.05621264046866251
2825,0.055980333638045485,0.05621264527538629
2826,0.055980342151499975,0.05621265528566736
2827,0.055980332417567676,0.05621267958572322
2828,0.05598019217949184,0.056212641999726774
2829,0.05598019007119959,0.05621263025492715
2830,0.0559801931453484,0.0562126450171621
2831,0.05598015922466221,0.056212761697611385
2832,0.05598011829857066,0.05621272798472926
2833,0.05598010104319634,0.056212689627009045
2834,0.055980080749670376,0.056212689726212434
2835,0.05598008828812349,0.05621270717617001
2836,0.05598002079419254,0.05621269398982464
2837,0.055980016106235084,0.05621269430674448
2838,0.055979964153162885,0.05621268756809063
2839,0.05597975987708222,0.056212557467383725
2840,0.05597968233633237,0.05621255050041696
2841,0.05597928794982204,0.05621241738803654
2842,0.055979298871495414,0.056212447830556705
2843,0.05597913892181407,0.05621244711920494
2844,0.05597906840306564,0.056212411066544
2845,0.055978917835841815,0.05621251160890073
2846,0.05597891719991085,0.05621251112917894
2847,0.05597884829543366,0.05621255287837745
2848,0.05597867004403335,0.056212477953866156
2849,0.05597866055539701,0.056212473698124966
2850,0.05597865151042578,0.05621247296394757
2851,0.055978464736242815,0.05621230933739902
2852,0.05597840702917049,0.05621227918498892
2853,0.055978200604411076,0.056212302777579805
2854,0.05597807752621729,0.0562123217270219
2855,0.05597807472545082,0.056212324069485
2856,0.05597805242186865,0.05621231163615154
2857,0.0559778297079347,0.056212449369257136
2858,0.05597783059891013,0.05621245045644881
2859,0.05597780845993498,0.056212404933322545
2860,0.055977577944270135,0.05621231969692863
2861,0.055977567882352836,0.056212309865307966
2862,0.05597755393501128,0.05621231457810289
2863,0.05597756658019279,0.056212343792160786
2864,0.055977510795386334,0.056212304251915535
2865,0.055977423912580315,0.05621222006730729
2866,0.055977421294141114,0.05621222044122561
2867,0.05597741985232601,0.05621221774125658
2868,0.05597736318370341,0.05621218941307575
2869,0.055977364619147554,0.05621219348961574
2870,0.055977224391466684,0.05621217139107829
2871,0.05597722527314746,0.05621217315452551
2872,0.05597722683559208,0.05621217682933672
2873,0.05597717151810041,0.05621213274663543
2874,0.055977144324204725,0.05621211766255824
2875,0.05597714209353017,0.05621210861165795
2876,0.05597712195671472,0.05621210312543779
2877,0.05597711190380269,0.05621210459168772
2878,0.05597699299173994,0.056212120088695416
2879,0.05597699585095531,0.0562121228623309
2880,0.05597695172320176,0.05621211467814553
2881,0.05597676285311806,0.05621204220295179
2882,0.0559767466785131,0.056212035619714766
2883,0.05597671304115692,0.05621200820783436
2884,0.05597644186737724,0.05621172357100848
2885,0.05597639029767582,0.056211718795659976
2886,0.05597638241168198,0.05621171786013827
2887,0.05597638579135644,0.056211732817241934
2888,0.055976396680885006,0.05621176001711455
2889,0.05597639990110169,0.05621176360939378
2890,0.055976132555155024,0.056211575780112454
2891,0.05597606453821357,0.056211552374389274
2892,0.05597606447167355,0.05621155357193761
2893,0.05597600822770789,0.05621154903024411
2894,0.055975381860778925,0.05621146788599117
2895,0.0559753150771469,0.056211397143047515
2896,0.05597530463316659,0.05621139855515662
2897,0.05597521181598395,0.056211372632477496
2898,0.055975186071969364,0.05621137677358098
2899,0.05597518171199392,0.056211385837913165
2900,0.05597518454030254,0.05621138856461388
2901,0.05597517791103208,0.05621138544158874
2902,0.05597500041344319,0.056211355586166446
2903,0.05597498921649907,0.05621136349638559
2904,0.0559749656435258,0.05621138888128621
2905,0.055974948308420376,0.056211402246107545
2906,0.05597490167662861,0.05621136945041282
2907,0.05597490250916322,0.0562113702031526
2908,0.05597469712663488,0.056211217008766634
2909,0.05597454971515954,0.056211182562831155
2910,0.05597455089143413,0.05621118334124196
2911,0.05597453841070742,0.05621118704044782
2912,0.05597453270002111,0.05621118773188924
2913,0.05597437987587719,0.05621117129988073
2914,0.05597421982127131,0.0562111721896904
2915,0.05597420640379169,0.056211167332521475
2916,0.055973909616411494,0.056211153427152
2917,0.05597384723978445,0.056211123123135434
2918,0.055973752781836604,0.05621107576284193
2919,0.05597372440320542,0.05621107202282205
2920,0.055973529375392635,0.056211001543429374
2921,0.05597338076967967,0.05621098117270326
2922,0.05597327464703011,0.05621095010431848
2923,0.05597327774881456,0.05621095314630619
2924,0.05597317210107627,0.05621093840885299
2925,0.055973148526194415,0.0562109480749542
2926,0.055973116850940044,0.05621094416834769
2927,0.05597304609217556,0.05621088491413621
2928,0.05597306328013847,0.05621090440462878
2929,0.055972926347629945,0.0562107993732313
2930,0.0559728868350103,0.056210813951293806
2931,0.05597288668391595,0.056210814464519254
2932,0.05597282784070403,0.05621082464415159
2933,0.055972826042315627,0.05621082730037754
2934,0.05597278397122091,0.05621087482115382
2935,0.055972653868105626,0.056210895664189305
2936,0.055972526412289454,0.05621087606885796
2937,0.055972524847927724,0.0562108770783545
2938,0.05597252047541919,0.05621086966918123
2939,0.05597240157750897,0.0562108036772323
2940,0.05597240383228272,0.05621081183385498
2941,0.05597233063294245,0.05621078007764169
2942,0.0559723192469169,0.056210840851456785
2943,0.05597228762438027,0.05621080500845862
2944,0.055972303748560936,0.05621082233653396
2945,0.055972290262278256,0.056210807245882254
2946,0.05597227465943683,0.056210787251176564
2947,0.05597227294082263,0.056210786367126946
2948,0.055972143115732946,0.05621085938676961
2949,0.055972107852361654,0.05621082623544136
2950,0.05597207060773085,0.05621082667721878
2951,0.055972041239964125,0.05621083188435733
2952,0.0559720414754063,0.05621084925341157
2953,0.05597206019331496,0.0562108931696241
2954,0.055971959142232755,0.056210874776096896
2955,0.055971912317904736,0.05621083865267613
2956,0.05597189406702147,0.05621083109110432
2957,0.05597187267840053,0.0562108671943015
2958,0.05597186843206842,0.0562108676726843
2959,0.055971830499358985,0.05621087231975093
2960,0.05597181103673936,0.05621086981809855
2961,0.0559717740367658,0.056210854820245494
2962,0.0559717853537366,0.05621085724114377
2963,0.05597176997705853,0.056210858841497825
2964,0.055971755913491475,0.05621084276188929
2965,0.05597171990700563,0.05621082181599604
2966,0.055971709184243025,0.05621080249980366
2967,0.05597167515987081,0.056210799678491886
2968,0.055971640476023314,0.05621079410430764
2969,0.055971579541951734,0.056210804018629754
2970,0.055971532374663464,0.05621077714990373
2971,0.055971546398461615,0.05621079456566299
2972,0.055971518863169256,0.056210793986303395
2973,0.05597151519891066,0.05621079349374809
2974,0.05597148276283294,0.056210809664455394
2975,0.05597145400222857,0.05621077775103281
2976,0.05597144341277947,0.056210771645587826
2977,0.05597141046482002,0.056210774054043566
2978,0.05597135598118015,0.05621069058562692
2979,0.055971389802231236,0.056210714433256447
2980,0.055971225883444324,0.05621071158803921
2981,0.05597108333624066,0.05621059714496689
2982,0.05597103447599535,0.056210593579084686
2983,0.05597097574318629,0.05621057324547732
2984,0.05597088257518975,0.056210570477289154
2985,0.05597087699163629,0.05621056253656613
2986,0.055969371037636245,0.05621055758921898
2987,0.05596936549568793,0.056210555506097104
2988,0.05596934401639552,0.05621053522310918
2989,0.05596933859077194,0.05621053182075959
2990,0.05596923494009223,0.0562105148687821
2991,0.05596921538856654,0.056210539688650835
2992,0.055969201136701084,0.05621054058905579
2993,0.055969080662871255,0.056210400462350325
2994,0.05596895783964231,0.05621042147732152
2995,0.05596891079486001,0.05621037105964626
2996,0.055968873221569244,0.05621039372458586
2997,0.05596857901890673,0.05621033416044558
2998,0.055968557313268136,0.05621032410571402
2999,0.05596854951240288,0.0562103164896535
3000,0.05596849893767419,0.0562103232426196
3001,0.05596841550615209,0.05621023917877608
3002,0.05596839334079261,0.05621024646032875
3003,0.05596770144557122,0.05621016892424631
3004,0.055967614675037226,0.05621021125792827
3005,0.05596758963097988,0.05621020744503429
3006,0.05596749547977727,0.05621010152076777
3007,0.0559674872339223,0.05621010273012855
3008,0.05596746655887633,0.0562100806754576
3009,0.05596735356043179,0.05620995848534148
3010,0.05596734205326812,0.056209952340258905
3011,0.055967315676603756,0.056209931925366406
3012,0.05596712486265207,0.05620980625028186
3013,0.055967106640990166,0.056209802361161014
3014,0.05596704490955372,0.05620977982710868
3015,0.05596659672102442,0.056209574962006556
3016,0.055966592771041636,0.05620957409668753
3017,0.05596656041565007,0.05620953136688733
3018,0.05596649085584395,0.056209523831106285
3019,0.05596623517854701,0.056209415669587176
3020,0.05596619990455567,0.056209412840251036
3021,0.055966203198612334,0.05620939952778127
3022,0.05596612910217874,0.0562093812598458
3023,0.055966125375913056,0.05620937693366278
3024,0.05596612631808158,0.05620937837237269
3025,0.05596592102424673,0.05620940819194463
3026,0.055965850136727564,0.05620943440844133
3027,0.05596581474182756,0.05620943620926713
3028,0.05596581448710289,0.056209435854956274
3029,0.05596581392676195,0.05620943479085991
3030,0.05596560545896614,0.05620945861440749
3031,0.055965508607337386,0.05620947985092158
3032,0.0559655006736091,0.056209494540053355
3033,0.0559654181259978,0.05620948379643607
3034,0.055965413139240715,0.05620952154766083
3035,0.055965458171708386,0.056209574578087916
3036,0.05596544877393383,0.05620957474203993
3037,0.05596539626390809,0.0562095531481454
3038,0.05596536731931408,0.05620955797649763
3039,0.05596535121517234,0.05620954848210707
3040,0.055965348440209235,0.05620954570747056
3041,0.055965340098284126,0.056209544654599895
3042,0.055965303213656364,0.056209543035554435
3043,0.05596530050174381,0.056209552191233594
3044,0.055964870720933015,0.056209586293557504
3045,0.05596487069565255,0.05620958635544136
3046,0.05596471968366561,0.05620944240156859
3047,0.0559646820957364,0.056209439754111974
3048,0.05596464766810271,0.056209444427633294
3049,0.0559646177264961,0.056209453449235953
3050,0.055964576503997734,0.05620943226326895
3051,0.05596449861719391,0.05620945012789269
3052,0.05596447247001972,0.05620943198792979
3053,0.05596436665992045,0.05620943949109566
3054,0.05596435605322303,0.05620946479634148
3055,0.05596428453678789,0.05620940911865544
3056,0.05596416927847355,0.05620935845412775
3057,0.055964164010848194,0.05620936118536202
3058,0.05596407819887551,0.05620932635537021
3059,0.05596408116504892,0.05620933935985152
3060,0.05596405579802901,0.05620933819073361
3061,0.055964030109422316,0.056209302345461565
3062,0.05596367148937352,0.05620896513234523
3063,0.05596358587799808,0.05620891166963174
3064,0.05596356719261741,0.056208886712451805
3065,0.05596356120827389,0.05620887981516187
3066,0.0559635601913858,0.056208879283255006
3067,0.0559635611588079,0.05620888078385457
3068,0.05596355925294635,0.05620888122951463
3069,0.05596361887208145,0.05620894664203387
3070,0.05596360647608848,0.05620893887639114
3071,0.05596360402470969,0.05620893890227604
3072,0.05596336272750696,0.05620883868810121
3073,0.05596335685052008,0.056208841021010446
3074,0.05596331901453732,0.05620886928653674
3075,0.05596315715837144,0.05620879944023503
3076,0.055963157051973716,0.05620879934424059
3077,0.05596310595278617,0.05620880127745204
3078,0.05596307917799799,0.05620888903102756
3079,0.0559630756920314,0.056208907606282825
3080,0.05596303396619464,0.05620889114300785
3081,0.055962764327851175,0.05620884205364294
3082,0.05596231623199761,0.05620883882434801
3083,0.055962275789126284,0.05620884184266718
3084,0.055961739938914554,0.056208420300553855
3085,0.05596174583374072,0.05620842680586824
3086,0.05596175621389173,0.056208449078956946
3087,0.05596160714943182,0.056208513489196005
3088,0.05596145009049509,0.0562083690810362
3089,0.05596145145727658,0.05620837285856009
3090,0.05596144299807518,0.05620837355073293
3091,0.05596143099208758,0.056208383493502906
3092,0.05596142366749232,0.05620837195477887
3093,0.05596127958378909,0.05620828059735302
3094,0.0559612594493771,0.05620826545778683
3095,0.055961224028801076,0.0562082586530314
3096,0.05596122015226391,0.05620825820067638
3097,0.05596116298144483,0.056208269754986405
3098,0.0559611634922797,0.05620827029434017
3099,0.055961146934745146,0.05620826364190877
3100,0.05596113770694666,0.05620825907547139
3101,0.055961045056119804,0.056208211202492094
3102,0.055960988459568387,0.05620820388484712
3103,0.05596098225133892,0.05620819202680408
3104,0.055960978905086285,0.056208192714836486
3105,0.05596093127551137,0.056208215221329856
3106,0.055960783218557214,0.056208169135966796
3107,0.05596076476007204,0.056208155981744765
3108,0.05596076176754954,0.05620815180651311
3109,0.055960740091576526,0.0562081883895215
3110,0.0559606238872626,0.05620819565340043
3111,0.05596057637601568,0.05620819477300886
3112,0.0559605755689055,0.056208257411103114
3113,0.05596043608939922,0.05620824474634834
3114,0.05596043429657961,0.05620825722133736
3115,0.05596036887373097,0.056208249970088435
3116,0.0559603156336001,0.05620825645803365
3117,0.055960326507577714,0.056208260670761664
3118,0.05596031523940797,0.056208252242133445
3119,0.05596019503798808,0.056208276196670466
3120,0.05595996337386496,0.05620828791804254
3121,0.05595989361837693,0.056208258857859794
3122,0.05595964686903098,0.056208132939579256
3123,0.055959586591132454,0.05620814042608277
3124,0.05595955561449231,0.056208069813166874
3125,0.0559594900505884,0.056208060280468465
3126,0.05595948968400199,0.056208055278064474
3127,0.05595949298588978,0.05620805636486412
3128,0.05595948896773745,0.056208056323610735
3129,0.05595945636493059,0.05620804888774755
3130,0.05595944003517962,0.05620805490708244
3131,0.055959435917580284,0.05620807824258865
3132,0.055959420712345095,0.056208080567552096
3133,0.05595942228160555,0.056208082961284656
3134,0.055959392120341823,0.0562080923334888
3135,0.055959393001007586,0.056208093031281964
3136,0.0559593692815019,0.05620806960658255
3137,0.05595938021739413,0.0562080796133438
3138,0.05595929606288585,0.05620798365290793
3139,0.055959296588129266,0.05620798373641632
3140,0.05595929531984571,0.05620798373429796
3141,0.05595918597191928,0.05620797418691406
3142,0.055959177948697876,0.056207992769498366
3143,0.055959157545800074,0.05620799278547542
3144,0.055959034767636515,0.05620798640092736
3145,0.055958919239466325,0.05620792405092112
3146,0.0559587618359243,0.0562077710041075
3147,0.0559587432139911,0.05620778176884295
3148,0.05595871515160919,0.0562077856992633
3149,0.05595871232932002,0.0562078062432084
3150,0.05595871087036665,0.056207803164984534
3151,0.055958713459567044,0.05620780757253485
3152,0.0559586310879631,0.05620781381956541
3153,0.05595860902497607,0.05620782522223806
3154,0.05595851002694103,0.056207834642710924
3155,0.05595848699916428,0.05620782388006728
3156,0.055958429351393085,0.0562078150162637
3157,0.055958422998357384,0.05620782674488976
3158,0.055958160167696884,0.05620782741923948
3159,0.0559581050475623,0.05620785853522862
3160,0.055958104927787154,0.05620785852066694
3161,0.055958043651375654,0.05620781534058858
3162,0.055958032528127935,0.056207853252901806
3163,0.05595803194195276,0.05620785615624365
3164,0.055958032011064834,0.056207856679384674
3165,0.05595801636538244,0.05620783662832972
3166,0.055957939465425835,0.056207858510551316
3167,0.055957933247046364,0.05620785650234831
3168,0.055957929911154086,0.056207856700198656
3169,0.05595791019303811,0.056207856351081185
3170,0.05595789436799767,0.056207842898539584
3171,0.05595789487068228,0.056207844216319754
3172,0.05595787021055013,0.056207827404654936
3173,0.05595786423221528,0.05620782137608751
3174,0.055957793331428474,0.05620785349347018
3175,0.055957696897701206,0.05620772495967353
3176,0.05595768444715878,0.05620771935688842
3177,0.05595724659051055,0.05620746748961114
3178,0.0559572540004161,0.05620747533627009
3179,0.055957252944942894,0.056207481314194785
3180,0.05595715070292355,0.05620737988003486
3181,0.05595697015976827,0.056207316716068476
3182,0.055956223365681346,0.05620660998938207
3183,0.05595620403004822,0.05620660590697075
3184,0.05595620556637562,0.056206605760876875
3185,0.05595580147218649,0.05620635855920526
3186,0.05595577921158257,0.05620637419979183
3187,0.05595576847033168,0.056206365123616195
3188,0.055955698273874616,0.056206366510094016
3189,0.055955679444646904,0.05620639354509813
3190,0.055955656461935586,0.05620640143031249
3191,0.05595564828406,0.0562063987568871
3192,0.055955651791179596,0.0562064017213648
3193,0.055955671242188816,0.05620642098482266
3194,0.055955658506496746,0.05620642139200221
3195,0.05595531175527001,0.056206494095968784
3196,0.05595530395248721,0.05620648418042703
3197,0.05595523222378138,0.05620644941394828
3198,0.05595518076457355,0.05620644997285622
3199,0.055955186216855794,0.05620644925465146
3200,0.05595517559302744,0.05620645455490427
3201,0.055955164966494254,0.056206440669742626
3202,0.05595516388034221,0.05620646572790199
3203,0.05595500900468485,0.0562063565826259
3204,0.0559549569309713,0.05620630415607286
3205,0.05595483280238805,0.05620629615593251
3206,0.05595472735511898,0.05620626743202944
3207,0.05595468048839582,0.05620626600250398
3208,0.05595463628692091,0.05620623348437445
3209,0.055954518344295406,0.0562062396162545
3210,0.05595451795113829,0.05620624037835478
3211,0.05595451995763047,0.056206242784686014
3212,0.05595450417903786,0.05620623852971438
3213,0.055954505288512424,0.05620624157364051
3214,0.05595444888099568,0.05620620412912537
3215,0.055954449677176554,0.05620620516476957
3216,0.05595432735820333,0.0562061390062562
3217,0.05595431034843854,0.056206121543952235
3218,0.05595429556087143,0.056206144785944996
3219,0.055954150572577244,0.056206106550461855
3220,0.05595413970146647,0.05620610005271866
3221,0.05595413929866106,0.05620609975659128
3222,0.05595414055433688,0.056206100770584584
3223,0.05595407383570665,0.056206070111719984
3224,0.05595400504728862,0.05620600320847313
3225,0.05595400538192622,0.05620600409350061
3226,0.05595388837070465,0.05620597209770045
3227,0.055953865571361665,0.056205979206103984
3228,0.05595386094878319,0.05620598301750859
3229,0.055953856969097236,0.056205979418338554
3230,0.05595384969732955,0.056205997768892735
3231,0.055953835654401686,0.05620598630783597
3232,0.05595383582995744,0.05620598752773698
3233,0.055953662357318655,0.05620597734080627
3234,0.055953643979116924,0.05620596754461587
3235,0.05595363807350167,0.05620596661786898
3236,0.055953637033121784,0.056205966412093106
3237,0.05595363668937818,0.0562059640642862
3238,0.055953606962439874,0.05620596032950318
3239,0.0559529784371431,0.05620575018113357
3240,0.0559529847313081,0.056205759805720096
3241,0.05595295740974922,0.05620574716068027
3242,0.05595294999232131,0.05620573774715337
3243,0.055952945318616186,0.056205726621096345
3244,0.055952958780918875,0.056205736857285034
3245,0.05595290510874633,0.056205723952631535
3246,0.055952929261682945,0.05620572253540516
3247,0.05595292536341663,0.05620571885829591
3248,0.055952906171741444,0.056205716654804776
3249,0.0559529004796913,0.05620571832467706
3250,0.055952802457426266,0.05620576923993785
3251,0.05595280368838793,0.05620577027718406
3252,0.055952805411664114,0.05620577162455744
3253,0.05595280722902513,0.056205774084805586
3254,0.05595280889883551,0.05620579060816622
3255,0.05595280558495216,0.056205791321067344
3256,0.05595265525198414,0.056205765075219384
3257,0.05595261786587817,0.05620576918243459
3258,0.05595261856117216,0.056205770076104174
3259,0.05595242589283098,0.05620576545828321
3260,0.05595242731882354,0.05620576659766236
3261,0.055952423709704345,0.05620576359503375
3262,0.05595241982825163,0.05620575901457452
3263,0.055952395392653086,0.056205739894162186
3264,0.05595231245438548,0.05620571926718078
3265,0.05595231695164845,0.05620572382056257
3266,0.05595230984045413,0.05620571462862201
3267,0.05595230952174712,0.05620571646904998
3268,0.05595230825128665,0.05620571946023419
3269,0.05595227536631169,0.05620567735569138
3270,0.05595224863292047,0.05620567625101416
3271,0.055952243186107135,0.05620567169996224
3272,0.05595224450416893,0.05620567346460029
3273,0.05595224145422169,0.056205666197472665
3274,0.05595222652432993,0.05620563527639946
3275,0.05595222132600689,0.05620563407784098
3276,0.05595222120257997,0.05620563485835241
3277,0.0559522237156898,0.0562056319022874
3278,0.05595222323295175,0.05620563645019354
3279,0.05595222498859264,0.0562056378245827
3280,0.05595222655445901,0.05620563896541501
3281,0.055952195954468494,0.056205641501617824
3282,0.0559521972784108,0.05620564887366617
3283,0.05595211313693892,0.05620561531485676
3284,0.05595205938237506,0.05620561490098798
3285,0.055951799768465954,0.05620547554428521
3286,0.055951787320301115,0.05620542820892375
3287,0.055951789942766575,0.05620543438477294
3288,0.055951790339020695,0.05620543476957334
3289,0.05595179105879068,0.05620543545760697
3290,0.055951734317762306,0.05620540316118879
3291,0.05595173440963836,0.05620540485102473
3292,0.05595138262257433,0.05620539857773843
3293,0.055951331073003784,0.05620542533769813
3294,0.05595125222945128,0.056205368335449625
3295,0.055951241563167144,0.056205373760942846
3296,0.055951190021501646,0.056205409524946716
3297,0.055951172686739124,0.05620539628236393
3298,0.05595117152125868,0.05620539942452345
3299,0.055951177969093054,0.056205406828835694
3300,0.05595114337372871,0.05620535982934054
3301,0.05595114144318014,0.0562053678286964
3302,0.0559510827974199,0.056205416066781616
3303,0.05595100505958199,0.056205427003367316
3304,0.05595099443415069,0.056205439601668496
3305,0.05595089097834633,0.05620538916178122
3306,0.05595064149892951,0.05620536081810807
3307,0.05595063160769257,0.0562053511884007
3308,0.05595061689656706,0.05620534804889188
3309,0.055950613802923925,0.056205372671420756
3310,0.05595058744361787,0.05620534654667095
3311,0.05595053762848333,0.056205361246836845
3312,0.05595053720124497,0.05620536092195519
3313,0.05595051288122019,0.05620533943550192
3314,0.05595048114488585,0.05620532913316936
3315,0.05595047982650604,0.056205331357089085
3316,0.05595018446076854,0.056205265924974365
3317,0.05595010551046198,0.05620526227365998
3318,0.05595010015644363,0.05620526067947641
3319,0.05595010034441759,0.05620526082901415
3320,0.05594998742418832,0.05620514042907588
3321,0.0559496857333257,0.05620512848465161
3322,0.0559496382478913,0.056205122649566785
3323,0.055949641017349776,0.05620512808969955
3324,0.05594953570330203,0.05620511977036094
3325,0.05594950678341698,0.056205096190846994
3326,0.05594944582761931,0.05620508163273513
3327,0.05594940851693118,0.05620504246410936
3328,0.055949331577331764,0.056204944653056144
3329,0.055949328989253484,0.05620494233339849
3330,0.05594932020139793,0.05620493179746032
3331,0.05594925789574206,0.056204904739404433
3332,0.055949258190853716,0.05620490508247229
3333,0.05594917000593317,0.05620484062673359
3334,0.05594909293519057,0.05620478668804167
3335,0.055948994295569376,0.05620465834173631
3336,0.05594899186578945,0.05620465696549069
3337,0.055948905382939104,0.0562046129323201
3338,0.05594890521898463,0.05620461279887559
3339,0.05594889686256939,0.05620461822307854
3340,0.05594885179270041,0.05620462206661801
3341,0.05594871177106748,0.056204502117191524
3342,0.0559483847389843,0.05620415924334008
3343,0.05594830664522238,0.05620412422025592
3344,0.05594830091809575,0.05620411508408154
3345,0.05594827234783366,0.056204115197652366
3346,0.05594823453849183,0.05620410541024787
3347,0.05594823243206417,0.056204105070236175
3348,0.0559482259698841,0.056204099726400975
3349,0.05594795540608857,0.056203870667299025
3350,0.055947905083146635,0.056203836680374715
3351,0.05594789600563752,0.05620386637972544
3352,0.05594787841221114,0.05620383088862934
3353,0.055947871760631575,0.056203876596551995
3354,0.05594773836350977,0.05620378968282014
3355,0.05594768721608263,0.05620375319668958
3356,0.05594749892688159,0.05620373621476563
3357,0.055947494852692695,0.05620374191198336
3358,0.055947491820956444,0.056203739113494765
3359,0.055947462603872074,0.056203709118032255
3360,0.055947420937579595,0.0562036749518529
3361,0.05594743605365372,0.056203692938875505
3362,0.05594745232160239,0.05620371237726606
3363,0.055947451641886366,0.05620371166494361
3364,0.05594740300491474,0.056203673506858835
3365,0.055947311528509444,0.05620365841576233
3366,0.05594730075123866,0.05620365992125434
3367,0.055947303707947454,0.0562036668230707
3368,0.05594726500988604,0.05620362979649152
3369,0.05594720174516679,0.05620362915176119
3370,0.05594715648466133,0.05620362692524896
3371,0.055947080546312165,0.05620364375043741
3372,0.05594703211034713,0.056203608814628395
3373,0.055946974152389015,0.05620358185062724
3374,0.055946966262262594,0.05620357673360739
3375,0.05594680349277788,0.05620355537874645
3376,0.055946721056980085,0.05620353083427429
3377,0.05594666661651088,0.05620350419260769
3378,0.0559465756967638,0.05620352896517735
3379,0.055946573845672594,0.05620352697856877
3380,0.05594658135048378,0.05620353770667609
3381,0.055946565835067325,0.05620355952618648
3382,0.05594651976531597,0.056203532743250025
3383,0.055946344343062525,0.05620341915023787
3384,0.05594630371766621,0.05620339406122332
3385,0.05594614894850485,0.05620337482182923
3386,0.05594608177379012,0.05620336380749009
3387,0.0559460168645385,0.0562033055816384
3388,0.05594599131475545,0.056203308657776695
3389,0.05594598476150022,0.056203305251106304
3390,0.05594583865484216,0.05620331317357323
3391,0.05594566025649317,0.05620323775696826
3392,0.055945660383785484,0.05620324753250178
3393,0.05594562802597433,0.05620328927802164
3394,0.055945574395009516,0.056203243119515134
3395,0.05594550366105619,0.05620323487510707
3396,0.05594550526815506,0.056203238426572225
3397,0.0559454856248643,0.05620323602375818
3398,0.05594510920793893,0.056203206436361015
3399,0.055945066827565844,0.05620322401479772
3400,0.05594498803921626,0.056203198788421116
3401,0.055944985362132174,0.05620320009553248
3402,0.05594496211206423,0.05620318101403436
3403,0.055944948108875465,0.05620317877123719
3404,0.05594477315230795,0.056203095929413
3405,0.055944775919422686,0.05620310472581131
3406,0.05594477404803424,0.05620310891873048
3407,0.055944778075718966,0.05620311353635979
3408,0.05594477876409309,0.05620311242475401
3409,0.05594472481577852,0.05620311058921551
3410,0.05594470864791672,0.056203117413299905
3411,0.05594464500376706,0.0562030180581281
3412,0.055944643747565234,0.056203018099469995
3413,0.055944588968553734,0.056203016324731805
3414,0.05594457155378529,0.05620299652771314
3415,0.05594445930564846,0.05620302031198641
3416,0.055944458962945996,0.0562030204280655
3417,0.055944427574605486,0.05620302024803482
3418,0.055944403118557084,0.05620301903812514
3419,0.05594392399246661,0.05620305397509354
3420,0.05594389620673682,0.05620301220016832
3421,0.055943877786226344,0.05620298464824468
3422,0.05594373072778813,0.05620293581039817
3423,0.055943724989117004,0.05620293396976335
3424,0.055943624881201116,0.0562029253878339
3425,0.0559435819300203,0.05620292311065974
3426,0.055943194172971,0.05620297591566322
3427,0.05594239648130598,0.05620296586534339
3428,0.05594239767254518,0.056202967381613074
3429,0.055942334256008586,0.05620297771838805
3430,0.055942293983399616,0.056202996564893616
3431,0.05594205342164281,0.056202988316111716
3432,0.055942054482661735,0.05620298914697786
3433,0.05594200277453973,0.0562029634569644
3434,0.05594194019912814,0.05620295439660694
3435,0.05594193013226387,0.05620294275370086
3436,0.055941917502417074,0.05620293846913513
3437,0.05594192399785834,0.056202948922301675
3438,0.05594190806667987,0.056202957185074266
3439,0.05594188218064867,0.05620295131536174
3440,0.05594188279226504,0.056202951848122684
3441,0.05594186645869554,0.056202940615238735
3442,0.05594185168800817,0.05620295034140341
3443,0.055941821276472695,0.05620293151476349
3444,0.05594182450759846,0.056202956420774004
3445,0.0559417907545822,0.0562029591238683
3446,0.055941753349677985,0.056202992842964095
3447,0.055941681502359564,0.05620296001569983
3448,0.0559416847714082,0.056202964467921925
3449,0.05594165970094081,0.05620294688226271
3450,0.055941653269672216,0.05620294614913147
3451,0.055941625317775086,0.05620293933613122
3452,0.05594161745624507,0.05620295419110457
3453,0.05594151935043055,0.056202926055625886
3454,0.0559413049482406,0.05620298580737096
3455,0.05594129362792754,0.056202985897264406
3456,0.05594129835407154,0.05620299123273319
3457,0.05594129897159009,0.056202991719300106
3458,0.05594128114752252,0.05620300153743467
3459,0.05594125391903131,0.05620300053458976
3460,0.05594123376582087,0.056202988163894144
3461,0.055941237480439894,0.05620299079804648
3462,0.05594118388709302,0.05620293470438693
3463,0.05594118562917818,0.05620293606580521
3464,0.05594116051820075,0.05620295800375559
3465,0.05594116158592757,0.056202959773415995
3466,0.055941134155694246,0.05620295130332027
3467,0.05594113111973183,0.0562029490788777
3468,0.05594108234550976,0.05620296529081044
3469,0.05594108395788643,0.056202970133994
3470,0.05594108409543033,0.05620296847007679
3471,0.05594070428812505,0.05620279263377149
3472,0.055940635065532894,0.05620281281370153
3473,0.05594056494962629,0.056202794960005464
3474,0.055940533759825085,0.056202791612774465
3475,0.055940512567240024,0.05620279013771445
3476,0.05594050843680503,0.05620278554734716
3477,0.055940508753283935,0.056202784776289136
3478,0.05594039765269595,0.05620279842217877
3479,0.05594017706952284,0.056202782188150266
3480,0.055940203394929694,0.056202807511471546
3481,0.055940205056968485,0.056202808812629866
3482,0.05594020570279665,0.056202809364783925
3483,0.05594016007005941,0.05620278510189675
3484,0.05594016144426552,0.05620278623326763
3485,0.055940129153080415,0.056202784301479874
3486,0.05594012135197088,0.056202798581810244
3487,0.055940045428976785,0.056202779348318334
3488,0.055940045052356537,0.05620277890732424
3489,0.055940018050193066,0.05620277876466488
3490,0.055940021551094975,0.05620278632993956
3491,0.05593999434252081,0.056202788641670776
3492,0.05593989226504627,0.05620275407102268
3493,0.05593990872466276,0.05620277561129644
3494,0.055939842582576824,0.05620275448174564
3495,0.05593981883786002,0.056202775174410094
3496,0.05593981729099466,0.05620277372127774
3497,0.05593958309128273,0.056202661471212896
3498,0.05593929414029872,0.05620258379890586
3499,0.055939272404476804,0.0562025811103576
3500,0.055939210214759456,0.05620257258100101
3501,0.05593921057519266,0.056202576725057754
3502,0.055939206786624236,0.05620257486789707
3503,0.055939130283129676,0.05620255096927441
3504,0.05593913104149855,0.05620255158361903
3505,0.05593912563251706,0.05620254999370301
3506,0.05593909283456397,0.05620255832205342
3507,0.05593881191508784,0.05620274208633725
3508,0.05593879988312497,0.056202734186118826
3509,0.05593865440539081,0.056202711812577306
3510,0.05593857969134378,0.056202704313678624
3511,0.05593851158282096,0.05620266866785494
3512,0.05593850505043998,0.0562026627245586
3513,0.05593845680174881,0.056202616888832886
3514,0.05593845287125423,0.05620261180153755
3515,0.0559384525082544,0.05620261099141248
3516,0.055938331078411965,0.056202647979843964
3517,0.055938189598219994,0.056202656282753095
3518,0.05593818662062169,0.056202641028863715
3519,0.055938184804915914,0.056202644706554034
3520,0.05593789847560794,0.05620261310230266
3521,0.05593791431794134,0.056202645249243316
3522,0.055937905450452824,0.05620264495501923
3523,0.05593789174932092,0.05620264048598235
3524,0.05593786271477798,0.05620262808619692
3525,0.0559378331358816,0.05620262483584702
3526,0.05593783941532293,0.056202635071886255
3527,0.05593776135099963,0.05620265534040628
3528,0.05593769316160249,0.05620269772991769
3529,0.055937687433475054,0.05620271223258431
3530,0.05593768967063757,0.05620272556692473
3531,0.055937694586583715,0.05620276187043631
3532,0.055937573034477134,0.05620282699404509
3533,0.05593757329259672,0.056202828165167924
3534,0.05593742455233551,0.0562027659607758
3535,0.05593741622005433,0.056202790126710304
3536,0.055937415840457055,0.056202789778672844
3537,0.055936782009140915,0.05620274134898866
3538,0.05593678057256269,0.056202740230738596
3539,0.05593666809196821,0.05620271047272676
3540,0.05593666383666992,0.056202706045592826
3541,0.055936365249623664,0.05620264315602782
3542,0.05593625183262092,0.05620260167641246
3543,0.05593612070735376,0.056202572900221
3544,0.055936103776399806,0.056202557360992875
3545,0.05593581986964813,0.0562025140641546
3546,0.05593580847963186,0.05620250980593097
3547,0.0559356538463558,0.056202282485889224
3548,0.0559353716541058,0.05620201009841209
3549,0.05593535453278159,0.056202018407095114
3550,0.055935064854728336,0.05620186286258631
3551,0.05593497457971519,0.0562018193650084
3552,0.05593497485348026,0.05620181958465308
3553,0.055934636951919615,0.05620169198866577
3554,0.05593440675752118,0.05620160960644143
3555,0.055934406716980224,0.056201598541606834
3556,0.055934379169545856,0.05620160895949571
3557,0.055934126628252014,0.0562016551446561
3558,0.05593410597135563,0.05620164597067835
3559,0.05593400437853794,0.05620162344935663
3560,0.055933993715608255,0.05620161596263391
3561,0.05593398614198882,0.05620162490959469
3562,0.055933940240292954,0.056201619589340224
3563,0.05593393368884691,0.05620161679559523
3564,0.055933941117131535,0.056201636362748796
3565,0.05593387969535761,0.0562015962049592
3566,0.05593379793520866,0.0562014717845094
3567,0.05593362339487174,0.056201386489057724
3568,0.05593361381922173,0.056201406548600556
3569,0.05593355208342917,0.05620141477519518
3570,0.05593353434879261,0.056201405499069976
3571,0.05593353508438862,0.05620140607289883
3572,0.05593349803491495,0.0562013937674187
3573,0.05593329710380762,0.056201226136956176
3574,0.05593329304250179,0.05620122220695826
3575,0.055933287949857975,0.05620121572479873
3576,0.055933245330928666,0.05620120532620456
3577,0.055933101410606124,0.056201223573673145
3578,0.05593299480586647,0.056201170434499306
3579,0.055933007569675425,0.05620118655051451
3580,0.055933006310470657,0.056201190098104245
3581,0.05593300249207236,0.056201196461527395
3582,0.05593300158040681,0.05620119323587229
3583,0.0559330021812179,0.056201193388198616
3584,0.05593296072733648,0.05620117587742861
3585,0.05593294285388144,0.056201157866077434
3586,0.0559328667482886,0.05620114014542623
3587,0.05593286744474376,0.056201141561582055
3588,0.05593279490338835,0.05620107812991917
3589,0.05593279138891989,0.05620107108739201
3590,0.05593270404526986,0.05620104546976281
3591,0.05593269913808284,0.05620104131118962
3592,0.05593269466946773,0.05620104477158273
3593,0.055932665075565165,0.056201044823154814
3594,0.055932657624330015,0.05620104694748142
3595,0.05593265514894059,0.056201047000909464
3596,0.055932660398114134,0.05620106047666462
3597,0.05593210234618241,0.05620063134803571
3598,0.055932068608191325,0.05620064427622057
3599,0.05593206860972282,0.056200646563022
3600,0.05593204869613983,0.05620062550969851
3601,0.055932043526631295,0.05620062888131837
3602,0.055931979501619426,0.05620060664740302
3603,0.05593198244591597,0.05620062284951546
3604,0.05593192886890113,0.05620060295313716
3605,0.05593192167807737,0.056200598447817614
3606,0.055931919145985054,0.05620059800880692
3607,0.05593176817609295,0.05620073256475103
3608,0.055931725655441314,0.05620070337125076
3609,0.055931665826730224,0.0562007142968699
3610,0.05593166406699631,0.05620071094286885
3611,0.05593165723654752,0.05620071029417832
3612,0.055931652413482615,0.056200711613801524
3613,0.05593164428803718,0.05620074840432058
3614,0.05593154000893558,0.05620071679352747
3615,0.05593154148990545,0.05620072446780902
3616,0.055931533440310044,0.056200710010434
3617,0.05593152913029305,0.0562007094497241
3618,0.05593152373441577,0.056200724164589336
3619,0.05593150277653923,0.05620071214731997
3620,0.05593148689479359,0.056200729625801214
3621,0.05593148343485463,0.0562007178166791
3622,0.05593123177883431,0.05620060165898273
3623,0.05593120366434647,0.05620060900974961
3624,0.05593120144163348,0.05620060931705917
3625,0.055930663411388554,0.05620045888957897
3626,0.05593063009247572,0.05620045490372265
3627,0.055930618004597546,0.05620044228388828
3628,0.05593041722762736,0.056200581213438405
3629,0.05593042881268036,0.05620059416383582
3630,0.0559304370771522,0.056200604312828896
3631,0.0559304350350083,0.056200608356552426
3632,0.055930400718248306,0.05620061144891712
3633,0.05593035480811478,0.056200641718575965
3634,0.055930355060854,0.05620064155841208
3635,0.0559297810353129,0.056200548791108175
3636,0.055929555209052746,0.0562005567208881
3637,0.055929531421272605,0.05620053715491324
3638,0.05592953278488299,0.056200538218585006
3639,0.05592952807034298,0.05620053151663197
3640,0.05592952553573304,0.05620055130575843
3641,0.05592940319826444,0.05620052510795862
3642,0.05592909559870448,0.056200462447073184
3643,0.055929012517480794,0.056200457125419614
3644,0.05592901435658457,0.05620045951906073
3645,0.05592902679133749,0.05620046452941887
3646,0.05592902685793069,0.05620046551241306
3647,0.055929048283953516,0.056200472080546314
3648,0.0559290328294202,0.05620045257979919
3649,0.05592903288411385,0.05620045365950481
3650,0.05592903426108114,0.05620045460192404
3651,0.05592903140384731,0.05620045579407183
3652,0.05592899004522526,0.056200442185927214
3653,0.05592891665614082,0.056200423288106635
3654,0.05592891804345079,0.05620042531570914
3655,0.05592892226157709,0.056200439335354825
3656,0.05592878525418248,0.056200383616591444
3657,0.05592875891387659,0.05620034578978354
3658,0.05592875665472074,0.05620033654840985
3659,0.0559285340889157,0.05620040914294745
3660,0.055928533940481674,0.0562004093009001
3661,0.05592853464863033,0.05620040985379323
3662,0.055928544579584294,0.05620041648177432
3663,0.05592840520463077,0.05620044034476565
3664,0.055928270061590214,0.05620040115751048
3665,0.0559281490349835,0.05620042619807948
3666,0.05592814968150652,0.05620042746772278
3667,0.055928145782612106,0.05620043197871627
3668,0.05592814111704257,0.05620043424103827
3669,0.05592814200603848,0.056200434434102844
3670,0.05592812571605929,0.0562004348432763
3671,0.055928086660251196,0.056200368990454004
3672,0.055928083667947825,0.056200362934557636
3673,0.0559280833954723,0.05620036227879491
3674,0.055928081941982025,0.056200361928517795
3675,0.05592807952186302,0.05620036546113724
3676,0.055928000556699414,0.05620038497315463
3677,0.055927977682200446,0.05620038704242276
3678,0.055927978027324333,0.05620038728519133
3679,0.05592791056258172,0.05620037985908052
3680,0.05592791009638674,0.056200379050094305
3681,0.05592790610937387,0.05620037405732498
3682,0.0559279148997492,0.056200374371479594
3683,0.05592759289647718,0.05620014337362498
3684,0.05592728542855756,0.05620009325858181
3685,0.05592725704482974,0.05620008797431751
3686,0.055927224727706344,0.05620008056895629
3687,0.0559272157558908,0.05620007362112747
3688,0.05592719781834595,0.05620005105267889
3689,0.05592698945506961,0.056199883422633684
3690,0.05592699222174993,0.056199889682355744
3691,0.05592695572082952,0.05619990123861024
3692,0.055926949823396396,0.056199891330204414
3693,0.05592670626265906,0.05619957496276243
3694,0.05592667430879109,0.05619956282226365
3695,0.05592664535913535,0.05619953244866222
3696,0.055926218364073105,0.05619937514551441
3697,0.055926219797901126,0.05619937675458291
3698,0.05592622042433362,0.056199376532176104
3699,0.05592622342078839,0.05619937767638741
3700,0.055926017632151964,0.056199184265928334
3701,0.05592597057085723,0.056199170212153954
3702,0.05592597202969994,0.05619917234409204
3703,0.05592598656015282,0.05619918644137036
3704,0.05592598773957577,0.056199187310397775
3705,0.05592597515142205,0.05619917575367987
3706,0.05592565424255595,0.056199204449458404
3707,0.055925365409359204,0.056199000001585925
3708,0.055925356060948554,0.056199032736444894
3709,0.055925379253064816,0.05619905683230973
3710,0.055925321638840696,0.056199042451848404
3711,0.055925313942116577,0.056199048088816976
3712,0.055925193689297034,0.056199056525029066
3713,0.0559251818690961,0.05619904873155889
3714,0.05592516093292146,0.05619904587606497
3715,0.055925078292421486,0.05619894756329251
3716,0.05592484971663329,0.05619897095552382
3717,0.05592470169779837,0.05619893623194664
3718,0.055924699122257615,0.05619893163494947
3719,0.055924701220170986,0.05619893153712009
3720,0.05592469079103563,0.05619892556908852
3721,0.05592469014332872,0.056198929269774635
3722,0.055924682225399404,0.05619893142102371
3723,0.055924650457299344,0.05619891234062078
3724,0.0559245869101789,0.056198952669881175
3725,0.055924553670974764,0.056198946564680184
3726,0.055924604381101244,0.05619903996687954
3727,0.055924516434855305,0.05619899280714104
3728,0.05592429742550056,0.05619887538400594
3729,0.05592424476787852,0.056198859717368106
3730,0.05592424752428679,0.05619885980193253
3731,0.055924251878895395,0.05619886320360046
3732,0.05592369658287968,0.05619878312196567
3733,0.055923682853364236,0.0561987878637478
3734,0.05592368491926919,0.0561987897401278
3735,0.05592362925552108,0.05619879144551406
3736,0.055923629811897864,0.056198791711248135
3737,0.055923542397749486,0.05619875836407851
3738,0.055923369371593035,0.05619868030575402
3739,0.055923406424697966,0.05619871087192269
3740,0.055923403537348246,0.05619871377749847
3741,0.05592339056204757,0.05619870615774181
3742,0.055923389030958705,0.05619870528947239
3743,0.05592335099637039,0.05619869048586455
3744,0.05592335210733665,0.056198691927541934
3745,0.05592332321195522,0.056198694467656456
3746,0.055923322934379155,0.05619868348600512
3747,0.05592330214677707,0.056198679415025585
3748,0.055923290083972364,0.05619868393572712
3749,0.055923270911578865,0.0561986617308808
3750,0.05592305140207214,0.05619864089569958
3751,0.05592303579700958,0.05619864397110109
3752,0.05592275830388087,0.056198688141599465
3753,0.05592277331708018,0.05619872001399912
3754,0.05592275365823372,0.05619870780914441
3755,0.05592263830481935,0.056198707803830565
3756,0.05592244981182534,0.056198660815377374
3757,0.05592236253114942,0.05619868058173947
3758,0.055922363054566146,0.05619868013578518
3759,0.0559221461689619,0.05619876750361183
3760,0.05592206310396575,0.056198734718468014
3761,0.05592209204351257,0.05619876481329589
3762,0.05592208672556723,0.05619876270565319
3763,0.05592202581320359,0.05619870543509215
3764,0.05592181511494691,0.0561984538531983
3765,0.0559218129168219,0.05619845431634346
3766,0.05592180432940073,0.056198448311099866
3767,0.05592154763808248,0.05619823154006449
3768,0.05592154757946512,0.05619823225893767
3769,0.05592150094055477,0.056198239650194895
3770,0.05592151011771565,0.05619825254442429
3771,0.055921516839227366,0.05619826477819484
3772,0.05592151767820898,0.05619826821563624
3773,0.05592151042572583,0.056198275612645336
3774,0.05592127000353807,0.056198122236162544
3775,0.055921271658215616,0.05619812353206011
3776,0.0559211740336448,0.05619809674372666
3777,0.055921162890253215,0.05619809223506132
3778,0.05592116410229913,0.05619809395590587
3779,0.05592112524413611,0.05619809413515887
3780,0.05592112470576417,0.05619809478483176
3781,0.0559210727457307,0.05619812365954779
3782,0.055920676815697415,0.05619784590785164
3783,0.05592067432605306,0.05619783864152736
3784,0.05592066649566567,0.05619783556567164
3785,0.05592066985283375,0.05619784093712477
3786,0.05592066724795942,0.056197840280974735
3787,0.05592061952199639,0.05619783966798149
3788,0.055920522923356836,0.056197847722228564
3789,0.05592051702936825,0.056197842117895996
3790,0.055920519474659744,0.05619784570022146
3791,0.05592051845142164,0.05619784585590863
3792,0.055920494907512566,0.0561978335135141
3793,0.055920385239121455,0.056197792939973235
3794,0.05592037147207955,0.05619779320243972
3795,0.05592034951472802,0.05619776851896209
3796,0.055920159569576404,0.05619782938643342
3797,0.05592015599861171,0.056197845430297745
3798,0.05592011959439054,0.05619782358404534
3799,0.05592009606628697,0.056197830616151745
3800,0.05592009535243052,0.05619782961689488
3801,0.05592009471653329,0.05619784162488429
3802,0.05592010931104751,0.05619786067332163
3803,0.05592013492557285,0.05619789324117885
3804,0.055920134787719775,0.05619789547145712
3805,0.05592014375272284,0.0561979029471422
3806,0.05592009153058455,0.05619783218622426
3807,0.055920071210586265,0.05619782844754998
3808,0.055919990022287425,0.05619784106370029
3809,0.05591996095920368,0.05619782828776761
3810,0.05591995567767453,0.056197825009812706
3811,0.055919939270656215,0.05619784292449876
3812,0.05591981437128077,0.05619775071945371
3813,0.05591974550737877,0.05619772822305846
3814,0.05591974683424786,0.05619772925775408
3815,0.05591964843258072,0.05619776461201585
3816,0.0559196722522691,0.056197852309400845
3817,0.0559196685315072,0.056197852981728594
3818,0.05591963580388052,0.056197832912642645
3819,0.055919634355101895,0.05619783540034872
3820,0.05591962121987023,0.05619786752681466
3821,0.055919611119448556,0.056197862394907434
3822,0.055919473433733116,0.056197905780958304
3823,0.05591937077996427,0.056197849808323756
3824,0.05591936278225989,0.056197859872390905
3825,0.0559193500949425,0.05619785378804816
3826,0.05591935036842459,0.05619785601455447
3827,0.05591933072260184,0.056197847557534174
3828,0.05591932520824308,0.05619784697489638
3829,0.0559193206384104,0.05619784780383258
3830,0.0559189798616231,0.056197696120861805
3831,0.05591896452632583,0.05619767621931886
3832,0.055918962688312625,0.056197676963071395
3833,0.055918952001574845,0.05619766712635443
3834,0.055918415420486076,0.05619772919474014
3835,0.0559183133605856,0.05619776715467823
3836,0.055918309355871956,0.056197776442236884
3837,0.055918243702350226,0.05619777162620887
3838,0.0559182391354799,0.05619776778594916
3839,0.0559179895185487,0.0561978282707329
3840,0.05591798305719188,0.05619783946301502
3841,0.055917979748671506,0.056197842432854375
3842,0.05591787363265254,0.0561977969834392
3843,0.0559178794535191,0.056197807949203635
3844,0.05591780911379397,0.05619782074310647
3845,0.055917806772294805,0.05619781967903427
3846,0.055917678966745286,0.05619780869247591
3847,0.05591767006700532,0.05619779619956195
3848,0.05591733747624527,0.056197897985165994
3849,0.05591725652426465,0.056197867314991386
3850,0.05591728624836793,0.05619788270341812
3851,0.05591726453289321,0.05619789552206457
3852,0.055917232365865314,0.05619790348994884
3853,0.055917104674461884,0.05619790452855665
3854,0.05591678107529427,0.05619786504977415
3855,0.05591664702674203,0.05619781100121924
3856,0.05591653205738479,0.05619779762228273
3857,0.05591652480410333,0.05619779307941822
3858,0.0559162880830922,0.05619774697114416
3859,0.05591628074867698,0.05619774759814115
3860,0.05591603114747562,0.056197728079171685
3861,0.05591572968098773,0.056197669081552715
3862,0.055915635405454606,0.05619767223885745
3863,0.0559156453416465,0.05619768412441546
3864,0.055915651793824656,0.056197695232673456
3865,0.055915371972378926,0.056197748793728484
3866,0.05591536779910931,0.05619774763331188
3867,0.05591536779189369,0.05619777258921914
3868,0.05591506983366137,0.05619749759432448
3869,0.05591502942391666,0.05619749717588142
3870,0.05591497736284113,0.05619751624366718
3871,0.05591475137474877,0.056197502925349835
3872,0.055914663713104315,0.056197500364012255
3873,0.05591462829399132,0.056197491657915585
3874,0.055914620462396314,0.05619748590891727
3875,0.05591460679418941,0.056197475111137436
3876,0.055914524664012276,0.056197463695655904
3877,0.055914490792230244,0.056197461442374225
3878,0.05591447765433603,0.05619744975104612
3879,0.055914296080871354,0.056197464301312186
3880,0.0559142934973315,0.05619746446897478
3881,0.05591423839024775,0.056197473743353245
3882,0.05591423576493788,0.056197457673222234
3883,0.05591411944372261,0.05619739225983201
3884,0.055914114592804674,0.05619738456383518
3885,0.055913863904929834,0.05619728746041687
3886,0.05591352415813108,0.05619726642678815
3887,0.055913533371274506,0.056197277154371325
3888,0.055913540660994195,0.05619726614857595
3889,0.055913463065812914,0.056197260727440475
3890,0.05591339979272026,0.056197279407543856
3891,0.055913091226070126,0.05619720771287486
3892,0.055912973525379196,0.05619716629642865
3893,0.05591297223706032,0.05619716621447738
3894,0.05591277830506647,0.05619721115975626
3895,0.05591272843278395,0.05619720066123315
3896,0.05591244920885512,0.05619720946408303
3897,0.05591227732038306,0.05619715365065422
3898,0.055912209683925414,0.05619716631044763
3899,0.05591221315758014,0.056197171332296465
3900,0.05591221238321563,0.05619717084181199
3901,0.055912220076516216,0.056197178561299015
3902,0.05591224147458561,0.056197200179563506
3903,0.05591218425371622,0.05619722522478909
3904,0.05591213203065758,0.05619722588324879
3905,0.05591208617458233,0.05619718634379203
3906,0.05591207246487616,0.056197193526345834
3907,0.0559120717766969,0.056197193638576295
3908,0.05591204727213053,0.05619714388884108
3909,0.055912021617702534,0.0561971539005965
3910,0.05591199319052133,0.05619715255685085
3911,0.05591193868019337,0.056197172422684266
3912,0.05591191207506079,0.056197159098484495
3913,0.055911878385267684,0.05619714272107742
3914,0.05591187698666178,0.05619713939314102
3915,0.05591184532604088,0.05619715629456633
3916,0.05591168605207879,0.05619718873156193
3917,0.05591155303876994,0.05619717578057232
3918,0.05591155333208357,0.05619717612382262
3919,0.05591153507632932,0.05619718590485031
3920,0.05591149090376227,0.056197229248773184
3921,0.055911382698302925,0.05619719781362754
3922,0.05591114855481165,0.056197217927437156
3923,0.0559111418758698,0.05619728570490255
3924,0.0559111051260555,0.05619725318603215
3925,0.055911103790017416,0.05619725025823872
3926,0.05591110433168768,0.0561972538132244
3927,0.0559110749026453,0.05619725091067455
3928,0.0559110286563331,0.056197227566629954
3929,0.05591093720242697,0.0561972321430011
3930,0.055910937275483547,0.056197232437883674
3931,0.055910812410942846,0.056197248158324324
3932,0.05591075101726936,0.05619725647630334
3933,0.05591065571367698,0.05619723415118279
3934,0.055910636269220805,0.05619721492379325
3935,0.05591062620258209,0.05619720813507307
3936,0.05591061992736229,0.05619720367567476
3937,0.055910615407145245,0.056197202200322816
3938,0.05591061590442162,0.05619720259015798
3939,0.055910601674839355,0.05619719187362898
3940,0.05591061004213415,0.05619720542848267
3941,0.05591061087730344,0.05619720608451424
3942,0.05591061608221672,0.05619721463442069
3943,0.05591061297023576,0.056197218304164076
3944,0.05591058559684662,0.05619720125075086
3945,0.05591055011996286,0.056197206348291985
3946,0.05591040124505552,0.05619706509491601
3947,0.05591038769504833,0.056197058486540226
3948,0.05591037972640925,0.05619705506761717
3949,0.05591035406965583,0.05619703783656612
3950,0.05591027958315177,0.05619706255802859
3951,0.0559102625844652,0.05619704564360792
3952,0.05591021348124812,0.05619712737281541
3953,0.055910207693962974,0.05619712237646319
3954,0.0559102089532068,0.05619712092234496
3955,0.05591010689360936,0.05619713397148226
3956,0.05591009903349855,0.05619713369269754
3957,0.0559097334167817,0.0561969459825034
3958,0.055909698576550634,0.056196968516751135
3959,0.055909684212173065,0.056196961270824144
3960,0.05590939893191603,0.05619685653818894
3961,0.05590939996045156,0.0561968660545402
3962,0.0559093988628445,0.056196873421346306
3963,0.055909399888493756,0.05619688677358138
3964,0.055909245306133684,0.05619688325819885
3965,0.055909247234210875,0.0561968925504397
3966,0.0559092692353013,0.05619692031235917
3967,0.05590927553282744,0.05619692770670451
3968,0.05590925229181905,0.056196909783029436
3969,0.055909231817195724,0.05619689865435242
3970,0.055909200863559064,0.05619689578889033
3971,0.05590917249827104,0.05619689961778891
3972,0.05590917308019776,0.05619690341665959
3973,0.055909129417902916,0.05619689142930228
3974,0.05590912149548327,0.056196918147135365
3975,0.05590908421152415,0.05619692459605096
3976,0.05590908143649946,0.0561969283806879
3977,0.055909078059170156,0.056196921676603555
3978,0.055909016650185155,0.05619693505219314
3979,0.055908937207391006,0.05619695961818086
3980,0.055908920669146336,0.05619695673739606
3981,0.05590884745497283,0.05619693474928096
3982,0.05590874717978942,0.056196913561891555
3983,0.05590873244971034,0.056196920939595225
3984,0.05590872677314341,0.056196927051757474
3985,0.05590872360651348,0.05619693731917933
3986,0.05590873772392936,0.056196967101513826
3987,0.05590873570437806,0.05619696607194666
3988,0.05590873602167547,0.05619696324182044
3989,0.05590864147435668,0.056196883962771386
3990,0.05590863822624311,0.056196874227150265
3991,0.055908617836957455,0.05619690900250173
3992,0.05590858375801086,0.056196916505896616
3993,0.0559085902493703,0.056196925475339485
3994,0.055908587117185805,0.05619692259956677
3995,0.055908581887816645,0.05619690937788927
3996,0.05590854071704081,0.05619689317113272
3997,0.05590852713228727,0.05619689678799564
3998,0.05590848367235758,0.05619690246962874
3999,0.05590847037240697,0.05619689989932279
4000,0.05590846982219207,0.05619689908028646
4001,0.05590845675825274,0.056196889803806854
4002,0.055908341503975334,0.056196884602760684
4003,0.055908307234757294,0.056196943192297046
4004,0.05590830145425671,0.05619693745912921
4005,0.05590816858741466,0.05619695800762019
4006,0.055908113884341394,0.05619693551804872
4007,0.055908069051880865,0.05619694922708247
4008,0.055908064888505075,0.05619694848267393
4009,0.05590797370075069,0.05619697143240454
4010,0.05590796361902389,0.056196982040352984
