0,0.16309931281209333,0.1632833143523501
1,0.159740863438526,0.15992782942573955
2,0.15652027037620875,0.15670614873872002
3,0.15339110566496356,0.15357688088617552
4,0.1503602033549441,0.15054483965806903
5,0.14734267492778444,0.1475251482855631
6,0.14458069338860133,0.14476329318951375
7,0.14175060025247607,0.14192986761604381
8,0.1391067055689701,0.13928526423905283
9,0.13660939325813512,0.13678982493884198
10,0.1340649963554318,0.13424884146248175
11,0.1315523332189179,0.13173733643892505
12,0.1291013636842619,0.12928221724117392
13,0.126716542271666,0.12689623898427893
14,0.1244071703477438,0.12458152414965032
15,0.12229865717049622,0.12247347241390352
16,0.12013326308842805,0.12030263812732077
17,0.11797015673049425,0.11813217011750823
18,0.11586002998518909,0.11602029052112808
19,0.11383498609854908,0.11399244411376881
20,0.11192503445450482,0.11207951333182271
21,0.11004300077941859,0.11019507726306016
22,0.10818473238572339,0.10833578532370378
23,0.10638119795949026,0.10652762737424915
24,0.10463345325659967,0.10477664000375633
25,0.10314865930996159,0.10328652466757213
26,0.10150934304013243,0.10164835307268033
27,0.09985960618902613,0.09999716915786315
28,0.09832220057001835,0.0984559321867039
29,0.09686162011008755,0.0969933982923251
30,0.09538121168815622,0.09550955142171796
31,0.09401855847856087,0.09414682453604782
32,0.09272358178600838,0.09285111875072627
33,0.09143344945944114,0.09155800190260305
34,0.0901590529371579,0.09028355192959049
35,0.08892473050901595,0.08904673722565803
36,0.0877347671432874,0.08785216298923933
37,0.08656693346669415,0.086683484144514
38,0.08543689528742887,0.08555142253049612
39,0.08431887087832382,0.08442883108112408
40,0.08326777080305173,0.08337586083587571
41,0.08233074366092237,0.08243239161133692
42,0.08132027186582437,0.0814167576090738
43,0.08039919345027545,0.08049130740722835
44,0.07946438094910571,0.07955389342858425
45,0.07855488906624578,0.07864210850652578
46,0.07768413117357854,0.07776601655166504
47,0.07691675174389632,0.07699721058981522
48,0.07610336965311784,0.07617852371481904
49,0.07532412255813138,0.0753941915320653
50,0.07457605148056855,0.07464075762438245
51,0.07386349562249575,0.07392685624182584
52,0.07320676108174266,0.07326736978736685
53,0.07253712442209441,0.07259519444560188
54,0.07189345190443241,0.07194640781509716
55,0.07132573238075211,0.07137601131549846
56,0.07075387555445738,0.07080182124264964
57,0.07018287448181082,0.07022626428556532
58,0.06965617932178265,0.06969873434657947
59,0.06919413690769828,0.06923539046608697
60,0.06871160429399897,0.06875205355522132
61,0.06824875478361295,0.06828706230902445
62,0.06780954764617204,0.06784402929659783
63,0.06737516242308977,0.06740823788846796
64,0.06694161115799165,0.06697066962006577
65,0.06652253145081043,0.06654682668541216
66,0.06612180501234,0.06614218906767617
67,0.06573806610718447,0.06575455175262106
68,0.06539421953937953,0.06540730419085947
69,0.06503466621906191,0.06504627658917314
70,0.06469981690525338,0.06470865040657817
71,0.06438225344445121,0.06439090236706113
72,0.06407905845493916,0.0640873433038348
73,0.06376934930572549,0.06377612136540817
74,0.06347725621172824,0.06348200310002797
75,0.0632235095884688,0.0632268656591058
76,0.06299453655523521,0.06299645652863453
77,0.06272261152487549,0.06272234509620546
78,0.06247843814392175,0.06247756275038044
79,0.062243447609553956,0.06224015988719933
80,0.06201707592990775,0.062012938153830695
81,0.06179772720039075,0.06179216424673288
82,0.061588559364745166,0.06158261660439271
83,0.0613921139633672,0.061386220961486694
84,0.06120082362883415,0.06119295819119583
85,0.06101749985349976,0.06100749000362255
86,0.060848738495045664,0.06083710102150734
87,0.06068998234746363,0.06067539004076724
88,0.060518053229117734,0.06050168457561094
89,0.06036416346054135,0.060346894369341396
90,0.060216677493872,0.06019731086126432
91,0.06006715681712389,0.06004654498313577
92,0.05992389179361928,0.059901690454108286
93,0.059788037218575445,0.05976455263803103
94,0.05966917907853867,0.05964545367554321
95,0.059558895570628795,0.059534288104414634
96,0.0594470400690703,0.059420623057068925
97,0.059344997409542806,0.0593165104843072
98,0.05924166992224206,0.05921234248806678
99,0.05914563641066004,0.05911514475600277
100,0.05904500859962699,0.05901368280009326
101,0.05895510211657494,0.05892183353287353
102,0.05886873138514766,0.05883344658448218
103,0.05878623801450814,0.058751760564798035
104,0.05870552047739644,0.058670894491448945
105,0.058627275886485475,0.05859227922160804
106,0.058561901646346746,0.05852564938577185
107,0.05849291749629275,0.058456095627867966
108,0.05843277149982918,0.05839661952007402
109,0.05836347071917757,0.05832625357686531
110,0.058302520868549666,0.05826475876842042
111,0.05824200778280141,0.05820303061213193
112,0.058182381858121364,0.058142522994334124
113,0.05813150087308573,0.058092060501337285
114,0.058073939029312203,0.05803342896180185
115,0.058020999459617584,0.057979041558550624
116,0.05797117955017909,0.057928218851599385
117,0.05792479047269114,0.05788190102457327
118,0.05788364114690528,0.05784035406953876
119,0.05784189856232568,0.05779758626280818
120,0.0577975905925097,0.05775234360952908
121,0.057762358211944434,0.05771674322066396
122,0.057722256055640436,0.05767524827925791
123,0.05768392886555067,0.057636575529904796
124,0.05764773334189644,0.057600080132198986
125,0.05761296821128073,0.05756496988873065
126,0.057581499884096644,0.05753282663499772
127,0.05755341519817285,0.05750426379944146
128,0.05752112876990987,0.05747081770894042
129,0.0574920842679873,0.057441610006136914
130,0.057462556665721594,0.057411904685825174
131,0.05743487125701113,0.05738367443478327
132,0.057408430574229626,0.05735612417070091
133,0.05738549014879028,0.05733331936886683
134,0.057361119164657755,0.05730879077945496
135,0.057337977674592235,0.057285348586784225
136,0.05731441795409332,0.057261417630461484
137,0.057293515655035696,0.057239959221349265
138,0.0572756620314992,0.05722218219872255
139,0.057254960977156495,0.05720110973737452
140,0.05723704641219109,0.0571828682003405
141,0.05721917783613129,0.057165296172598724
142,0.05720080351447433,0.05714706020459223
143,0.0571825084366116,0.05712814739735922
144,0.05716854848774679,0.05711443807428038
145,0.05715381724736401,0.05709928377082634
146,0.057137607020009834,0.057082466500187966
147,0.057122535522817645,0.057067331416331496
148,0.057108427017104606,0.057052954980504056
149,0.05709616611554686,0.05704062926081528
150,0.05708331489053038,0.0570271974982289
151,0.05707164438011132,0.05701583329914463
152,0.0570596511704736,0.05700354500299251
153,0.057046063082035456,0.05698926550275114
154,0.05703459332224532,0.05697825654472444
155,0.05702327135538224,0.056967166503865234
156,0.05701258854082521,0.0569563859015335
157,0.057002401933362666,0.05694556963831881
158,0.05699132716588524,0.05693428565560915
159,0.05698255714695633,0.05692536618219471
160,0.056972537321724484,0.056915315327073605
161,0.056962765150902386,0.05690508419326786
162,0.05695240704914259,0.05689467913481117
163,0.056942883115448165,0.056884852165549345
164,0.056933996766856586,0.056875596145228705
165,0.05692505412085975,0.056866996151150255
166,0.05691610601409671,0.05685745423343517
167,0.05690826981441006,0.05684984497558409
168,0.0569009769202869,0.05684264485919714
169,0.05689488968737301,0.05683664716768347
170,0.056886329852278164,0.05682755629358331
171,0.05687962331768012,0.05682089038775725
172,0.05687075861333248,0.056812255173799946
173,0.056863787178365974,0.056804998638356766
174,0.056856837766266495,0.0567981315227867
175,0.05685012030177255,0.05679150296667004
176,0.056842696020948415,0.05678382996006157
177,0.05683571260029622,0.0567766168903946
178,0.05682916452960561,0.0567703009812296
179,0.05682315975690279,0.056764202362949254
180,0.0568165038953275,0.056758050611238724
181,0.0568108063981838,0.05675266117352896
182,0.056805366628871035,0.056747402859295616
183,0.05680033097751688,0.056742847597505704
184,0.056794894440779536,0.056737677519343235
185,0.056790316977381225,0.05673288106729613
186,0.05678506905143332,0.05672802726815173
187,0.05678039552779576,0.05672340109205899
188,0.056774716401212656,0.05671761241773794
189,0.056769650873523904,0.05671329598789287
190,0.056765063061677265,0.05670862764289995
191,0.05676118371262912,0.05670498024249811
192,0.056756645632242725,0.05670037483110778
193,0.05675124649227646,0.05669503643325313
194,0.056747366801595464,0.05669130023483614
195,0.05674295915236798,0.0566868355778268
196,0.056738970133310786,0.05668275196483846
197,0.05673570026552279,0.056679567020154316
198,0.056731134571773076,0.05667489093489796
199,0.0567273533474357,0.05667117494519745
200,0.05672315283951117,0.05666697506657759
201,0.05671982174200812,0.056663848489225
202,0.0567148878441782,0.056659527181671075
203,0.056710631710716906,0.05665532539976677
204,0.05670730493204909,0.05665255765514497
205,0.05670418160341911,0.05664992028371299
206,0.056701371266540575,0.056647185863520966
207,0.056698331217640355,0.05664426826117384
208,0.056693888778887244,0.05663980167513951
209,0.056689945061993326,0.05663589797810409
210,0.05668629445397559,0.05663265923789867
211,0.056683067170642,0.05662967919889328
212,0.05668034971082573,0.056627184456502555
213,0.05667680306251942,0.056623444415663325
214,0.0566734514210985,0.05661998560207993
215,0.05666997042433469,0.05661665188496535
216,0.056667315647384815,0.05661449511218524
217,0.056663569941993265,0.05661144548779364
218,0.056660218928221144,0.05660834492310653
219,0.0566575329613064,0.05660617089618494
220,0.05665492556705359,0.05660358964742032
221,0.056650915323167586,0.05659950475363621
222,0.05664788192288395,0.05659676240908201
223,0.05664438674588744,0.0565930427949057
224,0.05664174632656207,0.05659034347619355
225,0.056637969138720906,0.056587131332165516
226,0.05663578170300544,0.0565852341686846
227,0.05663364094876437,0.05658312788112052
228,0.05663106293358468,0.05658073281070511
229,0.05662917577487779,0.05657899954519527
230,0.05662624426202813,0.05657625796728545
231,0.05662443863720554,0.05657463025426698
232,0.05662166573871266,0.056571851872294174
233,0.056618855070634286,0.05656915468625778
234,0.05661569790616587,0.056566767090648694
235,0.05661541925510071,0.05656648304839828
236,0.05661308650830811,0.056564308598022583
237,0.05661139372391191,0.056562764674612465
238,0.05660950680947875,0.056561151951802224
239,0.05660741892660081,0.0565595868367976
240,0.05660531662447018,0.05655767294432316
241,0.05660274738821718,0.05655511855968107
242,0.05660060883513215,0.05655342900226874
243,0.05659873121256113,0.056551811263691194
244,0.05659610974574944,0.05654930216710262
245,0.05659321544966475,0.05654646402877936
246,0.05659074654533804,0.05654405746660325
247,0.05658872191724617,0.05654257160778874
248,0.05658665522507636,0.05654073702564485
249,0.05658356576505648,0.05653740870835818
250,0.056580060432734315,0.05653422819207976
251,0.05657860595298285,0.056533009323591094
252,0.0565771902429783,0.05653191503766232
253,0.05657522825660493,0.05653038053193777
254,0.05657334950415792,0.05652838043629307
255,0.05657121173977714,0.05652657719283621
256,0.05656853918204133,0.056524137478582835
257,0.0565657824352434,0.05652180603078713
258,0.05656551725164656,0.05652149121387054
259,0.056563512985739285,0.05651954175211939
260,0.05656184921779549,0.05651803145185615
261,0.056559402180623074,0.05651557830656306
262,0.05655684487474032,0.05651347688675411
263,0.05655573346973082,0.05651266217337516
264,0.05655398912976063,0.05651092816892492
265,0.0565518790140625,0.0565091526249385
266,0.056548924935465796,0.05650643099558901
267,0.056547116575756506,0.056504943437911494
268,0.0565454603412577,0.056503367612009144
269,0.05654337626175997,0.05650148300269149
270,0.05654170949255083,0.05650018765957981
271,0.05654042443784517,0.056499154645895215
272,0.056539050862212746,0.05649815822507157
273,0.05653755260172538,0.05649670696620573
274,0.056536124477805295,0.0564953059480575
275,0.05653378007107277,0.056493006528840234
276,0.05653200118210924,0.05649140847335118
277,0.05653088460378182,0.05649046724600334
278,0.05652979081406333,0.056489475677680125
279,0.056527618329720274,0.05648781725477354
280,0.056525452000922356,0.056486041186987704
281,0.05652398275566079,0.05648498897184851
282,0.05652248013691064,0.05648369869223007
283,0.05652143629712677,0.0564829178713929
284,0.056520336709446076,0.05648218341903642
285,0.05651893320046043,0.056480961087612205
286,0.056517926607455346,0.05648005450875188
287,0.0565169165274085,0.05647922559222388
288,0.05651540641080147,0.05647785317743168
289,0.056514224936107124,0.05647677675316865
290,0.056513185811428446,0.05647595653339487
291,0.056510479632662196,0.05647383230159335
292,0.056508193582690554,0.056472128563230035
293,0.05650687611782154,0.056471037721251886
294,0.0565050604639975,0.05646927454071666
295,0.056504291346674174,0.05646872578581106
296,0.0565035208073767,0.05646821832264245
297,0.05650285817826589,0.05646771275136973
298,0.05650192056103122,0.056466955646278544
299,0.056500668604116726,0.05646623815671459
300,0.056499139921376985,0.056465153809991446
301,0.05649796169699267,0.05646439329479139
302,0.05649670732764799,0.05646355604298818
303,0.05649463891305216,0.05646124987211994
304,0.05649344736691173,0.056460060895462294
305,0.056492001500513055,0.05645874721473789
306,0.056490089528717743,0.0564569621537439
307,0.05648857653128891,0.056455475653608075
308,0.056487978095151076,0.056455089635145915
309,0.0564858061321078,0.0564531444442592
310,0.05648521533588418,0.056452826828102896
311,0.05648398320403786,0.05645170664858134
312,0.05648228841850113,0.05645049438145988
313,0.0564808227630815,0.0564492921505312
314,0.05647945096152453,0.05644793109474944
315,0.056478482513569093,0.05644741227553317
316,0.0564769491272705,0.05644607862262512
317,0.05647606240780497,0.056445295874278434
318,0.056474542223159105,0.056444676438636376
319,0.056473409254926575,0.056443657244547175
320,0.056471573313344334,0.05644189953294151
321,0.056470869615586464,0.05644130705296531
322,0.056469015615726766,0.05643955676762252
323,0.05646784157914623,0.056438542563267975
324,0.05646660556065381,0.056437081049282044
325,0.056465324392857105,0.05643618453422593
326,0.05646470409566699,0.056435789108243706
327,0.05646394549567194,0.05643525329234536
328,0.05646226732121075,0.05643371180961807
329,0.05646125672017849,0.05643261234397291
330,0.05646092904427102,0.05643253103112312
331,0.05645980274953375,0.05643159566548958
332,0.05645855483735052,0.05643066180104276
333,0.05645735237371272,0.05642967881723917
334,0.05645670634987293,0.056429295671228764
335,0.05645569204704952,0.056428778380609855
336,0.05645471858491175,0.056427743772960975
337,0.05645321610911982,0.05642633398603089
338,0.05645172769755449,0.05642508004889621
339,0.05645074702932141,0.05642433308142778
340,0.05645008932616821,0.056423698331289865
341,0.0564497993217135,0.056423525621961804
342,0.056449051722319295,0.05642286052724372
343,0.056448029766668226,0.056422038181145044
344,0.05644738294565588,0.05642174610263118
345,0.05644599501990322,0.05642044024564907
346,0.05644504390897909,0.05641986518868922
347,0.056444201010441085,0.05641943757023424
348,0.05644268665219481,0.05641815239472784
349,0.05644130659146405,0.05641711895321686
350,0.05643976593743757,0.05641569816496997
351,0.05643858557613205,0.05641507454618561
352,0.05643722911343033,0.05641390196884876
353,0.05643520859209302,0.05641231280094596
354,0.056433790154995354,0.05641101790736855
355,0.05643336618263085,0.05641072736742458
356,0.056431794652829964,0.05640916728450074
357,0.05643056070011225,0.05640824304096731
358,0.05642958212292715,0.05640766882051731
359,0.05642875446554552,0.05640697721076138
360,0.056427284754272555,0.05640569874750524
361,0.05642694820025308,0.05640547756318095
362,0.05642680325281046,0.05640529808354983
363,0.056425242193600504,0.05640464671267894
364,0.05642406295491111,0.05640347628408995
365,0.05642253318248488,0.05640212066450654
366,0.056421546633923216,0.056401438756916486
367,0.056420506203082005,0.05640055235891959
368,0.05641901605698985,0.056399434482178205
369,0.05641720684987179,0.05639758017254916
370,0.0564158879576979,0.05639639318445578
371,0.056415028112849944,0.05639617254450866
372,0.0564143403528164,0.056395533053870316
373,0.0564134425758427,0.05639476840227936
374,0.056413431415811725,0.056394768329661234
375,0.05641164751077438,0.05639297614977563
376,0.05641161283249883,0.056392956273902874
377,0.05641073438526395,0.05639234248248834
378,0.05641038729244177,0.056392100909424446
379,0.05640940806265838,0.05639145588876487
380,0.056409365503277534,0.0563913915669841
381,0.05640799759334476,0.05639014153367887
382,0.05640750405579743,0.05638974038299452
383,0.05640682295951611,0.05638910591816062
384,0.05640498378256196,0.05638781959534276
385,0.056403428131321924,0.05638644726752866
386,0.056402358148318045,0.05638541096734762
387,0.056401750676159254,0.0563850451893533
388,0.05640057550274601,0.056384595106987664
389,0.05639924487367607,0.05638385022728827
390,0.05639811125328218,0.056382937531903286
391,0.056397494545687515,0.05638254397300519
392,0.05639574311975161,0.056380966935180944
393,0.05639562882247133,0.05638088180114016
394,0.05639406840976967,0.05637941488565534
395,0.05639243569516286,0.05637801492995144
396,0.056391733414474725,0.056377601792800644
397,0.056391127026703944,0.05637727975694742
398,0.05639099845044775,0.05637724512146669
399,0.056390731718365054,0.056377035830084354
400,0.05638976490206928,0.0563759389543971
401,0.05638939483376814,0.0563757323602384
402,0.0563886763987475,0.05637501478923073
403,0.05638726157088674,0.05637387901344457
404,0.05638611961682011,0.05637317654636454
405,0.05638500505378036,0.05637225742772373
406,0.056384405756879856,0.056371862435880125
407,0.056382837907034696,0.05637061126245423
408,0.056381490090112056,0.05636972895937902
409,0.05637937779426407,0.056367956768218985
410,0.05637838566966978,0.056366916189792934
411,0.05637746947663682,0.05636621820051551
412,0.05637590909472044,0.05636487172232354
413,0.056375866808634933,0.056364812393322604
414,0.056375021436322795,0.05636427735292466
415,0.05637435492307876,0.05636360280944201
416,0.05637373665577282,0.05636308670281836
417,0.05637232571921639,0.056361908968536004
418,0.056371677367365695,0.05636133911153961
419,0.05637094004101067,0.05636083660046917
420,0.056369989992294846,0.05636059435541538
421,0.056369447424035775,0.0563602334165991
422,0.05636875800881991,0.0563598066160458
423,0.056367847114240685,0.05635899921617518
424,0.05636783062452833,0.05635899923502089
425,0.0563670100549379,0.05635845540923366
426,0.05636698684053948,0.056358451283744
427,0.05636652473024726,0.05635823916229856
428,0.056364868881802574,0.056356915812461245
429,0.05636462926230421,0.05635664268542282
430,0.05636402356204201,0.056356419569852344
431,0.056363406193260614,0.05635599036379935
432,0.05636268227700478,0.056355501353533614
433,0.05636116975349867,0.05635440792039379
434,0.0563606292549402,0.05635390225373258
435,0.05635979772843486,0.05635352844636807
436,0.05635916474270482,0.056353035618867356
437,0.05635857466976958,0.0563528129445865
438,0.05635797903911683,0.05635234322152708
439,0.05635656818721228,0.05635085126689006
440,0.05635592709262133,0.05635066607759494
441,0.05635492840404476,0.05634987436735627
442,0.05635416065159376,0.056349597390911506
443,0.056353790306529185,0.05634934180817843
444,0.05635300782412372,0.056349128205880374
445,0.05635191052459785,0.05634792687853701
446,0.056351910325384814,0.05634792693158209
447,0.05635061084172832,0.056346936440982535
448,0.05635025317957672,0.05634658681048062
449,0.056349358108597286,0.056345786333784446
450,0.05634678057499305,0.05634372994387342
451,0.05634628247106606,0.05634357145036615
452,0.05634526170688432,0.056342852643535765
453,0.05634485235677717,0.05634267205610319
454,0.056344304931108306,0.056342134941699575
455,0.05634371367287878,0.056341685909501796
456,0.056342907341494775,0.056341119195265854
457,0.05634180103980997,0.05634056645034297
458,0.05634162947236873,0.056340471199868784
459,0.05634133418233234,0.05634026734640669
460,0.056340060348836075,0.05633924118221593
461,0.05633953139486894,0.056339009305447
462,0.05633834410397856,0.05633804301621198
463,0.05633674003131405,0.05633670326193947
464,0.05633617252003805,0.056336180647844326
465,0.056335533974437066,0.05633546540129234
466,0.05633389162333355,0.0563342534708777
467,0.05633324214371304,0.05633418330579319
468,0.056333206267195936,0.05633413227110668
469,0.05633234676602554,0.05633353305841791
470,0.05633163979269094,0.056333097609552886
471,0.05633083531962292,0.056332312198587586
472,0.05632998777904081,0.056331626427056934
473,0.056328521966495626,0.056330267415727706
474,0.05632828262086701,0.056330048347100765
475,0.05632757066689991,0.05632943657319487
476,0.0563267508827149,0.0563286610192535
477,0.05632560722838529,0.056328097732419334
478,0.05632496480577627,0.05632785575120144
479,0.05632464125223728,0.056327547420734814
480,0.0563231934684098,0.05632647308409266
481,0.056322277617467595,0.05632601922455297
482,0.05632135980938038,0.056325394867887645
483,0.05632077123869214,0.05632499163714958
484,0.05632011806626792,0.05632492932657962
485,0.056319733225202506,0.05632471826525513
486,0.05631915966185854,0.056324299369707315
487,0.05631859622084209,0.05632397058835576
488,0.05631768801063305,0.056323303573392644
489,0.05631668957559751,0.05632283046562059
490,0.05631618761718393,0.05632247190781293
491,0.056315500051700974,0.056321991698182944
492,0.05631450209310381,0.05632119476127891
493,0.05631365232210602,0.056320489772588966
494,0.05631326902135861,0.05632043993699676
495,0.056312488625572206,0.05632001736440669
496,0.05631187961102531,0.056319497921546544
497,0.05631104620389531,0.05631919228298352
498,0.05631036394304345,0.056318495842226306
499,0.05630957790329056,0.05631829495466619
500,0.05630794539695685,0.05631687370987078
501,0.056307257580987716,0.056316386927208924
502,0.05630664295458988,0.05631612545444927
503,0.05630546971706542,0.05631529644270363
504,0.056304376246379385,0.05631442048110394
505,0.056303551044359836,0.05631383557628566
506,0.05630287673394818,0.0563133850335159
507,0.056301620049884524,0.05631238384345757
508,0.056301053253779786,0.05631184205196395
509,0.05630095959711882,0.056311759071649266
510,0.056300275166838,0.0563112803153406
511,0.05629937430870751,0.05631054787409692
512,0.05629876275119012,0.05631028502201807
513,0.0562977743701252,0.05631012871813345
514,0.05629711178954758,0.05630985620958612
515,0.0562965755549476,0.056309393865998474
516,0.05629548763507991,0.05630832223696343
517,0.05629467952437711,0.05630776836062957
518,0.05629343179743544,0.0563068940723024
519,0.056292834553162724,0.05630641004004152
520,0.05629211465953046,0.056306056477213644
521,0.05629145053996672,0.0563058597404181
522,0.056290429011635945,0.05630504952632169
523,0.05628878735219573,0.056303659631698144
524,0.05628834541061985,0.0563035469324036
525,0.05628770547624819,0.05630334684530713
526,0.056287211201874306,0.05630299645350408
527,0.056286463312375516,0.0563024971481386
528,0.0562852397598515,0.05630131542126283
529,0.056284296286720846,0.056301089284437084
530,0.056283599626861316,0.056300620476556484
531,0.05628284547807631,0.056300428042937646
532,0.05628106053231634,0.05629905950028474
533,0.05628005503967152,0.05629812135369433
534,0.05627993221520252,0.05629799060873552
535,0.056278503619304386,0.056296917433552744
536,0.0562772753071353,0.05629598506886199
537,0.056276861556348576,0.05629563295709937
538,0.056276392495206905,0.056295607825764094
539,0.056275747793332324,0.056294939514273556
540,0.056274932888820975,0.05629462647320788
541,0.05627445423528327,0.056294238618949284
542,0.05627371839464755,0.05629359627407801
543,0.05627306764371936,0.05629329579150873
544,0.056272122204730206,0.056292523469809896
545,0.05627212176259941,0.05629252347846997
546,0.05627168525821432,0.0562923551101864
547,0.05627141323311138,0.056292164292726564
548,0.05627101957117922,0.056291873302825465
549,0.056269819547236644,0.05629056732919762
550,0.056269341864939246,0.05629030666892036
551,0.056268644936186725,0.056289919219244755
552,0.05626827854495599,0.05628975504223112
553,0.05626754887594356,0.056289408032523
554,0.05626726290942966,0.056289195676154834
555,0.05626650633928581,0.05628826603939873
556,0.056265596256432106,0.05628759206434133
557,0.056264931004990214,0.056286913396372096
558,0.056264150239393365,0.0562866107431082
559,0.0562632059050029,0.05628603987871919
560,0.05626235802729384,0.05628525371476438
561,0.05626184138094027,0.05628481288290823
562,0.05626130941469736,0.056284651984886934
563,0.056261046859227795,0.05628459264514228
564,0.05625992200078723,0.05628359362518004
565,0.05625901886036615,0.05628287788289036
566,0.056258613461867085,0.05628258820795251
567,0.05625742493301008,0.05628153231562759
568,0.056256561105168836,0.056280818034623266
569,0.056255827041119345,0.05628043259264122
570,0.056255126827595314,0.0562804522140905
571,0.05625419397939243,0.05627961186573161
572,0.05625355924518147,0.056279371221522524
573,0.056252878231586506,0.056278785655200114
574,0.05625236726548351,0.056278327504704705
575,0.05625165751220464,0.056277908874096234
576,0.05625079711552453,0.05627741594604726
577,0.05624991825682156,0.05627652308491002
578,0.05624926123229636,0.05627617970819148
579,0.05624910308032837,0.05627613433416276
580,0.05624805400365131,0.05627523364435805
581,0.05624710607511602,0.056274264871137944
582,0.056246804820605845,0.05627408919959221
583,0.056246302200906116,0.05627360368053077
584,0.056245951368885314,0.056273369039274185
585,0.05624519899465717,0.05627266261900526
586,0.056244387645901756,0.05627214022550319
587,0.056243898212500906,0.056271935191902524
588,0.056242999629525274,0.05627134189339674
589,0.05624161757028325,0.056270276399809756
590,0.0562408102954796,0.056269818818333435
591,0.056240061502092535,0.05626929779348427
592,0.05623922146442702,0.056268536886579255
593,0.056238773140159994,0.05626814335305633
594,0.056238313057024626,0.0562679663143038
595,0.05623758653735146,0.05626742873393747
596,0.0562368331677195,0.05626679535583315
597,0.05623594333294297,0.05626610516478294
598,0.05623509599986148,0.05626549216184894
599,0.05623433833487578,0.0562649633137987
600,0.05623340407994973,0.05626393753898016
601,0.05623294127389659,0.05626351415829005
602,0.05623249052815735,0.05626335801154071
603,0.056232020592831354,0.056263050887064237
604,0.05623072753405816,0.056262053121337516
605,0.05622969786317683,0.05626125626762054
606,0.05622881500503955,0.05626070189455916
607,0.05622830243781007,0.05626060200638711
608,0.05622759799430736,0.05626072351494113
609,0.05622719885424906,0.05626069550539727
610,0.05622687933379934,0.056260550252641824
611,0.05622593750797186,0.05625990745546478
612,0.05622548586066916,0.056259554126278706
613,0.05622500776940759,0.05625900619264225
614,0.056224134993493484,0.056258508973766094
615,0.056223420803442566,0.05625782355481062
616,0.05622276606438135,0.05625746981713179
617,0.05622247665097289,0.05625732627206853
618,0.05622188245869702,0.05625696740072136
619,0.05622151083503188,0.05625678654929795
620,0.05622097036103483,0.05625625889172344
621,0.056220089616645263,0.056255775096099886
622,0.056219818467112555,0.056255790114270725
623,0.056219390087478845,0.05625560298131158
624,0.056218675490177276,0.05625514477797773
625,0.05621737284742934,0.056254797585261807
626,0.05621645073729043,0.05625405499209456
627,0.056216007404915974,0.05625384594087165
628,0.056215277147870224,0.05625362678922774
629,0.05621458956240794,0.05625321354491584
630,0.05621446428283977,0.05625316476376206
631,0.05621337896937483,0.05625202996240241
632,0.05621330446289375,0.05625194357099399
633,0.05621323974000327,0.056251960113762774
634,0.056212385768981854,0.05625115406110401
635,0.05621187305557484,0.05625107313877048
636,0.056210783198152384,0.05625015992303991
637,0.05621006883256236,0.05625036826455747
638,0.05620946107815622,0.05625007809690081
639,0.05620894653137107,0.05624975879529433
640,0.05620827472084899,0.056249428470882226
641,0.056207604138898526,0.05624908221413454
642,0.05620703478860055,0.05624876694522985
643,0.056206357563582186,0.05624827558515377
644,0.056206319759148145,0.056248277903589064
645,0.0562059184939415,0.05624806980790411
646,0.05620499638538293,0.05624736267987398
647,0.05620380349519634,0.05624657740417182
648,0.056203481051552186,0.05624642965635097
649,0.05620323024996765,0.05624631376664672
650,0.05620233448923567,0.056245488690773796
651,0.05620183983596322,0.056245267357465926
652,0.056201533950446456,0.05624517179983048
653,0.05620112875407217,0.05624488186516009
654,0.05620057110436346,0.0562443969654058
655,0.056200092623855176,0.056243878486635854
656,0.05619947272917456,0.05624335750242535
657,0.05619919487036122,0.056243168449610484
658,0.056198321274684174,0.05624256828996276
659,0.056197746922564476,0.05624222013696373
660,0.05619681015246064,0.056241619053118704
661,0.05619602607750392,0.0562411287218285
662,0.05619567754797972,0.05624094977947897
663,0.05619518865554511,0.05624060540294483
664,0.056194550539119065,0.05624034550497938
665,0.05619405811844157,0.056240340794878524
666,0.05619312781527368,0.0562396324862991
667,0.056192559809575965,0.05623924585737784
668,0.05619230664128975,0.056239121973695384
669,0.056191675179367996,0.05623885266028622
670,0.05619142784860679,0.05623881003191596
671,0.056190193092162256,0.0562379250443149
672,0.05618999105879318,0.05623788265225171
673,0.05618938593421576,0.05623743790061956
674,0.056188970746549986,0.0562370567163997
675,0.056188443574710006,0.056236654639348495
676,0.056188150561538704,0.05623631025234666
677,0.056187728709162665,0.0562358762850272
678,0.05618640604102834,0.05623455188259726
679,0.05618551795524058,0.05623415651382036
680,0.05618473068348142,0.05623352833645647
681,0.05618436052435227,0.05623355091942631
682,0.056183802482474836,0.0562327812472984
683,0.05618344530924171,0.05623270008094013
684,0.056183103888018525,0.056232415457758145
685,0.056183058861904195,0.05623240584331837
686,0.05618289422193187,0.0562323930407019
687,0.056182827828508364,0.056232378542850764
688,0.05618260988140321,0.056232155288342994
689,0.05618211650000467,0.05623198178440869
690,0.056181342719813954,0.05623154948065591
691,0.05618066142555958,0.05623102228793594
692,0.05617985091477187,0.05623032905732087
693,0.05617959918320342,0.05623011422576823
694,0.056179200123184295,0.056230126220447
695,0.05617803330124502,0.0562291654969665
696,0.05617692645354862,0.05622825517170444
697,0.056176344911546036,0.05622791857238597
698,0.05617567490262804,0.056227394921780395
699,0.0561756002204604,0.05622736536013105
700,0.0561750728502139,0.056227085546297
701,0.05617452954860518,0.0562265526287167
702,0.056174117134245305,0.05622620568881823
703,0.05617360171135932,0.05622584515404222
704,0.05617276081738951,0.05622489141063472
705,0.05617234200064458,0.05622469873951405
706,0.05617163368541322,0.05622441065897121
707,0.05617160006784699,0.05622442644747568
708,0.05617123403611718,0.05622420043988607
709,0.05617047528769026,0.056223981664366256
710,0.05616913944262205,0.05622271084958437
711,0.05616869458582082,0.05622254062351581
712,0.05616747841557047,0.05622149883503078
713,0.05616688692312868,0.0562214312119178
714,0.05616618665857615,0.05622085959323593
715,0.05616594170491964,0.05622073599020398
716,0.05616543747145364,0.05622021693902274
717,0.056164897141679014,0.056219752179825395
718,0.05616458678596218,0.056219608307188036
719,0.05616379061646949,0.05621904292325774
720,0.05616239543592828,0.05621792319003841
721,0.05616169982187211,0.05621737758687516
722,0.05616166194837505,0.056217378609555516
723,0.05616112148385954,0.05621688437973761
724,0.056159897427095644,0.05621591615033408
725,0.056159749444420495,0.056215840833245864
726,0.056159684219713873,0.05621585801288723
727,0.05615926526990582,0.05621581538724439
728,0.056158717428443604,0.056215424475630396
729,0.05615800830956742,0.05621542120325358
730,0.05615694080399578,0.05621456662226554
731,0.05615623359329207,0.05621403612605834
732,0.05615583529335236,0.05621377959187062
733,0.056155315639234,0.05621358071511213
734,0.05615482258700377,0.05621322521455309
735,0.056154033678498146,0.05621291214704331
736,0.0561539264868765,0.05621285036317925
737,0.05615343503663808,0.056212497342855335
738,0.056152574009379355,0.056211901275264535
739,0.05615196786053141,0.0562115393670448
740,0.056151318089454075,0.05621137326592299
741,0.05615111130325622,0.05621116970491176
742,0.05615078043787506,0.056210945430684424
743,0.05615076456707359,0.056210945445386414
744,0.056150616888604295,0.05621090635721394
745,0.05614996488246814,0.056210330773653734
746,0.05614932278676562,0.05620983012055519
747,0.05614870379479061,0.056209385581348935
748,0.056148256854866054,0.05620917030679509
749,0.056147721782720275,0.05620881214911287
750,0.056147117400246874,0.056208371781230344
751,0.05614682234611684,0.05620832842944537
752,0.05614553391145117,0.05620709323588108
753,0.056144700167885774,0.05620660913533169
754,0.05614439767546108,0.05620632842978259
755,0.0561443081225693,0.056206316380319754
756,0.056143662358310274,0.056206245593991795
757,0.05614347015918239,0.05620614092832275
758,0.05614317192596464,0.056205890938454434
759,0.05614266381023464,0.05620548687259047
760,0.05614201204758084,0.056204906957525745
761,0.056141875293125455,0.05620477064943233
762,0.05614178639908595,0.05620475056315229
763,0.05614104740572145,0.05620428578763328
764,0.056140657889862014,0.05620407122362368
765,0.05614018471445372,0.05620371737973447
766,0.05613970452301637,0.05620350171735259
767,0.056139309558585815,0.05620325246205242
768,0.05613852641899455,0.056202737239686586
769,0.056138084637148755,0.0562026195913005
770,0.05613766766961235,0.056202467714108986
771,0.05613729148253446,0.05620208406864069
772,0.056136615496979514,0.05620157571771071
773,0.056136410391350845,0.0562013978393164
774,0.0561358962358762,0.05620076317840002
775,0.056135742862632246,0.056200693994808794
776,0.05613547820199616,0.05620053287858324
777,0.05613466719871594,0.056199807972370404
778,0.05613426283649487,0.056199486599262244
779,0.05613362720942452,0.05619903334716204
780,0.056133524093176526,0.056199020063833725
781,0.056133336393343274,0.05619894985642535
782,0.056133296157367785,0.05619894997838253
783,0.05613263761842153,0.056198433309816144
784,0.056132005872072115,0.056198655358138574
785,0.056131952480284304,0.05619864749407347
786,0.05613133112419503,0.05619846419766132
787,0.05613093179512692,0.05619819941532793
788,0.05613015109187575,0.056197476402947664
789,0.05613007093133919,0.05619745267280634
790,0.05612987200792582,0.056197410049397566
791,0.05612934228305757,0.056197054047032236
792,0.05612878938562912,0.05619666027308801
793,0.056128118411477565,0.05619631269380679
794,0.05612790489430868,0.05619615347067698
795,0.05612715573029149,0.056195727693013266
796,0.05612598465579273,0.0561946610119298
797,0.05612596264288937,0.05619466486258454
798,0.056125666451464204,0.05619437909474284
799,0.056125336583933434,0.05619422760428326
800,0.056125259561596696,0.05619423252887153
801,0.05612458351102455,0.05619402988969155
802,0.056123948449277025,0.05619343147181396
803,0.056122748407011674,0.05619236534465164
804,0.05612221209968248,0.05619204749695773
805,0.056121485584499455,0.056191721020756834
806,0.05612096061538648,0.05619126082778864
807,0.056120008138876715,0.05619059521372008
808,0.05611947912346141,0.0561904931548026
809,0.0561192378836056,0.056190248937999884
810,0.05611900616053999,0.05619029787528356
811,0.05611887925803905,0.05619030686001419
812,0.056118525292411896,0.05619018783410986
813,0.0561177773592102,0.05618958210820822
814,0.056117761540897704,0.05618958211879638
815,0.05611666704777785,0.05618861491128608
816,0.05611644383106579,0.05618853043372611
817,0.056116425672480104,0.056188522386715366
818,0.056115633827257996,0.05618775476726987
819,0.05611541954229195,0.05618764698976934
820,0.05611488310026897,0.05618739242973423
821,0.056114435793892116,0.05618702549738411
822,0.05611398149988502,0.056186679387943445
823,0.05611310733726697,0.05618604288002289
824,0.05611306010203408,0.056186056649556254
825,0.05611280127505862,0.05618581071716241
826,0.05611213221590676,0.05618525896686018
827,0.0561117010169432,0.05618527900357084
828,0.05611137324351022,0.05618514357785076
829,0.056110739213001505,0.05618470284453984
830,0.05610981801658477,0.05618387297648398
831,0.05610944378803127,0.05618358842340674
832,0.05610894252674579,0.05618306875660619
833,0.05610820781630058,0.05618280542022809
834,0.056107857790457516,0.056182478583104246
835,0.05610751342035867,0.056182211068462086
836,0.05610693255570148,0.05618164519757043
837,0.05610638260656492,0.056181493270901925
838,0.05610551176609433,0.05618074287713906
839,0.05610490054114397,0.056180593050503234
840,0.05610449136662649,0.05618048456094596
841,0.05610403246742635,0.05618010049413406
842,0.05610341162589933,0.05618007893370852
843,0.05610271935931526,0.05617950315042569
844,0.05610250733787187,0.056179367502738296
845,0.05610237088806778,0.056179331617211746
846,0.05610183627842984,0.056178915728974946
847,0.05610128681243842,0.05617859028546302
848,0.056101193019391794,0.056178591494883814
849,0.056100514871922316,0.05617803770236675
850,0.056099657040384034,0.05617745892541868
851,0.05609930614679947,0.0561772512775798
852,0.05609898513587215,0.056177206845273386
853,0.05609850031393442,0.0561769190650207
854,0.05609810132004293,0.056176547380294824
855,0.05609763740511619,0.05617649235025972
856,0.05609753041332094,0.05617643979510043
857,0.05609751547430484,0.05617643986699236
858,0.05609732573452649,0.056176280571268174
859,0.05609598841632159,0.05617493979629409
860,0.056095331587478654,0.05617442888485423
861,0.05609442652392362,0.056173776638848934
862,0.05609399507912606,0.05617367554100182
863,0.05609391298732814,0.0561736796126661
864,0.056093808505872506,0.05617358918969229
865,0.05609341357867219,0.05617351964170032
866,0.056092874733142215,0.05617336573776643
867,0.05609244386313129,0.05617325213991135
868,0.05609227873915614,0.05617320407069346
869,0.056091789101054904,0.05617257268490103
870,0.056091140302657126,0.05617202785029494
871,0.056090892648750695,0.056172031260701645
872,0.05609027999881953,0.05617186316495916
873,0.05608937874719311,0.05617128087535121
874,0.0560893425644726,0.056171276441439155
875,0.05608929426566432,0.05617127998904411
876,0.05608892783272326,0.056171128512865084
877,0.056088519018963674,0.05617113745355745
878,0.05608781226901837,0.05617052181664545
879,0.05608748799594482,0.0561705453923886
880,0.05608678220376748,0.05617005105947335
881,0.056086431708378036,0.05616974865304069
882,0.05608615045640275,0.05616967791484126
883,0.05608554717164984,0.05616914139618732
884,0.05608415653042032,0.05616827893752026
885,0.05608372158773632,0.05616803167690092
886,0.0560832636971006,0.05616758750859396
887,0.05608305374992189,0.05616750223476916
888,0.0560822485393453,0.056166876052677984
889,0.05608222239334474,0.05616688155746223
890,0.056081752492710475,0.056166745994106995
891,0.05608144393862451,0.05616662557663989
892,0.0560813132322297,0.056166581381193056
893,0.05608091727909866,0.056166329822988255
894,0.05608066072672667,0.05616618125424001
895,0.05608054015160271,0.056166069403889914
896,0.05607984762636034,0.05616526613398938
897,0.05607980977663853,0.056165268992577545
898,0.05607920729169212,0.05616478855329886
899,0.056078621364521464,0.056164605930682523
900,0.05607811420270094,0.05616439977419971
901,0.05607807799448096,0.05616436843990537
902,0.05607763726919157,0.05616416366581113
903,0.056077168008573874,0.05616413572240111
904,0.0560767096090247,0.056163715366989955
905,0.056076372749673135,0.05616343442558872
906,0.056075618256806195,0.056162807718388004
907,0.05607534787170258,0.05616238125294552
908,0.05607486812807658,0.05616220623381881
909,0.05607436577828352,0.05616205485089285
910,0.05607387670259002,0.05616201804022567
911,0.056072891220916625,0.056161471895727746
912,0.05607261243508768,0.056161423131114475
913,0.05607255382684463,0.05616140563886272
914,0.05607225994798999,0.0561614140523527
915,0.056072183057434485,0.05616142003196071
916,0.056071912523981506,0.0561613768420776
917,0.056071720102558724,0.056161349955220694
918,0.05607128835371393,0.05616113022633126
919,0.0560708185003011,0.056161050883627966
920,0.05607007019580121,0.0561605258116909
921,0.056069136246862945,0.05615987049912447
922,0.056068670215505406,0.05615966428743305
923,0.0560681806193741,0.05615956835475653
924,0.0560676532441105,0.05615922342255938
925,0.05606695089318687,0.056158498019429855
926,0.05606620723707561,0.056157892111797676
927,0.056065663549851694,0.0561580081702826
928,0.05606445545642909,0.05615752828409221
929,0.05606430082150428,0.0561574815813589
930,0.05606416477540147,0.056157431888522624
931,0.05606336142521234,0.05615684146945098
932,0.056063230147067676,0.05615680785074569
933,0.05606262408926178,0.05615670556278919
934,0.05606205609478158,0.056156352843885454
935,0.056061812927050626,0.05615620829989758
936,0.05606127457001452,0.05615594868231315
937,0.056060989800254535,0.05615586017764926
938,0.05606083635868213,0.056155785596194115
939,0.05606063397755207,0.0561555916990813
940,0.05606045152353261,0.05615555974884525
941,0.05606002159666071,0.05615508573116181
942,0.056059474812137855,0.05615461009575204
943,0.05605860029902798,0.05615394089706608
944,0.056058455196112224,0.05615377148719459
945,0.056057707984721684,0.05615353754293703
946,0.05605707463775387,0.056153159571972776
947,0.0560561874877925,0.056152695075263326
948,0.056056037177261375,0.05615261135810169
949,0.056055845589167166,0.0561523734751833
950,0.05605548412185214,0.05615218909923382
951,0.05605499837899748,0.05615189179990557
952,0.056054488298030634,0.05615167791161902
953,0.05605403019229706,0.056151364043006476
954,0.056053507307727984,0.056150928852363335
955,0.05605295709283328,0.05615045070616339
956,0.056052047065529666,0.05614963396503449
957,0.056051699691484345,0.05614960709547366
958,0.05605121768621151,0.056149389727210154
959,0.05605061214139928,0.056149332453275885
960,0.05604972435668222,0.05614847919210826
961,0.05604886151419803,0.05614814766609624
962,0.056048615273813995,0.05614800859982866
963,0.05604849845835234,0.05614797977180371
964,0.05604824269131407,0.056147914495849965
965,0.05604771683675406,0.056147598015586136
966,0.05604761548956274,0.05614748903664383
967,0.05604704178839332,0.05614709036409748
968,0.05604647097401289,0.05614697165281386
969,0.056046087037301524,0.056146745909227434
970,0.056045591283840006,0.05614636898801166
971,0.05604494049716909,0.05614594465505974
972,0.05604447163972078,0.056145977905965545
973,0.056044069622650024,0.05614589236441554
974,0.056043712196312837,0.05614571454443993
975,0.05604317840001038,0.056145551002778765
976,0.05604273312704914,0.056145421627543955
977,0.05604240708164928,0.056145352384634736
978,0.05604180646023668,0.05614492508503369
979,0.05604125655614079,0.0561446572405561
980,0.05604123353707575,0.05614465721952339
981,0.05604067526179736,0.05614440256176276
982,0.056040318177560985,0.05614424432164515
983,0.05603986036942821,0.056143998347047544
984,0.05603951564375174,0.05614370863490741
985,0.05603905367909765,0.056143560275396555
986,0.056038803279161664,0.056143428091025745
987,0.05603876177679943,0.056143428615538275
988,0.056038691270171394,0.05614342816910405
989,0.05603863776632282,0.05614341802516025
990,0.05603850388013342,0.056143363418416
991,0.05603799758849562,0.05614339921046478
992,0.05603776089921465,0.056143281741183854
993,0.05603774967404819,0.056143281627952915
994,0.056037500068839965,0.056143254725041385
995,0.056037165068078855,0.05614304540988451
996,0.05603662873390181,0.05614280702257565
997,0.05603639115507294,0.056142714368452355
998,0.056035855672814494,0.05614254378998166
999,0.05603582791839965,0.05614254399979539
1000,0.05603528915226336,0.05614237964159278
1001,0.05603476248567915,0.05614210653806005
1002,0.05603427225371948,0.0561419405072891
1003,0.05603416620098945,0.05614187219155028
1004,0.05603336434638446,0.05614146334387881
1005,0.05603307385936876,0.05614136546672168
1006,0.05603249348642548,0.05614119140113043
1007,0.05603203655973569,0.0561410751935235
1008,0.05603167581494057,0.05614106083123075
1009,0.056031247783567245,0.05614068340425458
1010,0.056031082828471315,0.05614064297927493
1011,0.056031076568150415,0.05614064299197048
1012,0.05603072947007721,0.056140695572068834
1013,0.05603039547434953,0.0561403681555889
1014,0.05602959678317385,0.05613956549926639
1015,0.056029339077029755,0.05613961707512651
1016,0.05602929869776264,0.05613962595133261
1017,0.056028792829767055,0.05613957803230793
1018,0.056028280045096794,0.05613935476861558
1019,0.056027448373628774,0.056138795383777786
1020,0.05602703630789592,0.05613853924528882
1021,0.056026586477383906,0.05613834902811919
1022,0.05602607738658834,0.05613801560891493
1023,0.056025839464555076,0.05613774879818177
1024,0.056025503034374306,0.056137527522320506
1025,0.056024952238726736,0.05613721715880809
1026,0.056024923052319466,0.05613722903849447
1027,0.05602450442842211,0.05613702158292723
1028,0.056023998691162855,0.05613678031663747
1029,0.05602355113351531,0.056136674808327174
1030,0.056023305791322975,0.05613650985922151
1031,0.05602277756461078,0.05613633114403028
1032,0.05602240743595835,0.05613590171467479
1033,0.05602198806707068,0.056135461111528985
1034,0.05602144844363415,0.056135283653070196
1035,0.056021195236838774,0.056135233345448274
1036,0.05602069183572129,0.056134924827982824
1037,0.05602067949601623,0.05613492893462147
1038,0.05602064473678861,0.05613493003500748
1039,0.056019869776861964,0.056134842455447205
1040,0.056019583263563016,0.05613472966652398
1041,0.05601936344108308,0.05613458506621991
1042,0.05601898438620441,0.05613460287853519
1043,0.056018628774162665,0.05613452387551266
1044,0.05601817391362015,0.05613432121700022
1045,0.05601789119527189,0.05613411489917445
1046,0.05601735471329662,0.056133954101192755
1047,0.05601685878206398,0.05613379406521545
1048,0.05601668807270897,0.056133730227102774
1049,0.05601646454844213,0.056133730688602015
1050,0.056015946645128024,0.056133326807526765
1051,0.056015218125786186,0.05613284659436293
1052,0.05601480665911314,0.05613268742874322
1053,0.056014523577282906,0.05613263148202738
1054,0.05601397461722235,0.05613251756169576
1055,0.05601348747504198,0.05613206995082027
1056,0.05601342066956587,0.056132063343967024
1057,0.056013141056165124,0.0561318780108968
1058,0.05601209925094609,0.056131120009038374
1059,0.056011608156530064,0.056131120303061804
1060,0.05601127325799989,0.056131099495236744
1061,0.05601117013113195,0.05613104174706235
1062,0.05601073340860781,0.05613092088015151
1063,0.056010257586425534,0.05613085736621981
1064,0.05600995937692866,0.056130717412584435
1065,0.05600949505690138,0.05613038313204376
1066,0.05600905898895823,0.05613010428179986
1067,0.05600841141852335,0.05612967765462262
1068,0.05600833114019808,0.05612966560217305
1069,0.056008067224731846,0.056129492767346224
1070,0.056007746543700415,0.056129238932661245
1071,0.05600742323453413,0.05612915039907164
1072,0.05600691323773343,0.05612904112552584
1073,0.056006375821338474,0.05612871238263034
1074,0.056006000179207927,0.05612847026879843
1075,0.056005663955458584,0.056128309338318555
1076,0.056005659248842606,0.05612830932641742
1077,0.05600560941916752,0.056128249583637976
1078,0.05600503747560726,0.05612777858999534
1079,0.05600478286785003,0.056127702578938836
1080,0.056004150344720754,0.056127113897169664
1081,0.056003672174485944,0.05612698327253704
1082,0.056003304269768454,0.05612679425418027
1083,0.056002943205100984,0.056126533900260456
1084,0.056002218730074264,0.05612586066626915
1085,0.05600177965062792,0.05612576062197548
1086,0.05600168195998925,0.05612572046256038
1087,0.056001045618797526,0.05612532840505568
1088,0.056000331359721614,0.05612464952514102
1089,0.05599983765638177,0.05612440849844031
1090,0.05599982821987116,0.05612440841770451
1091,0.05599936424635786,0.05612420931851439
1092,0.05599934370591041,0.056124177904874936
1093,0.05599883756172084,0.056123686629354005
1094,0.05599831493278634,0.05612345064639689
1095,0.05599830290741903,0.05612345047600337
1096,0.055997978560386755,0.05612345982236366
1097,0.055997670496328054,0.056123341628952654
1098,0.05599725158465167,0.05612329904947432
1099,0.05599662972486653,0.05612287438793705
1100,0.05599627532108467,0.05612293623679844
1101,0.05599611521863795,0.056122907165175207
1102,0.05599553567107479,0.056122604146820416
1103,0.055995259097705335,0.05612254490965151
1104,0.05599509753204735,0.056122518914798095
1105,0.05599479202903402,0.056122473441396405
1106,0.0559944778254639,0.05612222568071905
1107,0.055994088157628866,0.05612213582420259
1108,0.05599399730114688,0.056122097071790306
1109,0.05599353487490003,0.05612194265845373
1110,0.055993334388695554,0.05612186698462069
1111,0.055992909956043,0.056121462009827275
1112,0.055992173665013856,0.056121152640488586
1113,0.05599192038792425,0.056121035011654594
1114,0.05599140929122168,0.05612084655039825
1115,0.05599121369152557,0.05612066993872134
1116,0.05599076890552177,0.056120490523931005
1117,0.05599050329445398,0.05612044929357625
1118,0.055989785515098665,0.05611986972186191
1119,0.05598963937411249,0.05611986668471134
1120,0.05598926135923515,0.05611943093274066
1121,0.05598828294064111,0.05611900571497583
1122,0.05598797551093114,0.056119000929230334
1123,0.05598757831918886,0.056118717207746464
1124,0.05598729227547789,0.05611847610544565
1125,0.05598721719942257,0.05611844439800838
1126,0.05598669367365605,0.05611800491204109
1127,0.05598515572592208,0.056116958580059946
1128,0.055984770177342165,0.05611666694921297
1129,0.05598462269496932,0.05611655485100104
1130,0.05598418844913462,0.056116567986663146
1131,0.0559836622306254,0.056116247032377164
1132,0.05598278051581429,0.05611618682389668
1133,0.05598204712183458,0.056115844591488606
1134,0.05598150112115541,0.05611594063796347
1135,0.0559810774051289,0.05611575440458797
1136,0.05598067502589715,0.056115586374227304
1137,0.0559801892466895,0.05611535665567446
1138,0.05597982297674446,0.056115283835551776
1139,0.055978903291314004,0.056115043128146004
1140,0.05597889154413342,0.05611503979936891
1141,0.055978496607877105,0.05611494421322837
1142,0.05597796108765163,0.05611476650594236
1143,0.05597748296803246,0.05611437124585116
1144,0.05597715942349255,0.056114390031234584
1145,0.05597685049837026,0.05611436876650497
1146,0.055976360864584886,0.05611439546027497
1147,0.055975917425190966,0.056113949126231806
1148,0.05597533564303301,0.056114113916396584
1149,0.05597479460795476,0.05611413227687406
1150,0.05597436456252407,0.05611394929421139
1151,0.055973919569147414,0.05611362191057448
1152,0.05597355693162771,0.056113337644924474
1153,0.05597336407038339,0.056113164655505164
1154,0.05597288513741129,0.05611283439574409
1155,0.055972469450409845,0.05611270356938672
1156,0.05597205524039486,0.05611243446750955
1157,0.055971746797731495,0.05611226162587524
1158,0.05597164829098294,0.05611214918613607
1159,0.055971201275371134,0.05611204841763773
1160,0.05597078506178979,0.056111973938285785
1161,0.05597038565003953,0.05611167874062805
1162,0.055969510716257984,0.0561107126698189
1163,0.05596943587276037,0.05611072140542655
1164,0.05596914120588762,0.05611077630913765
1165,0.055968669387449904,0.056110559593156764
1166,0.05596819205163991,0.056110297017486294
1167,0.055968166608548114,0.05611029457716985
1168,0.05596780728429644,0.056110186746971526
1169,0.05596737500148916,0.0561098930029356
1170,0.05596694900916274,0.056109960437110834
1171,0.05596642945422457,0.05610951321710618
1172,0.05596633879012491,0.05610949457323896
1173,0.055966183067767565,0.05610934129004627
1174,0.055965660639340276,0.056108920653680394
1175,0.055965119233197885,0.05610864270423401
1176,0.055964681198066815,0.05610837946563221
1177,0.055964371223499905,0.05610830026215267
1178,0.05596403211488606,0.056107851776054186
1179,0.055963482388251655,0.05610740360567342
1180,0.05596330479389403,0.056107243794844205
1181,0.05596311090511036,0.056107162392180325
1182,0.05596243804457467,0.056106452585675495
1183,0.05596162116164317,0.05610574222516757
1184,0.05596131400253944,0.05610570183449554
1185,0.05596087365544926,0.056105245183288965
1186,0.055960011186563685,0.0561044533308823
1187,0.05595964618923222,0.05610409814750481
1188,0.055959264467818695,0.05610388911953031
1189,0.055958841885450146,0.05610383848380646
1190,0.05595837266460575,0.056103903513726024
1191,0.05595801913921492,0.05610376780850118
1192,0.055957831316328005,0.0561037557503956
1193,0.05595734748887049,0.05610375965172573
1194,0.055956906100703106,0.056103673812001945
1195,0.0559562589027307,0.056103465986498985
1196,0.05595562860512708,0.056103350877763566
1197,0.05595543200377498,0.05610324387371441
1198,0.05595518088079802,0.05610313184042705
1199,0.05595487305868802,0.056103086564510185
1200,0.055954797463912784,0.05610305893185433
1201,0.05595421664014322,0.05610304893330563
1202,0.05595402751800124,0.05610302151808164
1203,0.05595344860590421,0.05610305854397119
1204,0.055953089856155144,0.05610298581052567
1205,0.055952797713707855,0.05610289409219482
1206,0.055952355354643435,0.05610277715668019
1207,0.05595202508719139,0.056102785989441975
1208,0.05595161802352921,0.056102764140127506
1209,0.055951160432028184,0.0561025790838356
1210,0.055950829546011556,0.0561023242448635
1211,0.05595071136920332,0.05610221058994633
1212,0.05595035618843109,0.05610210746094087
1213,0.05595023185427026,0.056102034677526315
1214,0.05594999456461991,0.056102073598909334
1215,0.055949730422463734,0.056101864402127374
1216,0.055949211393435436,0.056101899948020374
1217,0.05594860663219225,0.056101609134926206
1218,0.05594854564291572,0.05610160897986341
1219,0.0559482017192448,0.05610122581570179
1220,0.05594804389876538,0.05610121334660805
1221,0.05594773094363844,0.05610118842890816
1222,0.055947408500062086,0.05610107565032307
1223,0.05594710523562306,0.05610103235854501
1224,0.055946910283311196,0.0561008928027948
1225,0.055946866330705745,0.05610089409150439
1226,0.05594656878028842,0.05610076450991278
1227,0.055946301185590464,0.056100605481841315
1228,0.055946052956542404,0.0561005262695715
1229,0.055945784136573654,0.05610041850539501
1230,0.0559453840019531,0.056100130692093526
1231,0.05594501680303874,0.05609994094765635
1232,0.055944870049943723,0.05609981057039126
1233,0.055944600866942244,0.05609989681834539
1234,0.05594447124829876,0.05609991199137516
1235,0.05594419963120691,0.05609997712019574
1236,0.055944003763663444,0.056099833003586994
1237,0.05594353335353842,0.05609945120076034
1238,0.05594314364016247,0.05609931455141308
1239,0.05594243991132841,0.05609899121145679
1240,0.055942394661053725,0.05609898358177759
1241,0.055942065646220146,0.056098664322127144
1242,0.05594134955632587,0.0560983593895141
1243,0.05594098759908548,0.05609827127517621
1244,0.05594055415894062,0.056097979076285893
1245,0.05594013558547877,0.05609768074569829
1246,0.055939793983693954,0.056097385697540525
1247,0.05593948808917051,0.05609745753093794
1248,0.05593932415417103,0.056097399489802954
1249,0.055939041605084824,0.05609723799182427
1250,0.0559383938643055,0.05609697375186215
1251,0.05593809148506876,0.056097010921052876
1252,0.05593726885643315,0.05609635711325137
1253,0.055936948792219,0.05609622924975671
1254,0.055936868770978476,0.05609624253066967
1255,0.05593680181855524,0.05609622876463001
1256,0.05593648048085465,0.05609622276193834
1257,0.05593601470206391,0.05609591134677003
1258,0.05593550957644283,0.05609572237395572
1259,0.05593515895706913,0.05609558620073179
1260,0.05593489217009102,0.05609558937085558
1261,0.055934552513092345,0.05609544697976975
1262,0.055934182570836606,0.05609524815171302
1263,0.055934138142755205,0.056095231519232354
1264,0.05593366537703048,0.056095086272006295
1265,0.05593364493654077,0.05609508626330074
1266,0.05593321160448023,0.05609504467923077
1267,0.055933001609471636,0.05609490707952668
1268,0.05593269195397594,0.05609482111999426
1269,0.05593265673207606,0.05609481218471659
1270,0.05593254285150279,0.05609480339831324
1271,0.055932258344305576,0.05609467133472746
1272,0.05593200423821479,0.05609462421369166
1273,0.055931991215762096,0.056094622664841436
1274,0.05593180412569782,0.05609449273719337
1275,0.05593153050469253,0.05609433821010923
1276,0.055931010523761385,0.056094086701968825
1277,0.05593082712646366,0.05609403638532343
1278,0.05593073631007114,0.05609400683626144
1279,0.05593066927961702,0.05609401298066791
1280,0.05593031150862325,0.05609393680834531
1281,0.05593007474901433,0.05609388276046003
1282,0.05592958748879553,0.05609364626657814
1283,0.05592930324424624,0.05609359766499267
1284,0.055929106865968255,0.0560934713821788
1285,0.0559288345474898,0.05609350568584935
1286,0.055928575628588294,0.056093552416191815
1287,0.05592855272661759,0.05609355481100082
1288,0.05592830027207023,0.05609348986073461
1289,0.05592782839344612,0.05609340699495847
1290,0.055927520931423474,0.05609327469455293
1291,0.05592717803419047,0.05609299331400135
1292,0.0559267841656598,0.056092727583298814
1293,0.0559265076232906,0.05609252467278748
1294,0.05592606961866624,0.056092314147870914
1295,0.055925636606950706,0.056092220027257576
1296,0.05592480308933503,0.05609185148765306
1297,0.05592447982481834,0.05609163198367694
1298,0.05592413139979646,0.05609158169870585
1299,0.05592381142432638,0.05609162987406415
1300,0.05592357422821053,0.05609146493899018
1301,0.055923185496916605,0.056091378238135405
1302,0.05592311439182607,0.056091368834315695
1303,0.055922803645302846,0.05609125761277698
1304,0.0559226870492021,0.056091196334090855
1305,0.05592239348040359,0.0560912077533742
1306,0.05592212961451165,0.056091151462018506
1307,0.05592175726902236,0.05609101386975647
1308,0.055921240645427694,0.05609053702015088
1309,0.055920907380859385,0.056090610978524275
1310,0.05592063279234613,0.056090607139170835
1311,0.05592023419128574,0.05609096175740045
1312,0.05591991038613638,0.05609087035915557
1313,0.055919900478002035,0.05609087002452184
1314,0.05591945605177064,0.05609126062296897
1315,0.05591929301464274,0.056091203930004066
1316,0.05591899841464149,0.05609115928538106
1317,0.05591890897863687,0.05609114740640927
1318,0.05591872740067878,0.05609109430146285
1319,0.05591842269017353,0.056091038176657726
1320,0.05591817262585361,0.05609080790563127
1321,0.05591776006563209,0.056090565149684225
1322,0.055917734910568596,0.05609056553299174
1323,0.05591738608786663,0.056090565073248076
1324,0.05591709220659373,0.05609047159482996
1325,0.0559164235347358,0.05609028524770907
1326,0.0559160781022839,0.05609006019867206
1327,0.055915735953638974,0.05608982872775463
1328,0.05591543502785364,0.056089722161678596
1329,0.055915310640819484,0.056089733198888096
1330,0.05591513409275207,0.05608969931958843
1331,0.05591453623863349,0.05608927931791891
1332,0.05591403017887481,0.05608895807752276
1333,0.055913255922645975,0.05608848550281614
1334,0.05591290412088155,0.056088437314169085
1335,0.05591245373178281,0.05608844905680641
1336,0.055912329286538796,0.056088561237355054
1337,0.055912044113408485,0.05608838873784281
1338,0.05591164595216496,0.05608816073571609
1339,0.05591129768713156,0.05608823041153189
1340,0.055910578541111186,0.05608814950146891
1341,0.055909939033997214,0.056087887658318195
1342,0.055909603868624744,0.05608771770061617
1343,0.0559094463912461,0.05608762937948683
1344,0.055908897724004106,0.05608747425659152
1345,0.05590859434703221,0.05608721139347592
1346,0.055908368180995684,0.05608718724728394
1347,0.055908336399504655,0.05608718643436014
1348,0.05590798701585249,0.05608690863209374
1349,0.05590765880282899,0.05608686146387543
1350,0.055907599644695966,0.05608684454220982
1351,0.05590692224319868,0.056086528853079035
1352,0.05590691432606953,0.05608652863900477
1353,0.055906678958475356,0.0560864206174084
1354,0.055906372898930544,0.056086570045432584
1355,0.05590592287172262,0.0560863706796811
1356,0.055905450543096,0.056086408678681705
1357,0.05590502647422024,0.05608613042367783
1358,0.055904856349535535,0.05608612383849993
1359,0.05590466967205406,0.05608622851799177
1360,0.05590413469609875,0.056086158867111095
1361,0.05590410696093235,0.05608616146672288
1362,0.055903787493817136,0.05608590361421378
1363,0.055903709660220756,0.05608588932775188
1364,0.055903631707469655,0.05608586960335431
1365,0.05590326571942603,0.05608582846750411
1366,0.05590323308714173,0.05608583887206194
1367,0.05590311181511454,0.05608574277448486
1368,0.055902957600129345,0.05608577947984749
1369,0.05590260681133428,0.05608573011704171
1370,0.05590228588824476,0.056085417416761596
1371,0.05590213660232303,0.05608541888686322
1372,0.05590175482031681,0.0560851461724063
1373,0.05590157943691021,0.05608508312667695
1374,0.05590144893038774,0.05608502833141916
1375,0.0559006553734026,0.05608440394609318
1376,0.055900554932538975,0.05608437109208129
1377,0.05590014849382393,0.056084202191598174
1378,0.055899519958142706,0.056084071946146716
1379,0.05589931771575212,0.05608401702505092
1380,0.05589894481265496,0.05608394360194504
1381,0.05589833755339483,0.05608340665675501
1382,0.05589803086313607,0.05608309736416033
1383,0.05589776567247519,0.05608307406533961
1384,0.05589731298567839,0.05608281595369908
1385,0.055896676304795063,0.056082464371092565
1386,0.05589644649256004,0.05608247836592305
1387,0.05589628788959335,0.05608242134832667
1388,0.05589596122398773,0.05608222051649818
1389,0.05589511139749526,0.05608217600790174
1390,0.05589465356608252,0.05608195669605314
1391,0.05589437273947878,0.05608188594135739
1392,0.055894007194751474,0.05608199863603476
1393,0.05589395802229223,0.05608198292669739
1394,0.05589362474639434,0.05608197406014826
1395,0.05589360512357788,0.05608197213194864
1396,0.05589313254403182,0.05608191379585428
1397,0.055893075717361906,0.05608191670983078
1398,0.055892798993844695,0.056081738487216974
1399,0.05589243388289655,0.05608150472566904
1400,0.05589241991892744,0.0560815006318961
1401,0.055891937806794495,0.05608142668152962
1402,0.05589147159848401,0.05608141583075195
1403,0.055891081159492095,0.056081273041020924
1404,0.055890692546155744,0.056081008492902464
1405,0.055889646273317786,0.05608016669302122
1406,0.0558894588001925,0.05608023996358716
1407,0.05588904038862677,0.056080269629110446
1408,0.05588860855146,0.05607985567942485
1409,0.05588832962781157,0.05607967477489717
1410,0.05588794373882881,0.05607961881303104
1411,0.05588763361526782,0.05607947956858328
1412,0.05588753915502298,0.05607946476748946
1413,0.05588714388494055,0.05607937503357513
1414,0.05588667338242871,0.05607919905148234
1415,0.05588631970369999,0.05607885497433853
1416,0.05588563871313799,0.05607843164134425
1417,0.05588543140463782,0.05607828712341534
1418,0.05588520099892118,0.05607833532162445
1419,0.05588485664646413,0.05607810886075265
1420,0.05588409781523262,0.05607779313344177
1421,0.05588378766369829,0.056077771416124106
1422,0.05588346949035831,0.0560778184064403
1423,0.05588339877028841,0.05607784251638264
1424,0.05588318171468343,0.05607770269875437
1425,0.055883047145888175,0.056077697985978316
1426,0.0558828636145436,0.056077506701579606
1427,0.055882645544885756,0.05607738187291749
1428,0.055882482517301754,0.05607730282227239
1429,0.055881919494402195,0.05607723544385196
1430,0.05588168857718284,0.05607710508320913
1431,0.05588147692704375,0.056077085769093385
1432,0.05588114657130666,0.056076788375843525
1433,0.055880884172053724,0.056076765095187914
1434,0.05588049340137537,0.05607659252027943
1435,0.055880141306492985,0.056076726202960864
1436,0.055879922129140634,0.05607673045417074
1437,0.05587898623545273,0.056076360784572905
1438,0.055878815256852406,0.05607631562417404
1439,0.05587842465979919,0.05607622996193913
1440,0.055877412247781796,0.05607571696599208
1441,0.05587690521891097,0.05607535600380223
1442,0.055876595528481315,0.0560750468262197
1443,0.055876330933225804,0.05607505776414363
1444,0.05587603847627111,0.05607498668909322
1445,0.05587586560456167,0.0560749858163729
1446,0.055875651305731015,0.05607488836459639
1447,0.05587529163498985,0.05607473613374287
1448,0.055874908430020666,0.05607473382347857
1449,0.05587470950017541,0.05607465850631868
1450,0.05587459708054206,0.05607453162931488
1451,0.05587441568163285,0.056074428356385375
1452,0.055874035645924296,0.05607438874090716
1453,0.05587369265648334,0.05607408633453783
1454,0.0558733499643879,0.056073673525665606
1455,0.055873219571751356,0.056073614876504384
1456,0.05587260856922356,0.05607351999721787
1457,0.05587227180332802,0.05607343882436737
1458,0.05587201676872479,0.05607335205245706
1459,0.05587185502416685,0.0560733593751122
1460,0.05587147885934593,0.05607343888304656
1461,0.05587117579255783,0.05607346562964095
1462,0.0558708883413375,0.05607323380292524
1463,0.055870429066439964,0.05607311414139935
1464,0.05587016846899121,0.05607310914467127
1465,0.05586968100126678,0.05607277798531004
1466,0.05586939774931801,0.05607272557316678
1467,0.05586897010535046,0.05607257757534109
1468,0.055868549780618774,0.05607238988203525
1469,0.05586811827859479,0.05607239807070122
1470,0.05586775901212803,0.056072251978027725
1471,0.055867439294431595,0.05607228919756826
1472,0.055867038979058675,0.056072114498914014
1473,0.05586679384176947,0.05607203594256654
1474,0.055866265343112384,0.05607197884728205
1475,0.05586592047717041,0.056071844745167014
1476,0.05586552415367047,0.056071623813069564
1477,0.05586506201410913,0.05607153436062242
1478,0.055865032903779165,0.0560715360331568
1479,0.05586473410403996,0.05607152823514911
1480,0.05586430759510681,0.056071228861355515
1481,0.055864009259164,0.05607095292959991
1482,0.05586399794166367,0.05607095301070464
1483,0.055863686448752635,0.056070841768308156
1484,0.055863362085833965,0.056070795633401324
1485,0.05586298936414726,0.05607070601230433
1486,0.05586205657952971,0.05607009387307923
1487,0.05586198518668232,0.05607006597761025
1488,0.05586191253527439,0.05607005983499097
1489,0.055861638194995164,0.056069981441482605
1490,0.05586155930359297,0.056069900434943004
1491,0.055861310717158094,0.056069852049405934
1492,0.055861004745601614,0.05606983834368339
1493,0.05586067635146461,0.05606969791139226
1494,0.055860425808195675,0.056069680288006504
1495,0.055860404971326445,0.05606968279134741
1496,0.05586013341212081,0.05606952300838554
1497,0.05585965663606978,0.05606923547842164
1498,0.05585952717088779,0.056069211573906895
1499,0.05585926047599414,0.05606923459746961
1500,0.0558589620073554,0.05606913555912136
1501,0.055858441011188,0.05606901647117033
1502,0.055858232866779885,0.056068914775596376
1503,0.05585783202536911,0.05606861551491081
1504,0.05585726022506243,0.05606847509273843
1505,0.055856863174711495,0.05606832453700324
1506,0.05585677468950925,0.05606826380998882
1507,0.05585652947263113,0.0560681462029556
1508,0.05585621245202286,0.05606800619321023
1509,0.05585619829965309,0.056068006194056316
1510,0.05585588769443369,0.056067801254959755
1511,0.05585545605145056,0.056067760698057335
1512,0.055855172967874636,0.05606741309966701
1513,0.05585507698107175,0.056067352164746474
1514,0.05585500426315045,0.05606737678075837
1515,0.05585443479536675,0.05606693023673246
1516,0.055854035585169756,0.05606690338876856
1517,0.05585357137379677,0.05606679894724946
1518,0.055853403658741606,0.05606678810951441
1519,0.055852980748174616,0.056066701719823774
1520,0.05585271243766769,0.056066702250968874
1521,0.055852595518633356,0.05606665636319304
1522,0.05585246708321052,0.05606659991778052
1523,0.05585207543578208,0.05606636399240526
1524,0.055851881669833944,0.05606619542067144
1525,0.05585134353773172,0.05606594800336228
1526,0.05585082625491204,0.05606553417303511
1527,0.055850623147427315,0.05606559968461356
1528,0.05585030994539003,0.05606554345578983
1529,0.055849913313010986,0.05606544986853216
1530,0.05584975554380264,0.056065454306423186
1531,0.05584940452607921,0.05606534383959253
1532,0.05584914048994148,0.056065384252277556
1533,0.05584825254102348,0.056065125758740154
1534,0.05584808512313149,0.05606504099502154
1535,0.05584769846676857,0.05606483875337015
1536,0.0558473910159564,0.05606478232610462
1537,0.05584727232426357,0.05606477285977282
1538,0.0558470599546747,0.05606475140550906
1539,0.05584677957070638,0.05606452340994049
1540,0.055846387147561107,0.0560643696665503
1541,0.05584637370198577,0.05606436691400419
1542,0.05584615102659942,0.05606406029935386
1543,0.055845917854704656,0.0560640255434446
1544,0.05584555555738178,0.056063866301831786
1545,0.05584532603780071,0.056063758461216404
1546,0.055845221092471295,0.05606375150746951
1547,0.05584500611225033,0.05606385991384145
1548,0.055844660565083755,0.05606373499789994
1549,0.05584430496043833,0.05606355006951189
1550,0.05584372097268073,0.056063317189274375
1551,0.055843486449214545,0.05606324929350207
1552,0.055843013238431105,0.056063108893724706
1553,0.05584282010687802,0.05606298708432812
1554,0.055842446076872915,0.05606285841883203
1555,0.05584202861810479,0.05606268667719905
1556,0.055841653590111624,0.05606242791539176
1557,0.05584160099235027,0.05606241037398303
1558,0.05584143554256289,0.05606244898329278
1559,0.05584135518034742,0.05606244674151115
1560,0.0558409312728838,0.056062389491683434
1561,0.055840551045473336,0.05606210754993722
1562,0.05584002130585463,0.056061949917603326
1563,0.05583985854280057,0.05606191779733457
1564,0.05583970322805842,0.05606194039928326
1565,0.055839191695172936,0.05606170880068161
1566,0.05583889021865395,0.05606166212144528
1567,0.05583884748208933,0.05606164553497446
1568,0.05583865964376658,0.056061675515834665
1569,0.055838641135017124,0.05606167550579415
1570,0.05583827633892604,0.056061563603987744
1571,0.0558382700754111,0.056061564383610686
1572,0.055837944464267604,0.05606138212578305
1573,0.055837890172165366,0.056061381717176964
1574,0.05583751222778552,0.056061285400127864
1575,0.0558372278698558,0.056061323286499314
1576,0.05583660364546278,0.056061302771501266
1577,0.055836466295559634,0.05606127283163335
1578,0.055836197644385445,0.0560611893343553
1579,0.055836062319336514,0.05606119790494967
1580,0.05583590023883751,0.05606114452114245
1581,0.05583561182799413,0.056061095390461294
1582,0.0558351267310552,0.056060695895031515
1583,0.055835081393448616,0.05606072049429067
1584,0.05583468716223284,0.056060712881119405
1585,0.05583411548673467,0.056060687799174384
1586,0.055833924906907625,0.05606063827784428
1587,0.05583379771969097,0.05606056161160172
1588,0.055833541893822496,0.05606036411493647
1589,0.05583328339898214,0.05606030374204589
1590,0.055832926100745875,0.05606032705904455
1591,0.05583262610369811,0.0560600695848319
1592,0.055832286606126366,0.05606003056445009
1593,0.05583193032077721,0.05605981419151551
1594,0.05583171644917331,0.05605967612172618
1595,0.05583131971779761,0.05605964465295288
1596,0.05583088770541324,0.0560594435007494
1597,0.05583084458320536,0.05605942630146779
1598,0.05583061650379159,0.056059245613980326
1599,0.05583026688304037,0.05605921678118202
1600,0.055829918605928446,0.056059053810474706
1601,0.05582980170400839,0.056059060165229206
1602,0.05582976188824717,0.056059064253075726
1603,0.05582938296610469,0.0560587431634348
1604,0.055828902559496144,0.05605842859681616
1605,0.05582878988056157,0.05605842271687086
1606,0.05582849653323044,0.0560583655115502
1607,0.055828202234650126,0.056058316417741665
1608,0.055827994766209116,0.05605827444602407
1609,0.05582781341218383,0.056058265099165894
1610,0.055827520945211144,0.0560582691424093
1611,0.05582721011505501,0.05605809057650277
1612,0.0558271587236159,0.05605806320600508
1613,0.05582708344041454,0.056058025363447395
1614,0.0558270496226248,0.056057978686821115
1615,0.05582688219057747,0.056057978387001
1616,0.05582673268809441,0.0560579938231198
1617,0.05582640168491071,0.056057847148157314
1618,0.055826305993320134,0.056057830873425925
1619,0.05582603045898317,0.05605769655875831
1620,0.055825948745311646,0.05605769879143067
1621,0.05582558285626504,0.05605769282831947
1622,0.05582551078936842,0.05605769001896528
1623,0.05582548159611479,0.056057685776387
1624,0.05582499792372533,0.056057594311776184
1625,0.05582488877858504,0.05605759930435095
1626,0.055824350192095785,0.0560575780458615
1627,0.055823967200269865,0.05605727545020735
1628,0.055823540013613594,0.05605709345497269
1629,0.055823225665812874,0.05605724358404232
1630,0.05582274806229114,0.05605717260645104
1631,0.05582237495496573,0.05605706647910211
1632,0.05582221342221914,0.05605709708406061
1633,0.05582190203534819,0.05605700316264937
1634,0.05582166899949967,0.0560569942561772
1635,0.055821302589515634,0.05605686978405926
1636,0.05582084090214285,0.05605675847292781
1637,0.055820630584019426,0.05605673476349667
1638,0.055820354375577565,0.056056700509061946
1639,0.05582008396343146,0.056056579287870896
1640,0.055819783113823664,0.056056466947047925
1641,0.0558193131323219,0.05605638428600101
1642,0.055819219816659896,0.056056353927259044
1643,0.055818942841841024,0.0560563186786561
1644,0.05581852639358644,0.05605629976663681
1645,0.05581806683000515,0.05605632684784014
1646,0.05581792232094583,0.05605630823662729
1647,0.055817469425573654,0.05605591667488162
1648,0.05581724340724094,0.05605589326409002
1649,0.05581710640771956,0.05605588016529094
1650,0.0558166902825938,0.05605564252015962
1651,0.055816608755460545,0.05605564000012842
1652,0.055816238659431576,0.0560553914770418
1653,0.05581602872850786,0.05605534683706694
1654,0.05581595515657073,0.05605530941499596
1655,0.055815385735383936,0.0560549408007666
1656,0.05581499899289766,0.05605464774678486
1657,0.05581467450247725,0.05605454212769379
1658,0.055814448498402676,0.05605436010454493
1659,0.055814189453969966,0.05605428649683156
1660,0.05581389887796054,0.056054120808578495
1661,0.055813613691179605,0.05605391347027574
1662,0.055813588870501946,0.05605391356910673
1663,0.055813520480292894,0.05605393275291528
1664,0.05581318779122398,0.05605382380585156
1665,0.055812963818700476,0.056053704078644156
1666,0.055812629281234205,0.056053489436195855
1667,0.05581223542824938,0.05605322519641726
1668,0.05581183313941914,0.05605296889326243
1669,0.05581176642268141,0.05605296165996345
1670,0.055811483115734806,0.056052777899696676
1671,0.055811196414882254,0.056052644208349545
1672,0.05581093951840191,0.05605251808856779
1673,0.055810667244526775,0.056052591173042544
1674,0.05581059601728123,0.05605257654676388
1675,0.055810432699677386,0.056052437347517074
1676,0.0558101783605589,0.056052348917061096
1677,0.05581014070700963,0.056052347011937356
1678,0.05581001561127825,0.056052208009751754
1679,0.055810000706491135,0.05605220803471006
1680,0.05580972940453995,0.05605215013216349
1681,0.05580948542143392,0.056052114968124594
1682,0.05580944619927665,0.05605211493708671
1683,0.05580904546856458,0.056051712398833546
1684,0.05580899015357566,0.056051717126511504
1685,0.05580896481671281,0.056051708850053845
1686,0.055808743947696915,0.05605151501605211
1687,0.055808644911314695,0.056051439443872524
1688,0.0558085329085839,0.05605142218739888
1689,0.0558082018251003,0.056051160790755464
1690,0.05580809703982293,0.05605123291733057
1691,0.055807806046647375,0.05605115295235542
1692,0.05580741961013047,0.05605093624073501
1693,0.055807108341643125,0.05605094483277973
1694,0.05580673052933212,0.05605090963780042
1695,0.05580658060868576,0.056050893538956766
1696,0.05580636346404039,0.05605091992810347
1697,0.05580606481985885,0.0560506336601023
1698,0.05580601081123366,0.05605060453785614
1699,0.0558058749434038,0.056050611060272114
1700,0.05580559167504381,0.05605066813096524
1701,0.05580524150753682,0.05605064725478161
1702,0.0558050279021122,0.05605056640069842
1703,0.05580457224270115,0.05605049476759173
1704,0.055804529099121196,0.056050466890868365
1705,0.05580447054784085,0.056050480680264664
1706,0.05580421290130128,0.0560503182548476
1707,0.05580390583017202,0.05605025674181897
1708,0.05580361904169778,0.05605025120609404
1709,0.05580358308901736,0.05605025053325087
1710,0.05580275554979934,0.05604976861858278
1711,0.055802697562714915,0.05604976152648683
1712,0.05580259746213294,0.056049744424454345
1713,0.05580244301220938,0.0560496814890812
1714,0.055802428644604586,0.0560496749249079
1715,0.055802269218475836,0.056049627383570874
1716,0.055802002438446116,0.05604967317002835
1717,0.055801910741858404,0.05604967707328243
1718,0.055801627310515155,0.056049380042116834
1719,0.05580158346503748,0.05604937628254024
1720,0.05580126055664016,0.05604939720949924
1721,0.05580087169832491,0.05604939061333529
1722,0.05580082459501753,0.05604938937798121
1723,0.05580069135079352,0.0560493992917243
1724,0.05580066250714979,0.05604938334097008
1725,0.055800125402223524,0.056049203884005125
1726,0.05579999021654354,0.0560492003950605
1727,0.05579985299598319,0.056049219551164535
1728,0.05579926862584413,0.05604912530051843
1729,0.05579900911103966,0.05604926743262885
1730,0.055798708028115734,0.05604923240399892
1731,0.055798575322045026,0.05604920655211439
1732,0.05579851498898824,0.05604921835961863
1733,0.0557981692996307,0.05604908832318205
1734,0.05579784260752889,0.05604896673150381
1735,0.055797278720029445,0.056048870641011196
1736,0.055797192762635235,0.056048860863491624
1737,0.05579663435874361,0.05604895150944546
1738,0.05579627431011591,0.056048830902741355
1739,0.05579619078190326,0.0560488143479544
1740,0.05579608950257494,0.0560488019155339
1741,0.05579601738176406,0.0560487650698527
1742,0.05579570853342461,0.05604863837644285
1743,0.05579545239878295,0.0560484957078335
1744,0.0557950201790045,0.056048434472852876
1745,0.05579473156435453,0.056048309041266405
1746,0.055794238391514255,0.056047943941632275
1747,0.055793882596778664,0.056047704961406555
1748,0.05579376937466099,0.05604768051930562
1749,0.05579349493202359,0.05604749427689772
1750,0.05579343691468289,0.056047546947798496
1751,0.05579332363225335,0.05604755327129679
1752,0.055793169327091656,0.05604740046882258
1753,0.05579297175299955,0.05604729565234329
1754,0.05579248436920503,0.056047129355523986
1755,0.05579231966865502,0.0560470525090534
1756,0.05579202182904489,0.05604695164201999
1757,0.0557915747301337,0.05604697543160435
1758,0.0557912551537843,0.0560469032729433
1759,0.055790962700612894,0.0560467256590649
1760,0.05579061961524079,0.05604660143075262
1761,0.05579026352923702,0.05604641847993765
1762,0.05579022278211658,0.05604641425196283
1763,0.05579003522859869,0.05604641146098142
1764,0.055789905373082316,0.056046414943154634
1765,0.055789549061008116,0.056046241055446866
1766,0.055789248279482964,0.05604609660651159
1767,0.05578899297731538,0.05604592873613346
1768,0.05578864249096161,0.05604587971828576
1769,0.05578859932448233,0.0560458710612879
1770,0.055788562854465595,0.056045878438077665
1771,0.05578820527213414,0.05604578627131598
1772,0.05578816870945761,0.0560457867004046
1773,0.05578793405994475,0.05604562991741021
1774,0.05578766144522125,0.05604551471037178
1775,0.055787151790274034,0.0560452539395477
1776,0.055786850969343785,0.05604512654289246
1777,0.05578639989311835,0.05604503499608516
1778,0.05578637821263965,0.05604503773467601
1779,0.05578610725528186,0.056045040706503776
1780,0.05578585710713562,0.056045039598778
1781,0.055785781319542135,0.05604505755412588
1782,0.05578572766223438,0.05604506229043771
1783,0.055785640513395546,0.05604498120651255
1784,0.05578530226663027,0.05604499927159669
1785,0.05578485831867897,0.056044951349582435
1786,0.055784499943414514,0.05604504903914466
1787,0.05578440243634098,0.05604504036394594
1788,0.05578429436599806,0.056045035155473204
1789,0.05578398320299037,0.05604489202598995
1790,0.055783652658986035,0.05604494064829801
1791,0.055783525427391505,0.05604507218693303
1792,0.05578323769692673,0.05604505110784423
1793,0.05578288714709299,0.05604502410453111
1794,0.05578268768965097,0.05604492399513253
1795,0.05578231518318625,0.05604483503611238
1796,0.05578200401245131,0.05604470374937586
1797,0.05578179804112686,0.05604456825159131
1798,0.055781442691580585,0.05604453389636041
1799,0.055781396094267174,0.056044526929494576
1800,0.055781051303737346,0.05604440374625977
1801,0.05578065355320927,0.0560445382674475
1802,0.055780622426234265,0.056044540620159365
1803,0.05578031672539538,0.05604444121312704
1804,0.05578013334016185,0.05604443108553505
1805,0.05577964220677971,0.05604412511665682
1806,0.055779358848597714,0.05604398206024087
1807,0.05577904167188985,0.05604392212555512
1808,0.05577881127340219,0.05604393943748965
1809,0.05577850389616514,0.05604380512599949
1810,0.055778425185100414,0.0560438095296815
1811,0.05577837602519781,0.05604378702085757
1812,0.05577798002934278,0.056043559783311485
1813,0.05577783507292251,0.056043431539903536
1814,0.055777606968356944,0.05604348609450274
1815,0.05577729646644078,0.056043518734169254
1816,0.0557770391431385,0.05604362379618339
1817,0.055776761140405105,0.05604343921992851
1818,0.055776513277369676,0.05604353683114641
1819,0.05577624161559963,0.056043432548994104
1820,0.05577607849312025,0.05604341613110675
1821,0.05577563721356935,0.0560430843689333
1822,0.055775448209586374,0.05604304380290409
1823,0.05577525282296108,0.056042958863955925
1824,0.055775190114402955,0.056042946773168546
1825,0.05577501245435795,0.0560427325954279
1826,0.05577484283409788,0.05604272817123734
1827,0.05577456526405456,0.056042660576804085
1828,0.05577448083820617,0.05604262324986312
1829,0.0557741377399721,0.05604258049561582
1830,0.05577369924472596,0.05604248311342295
1831,0.055773469621955944,0.05604225931376352
1832,0.0557731534075627,0.05604214053412293
1833,0.055772631348350664,0.05604187824195118
1834,0.055772341045349845,0.056041866372769165
1835,0.05577223971234,0.056041786795701695
1836,0.055772113001017976,0.05604170622472937
1837,0.055771913705539695,0.05604159857117923
1838,0.055771652592464194,0.056041476185869174
1839,0.05577158697335736,0.05604147589350783
1840,0.05577155745979756,0.05604147351410387
1841,0.055771344760045076,0.05604148062453987
1842,0.05577129171149723,0.05604147812681085
1843,0.055771207137094256,0.05604147552167518
1844,0.055770869427339505,0.0560414185170488
1845,0.055770527214816526,0.05604157931289654
1846,0.05577006330869356,0.05604176809090465
1847,0.05576993725654703,0.05604174311076774
1848,0.05576956538372414,0.05604147307342901
1849,0.0557693845656887,0.05604142158771575
1850,0.05576879044097547,0.05604151790643297
1851,0.05576845625458212,0.05604143425958795
1852,0.055768344146158465,0.056041436955474096
1853,0.05576816901241764,0.05604143792489214
1854,0.05576783740632606,0.056041304837035066
1855,0.055767658581911794,0.056041210174065575
1856,0.05576763278810415,0.05604119290707767
1857,0.05576707603942181,0.05604111149132732
1858,0.05576677997791518,0.056041183898257706
1859,0.055766481262881105,0.05604120272641929
1860,0.05576627979535473,0.05604134633627195
1861,0.05576621240432015,0.056041378784732095
1862,0.05576608267942167,0.056041386488265364
1863,0.055765738339971005,0.056041267222250016
1864,0.05576541826637704,0.056041165487260125
1865,0.055765128193013914,0.056041041180962946
1866,0.05576493718842179,0.0560410612712738
1867,0.055764615468626925,0.05604090745248277
1868,0.05576441084950514,0.05604095968985961
1869,0.05576405911994892,0.05604109401555291
1870,0.05576389391820386,0.05604103302366307
1871,0.05576382537981986,0.05604099851147636
1872,0.05576357415616025,0.05604079361314729
1873,0.05576308421012964,0.05604069781327313
1874,0.05576307415626582,0.05604069777634942
1875,0.05576280610825387,0.05604053052863239
1876,0.05576267414158031,0.05604053417776079
1877,0.05576247312184059,0.0560405195771832
1878,0.05576235240919586,0.056040507612044314
1879,0.05576200799247786,0.05604058463654322
1880,0.05576171967927824,0.05604052438088956
1881,0.0557614734660903,0.056040498777349804
1882,0.05576084284180099,0.05604027282137482
1883,0.055760501131345466,0.05604003651296277
1884,0.05576047266550459,0.05604003700875712
1885,0.05576044037532949,0.05604003303920392
1886,0.05576008137756491,0.056040047967742895
1887,0.055759876183913884,0.056040115382814705
1888,0.05575970485331345,0.05604004539533551
1889,0.05575968973621186,0.056040020004265195
1890,0.055759196379033545,0.05603997646043536
1891,0.05575915366596015,0.05603997030897501
1892,0.05575889942614525,0.05603972970019904
1893,0.05575865309311243,0.0560396608091399
1894,0.05575846005931821,0.05603952789624164
1895,0.05575810035981005,0.0560395168950426
1896,0.055758000663335514,0.05603945923322561
1897,0.05575795591361274,0.05603946859250054
1898,0.05575762705050235,0.056039464186145825
1899,0.055757516035107625,0.05603944105684448
1900,0.05575741078894843,0.05603950507797976
1901,0.05575713646431812,0.05603949216413258
1902,0.05575681323591538,0.0560393745239653
1903,0.05575647975411656,0.05603919590573647
1904,0.05575639123877029,0.05603909062249333
1905,0.05575624553712869,0.056039044331127406
1906,0.055755665622719226,0.056038733189320615
1907,0.0557556291994329,0.056038727807667284
1908,0.055755364760052904,0.056038743129347694
1909,0.055755141811034324,0.05603853644340482
1910,0.05575477947663413,0.05603847441107262
1911,0.05575442588555873,0.056038414883399494
1912,0.05575420466878824,0.05603835458134446
1913,0.05575394157437392,0.0560381828494681
1914,0.055753881116224674,0.056038186859985774
1915,0.05575351281242297,0.05603807627412375
1916,0.055753176816292944,0.05603807650828881
1917,0.05575295261243042,0.05603797154974417
1918,0.05575258936644186,0.05603795622332024
1919,0.055752291454857966,0.056037864699264694
1920,0.05575200874673222,0.05603781000569232
1921,0.05575178142592865,0.05603781890332744
1922,0.05575162600259741,0.056037719500180744
1923,0.05575131021316611,0.056037607562156706
1924,0.05575101376425767,0.05603749267766478
1925,0.05575084849064001,0.056037490214635055
1926,0.05575060465440077,0.05603746936287856
1927,0.05575024467080453,0.056037432908512895
1928,0.05574994036517895,0.056037329639563024
1929,0.05574990138269705,0.05603732672790346
1930,0.05574955990300651,0.056037112957613384
1931,0.055749363949630364,0.0560370929022464
1932,0.05574899478157335,0.05603715389896956
1933,0.05574874132297386,0.0560369659682006
1934,0.055748640292334464,0.05603700922247811
1935,0.05574791146937637,0.05603628208296996
1936,0.055747485238760615,0.056036112052931866
1937,0.055747234765161156,0.056036052190558655
1938,0.05574721305484995,0.05603605294463647
1939,0.05574720642868296,0.056036052998464675
1940,0.055747170419188724,0.05603604818535137
1941,0.05574689186376033,0.0560359166195062
1942,0.055746859253812654,0.05603590947857427
1943,0.05574679278693551,0.05603591656936901
1944,0.055746751683866655,0.05603591701833253
1945,0.055746307590924554,0.05603581023345193
1946,0.05574602910743892,0.05603568120581166
1947,0.05574526748601361,0.05603573784781414
1948,0.055744873325759066,0.05603566655686734
1949,0.05574474036267606,0.05603569892334437
1950,0.055744339264609165,0.05603535374537556
1951,0.05574407218891286,0.05603533121305637
1952,0.05574377390689791,0.05603533187794587
1953,0.05574345273624805,0.05603527271812283
1954,0.055743170000495494,0.05603526701154636
1955,0.0557429503999413,0.05603512596555259
1956,0.05574268358331216,0.0560350262718572
1957,0.05574251615347491,0.05603502543068662
1958,0.05574250565705388,0.056035025545161314
1959,0.05574224452659915,0.056034962903141236
1960,0.055742177338232266,0.05603494477615131
1961,0.05574198735097546,0.056034818780114105
1962,0.055741644314525544,0.056034781366560336
1963,0.05574139317178305,0.05603477482551852
1964,0.05574134810572827,0.05603477321295902
1965,0.05574117862458468,0.056034603728738606
1966,0.05574105265243393,0.05603454818398416
1967,0.05574076295820062,0.056034433980321256
1968,0.05574043657415627,0.05603433692989573
1969,0.055740276287045185,0.056034192904787096
1970,0.05573978189786833,0.05603395190417411
1971,0.0557396690607626,0.05603390309033481
1972,0.05573916627412937,0.056033817137243404
1973,0.05573878547250598,0.056033821639738315
1974,0.0557387363008644,0.056033830259972627
1975,0.05573855946193125,0.056033793555476344
1976,0.05573807978516555,0.05603372177552411
1977,0.05573805994440645,0.05603372030270078
1978,0.05573794488054051,0.05603373782354564
1979,0.05573780489185254,0.05603375446295776
1980,0.05573752701330719,0.05603362406890819
1981,0.05573725888707561,0.05603346274361081
1982,0.05573722189776668,0.05603347650034243
1983,0.05573716366923939,0.05603349598079687
1984,0.055736942481425134,0.05603343517762352
1985,0.05573686122877148,0.0560334273010135
1986,0.055736602405471056,0.056033330083100893
1987,0.05573649217047077,0.05603333497842462
1988,0.05573642738891378,0.05603334270742998
1989,0.055736139950248974,0.056033207231996576
1990,0.05573575231853069,0.05603289190410534
1991,0.055735461741725355,0.05603287401348312
1992,0.05573528881288985,0.05603287729826819
1993,0.05573510261449636,0.056032850577123566
1994,0.0557348586579234,0.05603280849259552
1995,0.055734544126892584,0.056032710395513545
1996,0.055734240458214374,0.05603273153038075
1997,0.05573378362663242,0.05603272089647473
1998,0.05573351613233501,0.05603271264125905
1999,0.05573337169192898,0.056032710994383374
2000,0.055733007170555335,0.056032702401967074
2001,0.05573274029593313,0.056032685921963025
2002,0.05573270377695784,0.0560326751268911
2003,0.05573249816037226,0.0560326861298632
2004,0.05573228883250405,0.05603254290245874
2005,0.05573201697557173,0.056032478367747225
2006,0.05573193199973552,0.056032444684961866
2007,0.05573185198385085,0.056032479319331106
2008,0.05573162945634196,0.05603240461348853
2009,0.05573132510960277,0.05603220944733959
2010,0.055731130186641734,0.05603216700958056
2011,0.0557306207071241,0.056032122565413886
2012,0.05573054747324236,0.056032098627716846
2013,0.055730344953009076,0.056032088874676096
2014,0.055730137916143466,0.056031942823921994
2015,0.05572993927124352,0.05603190686340562
2016,0.05572961853109909,0.056031804928135115
2017,0.05572929907669637,0.05603177610046794
2018,0.05572898939019145,0.05603165168836554
2019,0.05572880075901974,0.05603163066686102
2020,0.0557285874610404,0.05603163045399624
2021,0.055728239353800745,0.05603170260783465
2022,0.05572817843857789,0.05603167807469021
2023,0.055727935996462405,0.05603160586775576
2024,0.05572775376032165,0.05603155513426231
2025,0.055727453617667705,0.056031583709237116
2026,0.05572715953383687,0.056031528474921315
2027,0.05572686436875858,0.05603140096197773
2028,0.05572659275641225,0.056031299645829674
2029,0.05572653868838226,0.05603129967438154
2030,0.05572648355880126,0.056031306835915076
2031,0.055726236819245024,0.056031409171696155
2032,0.05572586068145144,0.05603139813841503
2033,0.05572558116558711,0.05603146800905432
2034,0.055725488544372724,0.05603144935295309
2035,0.05572519409104716,0.05603124413288734
2036,0.055725124790526985,0.05603122488845519
2037,0.05572496924709429,0.0560311903900994
2038,0.05572489644173437,0.05603119894980273
2039,0.05572474288634678,0.056031225551303666
2040,0.05572447088013648,0.056031257341157374
2041,0.055724109390748316,0.05603112488002988
2042,0.05572409011821899,0.05603112600291467
2043,0.055723705805709546,0.05603092051263056
2044,0.05572327772021459,0.05603093471942581
2045,0.055723166058445996,0.05603096061258103
2046,0.055723088833269444,0.056030879599342415
2047,0.05572280335837793,0.056030923806257446
2048,0.0557225798491222,0.056030876054254004
2049,0.05572242330925629,0.05603072034686912
2050,0.05572237345422245,0.0560307101720007
2051,0.05572230264321859,0.05603061895843976
2052,0.055721698576499494,0.05603036069742861
2053,0.05572144213768839,0.056030289950285105
2054,0.05572130822455989,0.05603018900586796
2055,0.05572082728310797,0.05603032473330013
2056,0.05572051121805182,0.05603033514164081
2057,0.05572042209310609,0.05603033396153075
2058,0.05571989978945223,0.05603024016169464
2059,0.055719669247434565,0.0560302776366201
2060,0.05571965367428882,0.056030276769647856
2061,0.05571941689611894,0.05603024242577503
2062,0.055718942025669856,0.05602997865041881
2063,0.055718687195339435,0.05602990940375626
2064,0.05571830977990094,0.05602981860886036
2065,0.055718007565482564,0.0560295703415836
2066,0.055717867804295135,0.056029578228009774
2067,0.055717823540238604,0.056029586451178136
2068,0.05571749422541574,0.0560294956888399
2069,0.05571710592550284,0.05602945706851996
2070,0.055716953303159795,0.05602941722456445
2071,0.055716877368954094,0.05602939286699709
2072,0.055716320606589945,0.05602920091349335
2073,0.0557161519350384,0.05602910048377536
2074,0.05571597467738497,0.05602910601895903
2075,0.05571587754717601,0.05602908377028045
2076,0.0557155893250061,0.05602899762164717
2077,0.055715273395670555,0.056028818862740935
2078,0.055715216215490124,0.05602880702586179
2079,0.0557151944047417,0.056028794121513854
2080,0.05571515816355522,0.05602879300834248
2081,0.05571486088522133,0.05602875877888662
2082,0.0557144860398673,0.05602879712080594
2083,0.05571418678341811,0.056028796393731164
2084,0.05571387502784105,0.05602877962199509
2085,0.05571365372986194,0.056028790170636784
2086,0.05571328775063408,0.05602876276787107
2087,0.05571318229983612,0.05602876406591295
2088,0.055713115187793094,0.056028768623944514
2089,0.05571269957380561,0.05602867004567974
2090,0.055712440081439316,0.05602845499629298
2091,0.05571199284891192,0.05602855454517379
2092,0.05571178680950333,0.05602839584286042
2093,0.05571145753228938,0.056028308338774604
2094,0.055711392407431906,0.056028299653943736
2095,0.05571129328748613,0.05602822699927338
2096,0.05571113145970613,0.05602823189379623
2097,0.05571091160908122,0.056028271358600314
2098,0.055710605639602215,0.05602817294112017
2099,0.0557100474183629,0.05602802927497274
2100,0.05570978591789636,0.056028122069397036
2101,0.05570949299792869,0.05602813173416791
2102,0.05570901580392052,0.05602783840577238
2103,0.05570884054840014,0.0560279138422345
2104,0.055708827393798614,0.056027918654045106
2105,0.05570858672160193,0.056027908325008
2106,0.0557085173089478,0.05602792322179973
2107,0.05570815539559185,0.056027696336108275
2108,0.05570809248137459,0.056027682345366106
2109,0.05570783482659717,0.056027493949873844
2110,0.05570737611136087,0.05602716937322549
2111,0.0557070410268446,0.056027154021579914
2112,0.055706763677252163,0.05602701782203124
2113,0.055706430484853325,0.05602673417748154
2114,0.055706137737096734,0.05602663394290934
2115,0.055706070714430136,0.05602663362113007
2116,0.05570575323101161,0.05602660884508488
2117,0.05570549328935224,0.05602659393011921
2118,0.05570518883583819,0.05602644848274702
2119,0.05570510334168298,0.05602644002589465
2120,0.05570503276032014,0.05602640647938714
2121,0.05570473461212276,0.05602649561670414
2122,0.055704524002078294,0.05602646975588525
2123,0.05570449984959864,0.05602646629654831
2124,0.05570448875542264,0.05602646721947715
2125,0.055704449275093174,0.0560264624032309
2126,0.055704371942236014,0.05602643911153633
2127,0.05570423574484314,0.05602639433317637
2128,0.05570417733790664,0.056026360892136175
2129,0.055703898114101785,0.056026374296262796
2130,0.05570363672213903,0.05602637795361839
2131,0.05570345034691449,0.056026380422561195
2132,0.055703246104583645,0.05602634693527653
2133,0.055703242969152224,0.05602634691741406
2134,0.05570299359540692,0.05602633344467786
2135,0.05570291355045715,0.05602628828162285
2136,0.05570268129791994,0.05602631896078063
2137,0.05570237781172873,0.05602633921340725
2138,0.055702083442188466,0.05602634281064711
2139,0.0557017304338513,0.05602606252523459
2140,0.055701711835085654,0.056026067543972526
2141,0.0557015163592085,0.05602598243836521
2142,0.05570110594852744,0.05602596408066743
2143,0.05570096062056187,0.0560260428731279
2144,0.05570054944567859,0.05602598674623981
2145,0.05570013042058423,0.056025757807261975
2146,0.05569949292864333,0.056025197380791786
2147,0.05569926457630177,0.05602515009698247
2148,0.055699244196683206,0.0560251432000947
2149,0.0556989683114675,0.05602514365223481
2150,0.055698666216593355,0.0560251444022855
2151,0.05569864692356011,0.05602514488124867
2152,0.05569833780999557,0.056025061508505815
2153,0.05569797829332338,0.056025001390397275
2154,0.05569761271884282,0.05602523472081901
2155,0.05569759036848847,0.056025212803581505
2156,0.05569726353895649,0.056025364410241606
2157,0.05569682865659492,0.056025221722251536
2158,0.05569667198072734,0.05602524394875274
2159,0.05569636464529825,0.056025104191794906
2160,0.05569623524290262,0.05602502624750829
2161,0.055695945175740585,0.05602488743390216
2162,0.05569562796875708,0.056024921028256354
2163,0.05569545523533668,0.05602474764764356
2164,0.05569485380566879,0.0560245757034841
2165,0.05569437458548925,0.05602445202576951
2166,0.05569415773726694,0.05602447198907483
2167,0.05569391825446425,0.05602420052124511
2168,0.05569355098457645,0.05602403276811548
2169,0.05569353234005588,0.05602405045797816
2170,0.05569314666752053,0.056023833913989296
2171,0.05569297038673481,0.05602364745057289
2172,0.05569254691723757,0.056023370623335046
2173,0.0556924305590588,0.056023302064725895
2174,0.05569226897290549,0.05602328886508646
2175,0.05569173637280138,0.05602327932803524
2176,0.055691479710599366,0.05602326610780542
2177,0.0556912733214802,0.05602326362713487
2178,0.05569080171452157,0.056023080586703584
2179,0.055690474517322994,0.05602314495406346
2180,0.05569017619264124,0.05602312686083932
2181,0.05568989265684395,0.056023130122288003
2182,0.05568951491657902,0.05602289401456513
2183,0.055689278359397826,0.05602291803392245
2184,0.055689036993915,0.05602289002578602
2185,0.05568901426416458,0.056022893564368
2186,0.05568864458714492,0.05602282906278426
2187,0.05568829122720262,0.056022852427855006
2188,0.055688191679998514,0.056022792674378825
2189,0.055687975068446346,0.056022720195941594
2190,0.05568762859942533,0.05602251472827602
2191,0.05568732417268723,0.05602252209910746
2192,0.055686987266156514,0.05602243758571399
2193,0.05568695679625326,0.056022450173975766
2194,0.055686935572146164,0.05602243520455762
2195,0.055686722795576564,0.056022399429324826
2196,0.0556865314883223,0.05602244794313406
2197,0.05568633406605472,0.056022356986888906
2198,0.055686301809028844,0.056022308698789026
2199,0.05568603803543682,0.05602210388316065
2200,0.05568579604286927,0.05602205298331711
2201,0.05568567298702051,0.05602212105984378
2202,0.055685414123640205,0.05602209107936615
2203,0.05568529622910438,0.05602208798462316
2204,0.055684941496559774,0.0560222059221468
2205,0.0556847348792164,0.05602217327545583
2206,0.05568437333645772,0.05602210481769261
2207,0.05568399739039884,0.05602217857860193
2208,0.05568373576511606,0.056022262448667724
2209,0.05568349793652238,0.056022114070171776
2210,0.055683384531701345,0.05602199987333105
2211,0.055683116150229306,0.05602192678992695
2212,0.05568278032106129,0.05602172710432551
2213,0.05568265093066834,0.05602167853844662
2214,0.05568231171066727,0.05602163439985454
2215,0.055682023215884224,0.05602158517369211
2216,0.05568192928518591,0.05602154917028052
2217,0.05568190102196662,0.05602149930271201
2218,0.055681760170536124,0.05602129078447782
2219,0.05568152151013139,0.05602140031633505
2220,0.05568102237825822,0.05602109325183869
2221,0.05568054175475583,0.056021101979288584
2222,0.055680336441579874,0.05602097273449008
2223,0.05568014778592084,0.05602088190510483
2224,0.055679853970585814,0.05602057841852291
2225,0.05567962899698606,0.05602057982467425
2226,0.05567914794680405,0.05602045607700144
2227,0.05567906127428145,0.05602047180964502
2228,0.05567857004143025,0.056020138028028924
2229,0.055678364897979754,0.05602015595775004
2230,0.055678310073829354,0.05602014845004502
2231,0.055677800551607176,0.05601971780264613
2232,0.0556774641380358,0.05601961513606908
2233,0.05567710747700704,0.056019519259883424
2234,0.05567704112702323,0.05601947336324095
2235,0.05567671825477081,0.0560193876379887
2236,0.05567668235484331,0.05601936786336269
2237,0.05567635563883131,0.0560191477964438
2238,0.05567610521040096,0.05601914689869613
2239,0.05567607318291779,0.05601914552491506
2240,0.05567605517774345,0.05601914922106376
2241,0.05567595546029355,0.05601914341081055
2242,0.05567581574964571,0.0560191241301471
2243,0.05567570761953078,0.05601902318501517
2244,0.05567504131048129,0.05601895494751883
2245,0.05567499560843049,0.056018943434543486
2246,0.055674945119158485,0.05601892210405033
2247,0.055674598687558696,0.05601885110016926
2248,0.055674322739042034,0.05601892305079822
2249,0.05567414858526165,0.05601901392511448
2250,0.05567321719872244,0.05601828335118106
2251,0.0556731897331703,0.05601827582390669
2252,0.05567311033795308,0.05601827217580025
2253,0.055673053259286794,0.05601826844882205
2254,0.05567276539366835,0.05601827747586313
2255,0.055672411951440584,0.05601813906981853
2256,0.055671906567926754,0.056018129678747995
2257,0.055671477727113776,0.0560179047582128
2258,0.05567122650272335,0.056017820034631655
2259,0.055671117717789806,0.05601778918173883
2260,0.055670919924452375,0.056017753679414396
2261,0.0556708279108267,0.05601774624298396
2262,0.055670605234803626,0.056017808060629795
2263,0.05567051343797583,0.0560177560723923
2264,0.05567038145513562,0.05601773965868137
2265,0.05567016330459151,0.0560176429069646
2266,0.05567011681671249,0.05601769401984123
2267,0.05566997160735145,0.056017591908420594
2268,0.055669929137019764,0.05601759012122522
2269,0.05566981314958483,0.05601759102038325
2270,0.05566967893679227,0.056017500884206595
2271,0.05566939387316212,0.056017490636580125
2272,0.05566913790709561,0.05601755096092775
2273,0.055668884195882826,0.05601729208004577
2274,0.05566885991703916,0.05601728236399382
2275,0.05566860859273857,0.05601717796122048
2276,0.055668133127294205,0.05601690589686522
2277,0.055667931069681494,0.05601686644096948
2278,0.05566787238216239,0.05601684220829165
2279,0.05566780526149639,0.056016846737745866
2280,0.05566772016696599,0.05601682435603196
2281,0.055667646545358836,0.056016785113990754
2282,0.055667542384080136,0.056016787227846504
2283,0.05566750288262387,0.05601678534141879
2284,0.055667312040266356,0.0560168373621459
2285,0.055667112707900264,0.056016798204401294
2286,0.05566691319009679,0.05601679664560918
2287,0.05566631838391667,0.05601634656712645
2288,0.05566624734030293,0.05601629305222696
2289,0.05566606689043028,0.05601625214143522
2290,0.05566573268249413,0.05601620531750509
2291,0.055665404171676744,0.056016290035309065
2292,0.05566513389960208,0.05601622913909815
2293,0.055664864265625176,0.05601617507026221
2294,0.055664571918562174,0.056016178879039355
2295,0.05566417115899828,0.056015808458360385
2296,0.05566402947613722,0.05601582545270423
2297,0.05566374913424279,0.056015832593869254
2298,0.055663349844451426,0.056015515722916104
2299,0.05566308356948632,0.0560155744035364
2300,0.05566280202738902,0.05601558700021953
2301,0.055662350746098446,0.05601548567866699
2302,0.05566202845176227,0.05601534639593384
2303,0.05566179051701683,0.05601531232634681
2304,0.055661658079011786,0.05601521639773419
2305,0.05566119472107685,0.056015190095522346
2306,0.055661053126096885,0.05601519750086418
2307,0.05566065360700297,0.056014938739909946
2308,0.0556604247794172,0.056014926240234755
2309,0.055660212119192004,0.056014860707431655
2310,0.0556599606970049,0.056014854079392364
2311,0.055659896082778895,0.05601483040170371
2312,0.05565948750418249,0.056014699827199595
2313,0.055659461125904496,0.0560146995329898
2314,0.05565945082596958,0.05601469903906254
2315,0.05565916451469806,0.05601461679274492
2316,0.055659134669588266,0.05601462234748343
2317,0.05565875156638807,0.056014422825996814
2318,0.055658496706018766,0.05601440025264617
2319,0.055658193775543804,0.056014379735581626
2320,0.055657845218502255,0.05601426699382362
2321,0.05565781888885573,0.056014241455530446
2322,0.055657327990400414,0.05601415385486843
2323,0.05565699508797243,0.0560141043800167
2324,0.05565667324821625,0.056014040986514566
2325,0.05565646727883649,0.05601402013818285
2326,0.055656274860688276,0.05601398566694009
2327,0.05565602310499349,0.05601393089737838
2328,0.05565570507647676,0.056013779753851765
2329,0.05565543939210206,0.056013557167863805
2330,0.05565531545454328,0.056013459423950494
2331,0.05565507936452455,0.056013360512466345
2332,0.055655002728833405,0.05601334114286938
2333,0.05565487557683781,0.05601331476499361
2334,0.05565456032529398,0.05601334546677895
2335,0.05565409228894854,0.05601316895050934
2336,0.05565407215378897,0.056013167671365084
2337,0.0556539734567497,0.05601316001327429
2338,0.055653654910434426,0.0560133333687664
2339,0.05565362168939918,0.056013337573350364
2340,0.05565331396468521,0.05601341730478331
2341,0.055652984928719194,0.0560133907571776
2342,0.05565235039197611,0.05601326691141128
2343,0.05565194961188159,0.056013235276228125
2344,0.055651685894470164,0.056013070959974
2345,0.055651302944343256,0.05601308231355215
2346,0.05565105611766996,0.05601302907759445
2347,0.05565076649833511,0.056012902971908064
2348,0.05565045613815261,0.05601286534206949
2349,0.05565012690883058,0.05601262465101214
2350,0.05564984458838348,0.05601261953626478
2351,0.055649667521954556,0.056012565220462045
2352,0.05564939577499249,0.056012492807849736
2353,0.055649140791195574,0.05601216763192016
2354,0.055648898481678456,0.05601208117069312
2355,0.05564853696258925,0.05601197112308339
2356,0.05564825734349008,0.05601183923777322
2357,0.055647964943156936,0.05601179012476817
2358,0.05564781679117692,0.056011684185380856
2359,0.05564755409921093,0.05601168571532758
2360,0.05564739427207391,0.05601174567831859
2361,0.05564701312322607,0.056011809883861195
2362,0.055646770836070204,0.056011779195299025
2363,0.055646635481118915,0.05601178287881467
2364,0.055646253029225386,0.056011764084197134
2365,0.05564620119230676,0.05601176269672091
2366,0.055646026111217446,0.0560117259872675
2367,0.055645846069916245,0.0560117976155407
2368,0.055645717950119564,0.05601183434588255
2369,0.055645570547813966,0.056011739911797025
2370,0.05564543218383046,0.056011678456403764
2371,0.05564539753273105,0.05601167194592087
2372,0.05564518949245153,0.05601166429086244
2373,0.05564505831958492,0.05601166795617085
2374,0.05564470428270178,0.056011799725287297
2375,0.055644617518530705,0.05601180745379757
2376,0.05564435676957693,0.056011781238375316
2377,0.05564420016833526,0.056011712693803055
2378,0.0556441018394989,0.05601174054045623
2379,0.05564402692380727,0.05601172697670887
2380,0.05564394597636332,0.056011698013504946
2381,0.05564365639269808,0.05601164142309617
2382,0.05564361806178961,0.0560116424604066
2383,0.05564357872518148,0.05601166125834329
2384,0.05564315101371177,0.056011620906311455
2385,0.05564289214845386,0.056011514789626154
2386,0.05564285857295481,0.05601151839447396
2387,0.05564280612594151,0.05601155780949185
2388,0.0556427217519827,0.05601151192816207
2389,0.05564255901887423,0.05601142063381738
2390,0.05564250531622706,0.05601142578841661
2391,0.05564218075689953,0.05601144852442543
2392,0.055641926687077056,0.056011269611572115
2393,0.05564191171288713,0.05601126964924408
2394,0.05564177277167681,0.05601115340019938
2395,0.055641507776675925,0.056011352928986846
2396,0.05564097639115774,0.056011254097421234
2397,0.055640528094754296,0.05601111808892869
2398,0.05564022358107935,0.05601096263436352
2399,0.05563988843877701,0.056010772227631775
2400,0.05563914068619149,0.056010383532021195
2401,0.05563910885158765,0.05601036163792288
2402,0.05563873310741622,0.05601035675000624
2403,0.055638546800841314,0.05601035652155433
2404,0.05563834427640744,0.05601024872309502
2405,0.055637929472285526,0.05601031626657736
2406,0.05563776136437799,0.05601033182813382
2407,0.055637440405691616,0.05601044645597921
2408,0.055637393020855214,0.056010451940759674
2409,0.05563708327981686,0.056010199046873016
2410,0.055636894535027695,0.056010158030139465
2411,0.0556367976479957,0.056010070008004766
2412,0.05563663433217971,0.05601007430389411
2413,0.055636563517344854,0.05601011619492965
2414,0.05563638326151148,0.056010192075852054
2415,0.05563627905283554,0.056010099905826456
2416,0.055635917688887225,0.05600974575433746
2417,0.05563575920097042,0.05600971249015032
2418,0.0556354115226543,0.056009484964092415
2419,0.055635004564384825,0.05600910525689903
2420,0.05563472148636398,0.056009010866474834
2421,0.0556344994624799,0.056008860120926277
2422,0.0556344377875968,0.05600879815906966
2423,0.055634365299195805,0.056008780214815715
2424,0.055634332173998914,0.0560087907286178
2425,0.05563400290211554,0.0560087408255011
2426,0.05563390054521287,0.05600879816609999
2427,0.0556336686816439,0.05600872476134935
2428,0.055633377825506126,0.05600872698622839
2429,0.05563328993239644,0.05600873906456277
2430,0.055632868916553065,0.0560086751297848
2431,0.05563282894087238,0.05600867874999231
2432,0.055632593369782185,0.05600862835461481
2433,0.05563249400346466,0.05600864165276961
2434,0.055632222713309545,0.05600862347678863
2435,0.055632054096624826,0.05600851425354606
2436,0.05563202014347599,0.056008517232914556
2437,0.055631822872751126,0.05600847240526542
2438,0.05563168591365483,0.05600846944950999
2439,0.05563135602534828,0.0560085477422657
2440,0.05563130853510321,0.05600854464574503
2441,0.055631028701821995,0.05600853888765768
2442,0.055630992444311377,0.05600854494612637
2443,0.055630864113542025,0.0560085085067458
2444,0.05563052353190724,0.056008506106494216
2445,0.05563048748101707,0.0560084995602559
2446,0.05563041645289964,0.05600849635096877
2447,0.05563034362053013,0.056008478595934504
2448,0.05563026511082082,0.05600847383664451
2449,0.055630027999090156,0.05600842589245721
2450,0.05562987716378715,0.056008425738990564
2451,0.05562958507099728,0.0560082112203473
2452,0.05562932774795713,0.05600817417750896
2453,0.055629099232595104,0.056007980872522956
2454,0.05562878046003018,0.05600805792563921
2455,0.05562860758698292,0.056008116029420095
2456,0.055628212915209,0.056008165211858064
2457,0.05562804412944791,0.05600821358521643
2458,0.05562787926774289,0.056008180049287225
2459,0.055627796460721406,0.0560081889289429
2460,0.05562748371313574,0.05600814730612413
2461,0.05562732884484249,0.05600800928558619
2462,0.05562713541483306,0.05600801298751559
2463,0.05562703055830075,0.05600791331300828
2464,0.05562702451173997,0.056007910860393965
2465,0.055626842521955724,0.05600783664677833
2466,0.05562663424020189,0.056007805037838775
2467,0.05562648949170878,0.056007797077825154
2468,0.055626249789152545,0.05600763154632517
2469,0.05562600355448646,0.05600758037831324
2470,0.05562581537308097,0.05600755809676663
2471,0.05562543014647263,0.056007425789081536
2472,0.055625399421576224,0.056007423093966155
2473,0.05562528334122598,0.0560074127719927
2474,0.05562524034118064,0.056007407479487195
2475,0.055625056917302615,0.056007370198001886
2476,0.05562504120116144,0.0560073703635675
2477,0.055624796933918245,0.05600746080722642
2478,0.05562468597893472,0.056007582494477785
2479,0.05562463187872868,0.05600756952110496
2480,0.055624198752204514,0.056007604879792325
2481,0.05562403099937448,0.05600758524083667
2482,0.055623774289227296,0.05600754914743609
2483,0.05562375517893908,0.056007550480163974
2484,0.05562343882351322,0.05600761705129987
2485,0.05562315075363272,0.05600758423106593
2486,0.055622797032022775,0.05600764319517655
2487,0.055622598162604536,0.056007726744024
2488,0.05562238543599815,0.05600769059236734
2489,0.05562210790390278,0.05600765004957388
2490,0.05562190190191576,0.05600761643710233
2491,0.055621813170668284,0.05600755429435231
2492,0.055621473296039683,0.05600749607954238
2493,0.05562122758319097,0.05600732330596415
2494,0.05562109149757173,0.05600730752357766
2495,0.055620576579861164,0.05600689855553533
2496,0.055620278871068046,0.05600690646054567
2497,0.05561999155235588,0.056006723305273134
2498,0.05561968234759015,0.0560066401307159
2499,0.05561950404313928,0.05600650335153743
2500,0.05561922248226823,0.05600655966868362
2501,0.05561891961561035,0.05600653503919865
2502,0.055618747954626464,0.05600653617741787
2503,0.05561866670523644,0.056006526193623854
2504,0.05561855890156845,0.05600652469032323
2505,0.05561840046751286,0.05600661780011754
2506,0.05561811407672068,0.05600664427864604
2507,0.05561783188424347,0.056006610390555295
2508,0.05561777302024118,0.05600657001855298
2509,0.05561738722049714,0.056006434394754466
2510,0.05561717571147926,0.05600638748448663
2511,0.05561702714138109,0.05600640430334191
2512,0.05561674463766163,0.05600635678353486
2513,0.055616662916620985,0.05600630795476241
2514,0.05561656473740077,0.05600625913444338
2515,0.05561636740264292,0.05600616110940384
2516,0.05561632696998443,0.056006155098958094
2517,0.05561626880653721,0.05600617106140969
2518,0.05561625743881734,0.05600617225179942
2519,0.05561616532955647,0.0560062017881582
2520,0.05561595285804623,0.05600620972370366
2521,0.05561584095543282,0.056006213740713816
2522,0.05561542328349197,0.05600607653128977
2523,0.055615351588065444,0.0560060954557918
2524,0.05561516873957277,0.05600608464167492
2525,0.05561513821662184,0.05600609465810818
2526,0.055615123855123565,0.05600608779367272
2527,0.055614908099289095,0.05600607588767257
2528,0.05561461242893015,0.05600610204365221
2529,0.055614428627616584,0.056006138104827276
2530,0.055614145682980155,0.05600601561816483
2531,0.05561400815478833,0.056005987524027724
2532,0.05561374626150313,0.05600600086161412
2533,0.055613203525264415,0.05600604497500453
2534,0.055613152885609245,0.0560059932821035
2535,0.05561299598208048,0.05600603071514112
2536,0.05561268579025519,0.05600594124699122
2537,0.05561244850437025,0.05600600189874379
2538,0.05561224795440806,0.05600601144681413
2539,0.05561208558353534,0.05600595208562842
2540,0.05561194350597535,0.056005950069272815
2541,0.055611907665209244,0.05600594896724298
2542,0.05561161469163882,0.05600598269595373
2543,0.055611221622429596,0.05600590763256238
2544,0.0556110148313255,0.056005783739442726
2545,0.05561083206976696,0.05600582124234621
2546,0.055610573830423025,0.05600575068815928
2547,0.05561026378467949,0.05600570083630267
2548,0.05560994378074325,0.05600566581469968
2549,0.055609895116457385,0.05600566936530869
2550,0.05560978922953637,0.05600563495255705
2551,0.055609730734522876,0.05600558830104538
2552,0.05560934243626298,0.0560056620616521
2553,0.05560896691013682,0.05600529877332065
2554,0.055608955263022924,0.056005294782175113
2555,0.055608643168971086,0.05600532784602489
2556,0.055608407953401655,0.05600532559973891
2557,0.0556081043432061,0.05600507244015144
2558,0.05560787343851053,0.056005000248907456
2559,0.055607774174234494,0.05600496552898041
2560,0.05560734880221172,0.056004834327783824
2561,0.05560731632643972,0.05600483492607285
2562,0.05560711016334427,0.05600481684705055
2563,0.05560702278347518,0.05600479434670272
2564,0.05560670014734999,0.0560047364854056
2565,0.055606651254412685,0.05600473476337931
2566,0.05560622574210356,0.0560047720020078
2567,0.05560606797768535,0.056004794665627806
2568,0.055605723983240436,0.05600484164881471
2569,0.055605453359393195,0.056004864495154114
2570,0.05560520669503357,0.05600474844868589
2571,0.05560482202183504,0.056004639232197534
2572,0.05560448671767452,0.05600461930084247
2573,0.05560413466250814,0.05600459562559559
2574,0.055603708576954756,0.05600445133818232
2575,0.05560350897178314,0.05600420360146037
2576,0.05560312082810136,0.05600396179832515
2577,0.05560295871579981,0.05600388758468952
2578,0.055602778813289316,0.056003803048630965
2579,0.05560251284773694,0.05600376468793692
2580,0.05560238614626989,0.0560037048520859
2581,0.05560210949528566,0.05600375441083907
2582,0.05560190662900953,0.05600365563724092
2583,0.05560179891001615,0.05600363856015549
2584,0.05560145661625314,0.05600353420030492
2585,0.05560118286115073,0.05600346202365683
2586,0.05560106362068865,0.05600346988822866
2587,0.055600796988899366,0.05600354781632767
2588,0.05560061396900709,0.05600351698573209
2589,0.055600515673427574,0.05600348040409282
2590,0.05560030666066381,0.056003593884444904
2591,0.055600045946895,0.05600368308440087
2592,0.055599975673153376,0.05600364337871596
2593,0.05559967073813192,0.05600356965115969
2594,0.055599453986453544,0.056003566035240225
2595,0.05559930059964091,0.05600361724998201
2596,0.05559915622481422,0.05600362313496164
2597,0.055599012544422545,0.056003648836165904
2598,0.055598710879892946,0.05600369835098167
2599,0.05559857946234325,0.05600372216753246
2600,0.05559813974090913,0.05600371291496743
2601,0.05559786728407213,0.056003686007761504
2602,0.055597644354131164,0.0560035971591258
2603,0.055597533252500296,0.056003582641253186
2604,0.055597486984525726,0.05600361485262193
2605,0.055597298674199075,0.056003545828207324
2606,0.05559707745161481,0.056003678256919744
2607,0.055596965117194926,0.05600370197880542
2608,0.055596906003704996,0.05600369095926774
2609,0.0555968986867105,0.05600369427010892
2610,0.055596821859147404,0.0560036920510484
2611,0.0555967836954829,0.05600371155998909
2612,0.05559649404191692,0.056003529514987826
2613,0.05559616826033331,0.05600358546014637
2614,0.055596111279828095,0.05600358574425885
2615,0.05559563557903972,0.05600333989651362
2616,0.055595479858328065,0.05600327506134567
2617,0.055595449206227096,0.05600328430555216
2618,0.055595443299092585,0.05600328044256004
2619,0.05559537296931262,0.05600329318873662
2620,0.05559532301720068,0.05600329240920074
2621,0.055594979811354216,0.056003105479087684
2622,0.05559455653910175,0.05600307609046697
2623,0.05559446116155356,0.05600306079861023
2624,0.05559420244285371,0.056003064809849214
2625,0.05559403149133393,0.056003045600167424
2626,0.05559361808266023,0.05600309785368642
2627,0.055593434400991085,0.05600305613141779
2628,0.055593078541845364,0.056002989785290024
2629,0.0555927576626791,0.0560027547556619
2630,0.05559264627322472,0.0560027643831429
2631,0.0555926370966136,0.05600276293234928
2632,0.05559260926376561,0.05600277751659509
2633,0.05559196740431428,0.05600258513318047
2634,0.055591718274552934,0.05600252176869698
2635,0.05559138190415281,0.056002432598073984
2636,0.0555912705941937,0.05600242324245389
2637,0.05559113863387746,0.056002418457149705
2638,0.05559084858267906,0.056002467437175206
2639,0.05559079933045701,0.0560024597642848
2640,0.0555903458342478,0.056002596440870876
2641,0.055590063843999615,0.05600257707988875
2642,0.055589928091130524,0.056002562042360295
2643,0.05558974779498032,0.05600254103225802
2644,0.05558971563700462,0.05600259529288591
2645,0.05558934966374587,0.056002689197010846
2646,0.05558902416646098,0.056002435015917555
2647,0.055589001752663604,0.056002435304823676
2648,0.05558881195132288,0.05600248855699809
2649,0.055588668686781535,0.056002524330266396
2650,0.055588258781469044,0.0560025760030479
2651,0.05558824800572004,0.05600257939767104
2652,0.05558806299617431,0.05600258287153707
2653,0.055587893402062674,0.056002614432820716
2654,0.05558761287216334,0.05600241805834619
2655,0.055587476052535334,0.05600238533577402
2656,0.05558704740041812,0.05600237274414193
2657,0.0555869378524793,0.05600241676563833
2658,0.05558692033086453,0.05600241222169145
2659,0.05558687877233302,0.056002385275522634
2660,0.05558646605564002,0.056002263316765506
2661,0.05558597433521366,0.05600199739470317
2662,0.055585747150559785,0.05600200301494551
2663,0.05558552179920027,0.05600205690338794
2664,0.0555853098175043,0.056002183844087346
2665,0.05558497349955285,0.056002219076015804
2666,0.055584894823758384,0.056002195704010306
2667,0.05558450026634764,0.056001885147226795
2668,0.05558428613665363,0.05600194315214309
2669,0.05558404864069094,0.05600193376009655
2670,0.05558391574835536,0.056001962172856995
2671,0.055583595776085896,0.05600206367682583
2672,0.0555834158540016,0.056001987545355826
2673,0.05558332930910048,0.056001942154656655
2674,0.0555833051604892,0.056001940028478775
2675,0.05558310546802199,0.05600186032920615
2676,0.05558305953933794,0.05600186804339314
2677,0.05558286352459894,0.05600189253337973
2678,0.05558277593607505,0.05600188879749349
2679,0.055582317741658234,0.05600169363541793
2680,0.0555821157009467,0.0560017655795304
2681,0.05558196244564102,0.05600177371775328
2682,0.05558186271961157,0.05600171929126181
2683,0.0555817012597155,0.0560017574845911
2684,0.055581470247111464,0.05600153296953833
2685,0.05558119631717056,0.056001590553827515
2686,0.05558104032305875,0.056001537057985586
2687,0.055580796920276676,0.056001469716073275
2688,0.055580672376954465,0.05600151283701035
2689,0.055580588907614574,0.05600151530375789
2690,0.05558050667002106,0.05600149723932985
2691,0.05558036567694639,0.05600149849340934
2692,0.055580269429774926,0.05600151149836894
2693,0.0555799655543463,0.05600156519925528
2694,0.05557979036855093,0.05600150411827628
2695,0.05557932632994673,0.056001431164381645
2696,0.055579117001987734,0.056001454410818934
2697,0.05557906038453891,0.056001438202800034
2698,0.05557883020508596,0.056001412110343055
2699,0.055578472017899325,0.05600110719781496
2700,0.055578438845897554,0.05600112486071356
2701,0.055578277499789226,0.05600112303221945
2702,0.0555781946767048,0.056001120557734034
2703,0.055578108603586564,0.056001094502694436
2704,0.05557778141589847,0.05600106905203954
2705,0.05557742289287702,0.05600080727092204
2706,0.05557720659684977,0.05600084223750456
2707,0.05557694428026966,0.05600072107532046
2708,0.05557685185884794,0.05600079929376567
2709,0.05557667385306108,0.05600069954574289
2710,0.05557645517471829,0.05600067526333772
2711,0.055575916803900303,0.056000710447672714
2712,0.05557571909005607,0.05600057121116604
2713,0.05557555175187072,0.05600055385962769
2714,0.05557543632404943,0.05600054283194087
2715,0.05557516056844334,0.056000555468948325
2716,0.05557512319650251,0.05600055367584069
2717,0.05557501155871885,0.05600055617184395
2718,0.05557474281381652,0.05600069653728803
2719,0.055574573815430406,0.05600066803650054
2720,0.055574169374421334,0.05600068577776119
2721,0.05557403738407015,0.056000653008403026
2722,0.055573849994641045,0.0560005588400313
2723,0.055573710569582095,0.05600055585421735
2724,0.05557358926019376,0.05600050552693675
2725,0.055573412407521894,0.05600049685280606
2726,0.05557321727076795,0.056000387809532294
2727,0.05557278978656813,0.05600034832812943
2728,0.0555727759103157,0.056000347355265434
2729,0.05557246323024989,0.05600038599602431
2730,0.055572413586191305,0.05600037042768464
2731,0.05557217820023762,0.056000377350710735
2732,0.055571916604867565,0.056000101811885764
2733,0.05557176848177288,0.056000023995579386
2734,0.05557148175672482,0.05600009988413981
2735,0.055571286843158776,0.056000086669614556
2736,0.05557089775053318,0.05600014770408462
2737,0.05557084882542844,0.056000152549898215
2738,0.05557065926408097,0.05600009619815249
2739,0.05557037143352485,0.05600008768043418
2740,0.05557024779982335,0.05600002465349963
2741,0.0555701295444045,0.05600001784503919
2742,0.05556991651635917,0.05599998069133635
2743,0.05556965869933829,0.05599996180032482
2744,0.055569394822167335,0.055999908954610995
2745,0.055569308555166785,0.055999912175008444
2746,0.05556923550424257,0.05599987052123811
2747,0.0555686708255933,0.05599969605144251
2748,0.05556844251912887,0.0559996709754268
2749,0.055568182454770486,0.0559995391853671
2750,0.05556792476575524,0.05599953476694188
2751,0.055567125703152316,0.05599895817895847
2752,0.05556682523944243,0.0559989765200188
2753,0.05556664608141413,0.055998920051369354
2754,0.05556664242804562,0.05599891943205228
2755,0.05556661968892725,0.05599891884700932
2756,0.055566486738882925,0.05599884887849569
2757,0.05556625941187994,0.05599876618944389
2758,0.05556606742395229,0.055998781831421963
2759,0.05556588162718963,0.05599863897118887
2760,0.05556556699850383,0.05599854235127778
2761,0.055565262854751676,0.05599838389886874
2762,0.05556503230168928,0.0559983183565968
2763,0.055564898094627696,0.055998338431817306
2764,0.05556488544815343,0.0559983341013186
2765,0.05556468277185106,0.055998357225599864
2766,0.055564633141608,0.055998370235647625
2767,0.05556435474259162,0.05599842148993789
2768,0.055564298327792416,0.05599843245940481
2769,0.05556419055868357,0.05599846258890242
2770,0.05556413673808951,0.05599845008058066
2771,0.055564036299766,0.05599849539647227
2772,0.055563855782640455,0.05599847217883733
2773,0.05556356076755782,0.055998357734966614
2774,0.055563528345594144,0.05599834631580256
2775,0.055563330956627015,0.05599827076902298
2776,0.055563285506946676,0.055998223893052125
2777,0.05556317658298375,0.05599822668433391
2778,0.05556309477977726,0.055998192483351604
2779,0.055562571099189564,0.055997629567321794
2780,0.05556243757303401,0.055997630652985034
2781,0.055562246631575614,0.055997611255774245
2782,0.05556212622384588,0.05599761600680096
2783,0.055561994632027024,0.055997660225035446
2784,0.05556187515689238,0.05599757657267527
2785,0.05556170064700653,0.05599747790862279
2786,0.055561367106924345,0.055997264096624005
2787,0.05556102378363745,0.055997273638455955
2788,0.055560787765792055,0.05599726488654392
2789,0.05556056747814167,0.05599726402500423
2790,0.055560332255176016,0.05599700068536294
2791,0.0555603142095284,0.055997005156693085
2792,0.05556023958233019,0.055997053517870064
2793,0.055559764592205234,0.05599705198940215
2794,0.05555961066915687,0.05599695050526566
2795,0.05555960481978798,0.0559969537037886
2796,0.05555945416403513,0.055996928585908205
2797,0.05555927162306505,0.05599701231255594
2798,0.05555919513891555,0.0559970154650389
2799,0.05555891175348771,0.05599711428304911
2800,0.055558868307047815,0.05599709262145695
2801,0.05555873085394902,0.05599704033636783
2802,0.055558419025170384,0.05599697827350478
2803,0.05555799119446556,0.05599708594301225
2804,0.05555798306750772,0.05599707763142695
2805,0.055557637023698314,0.055996947912043245
2806,0.055557254649867285,0.05599702576745344
2807,0.05555722281750337,0.05599703064798735
2808,0.055557131764354936,0.055996924824312094
2809,0.05555679264578438,0.05599675440027726
2810,0.0555566786228717,0.0559967238589792
2811,0.055556668773677105,0.055996724007881866
2812,0.05555642859268467,0.05599661772614221
2813,0.05555628753566577,0.05599656063028813
2814,0.055556156736596536,0.055996582624101045
2815,0.0555558772600656,0.055996567121904456
2816,0.05555544437280824,0.05599635264898028
2817,0.05555542557650828,0.05599634799567837
2818,0.05555511080286555,0.05599633492517054
2819,0.05555508174532793,0.05599634514238331
2820,0.05555475124190701,0.05599625420674551
2821,0.055554746797934075,0.05599625337369133
2822,0.05555427701477927,0.05599625492448461
2823,0.05555405266074776,0.05599612413893999
2824,0.05555376144779672,0.05599614943795269
2825,0.05555359126863465,0.05599618996427053
2826,0.05555355936952968,0.05599618839929154
2827,0.055553519759044885,0.05599619055944174
2828,0.05555349038272662,0.05599617970333584
2829,0.05555342333274974,0.05599615364724281
2830,0.05555307390290569,0.055996211505952534
2831,0.055552736565218905,0.05599605959439096
2832,0.05555235184829225,0.0559958292971784
2833,0.055552257949957294,0.05599586839203274
2834,0.05555190521200336,0.055995752366615345
2835,0.05555170635118247,0.05599555911503938
2836,0.05555162411024888,0.05599556424900443
2837,0.055551368646920084,0.05599557752903526
2838,0.0555512543999683,0.05599560077693058
2839,0.05555103141244598,0.05599547894304303
2840,0.05555096042914638,0.055995446471891336
2841,0.055550787420038474,0.055995507485589735
2842,0.05555066291438884,0.055995502937960226
2843,0.05555057213731413,0.055995477901788986
2844,0.05555054020902383,0.05599549008495629
2845,0.05555036165763388,0.055995391218469616
2846,0.05555034065708147,0.05599538215672147
2847,0.05555018675074015,0.05599535878431198
2848,0.05554979270509771,0.055995270122764916
2849,0.05554969795297893,0.055995275859342365
2850,0.05554966821966133,0.0559952763548062
2851,0.055549645334950465,0.055995257941209554
2852,0.055549278615470016,0.055995395202955954
2853,0.055549196113346376,0.05599540850069865
2854,0.055548952347553235,0.055995512832515915
2855,0.055548813610162624,0.05599548749063423
2856,0.055548765850798903,0.05599548975807111
2857,0.055548432149714874,0.055995607683970154
2858,0.05554804805178341,0.055995549113767445
2859,0.05554788659392678,0.05599551105914469
2860,0.05554768673321775,0.05599549226646075
2861,0.05554756227972447,0.05599546422356366
2862,0.05554729341572944,0.05599551803317677
2863,0.05554695355813789,0.055995591576699574
2864,0.055546943038319335,0.05599559658199647
2865,0.055546800825341094,0.05599557657226821
2866,0.05554667454423632,0.055995581206351175
2867,0.05554651758907991,0.05599556825671399
2868,0.055546465538601986,0.05599560402297685
2869,0.05554624605635808,0.0559956061917879
2870,0.05554603555317541,0.05599562273337108
2871,0.05554576014001907,0.05599541945824133
2872,0.05554554766758907,0.05599542154151825
2873,0.055545453287586456,0.05599538890753298
2874,0.0555453738790044,0.05599537938870791
2875,0.05554512996480065,0.05599538563603028
2876,0.055544981557424676,0.05599534118103433
2877,0.05554470704020224,0.05599540537090357
2878,0.05554469922028387,0.055995385912914544
2879,0.05554438412634294,0.055995250550792984
2880,0.05554428500051104,0.055995218218891335
2881,0.05554415469169351,0.055995133156677035
2882,0.05554410398663067,0.05599513384033931
2883,0.05554405204069118,0.05599514258714893
2884,0.05554373841609442,0.055995122567851954
2885,0.05554351224518475,0.055994997271941634
2886,0.05554346135008135,0.05599500510187641
2887,0.05554316632320693,0.05599500463385409
2888,0.055543152450117476,0.05599501453630104
2889,0.05554286253755934,0.05599503989183541
2890,0.05554246155739907,0.05599496885053431
2891,0.055542133832759216,0.05599496330285669
2892,0.05554207014511698,0.05599497406280542
2893,0.055541949374396556,0.05599496818292065
2894,0.05554127367042941,0.055994470854824716
2895,0.05554113213668732,0.055994477422081836
2896,0.05554077415613843,0.05599470815173727
2897,0.05554070812856524,0.05599471494988229
2898,0.055540522546654404,0.0559946730269019
2899,0.05554046225375915,0.05599466476581167
2900,0.055540275901103935,0.05599476259261359
2901,0.05554003431688901,0.055994732223231376
2902,0.055539774582481216,0.055994688125818086
2903,0.05553975314260142,0.05599468657408294
2904,0.05553971933814162,0.05599466685345857
2905,0.055539162510168306,0.055994441165622466
2906,0.055539030573280385,0.05599446506094032
2907,0.055538769107246734,0.05599431831526778
2908,0.05553850615223545,0.0559939650392777
2909,0.05553842872456826,0.05599393115689188
2910,0.055538407239019524,0.05599394221605574
2911,0.055538299509044826,0.05599398482148223
2912,0.05553818036177605,0.055993965642744406
2913,0.05553808630742744,0.05599396977426597
2914,0.05553797030576378,0.05599395620481805
2915,0.055537766436029104,0.055994009210006614
2916,0.055537449278188385,0.05599390965868808
2917,0.05553733301075821,0.05599397665738233
2918,0.05553718408115577,0.05599393860172977
2919,0.05553710653417878,0.05599392850575019
2920,0.05553689444179825,0.05599398088310211
2921,0.05553682221002533,0.05599395161811183
2922,0.05553653129557998,0.055993984508407015
2923,0.055536518282744377,0.05599398858380437
2924,0.055536268650318604,0.055993934907077464
2925,0.05553612583264506,0.05599397574904955
2926,0.055535924051049027,0.05599376558270146
2927,0.05553565427283647,0.05599369569163835
2928,0.05553532868380598,0.05599366855098296
2929,0.05553504749486386,0.05599368092506402
2930,0.05553494170705579,0.055993690696545466
2931,0.05553492764877635,0.055993690973537236
2932,0.055534858953068915,0.05599366306998346
2933,0.05553460194123901,0.05599357641926
2934,0.055534488140899944,0.05599359649590579
2935,0.05553415869201779,0.05599361929546234
2936,0.055533970515130225,0.05599362484370923
2937,0.0555338341552332,0.05599356314035563
2938,0.05553351084059474,0.05599354569826757
2939,0.05553344760380942,0.05599357403110628
2940,0.05553315301999575,0.05599342610170837
2941,0.055533133594461284,0.055993424358598
2942,0.055532765107105794,0.055993296007513835
2943,0.0555324606104191,0.05599331710836097
2944,0.055532285510127434,0.05599334555199819
2945,0.05553207811257983,0.05599333531575418
2946,0.055531978236366825,0.055993303050387626
2947,0.05553191991134309,0.055993320614416746
2948,0.05553167825562664,0.055993306704369
2949,0.05553149896108357,0.05599334476323236
2950,0.055531336059244665,0.05599332452875784
2951,0.05553105743608828,0.055993241884825885
2952,0.05553104202034552,0.055993241972178115
2953,0.055530767991476514,0.055993232754949794
2954,0.055530728157786015,0.055993232094682106
2955,0.05553063675161982,0.055993230338154704
2956,0.05553035904457219,0.055993157610433976
2957,0.05553019562781373,0.055993096026392554
2958,0.05553015805994377,0.05599309772551274
2959,0.05552985556457015,0.0559931365784694
2960,0.05552980062185589,0.055993126266811306
2961,0.05552977212651172,0.05599315717809486
2962,0.055529543081597035,0.05599324753405569
2963,0.05552924346264971,0.055993113449971176
2964,0.05552902361324334,0.055993178730670994
2965,0.055528735995168076,0.05599318124961426
2966,0.055528668388563386,0.055993174294556185
2967,0.05552839250093144,0.05599314165425324
2968,0.05552817596124299,0.055993181242504825
2969,0.05552795327074831,0.05599318307838509
2970,0.05552778551302846,0.055993193800177796
2971,0.05552751039452212,0.055993142961103096
2972,0.05552749747970172,0.05599314162535335
2973,0.05552742236813996,0.05599311567844359
2974,0.055527144995536584,0.05599312959293138
2975,0.05552675847691544,0.05599306478630813
2976,0.05552669475533685,0.05599302398252649
2977,0.05552660655064816,0.05599301931923722
2978,0.055526052834296014,0.055992747125923614
2979,0.05552598178400562,0.055992669139207564
2980,0.05552573825214638,0.05599261814008203
2981,0.055525653270350486,0.0559926066869594
2982,0.05552542710286267,0.05599252152703234
2983,0.055525102638930436,0.055992408366002125
2984,0.05552504685494212,0.055992419094222014
2985,0.05552503554961211,0.055992417235788544
2986,0.05552500079660107,0.055992376396061375
2987,0.055524869906811845,0.055992375733766545
2988,0.055524864900618094,0.0559923793203156
2989,0.055524535309337784,0.05599250275974499
2990,0.05552434589726793,0.05599250352840514
2991,0.05552402283270587,0.05599267891662829
2992,0.055523891291572626,0.05599265917291252
2993,0.055523786853293906,0.05599263217688444
2994,0.055523576129743325,0.05599265762481521
2995,0.05552342801463076,0.05599258575183819
2996,0.05552328526108016,0.05599260295212846
2997,0.05552301045339588,0.055992566482388165
2998,0.05552291054566959,0.05599254540188569
2999,0.055522900989559656,0.05599254618979647
3000,0.05552265031010238,0.05599254028332773
3001,0.055522442745271225,0.05599247959118464
3002,0.055522105879951766,0.05599243251167272
3003,0.055521753598878364,0.055992432714448245
3004,0.055521527462332854,0.05599251885318572
3005,0.055521322020705054,0.05599255783159119
3006,0.055521150138678046,0.05599255536192261
3007,0.055521056747682866,0.055992548139950644
3008,0.05552092593865134,0.055992592916492334
3009,0.05552083669735103,0.05599260393794355
3010,0.055520671414608785,0.05599259950835224
3011,0.05552034191787721,0.05599251550375273
3012,0.05552029951661043,0.0559925107052488
3013,0.055520244585927386,0.055992510057829216
3014,0.05552012907668247,0.055992456484586804
3015,0.055519866876657886,0.05599244935356231
3016,0.05551928842141195,0.055992398098293816
3017,0.05551908555078776,0.05599236655548545
3018,0.05551880372776325,0.0559921601447622
3019,0.05551859956119006,0.055992149460523305
3020,0.05551840471480248,0.05599202796319733
3021,0.05551830441843899,0.05599208121417611
3022,0.05551816666993648,0.05599218433946561
3023,0.05551809285316043,0.05599219593181066
3024,0.055517856917972196,0.05599203767886006
3025,0.05551755522754388,0.05599206207039517
3026,0.055517379452204564,0.05599200946131406
3027,0.05551720622719828,0.0559921164812073
3028,0.05551693651604167,0.05599189829160221
3029,0.05551678615721911,0.0559918976563283
3030,0.0555166374250478,0.05599186987495853
3031,0.05551641829287527,0.05599188084288625
3032,0.05551624308826322,0.05599174368754046
3033,0.05551621422501865,0.05599173440624964
3034,0.055515877634827994,0.055991763189350945
3035,0.05551587259852469,0.055991762150385906
3036,0.05551566448359441,0.055991742107926616
3037,0.05551542743850301,0.055991763013123017
3038,0.05551521239466892,0.05599169689173646
3039,0.0555150517927726,0.05599166044115335
3040,0.05551485674834792,0.05599158441520096
3041,0.05551462471261486,0.055991711287201394
3042,0.055514446042298105,0.055991633528581025
3043,0.05551442632077623,0.05599163495212956
3044,0.05551418912692006,0.05599155886902355
3045,0.05551376803932167,0.05599141436006896
3046,0.05551360608024372,0.05599147596691174
3047,0.0555135445190171,0.05599144857813934
3048,0.05551352744668797,0.05599144837651257
3049,0.055513297452641615,0.055991659676992545
3050,0.05551317740026079,0.05599165666477654
3051,0.0555131024061827,0.05599163946953891
3052,0.05551299076069702,0.05599159752395121
3053,0.05551279198143281,0.055991551990441174
3054,0.05551251000613564,0.055991357159976884
3055,0.05551226435981424,0.05599140640509509
3056,0.05551194223774095,0.05599124252794932
3057,0.05551184251346036,0.05599124389910571
3058,0.05551168847443791,0.05599126703274427
3059,0.05551124631833382,0.05599099485591542
3060,0.055510846801780186,0.05599097011930595
3061,0.05551056948824169,0.05599087018602539
3062,0.055510430761481315,0.05599080300740534
3063,0.05551010903337869,0.05599080029799614
3064,0.05550994113763195,0.05599085199525439
3065,0.055509829015000484,0.05599080717950417
3066,0.055509692578989675,0.05599079201545688
3067,0.05550951806311436,0.05599075438883527
3068,0.055509246832290984,0.05599061430838325
3069,0.055508940177146644,0.05599068967280734
3070,0.05550872697825006,0.05599053391424861
3071,0.05550865992391785,0.05599050667534359
3072,0.05550832848400083,0.05599046165931952
3073,0.05550806924384968,0.0559904947560742
3074,0.05550782872711492,0.055990464894993895
3075,0.05550748005979285,0.05599041204922662
3076,0.05550733695653769,0.05599045986989704
3077,0.05550710204396702,0.055990382086652205
3078,0.05550665815284253,0.05599052089072189
3079,0.055506550152220606,0.055990497109512045
3080,0.055506497708918356,0.05599049502203361
3081,0.05550645701810481,0.05599045422905521
3082,0.05550619674116854,0.05599035626830423
3083,0.055506153437173855,0.05599037369615909
3084,0.05550609892586347,0.05599038264263052
3085,0.05550573437275379,0.055990223685008174
3086,0.055505719649691206,0.05599022354545056
3087,0.05550556346119146,0.05599036804160562
3088,0.05550519849643557,0.05599037039340389
3089,0.055505050130417836,0.055990314471559915
3090,0.055505009640358864,0.055990326942982144
3091,0.055504676129679686,0.055990316167096814
3092,0.0555044983835818,0.05599041408669623
3093,0.055504374274710305,0.05599040352624709
3094,0.055504186680260255,0.05599042743772897
3095,0.055503987009312986,0.05599055566407119
3096,0.055503768627618334,0.055990471808888304
3097,0.05550363884840436,0.05599049657469541
3098,0.055503538105203934,0.055990394339222274
3099,0.05550323228430301,0.05599026578649118
3100,0.055503225899265346,0.055990266241942074
3101,0.05550294141344272,0.055990300099266026
3102,0.055502926934511046,0.055990284044577864
3103,0.0555028498898352,0.0559902664766614
3104,0.05550217483892082,0.055989718998561054
3105,0.055501907008953244,0.05598974147278566
3106,0.055501691935774033,0.055989748018101304
3107,0.055501465594717386,0.05598977853921295
3108,0.0555013151919176,0.05598972316511806
3109,0.055501260178878326,0.055989704784256876
3110,0.055501203220010106,0.0559897060250701
3111,0.05550099313269646,0.0559897314393647
3112,0.055500831983533165,0.0559896530032712
3113,0.05550050614611695,0.055989636566384955
3114,0.055500079723916115,0.05598969801335928
3115,0.05549992953381194,0.05598967520009171
3116,0.05549970672427623,0.05598962138272619
3117,0.05549963856760837,0.055989610315144434
3118,0.05549939150092918,0.05598963184992011
3119,0.055499072208320684,0.05598944853919564
3120,0.055498870980317534,0.05598931532367596
3121,0.055498737468960856,0.05598935028215228
3122,0.05549867186486645,0.055989296143339036
3123,0.055498651330843925,0.05598931251744831
3124,0.05549830528086747,0.05598935031033666
3125,0.05549808534859501,0.05598933659571993
3126,0.05549791525513474,0.05598933958677373
3127,0.05549751201235755,0.05598946106732389
3128,0.055497476814515695,0.05598945757145643
3129,0.05549712500996533,0.055989430536371065
3130,0.05549690950202816,0.055989431982179996
3131,0.055496876386700374,0.055989387996604224
3132,0.05549686315084162,0.05598938128653356
3133,0.05549680835599616,0.0559893775333912
3134,0.055496550933976846,0.05598937945951475
3135,0.055496487961254636,0.055989417540154136
3136,0.055496132518564424,0.055989406562568546
3137,0.05549595909178051,0.055989288041798105
3138,0.05549595082416878,0.05598928820619164
3139,0.0554956711061052,0.05598920601650691
3140,0.05549546580898637,0.05598914674966451
3141,0.05549538982243206,0.05598919086165607
3142,0.05549528943802604,0.05598913614959219
3143,0.05549507858928282,0.05598904830753574
3144,0.055494939911252254,0.055989022428722286
3145,0.05549485033248268,0.05598908222989851
3146,0.05549453350444673,0.05598915381215421
3147,0.055494329920080424,0.055989036564056585
3148,0.05549421283334678,0.05598900434192438
3149,0.055494078153134334,0.05598891371194492
3150,0.05549376112487069,0.05598890865205763
3151,0.05549359961173727,0.05598876371806113
3152,0.055493407241553404,0.05598879467638718
3153,0.05549317466140718,0.05598893284184833
3154,0.05549290910238515,0.055988857995590634
3155,0.055492639496367645,0.05598878921760168
3156,0.055492579704830625,0.05598878998986787
3157,0.05549246836363685,0.055988784383532726
3158,0.055492372067938806,0.055988805070814496
3159,0.055492336220902085,0.055988801860942086
3160,0.055492284980678645,0.055988818131694325
3161,0.055492033830993576,0.05598878227514519
3162,0.05549181431942933,0.0559887803076159
3163,0.05549158864753262,0.055988765028210735
3164,0.05549154788923779,0.055988760480067436
3165,0.055491519864190465,0.0559887702191933
3166,0.05549147863009865,0.055988775413565305
3167,0.055491436608366196,0.05598878240900171
3168,0.05549112597168728,0.055988479199593294
3169,0.05549104969458783,0.055988497894785196
3170,0.05549086684069724,0.05598852527960018
3171,0.05549083967487345,0.05598854646285736
3172,0.055490723896207225,0.055988581005624115
3173,0.05549049864824072,0.05598865303170025
3174,0.055490338467640885,0.0559887045412807
3175,0.055489996713227546,0.05598852463415763
3176,0.0554897946770887,0.05598862298856523
3177,0.05548949038418089,0.05598879392391075
3178,0.05548916166938737,0.055988857463534075
3179,0.055488995172340586,0.055988771804107454
3180,0.05548870218030568,0.05598875021126017
3181,0.055488555423114636,0.0559887635780006
3182,0.055488201042577866,0.055988748871598465
3183,0.05548805939093571,0.055988789666723854
3184,0.05548783960516705,0.05598885863441383
3185,0.0554875814634988,0.05598879169757693
3186,0.05548753791598046,0.05598880038738618
3187,0.055487438052380524,0.05598880668775292
3188,0.05548714286840413,0.0559887234082576
3189,0.05548692093174824,0.05598871112660929
3190,0.055486885820080496,0.0559887152746192
3191,0.0554866016010384,0.055988667909755735
3192,0.05548644763205854,0.05598864276774727
3193,0.055486430857825515,0.05598864022429733
3194,0.055486166455010005,0.05598864472722999
3195,0.055485937149708724,0.05598864557919812
3196,0.05548574830128533,0.05598863942857678
3197,0.055485593639993565,0.05598858558652175
3198,0.055485578150779785,0.05598856839685359
3199,0.05548545368626578,0.05598863787728571
3200,0.055485142214614445,0.055988506735466986
3201,0.05548485949280443,0.05598845644213946
3202,0.05548472678143014,0.0559884328320413
3203,0.0554846803553536,0.05598844479591934
3204,0.05548437574573756,0.05598850528690406
3205,0.055484165275153235,0.05598855404242718
3206,0.05548395227540549,0.05598844478321236
3207,0.05548390709979166,0.05598844668861326
3208,0.055483720086233715,0.05598849312262142
3209,0.05548341204481695,0.0559884884909432
3210,0.05548336903491009,0.055988480815759974
3211,0.05548315954138233,0.05598851283855081
3212,0.055483093794992985,0.055988503010494683
3213,0.05548302165067372,0.055988518790247487
3214,0.055482853401977617,0.0559885220523698
3215,0.05548256696510398,0.055988323647548
3216,0.055481990673857506,0.05598787171777516
3217,0.05548169132170984,0.055987815448599
3218,0.05548149391916165,0.05598762452584752
3219,0.055481454150903005,0.05598761409372221
3220,0.055481433871453156,0.0559876124589649
3221,0.055481172787375355,0.0559876058423122
3222,0.05548083646537568,0.0559874981044489
3223,0.05548066722916599,0.055987507204884365
3224,0.05548023151435197,0.05598756509158615
3225,0.055480152093585054,0.055987601555846124
3226,0.05547975473069591,0.055987663763599926
3227,0.055479600304076296,0.055987657290386794
3228,0.055479377326937945,0.05598764259706581
3229,0.055479220976037844,0.05598761133258544
3230,0.05547896806086359,0.05598764464060192
3231,0.05547871771923341,0.05598759412612008
3232,0.055478487948458374,0.05598754782637384
3233,0.055478084204697006,0.05598736132668561
3234,0.05547787466821564,0.05598733943216608
3235,0.05547772438418683,0.05598736744980071
3236,0.055477652781987595,0.05598736631589651
3237,0.05547753020118874,0.05598736898573299
3238,0.05547750680059217,0.0559873723002529
3239,0.0554773588334553,0.055987395139808306
3240,0.055477263380270134,0.05598739685116724
3241,0.0554772203960082,0.05598736536268458
3242,0.05547696116219305,0.055987259052630675
3243,0.0554767573130789,0.05598731686084605
3244,0.05547654875769569,0.05598715080177804
3245,0.05547651512346603,0.055987142670886315
3246,0.055476314476920516,0.05598715165798149
3247,0.055476311129018706,0.05598715036859798
3248,0.0554762781844531,0.055987147925478715
3249,0.05547625317042844,0.05598714027426668
3250,0.055476233568965486,0.05598712525686604
3251,0.05547617962063401,0.055987123830458035
3252,0.05547611834194148,0.05598713837681595
3253,0.05547602137408978,0.055987142631515795
3254,0.055475861541806885,0.055987173544319695
3255,0.05547581580386183,0.05598713988726158
3256,0.055475598850600584,0.0559871388738076
3257,0.05547541552854527,0.055987188592866784
3258,0.05547524630192779,0.055987123209457985
3259,0.05547466402189728,0.05598671019883677
3260,0.05547435401787993,0.05598666075907362
3261,0.055474319228644126,0.05598669002905477
3262,0.05547406340088361,0.05598665811820803
3263,0.055473970665261774,0.055986634333126166
3264,0.05547365335644004,0.05598666942273922
3265,0.055473566323902906,0.05598665195920947
3266,0.055473454998387337,0.055986655221132595
3267,0.05547313691508951,0.05598651975186129
3268,0.0554729151534325,0.0559864618492546
3269,0.055472647699882784,0.0559863523646399
3270,0.0554726014812873,0.05598635319821174
3271,0.055472578257407174,0.055986371348563525
3272,0.05547240263785046,0.05598624665976508
3273,0.055472093927319555,0.05598619169230453
3274,0.055471752344093524,0.055986212053893626
3275,0.05547161056275079,0.05598624168025447
3276,0.05547149025804934,0.05598618637622146
3277,0.05547147015260649,0.05598618649549159
3278,0.05547122801352415,0.055986239965489765
3279,0.05547091120063332,0.05598615435833475
3280,0.055470877471825844,0.055986152744713184
3281,0.05547075898001956,0.05598614454622698
3282,0.05547061274507805,0.05598614058747522
3283,0.05547027392263926,0.05598614218306952
3284,0.05547013708444083,0.05598616889493088
3285,0.05547006368753728,0.05598612243008901
3286,0.05546980639447867,0.05598616013100198
3287,0.055469648637834004,0.05598613427005234
3288,0.05546938624387364,0.0559860206925626
3289,0.05546913305886761,0.055985958372047256
3290,0.05546890421363672,0.05598589336499135
3291,0.055468641536256955,0.05598601524071122
3292,0.05546861293195547,0.05598599272416199
3293,0.05546851020004646,0.05598597873367084
3294,0.05546833099196203,0.05598587106479829
3295,0.05546813018904049,0.055985852534924545
3296,0.055467864328832654,0.055985913734136535
3297,0.055467771563668736,0.055985935384928
3298,0.055467682263139605,0.05598590380627748
3299,0.05546755415514048,0.05598604453470743
3300,0.055467395013693535,0.05598594040479512
3301,0.055467222123587206,0.05598593886231112
3302,0.055467129852753455,0.05598592126113444
3303,0.0554669862589849,0.055985940029145365
3304,0.055466709751053625,0.055985973829578796
3305,0.05546659842072713,0.05598595389911156
3306,0.05546659249412015,0.055985954039505674
3307,0.05546647879868585,0.05598590405967733
3308,0.055466458392857944,0.05598590366576742
3309,0.05546645311930707,0.055985896714723406
3310,0.05546635820585567,0.055985885246966516
3311,0.055466234735918274,0.05598594568190048
3312,0.055466225234798425,0.05598594042860779
3313,0.055466042389179196,0.055985899982581994
3314,0.055465802188799714,0.055985834892186684
3315,0.055465547902717766,0.05598576772152681
3316,0.0554652988418855,0.055985670212100117
3317,0.055465158218563765,0.05598566977938509
3318,0.05546501495302855,0.05598568572097779
3319,0.055464812364866424,0.055985714999947984
3320,0.05546450423533588,0.055985542926736555
3321,0.05546433384414827,0.055985621614464756
3322,0.05546414463907057,0.05598554454287915
3323,0.05546407768671315,0.05598554340525212
3324,0.055463733072845425,0.055985497108189446
3325,0.055463618615643154,0.055985463539030146
3326,0.055463577976737476,0.055985452834695214
3327,0.055463219379645726,0.055985258061612204
3328,0.05546291141504341,0.05598533222873522
3329,0.05546287165911371,0.05598526814969048
3330,0.05546267398098205,0.05598522564177594
3331,0.055462423805720994,0.05598520907018138
3332,0.055462313529849615,0.05598525666839651
3333,0.05546222410073006,0.05598535946088722
3334,0.05546196400339955,0.05598528189615174
3335,0.05546192937904015,0.055985277839078834
3336,0.055461593815683254,0.05598525122924883
3337,0.0554614096994971,0.05598518391753552
3338,0.05546115501076783,0.055985176769345175
3339,0.05546098968269716,0.05598501610745114
3340,0.05546096219155695,0.0559850172662695
3341,0.05546079992595859,0.05598502346211521
3342,0.05546048117838206,0.05598505834504238
3343,0.055460148386313274,0.05598510540179934
3344,0.055459825907508815,0.05598507073986104
3345,0.055459755527816956,0.05598506628938778
3346,0.05545946483430875,0.055985039745499635
3347,0.055459361721527344,0.05598501672651697
3348,0.055459133408797864,0.055984903045830474
3349,0.05545894769613801,0.055984772590864276
3350,0.055458570259941664,0.05598457472056138
3351,0.055458521774376796,0.05598457505754902
3352,0.05545827959151654,0.055984468255892816
3353,0.05545799730928089,0.0559845027833359
3354,0.05545798954554136,0.055984502367147276
3355,0.0554577417136052,0.05598444144441268
3356,0.05545770071152528,0.055984429516527864
3357,0.05545760663485531,0.05598440620438317
3358,0.055457328203106906,0.05598435894208079
3359,0.055457247702593984,0.05598435922908346
3360,0.055457006131748685,0.055984338796034934
3361,0.055456850188280234,0.05598444628151207
3362,0.055456803628482265,0.05598443420846701
3363,0.055456468325582424,0.05598441039552388
3364,0.05545646491369805,0.05598440970861892
3365,0.05545616033427284,0.05598446584812585
3366,0.05545576714318721,0.0559844573699032
3367,0.05545563420667984,0.055984436106231154
3368,0.05545556826259764,0.05598445785776613
3369,0.055455444673697354,0.0559844635177713
3370,0.05545527650762851,0.05598463923327102
3371,0.055455127545378784,0.055984613612974576
3372,0.05545510101192794,0.055984631885746185
3373,0.055455013020310036,0.055984577315408145
3374,0.055454658497544856,0.05598461652566073
3375,0.05545439722471952,0.05598457277776996
3376,0.05545436097536691,0.055984570561181723
3377,0.05545428902053106,0.0559845371864256
3378,0.05545389127882753,0.05598459071325527
3379,0.05545373398181998,0.05598462222183082
3380,0.055453512064685156,0.055984584871230994
3381,0.055453305323407365,0.05598455288070444
3382,0.05545322007301802,0.055984498969824666
3383,0.055453202077437744,0.05598452267180472
3384,0.05545283618055563,0.05598452083271967
3385,0.055452554932246004,0.055984629929681326
3386,0.0554522728262077,0.05598463132619185
3387,0.05545202710352706,0.055984582141852264
3388,0.05545173406193171,0.05598442299986192
3389,0.05545157324514079,0.055984402870833665
3390,0.0554514361377958,0.055984367064937327
3391,0.05545126699094896,0.055984314468545106
3392,0.05545107534663117,0.05598433079322255
3393,0.05545073402982224,0.055984423342620146
3394,0.05545043174797214,0.05598439923305815
3395,0.05545028901679258,0.05598432769353642
3396,0.05545003369521212,0.05598432138436644
3397,0.05544965140124627,0.0559845103109706
3398,0.05544941991864534,0.055984527448050124
3399,0.05544936315615648,0.0559845042558657
3400,0.05544921560302071,0.05598468524887261
3401,0.05544899778054279,0.055984699552129286
3402,0.05544878841881907,0.05598464145017326
3403,0.05544863574275128,0.05598461982024734
3404,0.05544855640089919,0.05598466058215078
3405,0.05544852816775358,0.05598466051437889
3406,0.05544829738059574,0.05598465988909691
3407,0.05544820001237435,0.055984684570228156
3408,0.05544789814762308,0.05598470662086622
3409,0.05544788754863781,0.055984716678326725
3410,0.05544782752808645,0.05598467484220585
3411,0.055447822674745295,0.05598467476910177
3412,0.05544777966910617,0.05598469160187
3413,0.0554477227360978,0.05598469374932248
3414,0.05544752613552256,0.05598466492327923
3415,0.05544750144316313,0.05598466667323899
3416,0.05544729398490039,0.05598474242957665
3417,0.055447016569584916,0.05598469485786389
3418,0.055446806403533236,0.05598469495864498
3419,0.05544668604497171,0.055984678172012234
3420,0.05544634439133156,0.055984533338382034
3421,0.05544630580055598,0.05598452161834666
3422,0.055446236688694216,0.05598454010166285
3423,0.055446015712373,0.05598457166919273
3424,0.055445854433760225,0.05598467680065091
3425,0.055445718732381036,0.05598471915882805
3426,0.05544559301649872,0.05598470855397252
3427,0.055445228694923125,0.05598448694066763
3428,0.055444999895976656,0.05598434821882017
3429,0.05544484198897471,0.05598441885069355
3430,0.05544478280287739,0.05598439677689897
3431,0.055444399442774926,0.055984271266287584
3432,0.05544433504658933,0.05598430074608868
3433,0.055443691147707246,0.055983827701496014
3434,0.055443446461824794,0.05598377313782961
3435,0.055443407258347954,0.05598377032651194
3436,0.05544313114930867,0.05598381008765921
3437,0.05544311120253374,0.055983805453906944
3438,0.05544306225857732,0.055983804347788865
3439,0.05544283514537327,0.05598387509754357
3440,0.05544273705853757,0.05598380082085521
3441,0.05544257157934905,0.055983756100606276
3442,0.055442496618896026,0.05598367881753095
3443,0.05544232247912186,0.05598363336191557
3444,0.0554420960610247,0.055983640395408
3445,0.055441833350812875,0.0559835554907208
3446,0.055441813877185435,0.05598354416055593
3447,0.05544180571685832,0.055983541178299435
3448,0.05544170530214004,0.05598343189780665
3449,0.05544147945398029,0.05598341941850219
3450,0.055441271202182826,0.055983417702492703
3451,0.055441030275384634,0.05598336027430148
3452,0.05544031596333358,0.055982766185310714
3453,0.05544012975409692,0.05598284007427024
3454,0.05544004370445602,0.05598282262823039
3455,0.055440042350080876,0.0559828228583671
3456,0.05543991230348149,0.05598286712286822
3457,0.055439860422969965,0.05598286300800364
3458,0.0554398262015589,0.05598285979388453
3459,0.055439609363358296,0.0559828646293584
3460,0.0554395944668059,0.055982861565745716
3461,0.055439428300536144,0.0559827813429387
3462,0.055439149183886934,0.05598283639578042
3463,0.055438923350234995,0.05598258438026942
3464,0.05543872022561925,0.0559825529596404
3465,0.055438651849209236,0.05598255240342504
3466,0.05543862601344847,0.055982560524599316
3467,0.05543854410799943,0.0559825789644966
3468,0.05543816901706948,0.05598262154005293
3469,0.055438055103205236,0.055982613587699674
3470,0.05543791474243905,0.05598266915703028
3471,0.0554378990916125,0.055982674307659706
3472,0.05543775898563224,0.05598263984181245
3473,0.0554376676981275,0.055982631307491884
3474,0.055437245059539855,0.05598255684094678
3475,0.055437133655734744,0.05598248921356045
3476,0.05543707648272205,0.05598252566639397
3477,0.055436867938549614,0.05598247088060627
3478,0.055436777997089036,0.055982428821436156
3479,0.055436676106996166,0.055982416262711956
3480,0.05543663212693531,0.055982417028049306
3481,0.05543644682918982,0.0559825842825813
3482,0.05543623039009632,0.05598255777499387
3483,0.05543596631960137,0.05598269812763509
3484,0.05543575841228244,0.055982654260696214
3485,0.055435684599422344,0.055982645408007674
3486,0.05543562435596235,0.05598264413445698
3487,0.055435498845719126,0.05598250046193179
3488,0.055435397049907215,0.05598245775027454
3489,0.05543523775499528,0.05598256698793857
3490,0.05543519681704926,0.05598254341111293
3491,0.05543495471104574,0.05598263801364762
3492,0.05543493505688759,0.055982643582354295
3493,0.05543479770566635,0.05598268059466578
3494,0.05543453053554614,0.055982531282253806
3495,0.05543420982447184,0.05598245332973922
3496,0.0554338947206591,0.05598243808500717
3497,0.05543374925197833,0.0559823619477136
3498,0.05543341341929966,0.05598225235015774
3499,0.05543312442628435,0.05598227912501556
3500,0.055432992722857774,0.05598227104042788
3501,0.05543278827117532,0.05598215743510244
3502,0.0554326416283523,0.055982169194672506
3503,0.05543240264769505,0.05598213424762417
3504,0.05543209551053152,0.0559820254354805
3505,0.05543192355491495,0.055982106961218386
3506,0.05543166693393621,0.05598204919098223
3507,0.055431526976120714,0.05598198850106151
3508,0.0554314193138956,0.05598192634573318
3509,0.05543129061636633,0.05598190810984319
3510,0.055431188815369986,0.05598192437375058
3511,0.055431108032924316,0.0559818556303073
3512,0.05543095217414833,0.055981885474937404
3513,0.05543092287775238,0.055981887948712186
3514,0.05543062572967559,0.055981881016372435
3515,0.055430443521823754,0.055982009475812756
3516,0.055430160998160415,0.05598181776010666
3517,0.0554301255081,0.05598181893873347
3518,0.05543007349451859,0.05598182305816415
3519,0.05542983435898,0.0559818178960062
3520,0.05542966622415306,0.055981759898970244
3521,0.055429603476661,0.055981748361084556
3522,0.055429376152805084,0.055981755045171194
3523,0.05542907476879445,0.05598171711880856
3524,0.05542892731820771,0.05598177513814177
3525,0.05542882079703772,0.055981752297841685
3526,0.055428649222209254,0.055981854136564056
3527,0.055428544434467285,0.05598185992359423
3528,0.05542852558243468,0.05598187174537079
3529,0.055428476062584955,0.05598187161427938
3530,0.05542834994969291,0.05598187263276583
3531,0.055428250953647895,0.055981980190445535
3532,0.05542783540082845,0.05598196279583365
3533,0.0554277194806153,0.05598195222513346
3534,0.05542729795135558,0.0559818778509167
3535,0.055427179736055,0.05598187271653192
3536,0.05542710125197089,0.05598187559808864
3537,0.055426878352861635,0.05598196203939159
3538,0.055426669071408335,0.05598198359372885
3539,0.055426593456884186,0.05598198808615445
3540,0.0554263598441163,0.055982055755441566
3541,0.055426339651580475,0.055982052642643394
3542,0.055426235698193035,0.05598198486982736
3543,0.055425960796274674,0.05598189939033253
3544,0.05542571414117459,0.05598176918100003
3545,0.05542556251616671,0.05598174367411714
3546,0.05542549697370408,0.055981785465691505
3547,0.05542530188113836,0.05598174079910374
3548,0.05542505135889317,0.05598180252066371
3549,0.05542487031704713,0.055981771846957344
3550,0.05542484105664775,0.05598177111542264
3551,0.055424706403982275,0.05598180847984236
3552,0.05542440938721765,0.055981723425296524
3553,0.05542435652021049,0.055981723146720154
3554,0.0554240183013516,0.055981358776002695
3555,0.05542400431488734,0.05598137895723311
3556,0.05542378992300557,0.05598134392665998
3557,0.05542369875807653,0.05598135765563367
3558,0.05542340519956705,0.05598135822668565
3559,0.05542337957224063,0.05598135801741325
3560,0.055423288999797524,0.05598132273423028
3561,0.05542296934267036,0.055981137091727765
3562,0.055422667158766994,0.05598116741529968
3563,0.05542240513884368,0.055981011680019205
3564,0.05542235574204523,0.055980987291388735
3565,0.0554221418806247,0.05598097625787517
3566,0.05542192366044126,0.055980849502245994
3567,0.055421821617767895,0.05598084226219496
3568,0.05542162399856084,0.0559806548884579
3569,0.0554214457966743,0.05598073424733524
3570,0.055421155691034785,0.05598057229600484
3571,0.055420988442585875,0.05598052136525556
3572,0.05542065352174591,0.055980429302013975
3573,0.05542037987417409,0.05598034638032951
3574,0.055420188614188994,0.0559803186426892
3575,0.05542016977579314,0.05598032658479063
3576,0.05541984494113633,0.05598010336247775
3577,0.05541980064539099,0.055980071562218243
3578,0.055419596758123545,0.05598010175937022
3579,0.055419569946806094,0.05598010140994827
3580,0.05541925266873428,0.055980116442003486
3581,0.05541918992907495,0.05598011391440446
3582,0.05541907800172732,0.05598011819449391
3583,0.0554188578830322,0.05598005442560588
3584,0.055418780543762515,0.05598003774976742
3585,0.0554185814569923,0.05598008602179099
3586,0.05541829843376194,0.05597983166499161
3587,0.05541828105460761,0.0559798279463536
3588,0.0554181259057343,0.055979882411694624
3589,0.05541807218764037,0.0559798833809377
3590,0.05541779046722214,0.05597986262166043
3591,0.055417757137746396,0.05597984098252815
3592,0.05541773031826925,0.05597985851537867
3593,0.055417651180857265,0.05597985313662756
3594,0.05541757290401069,0.055979800283867606
3595,0.05541736147166267,0.05597975249700577
3596,0.05541725539181316,0.05597970553250142
3597,0.05541692389441916,0.05597975475678965
3598,0.05541679446787864,0.055979788012333935
3599,0.05541653036238515,0.05597974403477611
3600,0.05541615373661567,0.05597975619108299
3601,0.05541605746927131,0.05597969506725159
3602,0.055415965063631424,0.055979689111007376
3603,0.05541588294831146,0.05597969390607866
3604,0.055415789529236,0.055979686412218
3605,0.05541570992770601,0.05597977654861846
3606,0.0554154915703246,0.0559796988558101
3607,0.05541523733569006,0.05597965615640982
3608,0.0554152014593245,0.05597967619123563
3609,0.055415176478483395,0.05597971160423661
3610,0.05541512116872574,0.05597966826810278
3611,0.05541507732424897,0.05597966031497672
3612,0.05541503362897857,0.05597964994505603
3613,0.055414909147306964,0.05597965001539351
3614,0.055414722509932304,0.05597970290343316
3615,0.05541431510998789,0.05597961947526741
3616,0.05541407926069479,0.05597941250953103
3617,0.055414012951256836,0.05597938876164125
3618,0.05541387655552929,0.05597935772655602
3619,0.05541379312171501,0.055979414623818176
3620,0.055413645237341554,0.05597935260352326
3621,0.05541345878871776,0.05597932723702573
3622,0.055413256532580876,0.05597929854003402
3623,0.05541305002489262,0.05597940678750322
3624,0.05541270963821908,0.05597942976041208
3625,0.05541260115913834,0.05597936002140927
3626,0.05541258295159374,0.0559793607505372
3627,0.055412481970868746,0.05597938046363759
3628,0.055412225889735094,0.05597928468611226
3629,0.05541202609133216,0.05597928051320513
3630,0.05541186371707457,0.055979214664715
3631,0.05541173286028839,0.05597926764925144
3632,0.05541163552323163,0.05597921160648373
3633,0.055411508825113996,0.05597910920607947
3634,0.05541118801729216,0.05597909658174438
3635,0.05541095692324482,0.055979077259228086
3636,0.055410636787097796,0.05597895085601185
3637,0.05541053274142704,0.055978940209106216
3638,0.0554103087281289,0.05597888004563453
3639,0.05540994788322652,0.055978827021172524
3640,0.05540989620864444,0.05597881525220924
3641,0.05540985910312279,0.05597881770072364
3642,0.055409582837961595,0.055978872645575564
3643,0.05540946906932305,0.05597885966363667
3644,0.05540918951648525,0.055978833264718295
3645,0.05540875557967286,0.055978574064219556
3646,0.05540855430865767,0.05597851661922043
3647,0.05540829994135863,0.055978535786665
3648,0.055408081421990496,0.055978599069386986
3649,0.05540777292947508,0.05597859540648915
3650,0.05540773525885213,0.055978597632504665
3651,0.05540754755859763,0.05597853757406206
3652,0.05540721586010343,0.055978491051238186
3653,0.05540703006443611,0.0559785240183227
3654,0.05540672438533585,0.055978316830125725
3655,0.05540669650217035,0.05597831064750192
3656,0.055406496713712824,0.05597831496023449
3657,0.05540644427546406,0.0559783175431933
3658,0.0554063851118652,0.05597827612805538
3659,0.055406338449155525,0.05597826645205548
3660,0.05540622200642113,0.05597823402776215
3661,0.05540594174569635,0.055978129731451366
3662,0.055405789167454776,0.05597815071653488
3663,0.05540569715310193,0.05597813905646603
3664,0.055405458970539466,0.05597808593227012
3665,0.05540527472260892,0.055978089913000864
3666,0.055405237568705835,0.0559780918285671
3667,0.05540496522342649,0.055978076587269485
3668,0.05540464917782096,0.05597808800670879
3669,0.055404619431590675,0.05597808890180242
3670,0.05540457344651471,0.05597808397357493
3671,0.0554045556616598,0.0559780878554252
3672,0.05540431733558433,0.0559780879261177
3673,0.055404042994542164,0.05597797323393076
3674,0.05540392917480735,0.05597794801393621
3675,0.05540382036416344,0.05597796689864568
3676,0.055403625537126244,0.05597800727496476
3677,0.05540360033002118,0.05597800965988098
3678,0.05540324881211245,0.05597785075267647
3679,0.05540316849192656,0.05597785032994565
3680,0.05540310398149436,0.055977838247070644
3681,0.05540302138972089,0.05597784211605711
3682,0.05540297002382299,0.05597783289294274
3683,0.05540280094790263,0.05597786160677718
3684,0.055402702249951294,0.055977845075796104
3685,0.05540233515934577,0.0559779326414395
3686,0.05540204724336186,0.055977804134059866
3687,0.05540181597848555,0.05597776324889564
3688,0.05540170478396469,0.05597777062092385
3689,0.05540116373592327,0.05597738433674122
3690,0.05540114247258802,0.05597737811269527
3691,0.055401016046622203,0.05597737826661143
3692,0.0554009089232726,0.05597738191672247
3693,0.05540082020415033,0.05597738051293417
3694,0.05540063730866431,0.05597741560089304
3695,0.05540060545555833,0.055977404534161036
3696,0.05540058623433918,0.05597741613488414
3697,0.05540042318685819,0.05597740312380045
3698,0.055400421633782844,0.05597740236438714
3699,0.05540028841690653,0.05597730266563351
3700,0.05540022750255135,0.05597729350933029
3701,0.05540020883349441,0.05597729394923295
3702,0.05539982007003786,0.055977092479352744
3703,0.05539976713432916,0.05597712309124638
3704,0.05539968520076646,0.05597709368035669
3705,0.05539942322580271,0.05597693786668235
3706,0.055399094067829176,0.05597679093093027
3707,0.05539886351960697,0.05597682046689151
3708,0.05539883608869895,0.05597681658040592
3709,0.055398823293955395,0.05597682118919431
3710,0.055398810188920775,0.055976820167707136
3711,0.05539868858949168,0.055976834075456776
3712,0.05539846813440739,0.055976824246977974
3713,0.05539829292888932,0.05597679535881158
3714,0.05539802197437386,0.055976886163034485
3715,0.05539795307536241,0.055976897838400465
3716,0.05539787584529871,0.0559768754669219
3717,0.05539778153860045,0.05597677326462219
3718,0.0553977606641653,0.0559767719259828
3719,0.05539769168768672,0.05597680124843679
3720,0.05539737284633605,0.05597678136979744
3721,0.055397119760752796,0.055976790822728016
3722,0.055396891021135826,0.055976756477889245
3723,0.05539688175359343,0.05597675854367308
3724,0.05539657168539636,0.05597684157897881
3725,0.055396528203917,0.05597684374827269
3726,0.05539630251486884,0.05597674356937287
3727,0.0553961152748894,0.055976703988034705
3728,0.055396072086474575,0.055976698140133625
3729,0.05539603247449456,0.05597670428389126
3730,0.05539596168629923,0.05597670722957449
3731,0.055395696807536796,0.055976708931950565
3732,0.05539568225756322,0.0559767079702459
3733,0.05539561070665342,0.055976650036651636
3734,0.05539548233351445,0.05597664460266497
3735,0.05539536382784104,0.05597666396386586
3736,0.0553950785042187,0.05597661478569276
3737,0.05539502245741279,0.05597656420738681
3738,0.055395002559503484,0.05597657339596
3739,0.05539498754338676,0.055976573442353385
3740,0.055394867045420064,0.05597655328438572
3741,0.05539466829376619,0.055976496142237056
3742,0.05539452731198106,0.05597650992066468
3743,0.05539447170394883,0.055976530286540344
3744,0.055394223806668315,0.0559766326158119
3745,0.05539400401182925,0.05597667517563931
3746,0.055393847713206386,0.055976714315550326
3747,0.05539365781987426,0.05597660324873667
3748,0.055393409505603994,0.05597654888423146
3749,0.05539321056420478,0.05597652038209817
3750,0.0553929138859574,0.05597652249447688
3751,0.05539283575406305,0.05597651026506182
3752,0.055392540806704416,0.05597648572426964
3753,0.05539226075325817,0.05597637626169328
3754,0.05539192017248701,0.0559763392018448
3755,0.055391775318002316,0.055976362902314676
3756,0.05539167809080757,0.05597633671164153
3757,0.05539152711777751,0.05597634085672713
3758,0.05539142734384573,0.0559763188375664
3759,0.0553913637836975,0.0559763231111485
3760,0.05539110670288327,0.055976338772796556
3761,0.055390881697724104,0.05597628607278124
3762,0.05539082902590278,0.05597627595495564
3763,0.05539073328511619,0.05597624003286602
3764,0.055390468737032725,0.05597626169776515
3765,0.05539026670928177,0.055976326949855826
3766,0.05539019786831281,0.05597631586226651
3767,0.05539007990836134,0.055976311358042576
3768,0.05538969288144953,0.05597628159474346
3769,0.05538945487313375,0.055976330629439554
3770,0.0553891373671345,0.0559762901157073
3771,0.05538870339203253,0.05597632128775294
3772,0.055388489058845476,0.055976402101896874
3773,0.05538826761138108,0.05597634791031134
3774,0.05538807702235419,0.05597631349132774
3775,0.055387890072511416,0.05597630510705593
3776,0.0553876367792323,0.05597627390144769
3777,0.055387602174405214,0.055976271751289775
3778,0.055387573256007,0.055976273473426055
3779,0.055387386218454064,0.0559762828888183
3780,0.0553871516349434,0.05597612966813803
3781,0.0553869568742046,0.05597617290121967
3782,0.05538688655045384,0.05597617018013896
3783,0.055386643892910634,0.0559761976426997
3784,0.05538630584106704,0.05597617963945922
3785,0.0553859689630069,0.05597622777931499
3786,0.05538594937289289,0.05597623047028287
3787,0.0553856948181846,0.05597626328207513
3788,0.055385500043935776,0.055976192321394155
3789,0.05538542218110432,0.05597621329596819
3790,0.055385303400119414,0.055976223674823224
3791,0.05538496546569753,0.05597635001399628
3792,0.0553847266521501,0.055976361252490905
3793,0.05538456613959419,0.05597634315795454
3794,0.055384353552111416,0.05597633216244114
3795,0.05538426820239829,0.05597634180942357
3796,0.055384024233836766,0.055976437840738316
3797,0.055383902796066566,0.05597640545715496
3798,0.055383841564550826,0.05597639061091699
3799,0.05538383092018402,0.055976390827836335
3800,0.055383637093905425,0.05597670329895735
3801,0.05538352197655718,0.05597660952587086
3802,0.055383478530267455,0.05597660513468079
3803,0.05538337977033755,0.05597659393548657
3804,0.05538307375131179,0.055976577702457744
3805,0.05538280201123281,0.055976492410825834
3806,0.055382472362836145,0.055976415200343334
3807,0.055382393500806426,0.05597641685696243
3808,0.0553823526907851,0.0559763936975546
3809,0.0553821125790011,0.05597640519129491
3810,0.055382017320646564,0.05597638772641904
3811,0.055381817680185484,0.05597639793286404
3812,0.05538175866756189,0.055976384073444095
3813,0.055381482762393394,0.05597635721103942
3814,0.05538141337304856,0.0559763104505714
3815,0.05538120629653815,0.05597624626940153
3816,0.055381191001542165,0.05597621545475826
3817,0.05538092410102182,0.05597616684985626
3818,0.055380740674114526,0.05597611162541799
3819,0.055380450304954705,0.05597606109282879
3820,0.05538032168717074,0.05597609351055545
3821,0.05538009911676442,0.05597603918090505
3822,0.055379776644394876,0.055976116251603175
3823,0.05537959240101794,0.055976059417979514
3824,0.05537947276054544,0.05597609126411816
3825,0.05537940362713438,0.05597609716116619
3826,0.05537931246735714,0.05597599646499765
3827,0.055379191385406305,0.05597594296270871
3828,0.05537884968803323,0.05597592617887911
3829,0.0553786794417192,0.055975896636681115
3830,0.05537867473599382,0.05597589739117808
3831,0.05537857078075051,0.05597587227744658
3832,0.05537825653305452,0.055975851237710164
3833,0.055378178058679096,0.05597578826512861
3834,0.05537796270272332,0.055975821214883835
3835,0.05537765549602877,0.05597571151091881
3836,0.05537762390850361,0.05597574405010668
3837,0.055377507285516596,0.05597570730957788
3838,0.05537749335603758,0.05597569836252953
3839,0.055377392224574225,0.05597580417584482
3840,0.05537705871035648,0.05597557232927708
3841,0.0553767711759412,0.055975797225842186
3842,0.05537661260963756,0.05597576365010395
3843,0.055376522701283445,0.05597575536298794
3844,0.05537627753942821,0.055975766949121465
3845,0.05537623368054444,0.05597579094295803
3846,0.05537621996978318,0.05597579120128285
3847,0.055375841008129215,0.055975895402456816
3848,0.05537567453287034,0.05597594575125685
3849,0.0553756495787237,0.05597594152787002
3850,0.05537534830395891,0.05597603523001132
3851,0.05537520849383553,0.055976042367978394
3852,0.0553749528249302,0.0559760004661751
3853,0.05537472651208204,0.05597600147255781
3854,0.05537442816026758,0.05597606434128643
3855,0.055374222501629836,0.055975951769992094
3856,0.05537402261025841,0.055975889387581544
3857,0.05537370707519006,0.0559758499015843
3858,0.05537340400993991,0.05597555226454711
3859,0.05537340186719472,0.05597555226405206
3860,0.055373345935440625,0.05597554086754692
3861,0.05537329251154229,0.05597554027478201
3862,0.055373134536109356,0.05597560926879222
3863,0.05537296720868213,0.055975571278760496
3864,0.05537247108286181,0.05597548162754525
3865,0.05537217819875734,0.055975476718139704
3866,0.05537215969690472,0.055975477888540875
3867,0.05537198198215741,0.05597547996667984
3868,0.05537168454354016,0.055975450440779125
3869,0.055371661266315986,0.05597546578408995
3870,0.05537158522231237,0.05597546237164464
3871,0.055371577906927524,0.05597546990316026
3872,0.05537123174246551,0.055975263548605346
3873,0.05537095129643989,0.055975306036229446
3874,0.05537064954941096,0.055975329378223804
3875,0.05537062272405716,0.05597532084652425
3876,0.05537048398850693,0.0559752737568663
3877,0.055370408862080965,0.05597524943869648
3878,0.055370193378398325,0.05597515906121101
3879,0.05536992348446385,0.05597506116167682
3880,0.05536967981305196,0.05597513317653963
3881,0.05536945894208287,0.05597516801256489
3882,0.0553692013427201,0.05597521198234193
3883,0.055369155824808565,0.05597521258738083
3884,0.05536901788342214,0.055975163950068185
3885,0.05536886710486452,0.05597510893092106
3886,0.05536871050396148,0.05597513651340081
3887,0.055368553509726616,0.05597506790772328
3888,0.05536849333992805,0.055975122558205165
3889,0.05536830739280431,0.055975095216527666
3890,0.05536828737261952,0.05597508676436757
3891,0.055368046213592655,0.05597497382797153
3892,0.05536775961702124,0.055974843199695756
3893,0.05536764511417654,0.05597483870707298
3894,0.05536749164455149,0.055974816272409966
3895,0.055367220596736405,0.05597481943736954
3896,0.05536705126460665,0.05597476054913736
3897,0.055366868084963834,0.05597482233276003
3898,0.055366645751568674,0.05597486452867272
3899,0.055366513914928514,0.055974811116298415
3900,0.0553665091786257,0.05597480920888402
3901,0.05536637401115551,0.055974820921587454
3902,0.05536617842066679,0.05597471302210535
3903,0.055365860544355674,0.05597459334822962
3904,0.05536583520698007,0.05597459565402497
3905,0.05536550548805323,0.05597478208412495
3906,0.055365418194382,0.05597484143506824
3907,0.055365298464431716,0.055974880742987024
3908,0.05536524731461317,0.05597486125631038
3909,0.05536521534942445,0.05597483558192607
3910,0.0553649942905422,0.055974782928939544
3911,0.055364724453128025,0.05597483399056796
3912,0.05536443811755054,0.055974760486790384
3913,0.05536437065399933,0.05597474722983695
3914,0.05536409353039253,0.055974799056370796
3915,0.055363960672687805,0.055974796119348275
3916,0.05536374980102034,0.05597487914204863
3917,0.05536362286027839,0.05597476962163531
3918,0.0553633533428373,0.05597465001091865
3919,0.05536318838167813,0.05597477116180978
3920,0.05536282878229668,0.05597462696927751
3921,0.05536254217316304,0.05597452542261716
3922,0.05536225020241017,0.055974436246928466
3923,0.05536211134682881,0.05597450177788272
3924,0.0553617571369813,0.055974498437935595
3925,0.055361590677187725,0.055974487295146313
3926,0.05536153292996314,0.055974488581087056
3927,0.055361409384006424,0.055974474923120056
3928,0.05536134159178314,0.05597443096732099
3929,0.05536129389795373,0.05597441934670733
3930,0.05536107695215971,0.05597440164160617
3931,0.05536079738870387,0.055974367715413184
3932,0.05536050288626496,0.05597443603148827
3933,0.05536049587044253,0.0559744395885548
3934,0.055360329065790886,0.05597432814472369
3935,0.055359963417272284,0.0559742200671067
3936,0.05535989892140599,0.055974248063648306
3937,0.05535962073226716,0.05597425598536196
3938,0.05535948899095408,0.05597426455938446
3939,0.05535942350847178,0.055974276729310594
3940,0.055359262842515716,0.05597422587322189
3941,0.05535917204595059,0.05597419009186801
3942,0.055358868427713766,0.055974292951556634
3943,0.055358562593591926,0.05597430473459511
3944,0.055358504525449284,0.055974309282369815
3945,0.05535847549946074,0.05597429365515621
3946,0.05535833166580084,0.055974283931217735
3947,0.05535831001413957,0.05597428433068227
3948,0.05535804788278493,0.05597433741757552
3949,0.055357791850434046,0.055974303914977874
3950,0.05535746379027965,0.05597437094026834
3951,0.05535719415901278,0.05597444843514132
3952,0.05535719317376988,0.05597444843455559
3953,0.0553571468878808,0.05597443886076715
3954,0.055357087809255336,0.055974440621824884
3955,0.055356945233413446,0.055974433767138766
3956,0.05535682238673214,0.05597438882022588
3957,0.055356490360419626,0.05597433978212
3958,0.05535637725620282,0.05597437202967526
3959,0.0553560531120336,0.05597427122396813
3960,0.05535590250606409,0.05597425379630472
3961,0.05535586416102988,0.055974227031733007
3962,0.0553558220609274,0.055974232723790734
3963,0.05535577238142747,0.05597422566633399
3964,0.05535542119831705,0.05597398103116156
3965,0.05535539894893272,0.055973973939262636
3966,0.05535537773255985,0.055973965334167285
3967,0.05535530486464079,0.05597396202346909
3968,0.055355108329991784,0.055974012024659674
3969,0.05535483090925093,0.05597412462967227
3970,0.055354585996584875,0.0559741052804316
3971,0.05535428048174014,0.05597399958790531
3972,0.05535401243040593,0.05597390184708239
3973,0.05535386215796514,0.05597389710987324
3974,0.0553538551363902,0.0559738956916818
3975,0.05535366098804398,0.055973855325123494
3976,0.05535341956472073,0.05597386491163878
3977,0.055353311385597986,0.05597386375994469
3978,0.05535301013848504,0.055973878176953165
3979,0.0553527558506044,0.055973828890975456
3980,0.055352522683956684,0.055973858434241734
3981,0.055352431755862,0.055973851978736805
3982,0.055352189375248086,0.0559738443170773
3983,0.05535183686166226,0.05597381839281924
3984,0.05535155596632318,0.05597388343777622
3985,0.05535149411579013,0.055973887676692737
3986,0.05535129006033307,0.05597371422981131
3987,0.0553511828833139,0.05597368649325216
3988,0.055350988884137614,0.05597371635114524
3989,0.05535070250753732,0.055973660990777885
3990,0.055350682599740304,0.055973659290145396
3991,0.05535032709771148,0.05597367185724502
3992,0.055350313769403484,0.05597367360596082
3993,0.055350017749211014,0.05597359316880927
3994,0.05534996726464356,0.05597359494153362
3995,0.0553497849727247,0.05597359555781433
3996,0.0553495464518749,0.05597362153478441
3997,0.05534941811465481,0.05597368893609735
3998,0.05534941021702189,0.05597368915826361
3999,0.05534938957259414,0.055973687081733885
4000,0.05534936335356257,0.055973690132211706
4001,0.05534916743982224,0.05597378019039236
4002,0.055348915480684234,0.05597368254341347
4003,0.055348883741439696,0.0559736893877533
4004,0.05534849931917122,0.05597368740520778
4005,0.0553483561267137,0.055973687004221485
4006,0.055348323674985635,0.05597364894502454
4007,0.05534813671575999,0.055973645594072176
4008,0.055348004785285766,0.0559736380092373
4009,0.0553479902106046,0.05597363582703111
4010,0.0553477295924317,0.05597362341920879
4011,0.05534763995467681,0.05597361986122616
4012,0.055347302213663144,0.05597332580802486
4013,0.05534692411340254,0.05597341163459126
4014,0.05534662674238857,0.05597342546876969
4015,0.055346534133664825,0.05597332444597913
4016,0.05534632023238875,0.05597336322593794
4017,0.055346041224818794,0.05597334069051999
4018,0.05534597029941708,0.055973334421207416
4019,0.05534594250210975,0.05597331836848359
4020,0.055345604749035555,0.05597334178618618
4021,0.0553455856382991,0.05597334274256663
4022,0.05534556473298196,0.05597330984895958
4023,0.05534531726631987,0.05597336792508615
4024,0.05534489706209374,0.05597335721449834
4025,0.05534458070043087,0.05597346384302478
4026,0.05534428426492387,0.055973310037510146
4027,0.05534411839951655,0.055973338783340966
4028,0.05534383403841205,0.0559732948352256
4029,0.0553438079657162,0.05597325136751907
4030,0.05534360841711968,0.05597321475769035
4031,0.05534354352678847,0.05597317940868834
4032,0.0553435262070563,0.05597317789825491
4033,0.055343467978965805,0.05597315272844608
4034,0.05534338494578559,0.05597319378361285
4035,0.05534317860703298,0.05597320786355503
4036,0.05534305949971855,0.0559732361658744
4037,0.05534282664665593,0.055973170833970694
4038,0.05534254434481052,0.05597307403588294
4039,0.055342348461069446,0.055973023799885786
4040,0.05534212921079183,0.055973012256813365
4041,0.05534184107903731,0.05597278463172531
4042,0.05534159802427954,0.055972911176254664
4043,0.05534135282134078,0.05597300544015807
4044,0.05534134328756958,0.05597300544015438
4045,0.05534117601202465,0.05597297225657585
4046,0.05534099374492371,0.0559730076624789
4047,0.05534086601254421,0.05597299001741508
4048,0.05534059582586396,0.055972889279333304
4049,0.055340373424314526,0.05597291747099525
4050,0.05534032398059389,0.05597292557057948
4051,0.055340093976587706,0.05597295954987446
4052,0.055340043598364516,0.055972926526586954
4053,0.055339793403797376,0.055972877062622974
4054,0.05533975194535199,0.055972848938081875
4055,0.0553397192807757,0.055972836937302296
4056,0.055339490976904174,0.05597273978772739
4057,0.05533931471396502,0.05597263614279103
4058,0.05533920221924034,0.05597263108499736
4059,0.055339014613131704,0.05597266847023984
4060,0.055338985176425534,0.05597264938240065
4061,0.055338953044562045,0.0559726463806069
4062,0.055338741148772616,0.055972455844487554
4063,0.05533868342425565,0.05597242380727229
4064,0.05533858619335218,0.05597238047682928
4065,0.055338556516533674,0.05597237453480637
4066,0.055338362850516624,0.055972425926109015
4067,0.055338180573177714,0.055972382665361954
4068,0.05533794507880095,0.05597249075977149
4069,0.05533779917311597,0.05597240933759499
4070,0.05533755378631333,0.055972510422692606
4071,0.055337377024655104,0.055972444531098134
4072,0.055337355515526654,0.05597245970567386
4073,0.055337314407173495,0.0559724185792132
4074,0.05533721508043288,0.05597240546796134
4075,0.05533704227449476,0.05597233541985695
4076,0.05533675822687918,0.05597235540419092
4077,0.05533672468379078,0.055972360464487114
4078,0.05533653857028568,0.05597235383904017
4079,0.055336507692117724,0.05597235277800106
4080,0.055336166905409295,0.05597237725683611
4081,0.05533593918438509,0.05597232806678447
4082,0.05533593528635368,0.055972328832890134
4083,0.05533562225836335,0.05597237431239265
4084,0.05533560330115681,0.055972372936564686
4085,0.055335586192845655,0.05597236461130018
4086,0.05533549061100824,0.05597239058079426
4087,0.05533526365739659,0.0559724066515063
4088,0.055335211329984084,0.055972427841071294
4089,0.05533499262691046,0.05597244988174833
4090,0.05533467129426931,0.05597250083509377
4091,0.055334450730820446,0.055972549829647014
4092,0.05533433240488436,0.05597246417133442
4093,0.05533406970989745,0.0559724362644553
4094,0.055333980798307175,0.055972506059793564
4095,0.05533385109047693,0.05597260363248551
4096,0.055333529281511876,0.055972637046686376
4097,0.0553332804503429,0.055972456217436295
4098,0.055333130823300096,0.05597238268281466
4099,0.05533302879356701,0.05597237895567668
4100,0.05533282537194881,0.055972460798554
4101,0.055332808799731924,0.05597246271749833
4102,0.05533272714567991,0.05597243232758067
4103,0.055332629515423636,0.055972406484412734
4104,0.05533245075277214,0.05597249079809761
4105,0.055332436912216273,0.055972492662952816
4106,0.05533233987929287,0.05597245478163321
4107,0.05533229483776713,0.055972440468814055
4108,0.05533208397285773,0.05597242576496374
4109,0.05533186123419349,0.05597231363325875
4110,0.05533169585273528,0.05597223599279011
4111,0.05533153440748786,0.05597224434886797
4112,0.05533145488871653,0.05597222475227348
4113,0.05533119871467436,0.055972267991456395
4114,0.055331188461107086,0.05597227411419099
4115,0.05533116821268347,0.05597227695014911
4116,0.055330869671731404,0.05597223521031447
4117,0.055330796925445506,0.05597229944309373
4118,0.055330564678314764,0.05597228348857831
4119,0.05533053461717702,0.05597228636111437
4120,0.05533037978334412,0.0559722757310442
4121,0.055330129008424406,0.05597232640978813
4122,0.05533000070168412,0.055972399471661737
4123,0.05532990415959602,0.05597237565923695
4124,0.055329852275991236,0.05597237590209391
4125,0.055329577259544044,0.05597234970548723
4126,0.05532939529561932,0.05597239810511578
4127,0.05532932062336904,0.05597240083783602
4128,0.05532918965595688,0.055972440189020256
4129,0.05532907753463965,0.055972445873511134
4130,0.05532860108723123,0.055972243580196784
4131,0.05532857792037716,0.05597223657902571
4132,0.05532824094282368,0.05597228750681484
4133,0.05532805553254616,0.055972430540860214
4134,0.05532785135846747,0.05597266056270439
4135,0.055327747195359295,0.05597269918034154
4136,0.05532759050673775,0.05597272584302986
4137,0.055327501752107225,0.055972724437672795
4138,0.055327355376005534,0.055972705580102707
4139,0.05532729716579457,0.05597269576998825
4140,0.05532708556148412,0.05597272700385597
4141,0.055326938337022506,0.05597267008397563
4142,0.05532691388837801,0.05597265395854522
4143,0.055326901270105804,0.05597265262807062
4144,0.055326857961817945,0.05597264794076401
4145,0.05532684249088239,0.055972646265581565
4146,0.05532663069723173,0.05597264970983652
4147,0.05532629221487028,0.055972686077278795
4148,0.0553262635689667,0.05597269559409861
4149,0.05532593001868551,0.055972641329751174
4150,0.0553256602313126,0.05597269575111297
4151,0.05532530220526366,0.05597268035630599
4152,0.055325125584530906,0.05597263851992189
4153,0.05532492732549705,0.05597264977598628
4154,0.05532481316628765,0.05597268674113986
4155,0.05532454233327588,0.055972636400377564
4156,0.0553242327457485,0.055972680263387316
4157,0.055324218524708174,0.055972680837100365
4158,0.05532419935981569,0.05597267442943013
4159,0.05532403966720728,0.05597260247408414
4160,0.05532392267722263,0.05597262148323673
4161,0.055323650422658854,0.055972712615953574
4162,0.05532362558103608,0.0559727049989837
