0,0.15480901108417097,0.15511985577270493
1,0.14496130544048366,0.14525191711967303
2,0.13626574346160927,0.13656616248891132
3,0.12879465368760848,0.12910955494251738
4,0.12174561630194665,0.12205173116545594
5,0.11458708164446538,0.11489178497325148
6,0.10844927807833694,0.10876726563470233
7,0.10306563696554644,0.10337927319447461
8,0.09870321702361999,0.09901240561657049
9,0.0936999334835209,0.09400756035439542
10,0.0899371198411242,0.09023930754122755
11,0.08653945295611438,0.08681244824844934
12,0.0835371626679614,0.08380119976238407
13,0.08039915215444678,0.08064227484450393
14,0.07800383715670027,0.07820156572477203
15,0.07586254695389893,0.07607462271482592
16,0.07408832778435312,0.07427433818424238
17,0.07221028435129344,0.07238079700870398
18,0.07060406143654836,0.07075565511590773
19,0.0689740153948465,0.06911457646984151
20,0.06772672199914044,0.06785350739171091
21,0.06659392696769824,0.06671798500729825
22,0.06562448395014908,0.06574764131936954
23,0.06469686131191792,0.06479445018023652
24,0.06390114392207981,0.06399081478696318
25,0.06323189465944773,0.06330566795529731
26,0.06260683093676786,0.06267808238947156
27,0.06209593450905799,0.0621554897479526
28,0.061615753475141866,0.061668930608817486
29,0.061197689153845596,0.06124118873538747
30,0.06081595091363505,0.06086012824257501
31,0.06049168094624489,0.060526513045613586
32,0.06023485799451002,0.060266264917939655
33,0.05998746973353865,0.06000948645980676
34,0.059752881749120364,0.059768054103460616
35,0.0595783389250201,0.059593930815180864
36,0.05937820410176597,0.05938438696545075
37,0.059170772747125844,0.05917424489409384
38,0.05902195439450513,0.059011984236667314
39,0.058898086676951476,0.05889086295939269
40,0.058794459991546415,0.05878425033874548
41,0.05869671842978619,0.058688137544537146
42,0.05861282817627019,0.05860009304617526
43,0.05853405244293173,0.05852048154386767
44,0.0584763302650225,0.05846218024021725
45,0.058392166058727255,0.05837563366103352
46,0.05829477079237059,0.058274783233166795
47,0.05823780791748102,0.05821230147293902
48,0.058187032344513404,0.05816164350251695
49,0.0580999629669912,0.05807408373339653
50,0.0580594848866115,0.05803526652514614
51,0.05802705625640711,0.05800542686191179
52,0.05798656760720797,0.05796055191199914
53,0.05793104421247963,0.05790690434748178
54,0.05790288935953853,0.05787617123993385
55,0.05786220895036272,0.057834328336751485
56,0.057827036151206435,0.05779772701282844
57,0.05776743316240127,0.05773807608093955
58,0.05773730680740403,0.05770245381663495
59,0.05771734685365157,0.05768255948832325
60,0.05769775678879329,0.05766540694253652
61,0.05766852644639305,0.05763543035053828
62,0.057634400105782385,0.05760179041219225
63,0.05760868942786579,0.057574334822840745
64,0.057588651975871284,0.05755115491202232
65,0.057563652558691,0.0575263142602442
66,0.05753782157796249,0.05750101145920755
67,0.05751273204678767,0.057476011204752785
68,0.05749813115484376,0.05746236458827422
69,0.05747083766070552,0.057435373790404934
70,0.05744545562944475,0.057411490796335084
71,0.05743008515414905,0.057395633930544386
72,0.05741757913265143,0.05737990247228315
73,0.057406463686100535,0.05736673121399415
74,0.05739445341154573,0.05735436325753118
75,0.05737445025125912,0.05733219656747883
76,0.05736156989841003,0.05731990739965593
77,0.05735521114405964,0.05731417045774551
78,0.057349321887301914,0.057308845691581296
79,0.05734326267671512,0.057303966124857206
80,0.05732688539621495,0.057289257364974144
81,0.05732147605368778,0.0572838388919979
82,0.057301211684469895,0.05726349990118404
83,0.05729105881859274,0.05725181402130861
84,0.0572807944535769,0.057238843793151944
85,0.05727740167108611,0.05723689778518282
86,0.05726663557484922,0.057226435911800044
87,0.057256001772659645,0.057216084738959914
88,0.05724585753492856,0.057206388917737695
89,0.0572374869488216,0.05719773074034476
90,0.0572310988643141,0.05719029686350481
91,0.057225024027745125,0.05718362730216813
92,0.05722225675751229,0.057182135613125656
93,0.057215325324063634,0.057174824937640714
94,0.05720737243615111,0.05716558864410146
95,0.0572000540143004,0.05715672044801028
96,0.057194277161746285,0.05714964870387293
97,0.0571885228071694,0.05714410849330052
98,0.05718094068082872,0.0571352020786879
99,0.05717500457053789,0.05712774305881271
100,0.057155192109917166,0.057106694085077514
101,0.057142352685562864,0.0570938351411187
102,0.05713044072768624,0.05708005001545776
103,0.05712124130115986,0.057070001439730275
104,0.05711502569386037,0.05706290875163181
105,0.05711041304283505,0.05705712015860387
106,0.057103596264847574,0.057049316528296874
107,0.05709780342962055,0.05704362639988932
108,0.05709069467632232,0.05703521141009507
109,0.05708826522333356,0.057032703919600504
110,0.05707936885218299,0.057024948313319265
111,0.05706986673395432,0.05701462958996545
112,0.05706794744657961,0.05701189888121004
113,0.05706517099253343,0.057008988153595105
114,0.05705926086198996,0.05700284962055477
115,0.0570581120143962,0.05700277794923556
116,0.05705261601238296,0.056997817150945033
117,0.05704893918385307,0.056994922685042214
118,0.05704691220289892,0.05699166298256481
119,0.057043122101729196,0.05698734953947961
120,0.057038024951224446,0.056981216817208205
121,0.05703551379705068,0.05697828473620304
122,0.05703208488946925,0.05697485767241684
123,0.05703072437898404,0.05697380467563217
124,0.05702797188920709,0.05697005224616162
125,0.05702538436919086,0.05696776155987742
126,0.05702340001423,0.05696590032259351
127,0.05702245137760034,0.056965218602180984
128,0.05701949216760045,0.05696170010756359
129,0.05701434583052691,0.05695613099453582
130,0.057013263632669044,0.056955458906511824
131,0.05700583098362251,0.05694834153775507
132,0.057001753841215155,0.05694412827384558
133,0.05699645050497231,0.056939953968847316
134,0.056987823368542995,0.056930747683872115
135,0.05698226916915594,0.05692569184972673
136,0.05697860867272936,0.05692228544785644
137,0.056972175504961385,0.05691801971235233
138,0.05696807695254669,0.05691368522705137
139,0.05696437185175127,0.05691072252731876
140,0.05695784542719675,0.056905448695175116
141,0.056956221622912646,0.05690411820785187
142,0.056951470200352794,0.05689903076768566
143,0.05694890999292317,0.056896593681265616
144,0.056945687967230554,0.05689365982730653
145,0.05694447268680901,0.056892880516388196
146,0.05694110932945016,0.05688924305201359
147,0.056937760252067746,0.05688655581203003
148,0.05693279281176755,0.05688254569776063
149,0.05693101931566561,0.056880936303660194
150,0.05692993003683805,0.05687988843774902
151,0.05692851906885558,0.056877768246019124
152,0.05692308040087937,0.05687241924247931
153,0.056916702467721604,0.05686646047645481
154,0.0569127246428384,0.05686280478479864
155,0.056909772404208823,0.05686011458268069
156,0.05690687859934786,0.056857024263693295
157,0.05690475558106156,0.056855819413336006
158,0.05690296641886602,0.056853707260384606
159,0.05689572060707173,0.056846179477781686
160,0.05689060392907832,0.05684046453279523
161,0.056887793255749275,0.05683821638109733
162,0.05688684710067181,0.05683707162099676
163,0.056881332042687104,0.05683077450379935
164,0.05687833710223768,0.056827241110624475
165,0.05687532734847452,0.05682452392982936
166,0.05687372077964145,0.05682292020093074
167,0.056870979508506496,0.05681936507546893
168,0.05686942161841394,0.0568180112039412
169,0.05686521947933108,0.056814163702840106
170,0.0568605387563637,0.056809580555836826
171,0.05685686634425947,0.05680548115164406
172,0.056855779041686906,0.05680423998964709
173,0.05685282294175545,0.05680226242201258
174,0.05685195149511631,0.056801439422286534
175,0.0568491545414176,0.05679901333281468
176,0.056847208684956005,0.05679712515591927
177,0.056844774898186214,0.0567940700245872
178,0.05684239221620283,0.0567922050486581
179,0.056841167323861755,0.0567915324468888
180,0.056838465021855474,0.05678861072066487
181,0.056836893634960584,0.056786951099035136
182,0.05683365276945034,0.056784823707187876
183,0.05683026385784843,0.05678168836774666
184,0.05682748844147004,0.05677817261296998
185,0.056825545685016014,0.05677709417987837
186,0.05682377668525598,0.05677546435599846
187,0.05682251252833523,0.05677406108821894
188,0.056820086467392346,0.05677166522425842
189,0.05681684409894457,0.05676846038947761
190,0.05681545916892244,0.05676711152771736
191,0.056813692863412764,0.05676633030647324
192,0.0568117805085271,0.05676487898521074
193,0.056809239672741874,0.0567617112704142
194,0.056805720569939,0.056758282258413666
195,0.056804790210419565,0.056757700179372934
196,0.056804289557871646,0.05675728854788318
197,0.056802095164628086,0.05675466324403258
198,0.05680035121334274,0.05675274116662635
199,0.056798523403875235,0.0567507347881212
200,0.05679718354442286,0.0567495145512542
201,0.056796100589662044,0.05674873953927584
202,0.05679519178717167,0.056747681763197284
203,0.05679356813154196,0.056746788458971444
204,0.05678888562457087,0.05674252845389271
205,0.05678682728995716,0.05674041435477745
206,0.056784256662564626,0.05673836468441744
207,0.056782709605144366,0.05673709640018642
208,0.056778929549495885,0.05673268935359087
209,0.056776694188487034,0.05673017808390366
210,0.056774791276570175,0.05672785752728586
211,0.05677318687905625,0.056726833271441436
212,0.05677043370143383,0.05672369536130718
213,0.056769310212086296,0.05672325252723646
214,0.056768694775714126,0.05672263835810778
215,0.056766755925763114,0.05672113625143063
216,0.05676546935201559,0.05671981334540881
217,0.05676303131343729,0.056718320296861274
218,0.05676296480155379,0.056718170193034545
219,0.05676038470053094,0.05671554960927799
220,0.056759243827996596,0.05671515460551254
221,0.056758787239784635,0.05671443946378344
222,0.056758693251206756,0.056714437089392965
223,0.056756493725326165,0.0567125489040255
224,0.056754772603824666,0.05671094488554916
225,0.056754702987989195,0.056711138290313656
226,0.0567530197943024,0.05670935179564939
227,0.05675096438745134,0.05670749687013488
228,0.056749404964017675,0.056706192637078955
229,0.05674787207566499,0.05670431502480636
230,0.056746414203803476,0.05670245598606556
231,0.056743586065966904,0.0567003130045317
232,0.05673959749673979,0.05669608927748951
233,0.05673641041657632,0.05669242444433945
234,0.056735515153508664,0.056692170065731705
235,0.0567343362985335,0.05669147708623428
236,0.05673134857504635,0.056688521038398124
237,0.056728795106505185,0.05668541943768358
238,0.05672832124220834,0.05668503138440569
239,0.05672689459698189,0.056683564112304706
240,0.05672429226219392,0.05668126722119792
241,0.056723809431752224,0.05668067172397309
242,0.056723144814670605,0.05668048187711871
243,0.05672398534116166,0.05668130980027736
244,0.056723230680688345,0.056681009706795425
245,0.056722234045176664,0.0566805233688513
246,0.05671999081323431,0.056677869646230505
247,0.05671836267276209,0.056676480458734295
248,0.05671739442089207,0.05667588029144937
249,0.056716234166614345,0.056674364261753596
250,0.056714245807822194,0.05667216785942578
251,0.05671381246371803,0.056672335294566674
252,0.05670511829551482,0.05666316734058303
253,0.05670413935525166,0.05666214533468522
254,0.05670316235107422,0.05666157434222344
255,0.05670190252143993,0.05666052582398451
256,0.05670116069292163,0.05665940470274063
257,0.0567009554229107,0.05665946979494111
258,0.05669730847830267,0.056656650645392215
259,0.05669196032721472,0.05665088723474408
260,0.05668993788915386,0.05664932753343744
261,0.05668850247313395,0.0566476894708271
262,0.056686606864001836,0.05664613443294897
263,0.05668547414245621,0.0566448929146344
264,0.056683901352093884,0.056643458455125834
265,0.056682584350316825,0.056642286728399896
266,0.05668054596170478,0.05664005169039676
267,0.05667901036695483,0.056638015156524224
268,0.05667802861908743,0.05663674097437657
269,0.05667778600959713,0.05663680850745304
270,0.056676967327503415,0.0566356527945679
271,0.05667513015423177,0.05663308912354139
272,0.056673416892886595,0.05663108902705575
273,0.0566692349399598,0.05662773836765352
274,0.056667870710199186,0.056625864891917226
275,0.05666713105783525,0.05662514174521453
276,0.056665523101908574,0.056622650483949905
277,0.05666493648955611,0.05662193892585035
278,0.05666438998399549,0.05662186832857951
279,0.056663614908633954,0.05662125430047645
280,0.056661893143088095,0.05661957762925183
281,0.05666090824859426,0.05661875467992146
282,0.05665986874657214,0.056617390286720214
283,0.05665946317297257,0.056617323465825035
284,0.05665850798094239,0.05661652272678482
285,0.0566571415654729,0.0566148435236596
286,0.0566561401571764,0.05661349828899003
287,0.056655360013295145,0.05661298858380037
288,0.05665334454302656,0.056611043396301026
289,0.0566529973102439,0.05661069487608754
290,0.05665265302213471,0.056610187875290645
291,0.056651548123634266,0.056608317592190045
292,0.05665082371423167,0.056607734120913
293,0.056649254022302524,0.0566071232329187
294,0.056648252911475384,0.05660610070514863
295,0.05664733283183951,0.056605741689794244
296,0.05664595099611517,0.05660501534224639
297,0.05664545101966543,0.056604745638525474
298,0.05664493239182751,0.05660402893674051
299,0.056644468706437044,0.05660341238664147
300,0.05664402352352739,0.056602962876551324
301,0.05664371390517009,0.05660282200347759
302,0.05664344606385836,0.05660263044117312
303,0.0566416345452882,0.056600389942356576
304,0.056641115672206,0.0566006830594904
305,0.056640620283955355,0.05660037499944392
306,0.05663990170648363,0.05659948665300463
307,0.05663869402703914,0.05659900892308056
308,0.05663777644216823,0.05659834185297568
309,0.056637461594972474,0.0565979616955718
310,0.056636938746378714,0.05659755613260596
311,0.056635975478973574,0.056596647891717124
312,0.05663362720997095,0.0565945491844085
313,0.056633511480062085,0.05659433907790943
314,0.05663301962881556,0.05659400102583565
315,0.05663238084839568,0.056593339866595184
316,0.05662948101538598,0.05659061061885963
317,0.05662853701178258,0.056590005945952884
318,0.05662852404805671,0.05659001070085185
319,0.05662518089990517,0.05658604976151927
320,0.05662487239248804,0.05658560912245663
321,0.056624271197176966,0.056585053080718775
322,0.0566237044215788,0.05658461807609647
323,0.05662193673688324,0.0565830330941351
324,0.05662209567937482,0.05658365117157221
325,0.05662071506506116,0.05658166347123436
326,0.056620093366038154,0.056580994305577205
327,0.056619610873941295,0.05658073191444813
328,0.056617782971312126,0.05657906982191323
329,0.05661711173788627,0.056577980941312674
330,0.05661397389445654,0.05657417577163507
331,0.05661311372511369,0.056573935799601516
332,0.05661169031607506,0.0565726818108344
333,0.056610917369438025,0.05657191320530405
334,0.056606558515110046,0.05656750004443294
335,0.056605149741183323,0.05656605694021759
336,0.05660469452651402,0.056565503715477784
337,0.056603966068043146,0.05656470890368678
338,0.0566039131746467,0.05656487165271902
339,0.05660004213598603,0.05655998748666605
340,0.05659823117391078,0.05655864676666794
341,0.0565979842220871,0.05655849279408327
342,0.0565968405665767,0.05655722401662864
343,0.05659656065193131,0.056556944821438686
344,0.05659608249553727,0.05655645320047359
345,0.05659590928651923,0.056556255222208716
346,0.056594123536982795,0.0565540076934013
347,0.056592482009165904,0.0565521451280911
348,0.056591023072348715,0.056551290065835126
349,0.05658780797042398,0.05654735864062813
350,0.05658696547536691,0.05654683291633079
351,0.05658652322633791,0.0565464989478391
352,0.05658630510457658,0.056546409361324254
353,0.05658506990443771,0.05654547889409605
354,0.05658438865843794,0.056544885312410004
355,0.0565843134356944,0.05654484050837934
356,0.05658469056624112,0.05654545444189425
357,0.056582305811060905,0.0565430063348471
358,0.056581100648063966,0.05654225180113351
359,0.05658058740121938,0.056541872579108025
360,0.056580180266783874,0.056541314648854694
361,0.056579628606069986,0.05654079849160343
362,0.056578526516680105,0.05653980825217646
363,0.05657826502756244,0.05653958173925698
364,0.056578116471186664,0.056539635094944606
365,0.05657723005877797,0.056539189344899536
366,0.05657710526999403,0.0565391671464067
367,0.0565762914845643,0.05653876119077179
368,0.056574701799969984,0.056536817989216115
369,0.05657400828316576,0.05653645532772589
370,0.056572285220529664,0.05653421652393497
371,0.05657228870177498,0.056534224870287114
372,0.056571369263723054,0.05653300306707326
373,0.056570600563811815,0.05653127035182678
374,0.05656858387011041,0.05653088342534826
375,0.05656819970036224,0.056531045941331286
376,0.056567011888759296,0.05653022642419686
377,0.056566591326499334,0.0565302220764052
378,0.05656611518164287,0.05652995325818717
379,0.05656543359117957,0.056529545489649904
380,0.05656468798942529,0.05652876993652548
381,0.056563674879094986,0.05652807172196037
382,0.05656249017387356,0.05652721360024336
383,0.0565624950713943,0.056527235834814844
384,0.05656134759178559,0.05652645418338407
385,0.05656084572357304,0.05652649979869335
386,0.056560163153605174,0.05652620069890774
387,0.056560151030589104,0.05652624798463066
388,0.05656014621416734,0.05652625008582028
389,0.056560077690180864,0.05652624289508551
390,0.056559597512441676,0.056526104528820786
391,0.05655894658309685,0.05652525875016545
392,0.05655867122507698,0.05652520237428867
393,0.05655803476876448,0.05652483569291661
394,0.05655679443132332,0.05652334820290501
395,0.05655673667988507,0.05652334854067848
396,0.05655581360057365,0.05652276752375743
397,0.056554076405325185,0.05652118641854836
398,0.056553438079753215,0.05652098019553992
399,0.05655324637087423,0.05652064173412143
400,0.05655300178256724,0.056519985859782754
401,0.056552044963526366,0.056519207715775815
402,0.05655111826350754,0.05651791987193807
403,0.0565504359974492,0.056516915865533035
404,0.056550424684196424,0.056516912961193
405,0.05654913478142548,0.05651531828185727
406,0.05654841069550301,0.056514552663709
407,0.0565475920325337,0.05651378281396174
408,0.05654697965980352,0.056513246655878785
409,0.05654642772429519,0.056512871637801
410,0.05654559443214908,0.05651214235788334
411,0.056545302959005186,0.05651178264202821
412,0.05654391521767746,0.05651030493305786
413,0.056543823499853194,0.056510573052221055
414,0.05654383294821295,0.05651058293173237
415,0.05654257828944028,0.056509315921577125
416,0.05654233543600919,0.05650926568951004
417,0.05654230280185924,0.05650929820835097
418,0.0565421935875892,0.056509215322109285
419,0.05654150628552273,0.05650879171011222
420,0.05654144255139368,0.056508742803952954
421,0.05654155521978096,0.0565090780400418
422,0.056541208099295276,0.05650886600737332
423,0.05654126181645527,0.056508881722076125
424,0.056540995355662545,0.05650888705027645
425,0.05654115061805388,0.056509661841663
426,0.05654064831190596,0.05650890919074652
427,0.05654024980691409,0.05650894163077938
428,0.056540039239058676,0.05650883197135993
429,0.056539941299941394,0.0565087618486601
430,0.056539766054068984,0.056508343274164825
431,0.05653877900060164,0.05650826089278155
432,0.056538779072011644,0.05650826924094592
433,0.05653827115065183,0.05650799317596089
434,0.056535890250356796,0.05650462307761173
435,0.056534735177062305,0.05650412968440109
436,0.056532600696427265,0.05650074895053629
437,0.05653203083181165,0.05650017197569004
438,0.05653143849601946,0.056500098446613856
439,0.05653061003766468,0.056499614092063194
440,0.05652962585488504,0.05649929757667049
441,0.056529373507070865,0.05649908531437976
442,0.05652911571551169,0.05649893795632143
443,0.0565290924433597,0.056498954286721574
444,0.05652908121316586,0.05649890311612953
445,0.05652834338467444,0.05649821373331282
446,0.056526887324344986,0.05649656312040984
447,0.05652600154357419,0.056495869298779325
448,0.056525368374037675,0.05649535708053861
449,0.05652454007171792,0.05649399173507925
450,0.056524652567520296,0.056494174320734745
451,0.05652354335794673,0.05649296672640733
452,0.0565233791286589,0.05649289507174215
453,0.05652240473826874,0.05649273718448323
454,0.05652228898445967,0.05649292839507227
455,0.05652185189416319,0.056492608995333767
456,0.05652138789511566,0.05649198957694753
457,0.056520502336817144,0.056491441048048104
458,0.05652008454007292,0.056491021203120974
459,0.05651793251206305,0.05648881591557649
460,0.05651687166532078,0.056488236214778484
461,0.056517031387636425,0.05648838870551887
462,0.05651663914431311,0.056488093761460786
463,0.0565165904065724,0.056488149477655465
464,0.05651664386631115,0.05648816211502684
465,0.05651649221883569,0.0564880141787077
466,0.05651605136826949,0.05648803117841161
467,0.0565112369466264,0.05648375260538791
468,0.056510829791326045,0.05648348942068383
469,0.05651017468820862,0.056483216439650714
470,0.05650975219051968,0.05648338343749777
471,0.056509808766685286,0.056483446246993745
472,0.056509052581825446,0.05648339745935902
473,0.056508135913768874,0.05648305874846152
474,0.0565077307469008,0.05648354006505739
475,0.056507189183035975,0.05648315487190679
476,0.05650648753183093,0.0564824559005969
477,0.05650633978406117,0.05648196594140081
478,0.05650624413295513,0.05648198241639287
479,0.05650545520115286,0.05648158783371094
480,0.05650521680537179,0.056481646449950705
481,0.05650444341923945,0.05648086251876285
482,0.05650439277699356,0.05648086174691139
483,0.056504043800474156,0.05648022754501225
484,0.05650379465642684,0.05648017752112823
485,0.056502128909830696,0.056478439837081444
486,0.056501879726168464,0.056478298895530944
487,0.056501362388875924,0.05647752269849528
488,0.056501273034685814,0.05647751937871503
489,0.056500549739347546,0.0564770939970326
490,0.056500340605764865,0.05647685655096289
491,0.05649995486783579,0.056476890999007004
492,0.056499517813147423,0.05647661091326794
493,0.05649925769157335,0.056476734554652595
494,0.05649895252056083,0.05647646040475697
495,0.056498336669212175,0.0564758307063968
496,0.05649787817702353,0.05647539313368477
497,0.05649777853240684,0.05647547628396693
498,0.0564975517965455,0.05647526372757389
499,0.056497496983643446,0.05647526101899899
500,0.056497447576989254,0.05647537834374666
501,0.056496451338737506,0.05647462949153167
502,0.05649629215484299,0.05647466441775254
503,0.05649586188195135,0.05647457574694836
504,0.05649550613818753,0.05647397175040691
505,0.05649471017328543,0.0564732676216322
506,0.0564941928235905,0.0564729828838451
507,0.056494085092640825,0.05647310647416186
508,0.05649396331813278,0.05647307725012532
509,0.05649376698230965,0.05647288487494254
510,0.05649365663334105,0.05647279444564576
511,0.05649280656849072,0.05647172298467903
512,0.056492614234401974,0.05647147045475291
513,0.05649183088843849,0.05647035134785746
514,0.05649174741620311,0.056470300284506905
515,0.05649161513619707,0.05647006361059037
516,0.05649128622403742,0.05647030524373485
517,0.056491279096414125,0.056470308292209
518,0.056491002113178354,0.05646987897963258
519,0.05649055424214602,0.05646920778682598
520,0.05649067151270964,0.05646953848596339
521,0.05649053101515709,0.05646943901763054
522,0.0564896860170331,0.05646863352563402
523,0.05648925649825013,0.056468473696477936
524,0.05648864977663207,0.05646794685561145
525,0.05648830058921596,0.056467826804057084
526,0.05648834834289184,0.05646791773040047
527,0.056487659813690236,0.056467408835750195
528,0.056487346603508196,0.05646757486676677
529,0.05648691179792603,0.05646682160315752
530,0.05648683045181953,0.05646693920913873
531,0.05648686979095882,0.05646697698712426
532,0.05648675748681094,0.056466799575478364
533,0.05648634842325587,0.0564662079653975
534,0.05648523878717015,0.05646529801712019
535,0.05648478605174816,0.056465271290856586
536,0.056484430949882154,0.05646498335998408
537,0.05648365729275453,0.05646449415294852
538,0.056483339753258095,0.05646414210362399
539,0.05648300660254761,0.05646361227062114
540,0.056483133340398804,0.056463765389720685
541,0.05648167870354204,0.05646332480328212
542,0.05648166004343543,0.0564634845141775
543,0.05648159947664837,0.05646347706126632
544,0.056481269827873826,0.05646322531153939
545,0.05648024486850237,0.056461758064006516
546,0.056480316992317876,0.056461884855790574
547,0.05648033125335791,0.05646190087678314
548,0.05647993405539801,0.056461530881845017
549,0.05648007053636119,0.056461779116331726
550,0.05647935865967621,0.05646109539123024
551,0.05647837205453741,0.056460241480032106
552,0.05647845221640814,0.056460711164106316
553,0.05647804192291352,0.056460346876102796
554,0.056477448929426285,0.05645990299589431
555,0.056477130204861704,0.05645962434395759
556,0.056476105121957755,0.05645804369865418
557,0.056475941494057345,0.05645800560277815
558,0.05647574566577593,0.056458041108682924
559,0.056475663647017664,0.05645786927120434
560,0.056475673950494874,0.05645787473730016
561,0.05647492353503189,0.05645745177815794
562,0.05647456495654751,0.056457184813189905
563,0.05647414025159682,0.05645702064959515
564,0.056473752000674664,0.05645725663135997
565,0.056473610468762356,0.05645719980179345
566,0.05647343348689642,0.05645738956277383
567,0.0564721493606597,0.056455886901783686
568,0.05647162017823544,0.056455686161811666
569,0.056471449271385615,0.05645566857690574
570,0.05647066476593634,0.056455617217670236
571,0.05646996598075291,0.056455262067131334
572,0.05646994788679745,0.05645523975716541
573,0.05646849822373542,0.056454104098362025
574,0.05646854829467032,0.05645415855708544
575,0.05646824417202519,0.056453658429640036
576,0.056467391680697726,0.05645288385112885
577,0.056467393556489595,0.0564528900631753
578,0.056467182257043814,0.056452714623296554
579,0.05646671170538568,0.0564522920020107
580,0.05646617852919271,0.05645191714613732
581,0.056466178435949886,0.05645191992584229
582,0.056466166897565756,0.056451964889091336
583,0.056466178072537725,0.05645198757225683
584,0.056466227686720286,0.05645204030156443
585,0.05646632748712664,0.056452094280903725
586,0.05646555728597592,0.0564513770616151
587,0.0564655638511423,0.05645138394214963
588,0.056465398990490044,0.05645108658269569
589,0.056465399912884295,0.056451091940626565
590,0.056465402900273375,0.056451097088777866
591,0.056465376873585105,0.05645112850328837
592,0.056465037019365935,0.05645076222666881
593,0.05646476037824949,0.05645064858805404
594,0.05646432587817311,0.05645030563083487
595,0.0564643762943931,0.05645033979255508
596,0.056463916900088514,0.05644983799395564
597,0.05646370935566288,0.056449683492865194
598,0.05646316810858401,0.05644870342679829
599,0.05646274917133426,0.05644827007850065
600,0.0564626684570089,0.05644837943229043
601,0.056462649982418886,0.05644839257481283
602,0.056461893151436494,0.05644757938510034
603,0.05646175866080239,0.05644742508843517
604,0.05646179184062819,0.056447124146804986
605,0.056461791247038526,0.05644712153704916
606,0.056461621555966755,0.05644708469976335
607,0.05645948125939815,0.05644496276520429
608,0.05645895318653791,0.056444810505189694
609,0.05645882500473563,0.05644484255573442
610,0.05645874165539387,0.0564448384426129
611,0.05645861163703859,0.05644463905051048
612,0.05645851007956277,0.056445072759462915
613,0.05645834045980973,0.05644513251472004
614,0.056458184738594465,0.05644528325533063
615,0.05645818099709892,0.056445280191581695
616,0.05645788126356699,0.05644486765785172
617,0.05645779401840804,0.05644478941027893
618,0.056456889710640966,0.05644407151743092
619,0.05645684329995278,0.05644412332230628
620,0.05645667999039072,0.056444075315754356
621,0.056456364669321635,0.05644407840501148
622,0.05645635273855309,0.05644412128920786
623,0.05645611592528251,0.056443809057577864
624,0.056455546446785014,0.05644348296647534
625,0.056455100588800884,0.056443000981666616
626,0.05645509483041128,0.05644299806521611
627,0.05645485837635446,0.056442878663203834
628,0.05645484669978022,0.05644287850650604
629,0.05645477739817935,0.05644299426587391
630,0.05645492170649442,0.056443385602944235
631,0.05645492439477287,0.05644341858769722
632,0.05645465078680206,0.05644343668525334
633,0.05645463241019596,0.05644344154514832
634,0.05645451854927118,0.0564433510102558
635,0.0564543382182767,0.056443597142781764
636,0.05645370623952723,0.056443234540646085
637,0.05645372978948978,0.05644329508740877
638,0.05645283260917417,0.056442263429780884
639,0.05645283041462244,0.05644219627179995
640,0.056452599321318776,0.056441889321020663
641,0.05645228984917805,0.05644151659188496
642,0.056452084619444044,0.05644144713115112
643,0.05645164363942111,0.056440821700959085
644,0.056451528867236735,0.05644077649518093
645,0.05645151361801496,0.05644076752914489
646,0.05645141111147386,0.0564408103219358
647,0.05645113270137929,0.05644070647961304
648,0.05645025081151592,0.0564401055830873
649,0.05644995828801363,0.05644022302759976
650,0.05644985889462383,0.056440288533014076
651,0.05644974807996543,0.05644017433313888
652,0.05644958945709732,0.05644016573181002
653,0.056449554341091446,0.05644019201966669
654,0.056448394584046435,0.056439520811637715
655,0.05644822049734835,0.05643938194460926
656,0.05644798903799306,0.05643929977010279
657,0.05644778948624642,0.05643914507801181
658,0.05644733138788543,0.056438775755233934
659,0.056446656045815016,0.0564381749721629
660,0.05644630919969637,0.056438084984014314
661,0.05644610617953173,0.05643785255968956
662,0.056445895257286084,0.0564374328839533
663,0.05644591523520852,0.05643751637364552
664,0.05644591815652967,0.0564375183740726
665,0.05644592889635166,0.056437560996566626
666,0.05644561113660098,0.0564375162323959
667,0.05644471276699183,0.05643634202744886
668,0.05644370374424022,0.05643635088263738
669,0.05644302708271392,0.056435829729756276
670,0.056442637203452696,0.05643509655267791
671,0.05644229801254351,0.05643469036686914
672,0.05644230790645703,0.056434644062310864
673,0.05644186383656749,0.05643438446630226
674,0.056440517523774776,0.056433223502992694
675,0.05644041098805333,0.05643307528947608
676,0.056440248672002,0.05643316146045559
677,0.05644024807275064,0.05643323262194645
678,0.05644031024924318,0.05643330469322029
679,0.05644030206072244,0.05643324329819877
680,0.05644030350442486,0.05643324601199097
681,0.05644029850723246,0.05643324618183127
682,0.056440258728236097,0.0564332192679543
683,0.05644030356034341,0.056433256063540965
684,0.05643995453661785,0.05643311443899604
685,0.0564400306127608,0.05643325751284019
686,0.05643993520676283,0.05643356865242234
687,0.05643996946250567,0.05643356896318425
688,0.056439960467228205,0.05643362323032092
689,0.05643989957742894,0.056433662269723205
690,0.05643985465125967,0.05643388954533986
691,0.05643985187818239,0.05643388820698813
692,0.05643945450814475,0.056433347586355855
693,0.05643932843581814,0.05643304589040113
694,0.056439217018914814,0.05643307760648077
695,0.05643920442596907,0.05643339420370458
696,0.05643890281950266,0.0564333247246925
697,0.056438841401722145,0.05643343904207811
698,0.05643877035755755,0.05643327796156998
699,0.056438503802067795,0.056432732154173285
700,0.05643794491633153,0.05643245973583897
701,0.05643784000196008,0.05643255948059939
702,0.0564377333870077,0.05643270148285806
703,0.056437501929490354,0.056432560515214995
704,0.056437185712052695,0.056432587080527306
705,0.05643717749276601,0.0564325816497168
706,0.056437166380856066,0.05643259972405286
707,0.056436852379264546,0.05643286391624199
708,0.05643670509011413,0.05643291209966756
709,0.05643684151153396,0.05643263589944725
710,0.056436530086626385,0.056432491557695766
711,0.056436057712878046,0.05643208554369215
712,0.05643599487247786,0.056432048869855575
713,0.0564355743089283,0.05643173734416535
714,0.05643555876698194,0.05643170828145077
715,0.05643537755168659,0.056431670318661864
716,0.05643535743052277,0.05643164999783548
717,0.05643514878285913,0.05643155453838393
718,0.056433343918730144,0.056429934594990495
719,0.05643289226532174,0.05642964345523539
720,0.05643289750738404,0.056429645103666055
721,0.056432553433172446,0.05642930133838929
722,0.05643207541321945,0.05642933686461514
723,0.05643206819942273,0.05642930934802213
724,0.056431778607509704,0.05642916586624615
725,0.056431676215817794,0.05642921048924693
726,0.056431679668697984,0.05642921359183542
727,0.0564312593400711,0.05642892431688391
728,0.05643067478633223,0.056428315628490724
729,0.05643075176752293,0.05642843173346885
730,0.05643015373623115,0.05642826175554791
731,0.05643003597284553,0.0564282370114749
732,0.05642974587351802,0.05642823236655744
733,0.05642963684779822,0.05642784474530423
734,0.056428669659062784,0.0564267025889599
735,0.056428671488126705,0.05642670335662706
736,0.05642848570722802,0.05642657426051201
737,0.05642796511893686,0.05642582544433532
738,0.056427951572459535,0.05642586983380382
739,0.05642708132095158,0.05642519152858208
740,0.05642696068915773,0.056425259141531896
741,0.05642640715751075,0.056424821188816116
742,0.05642595565634281,0.056424307360815176
743,0.056425959685941746,0.05642430865762772
744,0.05642584343451042,0.05642435077103877
745,0.056425829235038055,0.05642435213083894
746,0.05642582092124394,0.056424354432933525
747,0.056425822883321555,0.056424356148746906
748,0.056425442693782864,0.056424053638351394
749,0.056425393934636595,0.05642401571868286
750,0.0564243341070443,0.05642296404358622
751,0.056424218764498255,0.05642258546437524
752,0.05642421247642969,0.05642266324485482
753,0.05642424246762003,0.056422719558597435
754,0.05642428977781353,0.05642273766316065
755,0.0564242580914126,0.056422542211950706
756,0.056424279821100785,0.05642267613260716
757,0.056424091326616986,0.05642232069241336
758,0.05642409703449959,0.056422325936465935
759,0.056423805717759234,0.05642232382795809
760,0.056423791215579666,0.05642232922777223
761,0.05642379502208956,0.056422334266964226
762,0.05642379888704193,0.056422338924096246
763,0.056423357092600664,0.05642212788819487
764,0.056423097045605476,0.05642192454452484
765,0.05642270452941794,0.05642153019556099
766,0.0564225780201316,0.05642111097826745
767,0.05642233528231606,0.05642087472807861
768,0.05642231533052824,0.056420901364908974
769,0.056421773087132615,0.056420329828452284
770,0.05642173277769488,0.05642032841707842
771,0.05642171018377822,0.056420331864907934
772,0.05642170577791497,0.05642032812692037
773,0.056421717289114784,0.05642044789256815
774,0.05642090917029972,0.0564195449409414
775,0.05642085710628054,0.05641950627338919
776,0.05642038629234759,0.056419275771513074
777,0.05642036197797858,0.05641922558480179
778,0.0564203607296995,0.05641922351186102
779,0.05642030462723667,0.05641919143917213
780,0.0564197309409987,0.056418867064528914
781,0.056419676317610294,0.05641885524790252
782,0.05641926587505284,0.056418447959906456
783,0.05641918497080592,0.05641838281098683
784,0.05641893877739333,0.05641825019547497
785,0.05641864161409889,0.05641805743387808
786,0.056418359255793554,0.056417711386879614
787,0.05641835240799778,0.05641770533995294
788,0.056418182656421526,0.056417568345360554
789,0.05641738295935955,0.05641658922476016
790,0.056415910038936146,0.056415358312237825
791,0.05641584948077384,0.05641535017127986
792,0.05641591340183503,0.05641545325240604
793,0.0564151508702456,0.05641493644378329
794,0.05641451650194113,0.05641440726167376
795,0.056414505734850746,0.05641440129494229
796,0.05641420686293041,0.05641390445264929
797,0.05641420413692916,0.05641396316991319
798,0.05641419991732932,0.056413959866406016
799,0.05641419535794378,0.056413956330145155
800,0.05641418807515553,0.056413953414515314
801,0.05641418489685293,0.05641395052578457
802,0.0564140985407972,0.056413983490419296
803,0.0564140405467372,0.056414015034516894
804,0.05641337419616165,0.05641320802197941
805,0.05641340277501958,0.05641324384374477
806,0.05641328717404645,0.05641315656284833
807,0.05641319397273631,0.05641313354523192
808,0.056413190900096256,0.05641313094390175
809,0.05641318965052587,0.056413124041340044
810,0.056413173891629094,0.056413116039161465
811,0.05641304550489477,0.05641312941079467
812,0.056412886073926596,0.056412923870066765
813,0.056412893633566046,0.05641307858222826
814,0.05641284811445868,0.05641304569144254
815,0.056412829313574255,0.05641304617509696
816,0.05641178394523619,0.056412527678519925
817,0.05641174582290561,0.056412483672034865
818,0.05641122950075226,0.05641241417609317
819,0.05641122697370483,0.05641241192438891
820,0.05641082076008342,0.05641151286200211
821,0.05641062474045393,0.056411394794191404
822,0.056410533489339096,0.056411210173283294
823,0.05641045269696737,0.056411267193223646
824,0.056410430587244376,0.05641126231666383
825,0.05641040807962752,0.05641122656448468
826,0.056410396739509906,0.05641122162025406
827,0.056410341410797454,0.05641123257529037
828,0.05641000238696731,0.056410935213797114
829,0.056409732876882425,0.05641077930282685
830,0.05640973605214145,0.0564107802606267
831,0.05640974897858962,0.05641080182477406
832,0.05640964798258559,0.056410748778005664
833,0.05640962110861158,0.056410710964527544
834,0.05640961603196786,0.05641071076201259
835,0.0564097022840706,0.05641088534934411
836,0.056409702059430994,0.0564108842356686
837,0.0564096444849005,0.05641099539064389
838,0.05640959296247529,0.056411303388673305
839,0.056409269499460006,0.05641108724350718
840,0.05640926625615316,0.0564110837494493
841,0.05640913334569176,0.05641097593232965
842,0.05640911939228189,0.05641097162682114
843,0.0564089220876713,0.056410840969529516
844,0.05640776442860642,0.05640979801844902
845,0.05640725591304947,0.05640949626285031
846,0.05640724816827381,0.056409491521382006
847,0.05640726304541207,0.056409556037019734
848,0.056407161539856567,0.056409549223415845
849,0.05640715321796395,0.05640954524429624
850,0.05640713175789166,0.056409516995943446
851,0.056407094464874095,0.0564094097887507
852,0.056406677668706544,0.05640906125210324
853,0.056406687982952314,0.05640907466937132
854,0.05640660578572029,0.05640911392442103
855,0.05640650987381249,0.05640910516156551
856,0.05640650749601632,0.05640910509864662
857,0.05640650820127699,0.056409155580731764
858,0.05640616497192845,0.056409079509513245
859,0.05640557961485708,0.05640869802900633
860,0.056405851441646386,0.056409101882900284
861,0.056405114511263836,0.0564084832845352
862,0.056404130667873455,0.0564076272671777
863,0.05640396146252855,0.056407448976258455
864,0.05640396218358123,0.05640748959001785
865,0.05640396908885644,0.05640749550490961
866,0.056403450560972734,0.05640682780121789
867,0.05640346197013022,0.05640684141549284
868,0.05640346756929864,0.056406846148492236
869,0.05640346508777189,0.05640684814895557
870,0.05640346890204814,0.05640685180350699
871,0.0564034053016518,0.05640680193403286
872,0.05640336637292989,0.05640680710465409
873,0.056403329947890504,0.05640680665301529
874,0.05640314260400356,0.056406673956187675
875,0.05640313157073911,0.056406677538534136
876,0.05640184435787667,0.056405269475302666
877,0.05640187494050294,0.056405293544133456
878,0.05640122015133103,0.05640472797055083
879,0.056401092630283506,0.05640464209219048
880,0.056400902680710116,0.056404554212158786
881,0.056400854631608134,0.056404492610851106
882,0.05640084177774818,0.056404470531595245
883,0.05640065344929447,0.056404396393291735
884,0.05640066885292378,0.05640443175641647
885,0.056400670385619224,0.056404436892105635
886,0.05640036981175726,0.05640407861350363
887,0.05640037181905006,0.05640407918143664
888,0.05640037064088721,0.05640407949964661
889,0.05639970882215588,0.056403520779040886
890,0.056399351716269544,0.056403137970106036
891,0.05639896716883181,0.0564028049526005
892,0.056398966310382735,0.056402807394685506
893,0.05639894754255606,0.0564026683823384
894,0.05639880468967152,0.05640271819260295
895,0.05639870290970281,0.056402655350650664
896,0.05639869715929317,0.05640265581318853
897,0.05639869062109559,0.05640266788567095
898,0.05639855868232268,0.056402847340963326
899,0.056398390074444346,0.05640282895986467
900,0.05639829180945223,0.05640280691009515
901,0.056397824019487106,0.05640216703567967
902,0.056397824870426355,0.056402167118028285
903,0.056397817147778,0.05640216848857864
904,0.056397716173439416,0.05640212064359066
905,0.056397485254923135,0.05640208476955162
906,0.056397523780677306,0.05640233377765213
907,0.05639749536456043,0.0564023801444457
908,0.05639749302536245,0.0564023767870286
909,0.05639744805420874,0.056402331831698356
910,0.05639725779681138,0.056402351312488205
911,0.0563969229225174,0.05640199782546139
912,0.05639698853439514,0.05640210165389264
913,0.056396832270418175,0.05640193908742962
914,0.05639689860198345,0.05640203095712245
915,0.05639687727635186,0.056402299203594464
916,0.05639670107079472,0.05640218163313674
917,0.05639671079537005,0.056402193416135345
918,0.05639613484627217,0.05640151244409978
919,0.05639612480890901,0.05640155129365389
920,0.05639612860441173,0.05640169226859742
921,0.05639539941610298,0.056401114158627884
922,0.05639511339890155,0.056400936439287216
923,0.056395092824551074,0.05640097576442278
924,0.056395068434388726,0.056400990775967844
925,0.05639507230827638,0.056401122011237585
926,0.05639505515444188,0.05640111834524064
927,0.056395033256189595,0.05640107364586316
928,0.056394947667253954,0.056401106340437726
929,0.056394962291552456,0.056401137813901006
930,0.05639471553872565,0.056401136834577884
931,0.056394630618121756,0.05640108171954412
932,0.05639460721592268,0.05640107848314801
933,0.05639423607922885,0.056401209669981675
934,0.056394181794152565,0.056401229412367394
935,0.056394187367020246,0.056401236476023776
936,0.056394207344637105,0.05640127378242761
937,0.056394212424136135,0.056401278854203075
938,0.056394200215538925,0.056401390439525086
939,0.05639412089420062,0.05640129805614899
940,0.056394137516896065,0.05640116935046132
941,0.05639417201232262,0.056401103492027406
942,0.05639387858226224,0.056400876466084306
943,0.05639387149978948,0.056400882094439456
944,0.056393678393999364,0.05640068563095677
945,0.05639368061665679,0.05640068835155524
946,0.056393247795830825,0.05640041434659147
947,0.05639325340583223,0.05640041853777084
948,0.05639325132254324,0.05640042231169338
949,0.05639325627193047,0.056400427194823
950,0.05639313124089651,0.05640044429517403
951,0.0563931324466819,0.05640044742546321
952,0.05639313584653177,0.05640045032898277
953,0.056393054161602736,0.05640037528266069
954,0.056393055443785076,0.05640037650032543
955,0.056393055758853165,0.05640037746580716
956,0.0563927327595254,0.05639974849904257
957,0.05639272669966331,0.0563997451356604
958,0.056392503985697805,0.05639951428842036
959,0.05639250267445726,0.05639951314549158
960,0.056392474593981196,0.05639950901310165
961,0.05639218170974862,0.056398753906434895
962,0.05639220440072598,0.0563988161838246
963,0.05639234452840679,0.05639894398093431
964,0.05639234619904599,0.056398960696190874
965,0.05639213605865924,0.056398916660358685
966,0.0563921229762026,0.05639891723280951
967,0.056391108800024195,0.056398243382975076
968,0.05639111294297223,0.056398254097276855
969,0.05639109665037884,0.05639823672799055
970,0.056390674477864146,0.05639730767177567
971,0.056390293493718775,0.05639727580546691
972,0.0563897547475957,0.056396637078755814
973,0.05638984939249666,0.05639677925317928
974,0.05638982144318527,0.05639676723919488
975,0.05638968767956754,0.05639649233855129
976,0.05638952120172713,0.05639632959108648
977,0.05638946573022165,0.05639634719024464
978,0.056389461684516966,0.056396337104243785
979,0.056389458295513555,0.05639633454733303
980,0.0563894152451754,0.05639631611377515
981,0.056389412628064614,0.05639631394086418
982,0.05638892540657854,0.05639557429674907
983,0.05638889859171597,0.05639557004813278
984,0.05638872819920019,0.056395544211027
985,0.05638872304643029,0.05639553936248127
986,0.05638857314826722,0.056395405382744124
987,0.056388574190226096,0.05639540837293721
988,0.05638851217966438,0.05639527428349325
989,0.05638851143121394,0.05639527383594521
990,0.05638851468112499,0.05639527378008171
991,0.05638831069859993,0.056395391248511416
992,0.056388325001884544,0.05639540578003262
993,0.05638802890471129,0.056395255027651435
994,0.05638790533830811,0.056395127443152934
995,0.05638767792277801,0.05639515788965053
996,0.05638768320177559,0.05639516643209971
997,0.056387578786242475,0.056395237540042754
998,0.056387373574669754,0.05639520641173306
999,0.05638737344348375,0.056395206663312464
1000,0.05638722738116659,0.05639508554314298
1001,0.05638720724991171,0.056395087542884074
1002,0.05638677183304867,0.05639461309990926
1003,0.05638679285632502,0.05639469946694746
1004,0.05638676075101306,0.0563947382247743
1005,0.056386669975084,0.05639455329555979
1006,0.05638677458928833,0.056394669965528436
1007,0.05638681035282817,0.05639465018774418
1008,0.056386775287161586,0.056394479922338446
1009,0.056386592695454874,0.056394413829193135
1010,0.05638660283269063,0.05639442417635735
1011,0.05638660806532935,0.05639442890180008
1012,0.05638624136279967,0.05639412141732251
1013,0.05638621278530444,0.05639407895118889
1014,0.0563862145952731,0.05639408074396443
1015,0.05638627824828514,0.056394163072693494
1016,0.056386280354015314,0.056394165538472096
1017,0.05638560546831238,0.05639381604890406
1018,0.05638559119359263,0.05639385752498939
1019,0.05638560034211647,0.05639386553724074
1020,0.05638552307945836,0.056394063557459295
1021,0.05638552622571366,0.05639411084993687
1022,0.05638546538398178,0.05639409265716453
1023,0.0563850200725057,0.05639379964343238
1024,0.05638499540548484,0.05639374684379675
1025,0.05638498536978862,0.05639378014501425
1026,0.05638496734110467,0.056393758580261695
1027,0.056384968246693576,0.05639375943478228
1028,0.05638487038710713,0.05639326032088785
1029,0.05638473892953363,0.05639319751013922
1030,0.05638473774944799,0.056393196195725206
1031,0.05638466697966515,0.05639311614736359
1032,0.05638466502980496,0.05639311437921722
1033,0.056384104551732366,0.056392825800730795
1034,0.05638408725955307,0.05639282293945416
1035,0.056384021845736015,0.056392785619516494
1036,0.05638377857599477,0.0563924571853643
1037,0.05638378307872396,0.05639246112798237
1038,0.056383786058255926,0.05639246446058619
1039,0.05638360479990112,0.056392543877728865
1040,0.056383608071547006,0.05639254675567432
1041,0.05638361109430035,0.05639254934671925
1042,0.056383599148373265,0.0563925119436765
1043,0.05638354438774128,0.05639250159587879
1044,0.056383393758782506,0.05639208996477631
1045,0.056383342329595236,0.05639200000117887
1046,0.05638314597818729,0.05639208053908224
1047,0.05638314944597774,0.056392083657847564
1048,0.05638267671358488,0.05639199384290075
1049,0.05638229495579299,0.05639164907185967
1050,0.05638207225657569,0.0563915470033961
1051,0.056382022120911666,0.05639154799859717
1052,0.0563819869060831,0.056391525686379444
1053,0.05638198026349319,0.05639152474823087
1054,0.05638197576667533,0.05639152177904271
1055,0.05638197287559074,0.05639152077444049
1056,0.05638197075447987,0.056391519555753535
1057,0.05638174668087944,0.056391497863865304
1058,0.0563817474308584,0.05639151654140555
1059,0.056381751051034025,0.05639151911009731
1060,0.05638156382446046,0.056391262752584825
1061,0.0563814257587547,0.05639109503888839
1062,0.05638141218239659,0.05639108971225163
1063,0.05638166939290507,0.056391154941438794
1064,0.05638119474916596,0.05639068489594556
1065,0.056381127346740986,0.0563906243941141
1066,0.05638093862545897,0.05639067813802663
1067,0.05638093455762096,0.05639067479546796
1068,0.056380591322606935,0.05639042137882249
1069,0.056380592725591386,0.056390427117543836
1070,0.05638043114799286,0.056390424167648875
1071,0.056380426508547694,0.05639042005246053
1072,0.056380133337605075,0.05639001661378116
1073,0.056380132669354814,0.05639001602077426
1074,0.05638013839514367,0.05639004523742186
1075,0.056380099631573956,0.05639002961456485
1076,0.05638009836053754,0.0563900285999992
1077,0.05637971337615382,0.05639021367518027
1078,0.056379636426368014,0.056390202873747484
1079,0.056379602336976004,0.05639020433010279
1080,0.056379570794359964,0.05639018769139974
1081,0.056379495440325056,0.05639008625829217
1082,0.05637898018953311,0.05638961992754994
1083,0.05637901530230384,0.05638967985244584
1084,0.056378508121432996,0.056389238584493795
1085,0.05637850547194595,0.05638923998989646
1086,0.05637839069735103,0.05638891485967275
1087,0.056378392967740665,0.05638891922519074
1088,0.05637838551043914,0.05638890649249408
1089,0.05637838263877555,0.05638890765522399
1090,0.0563783647445754,0.05638894192097571
1091,0.056378341166040784,0.05638877328534223
1092,0.05637831276264939,0.05638876658979296
1093,0.05637833463393711,0.056388833773240506
1094,0.05637833569501002,0.056388835064411176
1095,0.05637831336684006,0.056388836989544416
1096,0.056378210837819936,0.056389120212486016
1097,0.056378193172825955,0.05638910526048499
1098,0.056377994718222434,0.05638898026732002
1099,0.05637798231241287,0.05638897527057193
1100,0.05637783239489609,0.05638885974895348
1101,0.05637783933667212,0.05638886625674735
1102,0.05637783424593394,0.0563888575965227
1103,0.05637783599123864,0.05638886316386271
1104,0.05637785196564016,0.05638886303955825
1105,0.05637785858859221,0.05638886881268497
1106,0.0563779077914402,0.05638894720019776
1107,0.056377834479018285,0.05638889749990283
1108,0.056377477764351216,0.056388504521898496
1109,0.05637737957718016,0.05638840550131125
1110,0.05637736276762589,0.056388425116770544
1111,0.056377525217865605,0.056388804785194216
1112,0.0563774475648787,0.056388921772662415
1113,0.056377447215513965,0.056388921468493315
1114,0.05637744361667115,0.05638892052536949
1115,0.056377430739100114,0.05638887825941513
1116,0.056377396009543515,0.05638886239661055
1117,0.05637699857716393,0.05638860801996267
1118,0.05637701494876534,0.056388639424119
1119,0.056377011857922744,0.056388639583954174
1120,0.05637700941898009,0.05638863917424556
1121,0.05637707890541355,0.05638871413254695
1122,0.056377035862439105,0.05638865249129082
1123,0.05637684701417844,0.05638799900537732
1124,0.056376568450505836,0.056387702331841934
1125,0.05637630606556827,0.056387741478522636
1126,0.05637619872658656,0.05638761010100005
1127,0.056376114114277086,0.05638739982576337
1128,0.05637610036505751,0.056387399735393195
1129,0.05637610723610773,0.05638740578681449
1130,0.05637609605019292,0.05638739469201975
1131,0.05637604479630611,0.05638716494303857
1132,0.05637582657697422,0.05638704468500208
1133,0.05637583218232396,0.05638703901625078
1134,0.05637585380609214,0.05638706898207545
1135,0.056375676482212055,0.05638716814874934
1136,0.05637546460635664,0.056386997630239216
1137,0.056375361213674535,0.056386998936967726
1138,0.056375200339271424,0.05638684371706171
1139,0.05637519514014485,0.056386848415749785
1140,0.056375256321671265,0.05638682977263158
1141,0.056375256675570244,0.05638683132219873
1142,0.056375284382684944,0.05638689777753419
1143,0.05637528202595982,0.056386904362734386
1144,0.056375097290760644,0.05638693283394583
1145,0.05637510672731569,0.0563869301697534
1146,0.056374931202563094,0.056386939332874454
1147,0.05637494064900471,0.056386942665572606
1148,0.05637488100575702,0.056386923347165815
1149,0.05637486306121337,0.05638692451583488
1150,0.05637486206684212,0.0563869255419357
1151,0.056374859970391114,0.05638692766032246
1152,0.05637481385018821,0.0563869445725351
1153,0.05637481652795649,0.05638695332901053
1154,0.05637481993562082,0.05638695622674653
1155,0.05637434434260973,0.056385920359600966
1156,0.05637434852983528,0.05638592428186931
1157,0.05637390268581097,0.05638559995694821
1158,0.05637389746150183,0.056385566005741496
1159,0.0563738827147932,0.05638556648809225
1160,0.05637387566191771,0.05638557066598387
1161,0.05637356696530601,0.0563853087555577
1162,0.056373603877759845,0.05638514620313821
1163,0.05637347108668468,0.05638490229770354
1164,0.056372899830264084,0.05638422917155768
1165,0.05637290778347634,0.05638424172054025
1166,0.05637289725052634,0.05638427439594645
1167,0.05637284503913792,0.05638432524649308
1168,0.05637286718334465,0.056384436754029904
1169,0.05637286853382798,0.0563844381102681
1170,0.05637267956073462,0.05638422161831541
1171,0.05637262804115221,0.056384163728060155
1172,0.05637262858967674,0.056384164263634254
1173,0.056371662571429275,0.05638314992688792
1174,0.056371518325682594,0.0563833657592732
1175,0.05637152412705238,0.0563833709127566
1176,0.0563715295959173,0.05638337771999484
1177,0.056371513343539126,0.056383382482346145
1178,0.05637149867374514,0.05638338693339079
1179,0.05637150312438488,0.05638339054337694
1180,0.0563715042905692,0.05638339379372469
1181,0.056370811992044446,0.0563830720616475
1182,0.056370700841438685,0.05638298721866494
1183,0.056370503644793575,0.05638266764677641
1184,0.056370471849693224,0.05638261333526713
1185,0.05637047114009283,0.05638261236677303
1186,0.056370401603655355,0.056382511261636264
1187,0.056370396637548545,0.05638250880649123
1188,0.0563703613941088,0.05638250795351353
1189,0.056370073099655825,0.056382216030646304
1190,0.05637006814281489,0.05638221227724118
1191,0.05637008371173395,0.056382239936091115
1192,0.056370108185685115,0.05638228695825175
1193,0.056370106202096835,0.05638228536097102
1194,0.05636927358264811,0.05638192589211979
1195,0.056369278424197616,0.05638193033880362
1196,0.05636896215965924,0.05638189190068871
1197,0.05636896531225379,0.05638189548378122
1198,0.056368969285962606,0.05638189898997012
1199,0.056368677168506014,0.056381904872449595
1200,0.056368341309285294,0.05638115806207844
1201,0.05636801762770816,0.056380977978104894
1202,0.05636802202347871,0.05638098177463586
1203,0.056368025422077306,0.05638098501462506
1204,0.05636778046055015,0.05638081519039144
1205,0.056367341584614684,0.056380151947843106
1206,0.05636677714666638,0.056379926219078606
1207,0.05636670440472514,0.05637985731109382
1208,0.056366511429515674,0.056380074151322596
1209,0.056366545793089605,0.05638012699446346
1210,0.056366555312720744,0.056380135135398315
1211,0.05636646013219566,0.056380166450211565
1212,0.05636605509283935,0.05637974567584197
1213,0.05636583360525988,0.056379816763760915
1214,0.0563658440869392,0.05637983139411702
1215,0.05636561942911362,0.05637968154808838
1216,0.05636556962726513,0.05637968820325646
1217,0.056365612761457906,0.05637974713243581
1218,0.05636562374216346,0.056379756066439454
1219,0.056365541878137554,0.056379864175891914
1220,0.056365563172571805,0.05637990708494379
1221,0.05636557007147439,0.05637991334824305
1222,0.056365421473079165,0.05637982573882436
1223,0.05636551535342762,0.05637984835110126
1224,0.056365587865294026,0.05637996807837016
1225,0.05636559383795211,0.05637997344325195
1226,0.056365599274612814,0.05637997827462746
1227,0.05636560328416846,0.05637998323692359
1228,0.05636559905615614,0.056380001559928714
1229,0.05636565481798898,0.05638005738146776
1230,0.05636565654786913,0.05638005901315683
1231,0.05636570205772966,0.056380150548691825
1232,0.05636567589569842,0.0563801217753956
1233,0.05636508735530368,0.056379373048617044
1234,0.05636507962834994,0.05637933703647028
1235,0.05636481584297922,0.05637898431802158
1236,0.056364821859108336,0.05637898963612826
1237,0.05636482672374493,0.056378994425339585
1238,0.056364588078059996,0.05637884569856235
1239,0.05636460917431099,0.05637889846245587
1240,0.056364281795006965,0.056378400499853175
1241,0.056364264143298426,0.05637840385187371
1242,0.056364272339794276,0.05637859265095916
1243,0.05636425851133571,0.05637859493721463
1244,0.05636427641637343,0.05637861724349322
1245,0.056364217936979065,0.05637865083877968
1246,0.05636422104019547,0.056378653916746
1247,0.05636420190558095,0.05637872368099799
1248,0.05636417706515623,0.056378725047844476
1249,0.056363602021710285,0.056378278552002566
1250,0.056363584475334544,0.05637827773664575
1251,0.05636358758384814,0.05637827999728163
1252,0.05636358951632924,0.05637828178013437
1253,0.056363277774064614,0.05637830542005913
1254,0.056362519841867915,0.05637724368432037
1255,0.05636216172918721,0.05637669657150482
1256,0.05636216164438919,0.05637669869478041
1257,0.05636216287476921,0.05637670021624578
1258,0.05636217123446832,0.056376714950378284
1259,0.05636215558279172,0.05637671875223118
1260,0.05636158257229652,0.0563763521781027
1261,0.056361590572233417,0.05637637555499461
1262,0.05636160905575819,0.056376394721934696
1263,0.05636158211984007,0.05637637151859468
1264,0.05636124924595639,0.05637605865920078
1265,0.056361233158362466,0.05637604052707093
1266,0.0563611591189847,0.056376017148737266
1267,0.0563609674439092,0.05637586183597757
1268,0.056360914538808274,0.05637605576623553
1269,0.056360915176528505,0.05637605957684521
1270,0.05636087524022999,0.056376021001824005
1271,0.056360849051634514,0.05637606002949141
1272,0.05635971778748231,0.05637469225965146
1273,0.05635975721565891,0.056375032023425385
1274,0.056359708122639095,0.05637503241057256
1275,0.056359711658093954,0.05637503241968012
1276,0.056359722887618535,0.05637503183640852
1277,0.0563596698804903,0.05637507840771424
1278,0.05635861625481308,0.05637367182090293
1279,0.056358071348655184,0.05637329186297578
1280,0.056358040581241796,0.05637329704162083
1281,0.05635804932063076,0.056373303089398724
1282,0.05635805417998584,0.05637330624198742
1283,0.05635766075901426,0.056373031577366915
1284,0.056357520773391075,0.056373125709777656
1285,0.05635752408600666,0.056373114026051614
1286,0.05635750313632886,0.05637311108265738
1287,0.05635750559581485,0.05637311651455016
1288,0.05635745050389819,0.05637304152300442
1289,0.05635745430518826,0.05637304635145807
1290,0.05635744435476762,0.05637305063887075
1291,0.05635744943341432,0.0563730548914393
1292,0.05635745319022871,0.05637305826805339
1293,0.056357355326550715,0.05637298012693275
1294,0.056357105413316365,0.05637258056270886
1295,0.0563570853056481,0.056372582757787594
1296,0.05635680636530054,0.056372567813452415
1297,0.05635680245323796,0.056372564556289126
1298,0.05635665885721618,0.0563725213581968
1299,0.05635650628054519,0.05637240706903661
1300,0.05635649592241534,0.05637240191269379
1301,0.05635606130770972,0.0563723020540027
1302,0.056356027877206165,0.05637231953172864
1303,0.056356026791457146,0.05637230655521806
1304,0.0563559800822508,0.05637231622301187
1305,0.05635594730687578,0.05637231543214019
1306,0.056356036286414446,0.056372429278045685
1307,0.05635603122568996,0.05637242615478509
1308,0.05635601382564344,0.056372422168292774
1309,0.05635604585913386,0.05637247403367903
1310,0.05635604295867509,0.056372471521524796
1311,0.056356041608443944,0.056372514028816045
1312,0.05635605332989159,0.056372513458189576
1313,0.05635601068021157,0.056372617596807346
1314,0.05635601098802445,0.056372618135301186
1315,0.05635602782403993,0.05637266878796287
1316,0.05635601913620523,0.05637265641592544
1317,0.056356017419263285,0.05637264635492973
1318,0.05635601521952877,0.056372645467535405
1319,0.0563560148668815,0.05637264565011809
1320,0.056355806922731164,0.05637218243927501
1321,0.05635580793634329,0.0563721865853426
1322,0.056355812067832696,0.05637219031861248
1323,0.056355814975624904,0.05637219368002053
1324,0.056355830438450896,0.05637220520804278
1325,0.056355778435159105,0.05637235010827372
1326,0.056355798371896755,0.05637236013655077
1327,0.056355858010010626,0.05637250377671165
1328,0.05635585583402955,0.056372505476920215
1329,0.056355762856979644,0.056372359039781196
1330,0.05635576156523409,0.05637235889478983
1331,0.05635575579039095,0.05637235907041087
1332,0.05635575140158018,0.056372349388849136
1333,0.05635574738188273,0.05637234683062485
1334,0.056355726652728054,0.05637234574325176
1335,0.05635572356237957,0.05637234393903407
1336,0.056355724876562575,0.0563723450032955
1337,0.05635572017338216,0.056372336530643254
1338,0.05635571959359615,0.056372337649672186
1339,0.05635553135329336,0.05637237722850809
1340,0.05635559954249745,0.0563724639616295
1341,0.056355536696754284,0.056372388362083976
1342,0.056355520541886896,0.05637238998603141
1343,0.056354732107491645,0.05637191694389008
1344,0.056354496484628765,0.0563720181104705
1345,0.05635439907248006,0.056371778635154066
1346,0.05635428827906495,0.056371677005630366
1347,0.05635372686321364,0.05637130389677688
1348,0.056353665207490196,0.05637126047771838
1349,0.05635349828530691,0.05637158231930358
1350,0.056353494204693245,0.05637155844950678
1351,0.056353350810878,0.05637196807191626
1352,0.05635319707430735,0.056372000495194335
1353,0.05635320009130576,0.05637200337369885
1354,0.0563532015301071,0.056372005622438805
1355,0.05635318633744436,0.05637200798969839
1356,0.056353188107960396,0.05637200977786299
1357,0.05635319035672009,0.056372011387544954
1358,0.05635312267913708,0.056372009018847306
1359,0.056353111737869645,0.05637205416581254
1360,0.056352060731356755,0.056370808450709485
1361,0.0563520617830101,0.05637080925170878
1362,0.05635206017140093,0.05637080997267554
1363,0.0563518746308332,0.05637065726749551
1364,0.05635187780156981,0.056370659570130384
1365,0.05635109717574549,0.05636974404170493
1366,0.0563511037803785,0.05636975052924865
1367,0.05635111657085652,0.0563697585314763
1368,0.05635097966117166,0.05636971089505279
1369,0.05635098490028821,0.056369715605967236
1370,0.05635084333445076,0.05636958474914276
1371,0.05635083757067438,0.056369488665832836
1372,0.056350803238939415,0.056369469734025485
1373,0.05635075691025281,0.05636942845428577
1374,0.05635066222925557,0.05636933301636734
1375,0.05635062052979069,0.05636933552937407
1376,0.05635062432743048,0.05636934921716583
1377,0.05635060195457521,0.05636934937029562
1378,0.056350600727745954,0.05636935493093039
1379,0.056350512624774335,0.056369277669292686
1380,0.05635038958859764,0.05636908383357049
1381,0.05635026777479222,0.05636888797888828
1382,0.05635026584453579,0.05636891459652988
1383,0.05635027025562464,0.05636890826637983
1384,0.05635013248530645,0.05636866348378421
1385,0.05635013275013236,0.056368663453166934
1386,0.056350168457476646,0.05636874197548816
1387,0.05635021022599312,0.05636879172359657
1388,0.05635018786353417,0.05636879328624371
1389,0.056350164582373366,0.056368794962185276
1390,0.05635016783338037,0.05636879696094619
1391,0.05635016932699612,0.05636879842260022
1392,0.05634976020902426,0.056368511118257615
1393,0.05634977370233433,0.05636848354152535
1394,0.05634975506339812,0.05636847777151706
1395,0.05634976469733722,0.05636848611092212
1396,0.056349776904695115,0.05636849917431755
1397,0.056349765877947405,0.05636850320997824
1398,0.05634952882057362,0.056367834558861706
1399,0.05634941964453668,0.05636766142910897
1400,0.05634898871357462,0.05636721353927788
1401,0.056348632591510066,0.056366681948873655
1402,0.05634864694750614,0.05636669641426433
1403,0.05634858321773676,0.0563668648456996
1404,0.05634859466822536,0.05636689865389265
1405,0.05634859303557118,0.056366893651024805
1406,0.056347996952743715,0.05636647927932329
1407,0.0563477685464402,0.05636641092302649
1408,0.05634777365606558,0.05636641671544512
1409,0.056347679640480784,0.056366412038384765
1410,0.05634767390971774,0.05636640303729904
1411,0.05634720218976976,0.05636630301473551
1412,0.05634720051817776,0.05636630266853608
1413,0.05634708705634814,0.056366291130886224
1414,0.05634705599861386,0.05636629038150856
1415,0.05634705208140476,0.05636628915263072
1416,0.056346939793633394,0.05636618636846194
1417,0.0563469353348714,0.05636618394504857
1418,0.056346937492473784,0.056366185781627554
1419,0.05634658081467408,0.0563661290102226
1420,0.0563465677283512,0.0563661297441233
1421,0.05634659580900848,0.05636619178436702
1422,0.056346350142706995,0.05636595258207882
1423,0.056346351272163114,0.05636595525463994
1424,0.0563463123395816,0.05636595669652373
1425,0.05634628653590886,0.056365944268279
1426,0.05634626632700187,0.05636593373063435
1427,0.05634618636360572,0.05636583914951173
1428,0.05634619136689043,0.056365844218029176
1429,0.05634605874704764,0.056366109816475385
1430,0.056346068253140195,0.05636611839124789
1431,0.056346052066923585,0.05636618689035117
1432,0.056344169458548254,0.056364389020188824
1433,0.0563441633470896,0.056364382684217194
1434,0.05634407892139178,0.056364346007850806
1435,0.0563441041325114,0.05636448563486979
1436,0.056343804158407035,0.05636423817322613
1437,0.05634380486361958,0.05636423936484242
1438,0.05634356953395416,0.0563642859413687
1439,0.0563435312683344,0.056364286317440795
1440,0.056343515964202506,0.05636426693143321
1441,0.056343522922426566,0.056364272786711495
1442,0.05634348601050308,0.056364249306767256
1443,0.056343542584576474,0.05636432248088607
1444,0.056343532769571346,0.05636433178461798
1445,0.056343514985446805,0.056364333032791265
1446,0.056343518014996256,0.056364336442155896
1447,0.05634348406427009,0.05636430962793625
1448,0.05634344157789657,0.056364341209984986
1449,0.056343349194460525,0.056364250084700696
1450,0.05634335298808942,0.056364253662598104
1451,0.056343353829489,0.056364256884018395
1452,0.05634335737229951,0.056364259412427724
1453,0.056343345909490535,0.056364261718617886
1454,0.05634331925269826,0.0563642321887688
1455,0.056343222034329156,0.05636421001095181
1456,0.056343107653310236,0.05636436746035051
1457,0.056342895042649374,0.05636417420807605
1458,0.05634292645047928,0.056364225366944624
1459,0.05634292095628375,0.05636422999773293
1460,0.056342908891157506,0.05636421068374912
1461,0.05634286008746369,0.05636422173908608
1462,0.056342861172256765,0.056364245900463975
1463,0.056342863078689916,0.05636424762521224
1464,0.05634286423320534,0.056364248804182296
1465,0.056342864740796535,0.056364249834123754
1466,0.056342511257011535,0.05636429177131278
1467,0.05634248362191149,0.05636434599794451
1468,0.056342484319373186,0.056364346600698084
1469,0.05634248456633405,0.05636434197939277
1470,0.056342484346976036,0.05636434234837244
1471,0.056342435864500426,0.05636428301988165
1472,0.0563424275766152,0.056364273472363474
1473,0.05634235902440264,0.05636403079777692
1474,0.05634154373863914,0.056363230778843344
1475,0.05634154152993004,0.056363233407267
1476,0.056341538823442644,0.056363233645081806
1477,0.0563415387517727,0.0563632344584993
1478,0.05634154013985095,0.05636323571028506
1479,0.056341378303165206,0.05636321567977189
1480,0.05634144969495943,0.05636328345764098
1481,0.0563414429905697,0.05636329645622972
1482,0.056341440250519424,0.05636329706909601
1483,0.05634139649704887,0.05636328599025412
1484,0.05634139416017356,0.056363285873010954
1485,0.056341399463886985,0.056363304276275956
1486,0.05634118023482285,0.056362918528325985
1487,0.056341176653293926,0.056362903230908715
1488,0.05634117653857736,0.05636290344394727
1489,0.05634092596449384,0.05636286934757608
1490,0.05634092894457821,0.05636287194038356
1491,0.056340946290043895,0.056362931201206806
1492,0.056340902794201675,0.05636293474176342
1493,0.05634088373616827,0.05636291675272349
1494,0.05634088255088069,0.056362914885097426
1495,0.056340881118671776,0.05636291373171425
1496,0.05634089587145746,0.05636292895416366
1497,0.05634089435644348,0.05636292749167794
1498,0.05634062939230729,0.056362424580863615
1499,0.056340619194553555,0.056362421941955475
1500,0.0563406186977156,0.0563624217544711
1501,0.05634063344748814,0.05636243178925464
1502,0.05634020813222162,0.05636221789293306
1503,0.0563402005980481,0.056362220137989506
1504,0.056340175005392935,0.056362236614792914
1505,0.05634011079689474,0.0563623058861669
1506,0.05634005192448989,0.05636220372747143
1507,0.056340036445489336,0.05636219887200831
1508,0.05634003553855542,0.05636219784375564
1509,0.056340021253535134,0.05636219599166325
1510,0.05633997389493929,0.05636219301433614
1511,0.05633997261445779,0.05636219196494454
1512,0.05633981745995182,0.056362182323639834
1513,0.05633973072652029,0.056362090369088874
1514,0.05633972839640698,0.056362093895948755
1515,0.05633965502628353,0.05636217082997182
1516,0.05633965528870467,0.05636217296284838
1517,0.05633963731840746,0.056362202419634744
1518,0.0563396400825743,0.05636220571844341
1519,0.05633963501228265,0.05636220524159565
1520,0.05633963580454332,0.05636220714159711
1521,0.0563396298036627,0.0563622079784633
1522,0.05633949628288796,0.056362071179177686
1523,0.05633949376418609,0.05636207098658732
1524,0.05633947524654834,0.05636207159590486
1525,0.05633947554323959,0.05636207230461208
1526,0.05633938839601546,0.05636196668657399
1527,0.05633938670218031,0.05636201376464085
1528,0.05633938168414206,0.056362007711351345
1529,0.056339378680747954,0.05636200985267569
1530,0.05633937329786292,0.056362002800719714
1531,0.0563393664863356,0.056362021370419756
1532,0.05633935472505908,0.05636203936069917
1533,0.05633935468551915,0.056362039300379606
1534,0.05633930128942342,0.05636197308472487
1535,0.056339233290149844,0.05636194321144192
1536,0.05633924007531126,0.05636194887553611
1537,0.056339209318228584,0.05636195024331781
1538,0.056339184994889185,0.05636194558627925
1539,0.0563391009836528,0.05636187755912698
1540,0.0563391071039046,0.05636188294400413
1541,0.05633864767234063,0.056361586826643766
1542,0.05633864680433521,0.056361586199502905
1543,0.056338642060982456,0.05636158502373263
1544,0.05633864065826746,0.056361583965680064
1545,0.05633864119478874,0.05636159072254547
1546,0.056338657748279404,0.05636151794930484
1547,0.05633865473865249,0.056361515328490326
1548,0.056338649925840124,0.05636152222779803
1549,0.05633865144898461,0.05636151885606049
1550,0.05633863067732048,0.05636149341581062
1551,0.05633867169354798,0.05636150720550757
1552,0.05633849281467161,0.05636133068151169
1553,0.056338309372975466,0.05636135735815394
1554,0.05633831900171057,0.05636135505386206
1555,0.056338284850891436,0.05636132382815754
1556,0.056338309749976556,0.05636105924119822
1557,0.05633812479396511,0.056360964937499244
1558,0.05633802250611934,0.05636085269832731
1559,0.05633793379188356,0.05636097989094977
1560,0.056337963176771845,0.05636071575891525
1561,0.05633796008167293,0.056360709872484156
1562,0.056337956287405254,0.056360707934426074
1563,0.056337955421980994,0.056360714720079474
1564,0.05633795587368927,0.056360754110154246
1565,0.05633795370217949,0.05636075239503629
1566,0.05633793130639676,0.05636073516663436
1567,0.05633787055979284,0.056360675411746004
1568,0.0563375719952217,0.05636034473701258
1569,0.05633754848119281,0.05636034089498077
1570,0.05633752395947903,0.056360332136402076
1571,0.056337480959280886,0.05636031292841829
1572,0.05633747714834533,0.056360306795864845
1573,0.05633748463545595,0.05636032308441291
1574,0.05633736368359126,0.05636021820159315
1575,0.056337366244662984,0.056360225331264786
1576,0.056337354893192595,0.056360203229605936
1577,0.056337357225051676,0.056360205303051636
1578,0.05633691942395681,0.056359632605599404
1579,0.05633692207929034,0.05635963233015216
1580,0.05633690267381059,0.056359634108495094
1581,0.056336869963510866,0.05635963705011643
1582,0.05633686960523769,0.05635963683810439
1583,0.0563368694271312,0.056359636647298275
1584,0.056336869333397196,0.05635963634398072
1585,0.05633690672685001,0.0563597388293048
1586,0.056336911826649426,0.05635974176589759
1587,0.056336905961510766,0.056359735412041645
1588,0.05633688828310736,0.05635969935469344
1589,0.0563368317995706,0.05635970512322427
1590,0.05633679109459958,0.05635966848815166
1591,0.056336314231197546,0.056359384221060634
1592,0.05633631271005824,0.05635940638827082
1593,0.056336307846544156,0.05635940978322664
1594,0.05633619401912688,0.0563593149569727
1595,0.056336199048509616,0.05635931976333625
1596,0.056336200365385704,0.05635936030025067
1597,0.05633614766789932,0.056359282729583564
1598,0.05633614882127577,0.056359283652594946
1599,0.056336149357311335,0.056359284192335456
1600,0.05633604964684711,0.056359284609803
1601,0.056335379344128335,0.0563583006559499
1602,0.056335379587209834,0.05635830088673937
1603,0.05633523376390169,0.05635828929842362
1604,0.05633520608134833,0.05635829046246461
1605,0.05633520651477886,0.05635829089487001
1606,0.0563354651594033,0.05635843105391114
1607,0.05633546353390891,0.05635842954452593
1608,0.056335461030601074,0.05635842738711394
1609,0.05633481734500106,0.05635770632161633
1610,0.05633481241980899,0.0563577069928647
1611,0.05633454694178843,0.056357444798653795
1612,0.056334574496984605,0.05635754661424181
1613,0.056334564510388624,0.05635754356006013
1614,0.05633456176146246,0.056357541997514755
1615,0.05633456014891476,0.056357540591474915
1616,0.05633455957415634,0.05635753968944071
1617,0.056334554561802155,0.05635753856159634
1618,0.05633454958296261,0.05635753534213007
1619,0.05633449838866051,0.05635751319292867
1620,0.05633451524289507,0.056357523056459066
1621,0.05633439988515364,0.056357344114936966
1622,0.056334327031725626,0.05635717897439412
1623,0.05633429194540988,0.05635715071558841
1624,0.05633429452092423,0.056357153148526726
1625,0.05633425814759465,0.05635713618912917
1626,0.05633423871977787,0.056357131809742875
1627,0.0563339919582746,0.05635711677434469
1628,0.05633399570099985,0.056357120025232674
1629,0.056333999758510514,0.056357123409003965
1630,0.056333869072914836,0.05635702958377433
1631,0.0563337272035757,0.056356929116916366
1632,0.05633379542957306,0.05635703531432911
1633,0.05633379662016595,0.05635703636147885
1634,0.05633379652852567,0.05635703730402604
1635,0.05633376639887787,0.056357023597510776
1636,0.056333735775308855,0.05635702156834829
1637,0.05633373580890256,0.0563570217395093
1638,0.0563337360110826,0.056357021893557256
1639,0.05633360811796432,0.05635672228687736
1640,0.05633361120504922,0.056356703560959905
1641,0.05633361241287574,0.05635670468141577
1642,0.0563334405055886,0.05635666723948915
1643,0.056333190089511584,0.056356361333892276
1644,0.056333024758330685,0.05635613559679503
1645,0.05633303501864971,0.05635612024179139
1646,0.05633251522451511,0.05635581589873256
1647,0.05633242034295446,0.056355730183971386
1648,0.056332423587831915,0.05635573458526257
1649,0.05633239858600148,0.05635570367638256
1650,0.056332406386341044,0.056355731522412716
1651,0.05633239518828807,0.05635572872731018
1652,0.05633239601475954,0.056355732765079714
1653,0.056332398549139635,0.05635573606651533
1654,0.056332394153808585,0.056355770352578216
1655,0.05633235551533739,0.05635576958935823
1656,0.05633235685612095,0.056355770810649804
1657,0.05633231745495159,0.056355798609316686
1658,0.05633232082251472,0.05635580119588111
1659,0.05633227637006455,0.056355742740082385
1660,0.056332279357080094,0.05635574537739651
1661,0.05633227930057018,0.05635574548445773
1662,0.05633228208207685,0.05635574815605165
1663,0.05633228520953984,0.0563557508981703
1664,0.05633199155095791,0.05635534001637859
1665,0.05633202424559219,0.05635536704310578
1666,0.05633202648806967,0.05635536889017124
1667,0.056332015097538546,0.05635536802426991
1668,0.056331799431930556,0.05635525260587216
1669,0.05633180566729418,0.05635528955899293
1670,0.05633180605425787,0.05635529630712553
1671,0.0563317903276417,0.05635529631604625
1672,0.05633185391992038,0.05635536177339005
1673,0.05633184569371011,0.05635535242774573
1674,0.05633177956282905,0.056355320947958316
1675,0.05633175015166244,0.05635531753901773
1676,0.05633156328196729,0.056355183722769896
1677,0.05633156496670193,0.05635518527410208
1678,0.05633156691545588,0.056355192856392206
1679,0.0563315693518853,0.05635519501285626
1680,0.0563316005355611,0.056355360088750354
1681,0.05633163280565645,0.05635549715037748
1682,0.056331636170117626,0.0563555000411213
1683,0.0563314170020621,0.056355225796399615
1684,0.05633141431550211,0.056355225034625936
1685,0.05633141572805752,0.05635522596656403
1686,0.056331417131090654,0.056355227198816665
1687,0.056331415829157676,0.056355227914524124
1688,0.056331407095807036,0.056355230850697526
1689,0.0563314040060676,0.05635523565969279
1690,0.05633140406801254,0.0563552358482208
1691,0.05633140078690126,0.05635522922958221
1692,0.05633136743544596,0.056355225169814505
1693,0.05633137580544907,0.05635521964120501
1694,0.05633137809100006,0.05635522193989026
1695,0.05633128466134247,0.056355025126891715
1696,0.05633128471005472,0.05635502567383406
1697,0.05633128492028072,0.05635502588206322
1698,0.05633126216335551,0.05635502092016739
1699,0.056331245879967316,0.05635501964827609
1700,0.05633120693228327,0.056355010561498116
1701,0.05633120404717447,0.05635500817375992
1702,0.056331194040457874,0.05635500683681017
1703,0.056331192460765775,0.056355005456776755
1704,0.056331163623170206,0.05635504067908003
1705,0.05633107548451298,0.05635500362191066
1706,0.05633107724515468,0.056355005508632525
1707,0.056331079916808385,0.056355009539360144
1708,0.056331076509143645,0.05635501163877292
1709,0.056331083691964635,0.05635501511455317
1710,0.056331081762281215,0.05635501838381426
1711,0.056331084152047066,0.056355020177500964
1712,0.056331091568181724,0.056355033706983054
1713,0.05633055995072383,0.05635473001439629
1714,0.05633050211024389,0.056354708380859986
1715,0.056330512292153016,0.05635472347219454
1716,0.05633049072732851,0.05635470382980159
1717,0.05633036709385338,0.05635465365587278
1718,0.05633011221836595,0.056354479543940836
1719,0.05633011745133805,0.05635448426889522
1720,0.05633012225316648,0.056354488523594634
1721,0.056330128918075734,0.05635449590821921
1722,0.05633013502007767,0.056354501288572084
1723,0.05633013388004725,0.0563545000704906
1724,0.056330136683660374,0.05635450244493936
1725,0.05633013886925475,0.05635450475986786
1726,0.056329799984259396,0.056354254358926915
1727,0.05632977729924834,0.056354229521511534
1728,0.056329762415320235,0.056354227289359016
1729,0.056329820046838855,0.05635428571120642
1730,0.056329820379008876,0.05635428597746343
1731,0.0563298206491933,0.05635428621710181
1732,0.05632982672188113,0.056354305507182303
1733,0.05632982780771343,0.05635430649732139
1734,0.056329823856613975,0.0563543139696828
1735,0.05632981203824812,0.05635432242703778
1736,0.056329811052130495,0.05635432269180075
1737,0.05632981096271032,0.056354322917995026
1738,0.05632981215016664,0.05635432400251095
1739,0.05632980804243986,0.05635432706769084
1740,0.05632976600247122,0.056354279830910216
1741,0.05632961870219571,0.05635420505540469
1742,0.05632961778461654,0.05635420395046092
1743,0.056329616564426185,0.056354202878605354
1744,0.056329558212230096,0.05635417243543705
1745,0.05632955752235292,0.056354172298444014
1746,0.05632953365992716,0.056354170270614935
1747,0.05632953528265297,0.05635418064663341
1748,0.05632952516012069,0.05635417738100992
1749,0.056329522306635696,0.05635417504370555
1750,0.056329497335307586,0.05635414512843274
1751,0.05632949523290959,0.05635414376834032
1752,0.056329475922808014,0.056354128636744515
1753,0.056329475408078825,0.056354128475485384
1754,0.05632929270506979,0.056354011549258766
1755,0.056329292919018746,0.05635401166573418
1756,0.05632929275669696,0.056354011470380265
1757,0.05632929214735946,0.05635401159474251
1758,0.056329343406100435,0.056354073604589106
1759,0.05632933890267185,0.05635407590756466
1760,0.05632933917652013,0.056354076144174294
1761,0.05632933148640554,0.056354074683239164
1762,0.0563291262128626,0.0563540751976243
1763,0.056329114224284604,0.05635407659255629
1764,0.056329114268641664,0.05635407661460805
1765,0.05632911418190587,0.056354076481932705
1766,0.05632911099624292,0.05635407725888648
1767,0.056329121988478545,0.05635413466952608
1768,0.056328997918872394,0.0563539237805224
1769,0.05632905903496389,0.05635398444570932
1770,0.05632908107197574,0.056354036440707675
1771,0.05632908807413041,0.05635403421071812
1772,0.056329089064005314,0.056354035212057556
1773,0.056329079664463606,0.05635403551779153
1774,0.0563290799700082,0.056354040537342075
1775,0.05632907993683111,0.05635404053111761
1776,0.056329079745359494,0.056354040525515604
1777,0.05632907750252873,0.05635403980441831
1778,0.056329099947484966,0.05635409148644418
1779,0.056329101239859784,0.056354092717968964
1780,0.056329066620214786,0.05635408336346153
1781,0.056328884946263265,0.05635417230656463
1782,0.05632887980946808,0.05635416789489835
1783,0.05632888108754573,0.05635416898758696
1784,0.05632888185788475,0.0563541696212328
1785,0.05632886979909054,0.056354170541476456
1786,0.05632886805163178,0.056354173611005
1787,0.056328866563822994,0.056354173686146036
1788,0.05632886698314945,0.05635417380335341
1789,0.05632886699866175,0.05635417503834338
1790,0.05632836123551478,0.05635394564988839
1791,0.056328367272582565,0.05635394717318297
1792,0.05632836800624752,0.05635394800557961
1793,0.05632833856345537,0.05635391762959753
1794,0.056328337756660005,0.05635391703569777
1795,0.05632833683018488,0.056353916501224136
1796,0.056328338646326,0.05635391677868226
1797,0.0563282781967855,0.05635395677542565
1798,0.0563282839763052,0.05635396200355194
1799,0.05632811322552572,0.05635379855274897
1800,0.05632774285730894,0.05635355192803314
1801,0.056327341781823075,0.056353119018973365
1802,0.05632732954170179,0.05635311459713432
1803,0.056327322089781834,0.05635312389632301
1804,0.0563272976887316,0.056353094497411986
1805,0.05632729805720978,0.056353092944743124
1806,0.05632729309064693,0.05635308988563445
1807,0.05632723473919301,0.05635301254116548
1808,0.05632722806888287,0.056352997859945735
1809,0.05632722359602179,0.0563529944920401
1810,0.05632719514196983,0.056352995799988856
1811,0.056327192636824126,0.05635299429831597
1812,0.056327190207474245,0.05635299754343713
1813,0.05632716076959819,0.056352922148639996
1814,0.05632717601681961,0.05635292294725413
1815,0.0563271709358201,0.056352921215458325
1816,0.05632716864017051,0.05635291942559571
1817,0.05632716527864161,0.056352921528851324
1818,0.0563271659587808,0.05635292252984969
1819,0.05632716433570041,0.056352922403194956
1820,0.05632707929002255,0.05635285541465698
1821,0.056327078603842645,0.056352859456293064
1822,0.05632707243271621,0.05635285865541282
1823,0.056327086408457405,0.056352891382076706
1824,0.05632709936775797,0.05635290173457786
1825,0.05632709730646833,0.056352900165742466
1826,0.05632709638045261,0.05635289941416896
1827,0.05632690707739696,0.05635275879325558
1828,0.056326776687630545,0.05635267018278782
1829,0.05632674639802832,0.056352604985257224
1830,0.056326722446411286,0.05635260351128316
1831,0.05632671734968468,0.056352634075304345
1832,0.05632671440210581,0.05635263775160494
1833,0.05632671232916194,0.05635263771822483
1834,0.05632673973140444,0.05635283122256992
1835,0.056326210236905185,0.056351966092526094
1836,0.05632621399917991,0.05635196478097981
1837,0.056326216291453915,0.05635196611043051
1838,0.05632622460798233,0.05635197113111372
1839,0.05632622535029573,0.05635197101461646
1840,0.05632621787233062,0.056351968383122106
1841,0.05632590548595399,0.05635161257194881
1842,0.0563259041336578,0.05635161131375535
1843,0.05632572451387431,0.05635132733902301
1844,0.05632572107647901,0.05635131467700594
1845,0.05632572125780592,0.05635131294623107
1846,0.056325736320885875,0.05635133984610568
1847,0.05632572241801652,0.05635133748288215
1848,0.05632572210834666,0.05635133391226562
1849,0.05632572337128156,0.05635133564521157
1850,0.05632572873062964,0.05635134205310557
1851,0.05632568963225836,0.056351217254307515
1852,0.05632568844600141,0.05635121708423954
1853,0.05632568868163123,0.05635121737133184
1854,0.05632567934189943,0.05635121545172584
1855,0.05632568125846766,0.056351217125310306
1856,0.056325673877211005,0.05635120910586864
1857,0.05632567020296687,0.05635120527269771
1858,0.05632566925619899,0.056351206086003754
1859,0.05632567039045037,0.05635120715242394
1860,0.056325395507090044,0.056351014621450854
1861,0.05632538535866699,0.05635100612550197
1862,0.056325381170165646,0.056350990027872035
1863,0.05632537812245295,0.05635098337120149
1864,0.05632515148680675,0.056350941242150586
1865,0.056325109875992735,0.05635092449952051
1866,0.05632500426914754,0.056350844975133645
1867,0.056324993806604065,0.056350871659138574
1868,0.056324993023349895,0.056350871702828716
1869,0.05632493052379065,0.056350976443202236
1870,0.05632492951549716,0.056350976559413186
1871,0.05632493057188939,0.05635097756175534
1872,0.05632490815612212,0.0563509734685747
1873,0.05632460395313248,0.05635096255929622
1874,0.056324604345320155,0.05635096291834924
1875,0.05632460591815641,0.05635096477604296
1876,0.05632461645948957,0.05635097498921129
1877,0.056324616870009364,0.05635097539302844
1878,0.056324613792951624,0.056350976079249174
1879,0.05632461339347966,0.05635097629911355
1880,0.05632460862316241,0.056350975831267226
1881,0.05632460344554041,0.056350990217769986
1882,0.05632457584616289,0.05635084539873031
1883,0.05632453821690134,0.05635084532395554
1884,0.05632467350078949,0.056351097798663465
1885,0.05632458794011708,0.05635116854178112
1886,0.056324522313850246,0.05635110051296324
1887,0.056324516339295146,0.05635109055214982
1888,0.05632451741306087,0.056351091547185164
1889,0.05632451909512063,0.056351093031131956
1890,0.05632452030646657,0.056351095622622194
1891,0.0563245313428478,0.056351126641247445
1892,0.056324533168582346,0.056351129739795225
1893,0.05632451762726445,0.056351164680114384
1894,0.056324518716889475,0.05635116565491451
1895,0.05632461352946044,0.05635127459983252
1896,0.05632469145025538,0.0563514515530499
1897,0.05632469297146861,0.05635145281577555
1898,0.05632462392174635,0.05635136901499785
1899,0.056324644474127064,0.05635139737612936
1900,0.0563246477686409,0.05635140026252165
1901,0.05632463864144731,0.05635140171983151
1902,0.05632436728265308,0.05635146810363177
1903,0.05632436562693503,0.05635146785859982
1904,0.05632422171615257,0.05635119509114816
1905,0.05632414922343277,0.05635126675247482
1906,0.056324149026702304,0.056351313175350394
1907,0.05632414742434511,0.05635131530205589
1908,0.05632322412822419,0.056350711852560555
1909,0.05632322397172184,0.056350714350565476
1910,0.05632322657271944,0.056350716836454075
1911,0.056323228617515604,0.056350718837266014
1912,0.05632271077763268,0.05635049167880009
1913,0.05632271003640528,0.056350491067912
1914,0.05632270940954614,0.05635049051815057
1915,0.056322702083555436,0.05635049132553544
1916,0.05632271552427736,0.056350349371142666
1917,0.05632258976013486,0.056350494721551146
1918,0.0563225877890701,0.05635049330060688
1919,0.0563226779467792,0.05635054217396682
1920,0.056322525830710755,0.05635080666572252
1921,0.05632253711200168,0.05635081111681283
1922,0.056322535119733216,0.05635080982624388
1923,0.056322535640907376,0.056350810231102916
1924,0.05632251376297245,0.05635081669677701
1925,0.056322451276139204,0.056350803876525524
1926,0.056322393903007965,0.056350782624813946
1927,0.056322252951709846,0.056350850714514705
1928,0.05632220658572665,0.056350794298879146
1929,0.05632217229174972,0.056350747438538365
1930,0.05632216593166515,0.05635074843651451
1931,0.056321990993193946,0.056350689916365916
1932,0.056321935412172466,0.056350695650371554
1933,0.05632180484325494,0.056350858589233506
1934,0.05632180489274612,0.05635085915825188
1935,0.05632182425721442,0.05635096622510382
1936,0.056321822447429046,0.05635096464318584
1937,0.0563217663311277,0.05635093494735358
1938,0.05632149570186497,0.05635085073496905
1939,0.056321505553212275,0.05635091672814922
1940,0.05632169230434311,0.05635104239453342
1941,0.056321687494782655,0.05635104027577874
1942,0.05632170185741759,0.056351046170034565
1943,0.056321699296190735,0.05635104109930884
1944,0.05632168464976469,0.056351032680256444
1945,0.05632168197694687,0.05635103246380351
1946,0.05632147321020628,0.05635083687704304
1947,0.05632113308703296,0.05635065215986323
1948,0.0563209611970175,0.05635044181576092
1949,0.056320963732812764,0.05635044713560104
1950,0.05632085847983994,0.05635057896204823
1951,0.05632086709667396,0.05635056476782158
1952,0.05632085611387853,0.05635035997343928
1953,0.05632085486883358,0.056350358772363
1954,0.05632085177944438,0.05635036339074078
1955,0.05632092452158237,0.05635047097129221
1956,0.05632092489011145,0.05635047112530269
1957,0.05632092499829606,0.05635047119038202
1958,0.056320459096941694,0.056350412537996004
1959,0.0563204872361281,0.05635042978621089
1960,0.05632038842704153,0.05635003334120837
1961,0.056320390705911064,0.05635003512561226
1962,0.056320219813821584,0.05634985557029922
1963,0.05631980881024969,0.05634937432157351
1964,0.05631969321044286,0.05634945483220366
1965,0.05631968470567432,0.05634943633025847
1966,0.05631961187376672,0.056349362471224566
1967,0.05631957394373133,0.05634932029156144
1968,0.056319563667056614,0.056349320312773656
1969,0.056319566189634226,0.05634932248442076
1970,0.056319509309123716,0.056349242612470096
1971,0.05631945058211677,0.05634921843155503
1972,0.05631945782343766,0.05634922456596997
1973,0.056319461938022,0.05634922823587665
1974,0.05631953060876836,0.056349349379767814
1975,0.05631953423685806,0.05634935275109184
1976,0.05631961896984857,0.0563495378976166
1977,0.056319614887878344,0.056349540007470625
1978,0.056319600835666755,0.056349529124304694
1979,0.05631942516273553,0.05634947893707101
1980,0.05631941796987515,0.056349480712153795
1981,0.05631940955695757,0.05634949523319728
1982,0.05631936065321336,0.05634930840760684
1983,0.05631933057875321,0.056349367049601834
1984,0.05631929878503291,0.05634932155800984
1985,0.056319298692772274,0.05634932147685275
1986,0.05631929213826802,0.05634930772385051
1987,0.056319319571446126,0.05634949230634017
1988,0.056319390039681415,0.05634956190240673
1989,0.05631939096529634,0.056349562715951075
1990,0.05631939066638076,0.056349562463925765
1991,0.0563193589229126,0.056349512053342515
1992,0.05631935748518907,0.05634951081509866
1993,0.056319352846971524,0.056349514044381065
1994,0.056319351329850074,0.056349512947710546
1995,0.056319355209734086,0.05634953353842394
1996,0.05631935200207441,0.05634953285436409
1997,0.05631934728413395,0.05634953174323039
1998,0.05631930775839861,0.05634949445025427
1999,0.05631924010029696,0.056349469945291844
2000,0.056319287719897686,0.056349531834654874
2001,0.05631926554205453,0.05634952905833631
2002,0.05631926644949404,0.05634952986285265
2003,0.056319300209083004,0.05634955226934984
2004,0.05631931789891243,0.056349600994750525
2005,0.05631931741932047,0.05634960056305081
2006,0.05631931662609303,0.056349599903937155
2007,0.056319309233926376,0.056349586058998605
2008,0.05631926755517402,0.056349585986528394
2009,0.05631926760453437,0.05634958603174623
2010,0.05631926952471212,0.05634958778735715
2011,0.05631935042299409,0.05634956985047956
2012,0.056319348030160206,0.05634956970076703
2013,0.056319347162846305,0.05634956893884057
2014,0.056319336890376735,0.0563495771518458
2015,0.05631933597702802,0.05634957638274428
2016,0.05631933491789847,0.056349575503297916
2017,0.056319107160689316,0.05634942231282209
2018,0.05631893252658905,0.056349383894591196
2019,0.056318940751001426,0.05634937957961113
2020,0.05631852789671834,0.056348981957767504
2021,0.056318521651229185,0.05634897649691906
2022,0.05631853462817571,0.05634899782811524
2023,0.0563184885875123,0.05634894223242704
2024,0.05631848296150959,0.0563489379954352
2025,0.056318421771259015,0.056348809894693604
2026,0.0563184670584493,0.05634878607835989
2027,0.056318354804654074,0.056348713251837504
2028,0.05631830064730864,0.05634863949558435
2029,0.056318298070780363,0.056348638012430084
2030,0.056318374024394234,0.05634871620028573
2031,0.056318346126474225,0.05634869454224565
2032,0.05631834561315043,0.05634869409510446
2033,0.056318353703427304,0.05634870867625212
2034,0.05631826758038627,0.05634867885741403
2035,0.05631825656522424,0.05634866811950415
2036,0.056318260797666796,0.0563486793071184
2037,0.05631827098427602,0.05634869245010687
2038,0.05631821748944644,0.05634891508082832
2039,0.056318217726373535,0.05634891531723594
2040,0.0563181731821886,0.0563489223162399
2041,0.05631817026237339,0.056348920074661094
2042,0.05631816415401028,0.05634891903267997
2043,0.05631811214627641,0.056348922058214845
2044,0.056318111155855236,0.05634892117436604
2045,0.05631810878163946,0.05634891912313821
2046,0.05631816611181295,0.0563487123141348
2047,0.05631815482560185,0.056348708991185784
2048,0.05631815268458413,0.056348707564267526
2049,0.05631814655538049,0.05634870289930659
2050,0.05631804657143671,0.05634860177553505
2051,0.0563180259006962,0.056348599619025906
2052,0.05631800708833964,0.05634859019543715
2053,0.0563180230703471,0.05634861023503309
2054,0.056318031400971906,0.05634863689655006
2055,0.05631802614291525,0.05634862582948354
2056,0.05631801502121714,0.056348629076745115
2057,0.05631800916411082,0.05634862396052792
2058,0.05631800835035955,0.05634864440372325
2059,0.05631796038519773,0.05634869182915384
2060,0.05631760317239727,0.05634832004689312
2061,0.05631755867389992,0.05634832687452837
2062,0.05631753566049168,0.056348322623617365
2063,0.05631753660498246,0.05634832346709549
2064,0.056317667594325695,0.056348400713155514
2065,0.0563176633850827,0.05634839270913124
2066,0.05631713651724056,0.0563485367966991
2067,0.056317119122731116,0.05634853761335711
2068,0.05631703474686722,0.05634860556853607
2069,0.056317016366174054,0.056348575586010224
2070,0.056317018915858,0.056348577689622516
2071,0.056317020013788834,0.05634857866969253
2072,0.056317021705183094,0.056348580358811975
2073,0.05631701477651151,0.05634859820525142
2074,0.05631700226105051,0.05634858342597066
2075,0.05631734908819947,0.05634865071922284
2076,0.05631735661952541,0.056348660823194834
2077,0.056317360341347475,0.05634866460860614
2078,0.05631732487637748,0.05634863128905085
2079,0.05631732845383595,0.056348634368838024
2080,0.05631733247797066,0.05634867522303843
2081,0.05631733538791416,0.056348677709357864
2082,0.056317321202902906,0.05634866531092761
2083,0.056317310724203436,0.056348662299987744
2084,0.056317021075306194,0.05634857467029315
2085,0.0563170229326539,0.05634857988484353
2086,0.05631700970602191,0.05634855834711826
2087,0.05631698716881839,0.05634855884373685
2088,0.056316910674475175,0.056348680818029136
2089,0.05631688897273101,0.056348684347646394
2090,0.056316806687110685,0.05634871495974773
2091,0.056316808301286186,0.05634871639000989
2092,0.05631676448010987,0.05634870325698398
2093,0.0563167818370149,0.05634866782544778
2094,0.05631678708164579,0.05634868143505814
2095,0.05631674613685744,0.05634865981661399
2096,0.056315869686025616,0.05634859930561315
2097,0.05631586652533174,0.056348596700557384
2098,0.05631586385206283,0.05634859638536045
2099,0.05631560798379002,0.05634873594390164
2100,0.05631563719903259,0.05634873663540484
2101,0.05631562759228891,0.056348732935216785
2102,0.05631456862395598,0.05634774853532298
2103,0.056314301837604025,0.05634774995809262
2104,0.056314277939634436,0.056347728267595446
2105,0.05631427049426485,0.056347769210123744
2106,0.056314262281040244,0.056347760125357284
2107,0.0563141657220742,0.056347778602910986
2108,0.05631415340447164,0.05634777470661958
2109,0.05631412487379464,0.05634778514726313
2110,0.05631393913346824,0.05634780792724431
2111,0.05631404929610498,0.0563478882457211
2112,0.05631401698116232,0.056347830695484775
2113,0.056314288427369,0.056347940815116924
2114,0.05631428678624456,0.05634793937586246
2115,0.05631428223443783,0.056347935537262674
2116,0.05631427830207208,0.05634793212682272
2117,0.05631432041734849,0.056348054413488155
2118,0.05631432149375887,0.05634805538659079
2119,0.05631403186182133,0.05634786160752772
2120,0.05631400907176728,0.05634789679725272
2121,0.05631336799098492,0.05634735297035979
2122,0.05631336851826404,0.056347354191049456
2123,0.056313109797312834,0.056347098055022374
2124,0.05631309183123372,0.05634709384843925
2125,0.05631310597775187,0.05634709895954725
2126,0.056313103794976886,0.05634709980917701
2127,0.05631310587211589,0.056347101300075766
2128,0.0563131013455618,0.056347103859796
2129,0.05631309210844319,0.056347112925033215
2130,0.05631309001165432,0.056347111169170676
2131,0.056313053625934584,0.05634713291148468
2132,0.05631307287639793,0.05634718430097338
2133,0.05631306164881619,0.05634717141232302
2134,0.05631302958365096,0.05634716768071274
2135,0.05631289298512932,0.056347193702699055
2136,0.05631288815062388,0.05634719219338184
2137,0.0563128805843716,0.05634718772140347
2138,0.05631287934209097,0.0563471867297516
2139,0.05631287805053707,0.05634718600838367
2140,0.05631287707661551,0.05634718657671652
2141,0.056312694625929506,0.05634705662640277
2142,0.05631269497972538,0.056347056950298416
2143,0.05631264291657328,0.05634700054606694
2144,0.05631264454072689,0.05634700253539845
2145,0.05631255210367989,0.05634697857718321
2146,0.05631253631229855,0.056346976245487256
2147,0.056312537708381065,0.05634697750097361
2148,0.056312488268624915,0.056346949173891846
2149,0.0563124888866968,0.0563469496385319
2150,0.05631249159271876,0.056346955963402494
2151,0.05631249211298999,0.05634695660987427
2152,0.05631238870207787,0.05634687007013538
2153,0.05631239358976102,0.05634687422924163
2154,0.05631236235710115,0.05634681348015766
2155,0.05631235192939419,0.05634674465416799
2156,0.05631214607186626,0.05634661979763355
2157,0.05631214652351621,0.05634662019711293
2158,0.056312061812184046,0.056346571799247
2159,0.056311900287778625,0.0563464924635046
2160,0.05631189166504696,0.056346491530352094
2161,0.05631168766603957,0.05634648870900966
2162,0.05631168298226497,0.056346486837519846
2163,0.056311679339331615,0.056346485326861366
2164,0.05631167781113969,0.05634648258732842
2165,0.05631148319614227,0.05634654903399962
2166,0.056311465552071484,0.05634654891339808
2167,0.056311460672726396,0.05634654609669415
2168,0.05631145816703027,0.05634654380504438
2169,0.05631145532533366,0.056346541692360017
2170,0.05631120824558148,0.056346271441787846
2171,0.05631120429802887,0.05634626778131596
2172,0.056311202867683055,0.05634626656102577
2173,0.056311314980673266,0.056346397600029505
2174,0.05631131560833209,0.05634639847663116
2175,0.05631131379376901,0.056346396903664976
2176,0.05631100932143919,0.056346267262750674
2177,0.056310914855424964,0.05634620318917708
2178,0.056310919897080015,0.05634620760674864
2179,0.056310920792174424,0.05634620968019315
2180,0.05631092293237972,0.05634621154671611
2181,0.05631087669571905,0.05634621131777771
2182,0.05631087834270422,0.05634621277062859
2183,0.05631088051260156,0.056346214682466325
2184,0.05631087438662232,0.05634621137988898
2185,0.05631084375787527,0.05634619918117629
2186,0.056310850507774075,0.056346207352053104
2187,0.05631086537505386,0.056346209019618995
2188,0.056310867113420746,0.056346210520701545
2189,0.05631086658151169,0.056346211765358194
2190,0.05631062691133342,0.056346105496574074
2191,0.056310623691472765,0.05634610735620207
2192,0.05631062485176001,0.05634610854889594
2193,0.056310626718997954,0.05634611013864662
2194,0.05631062823080939,0.05634611311138885
2195,0.05631061443237044,0.056346111833872725
2196,0.056310615683161085,0.056346112916031206
2197,0.0563106154873311,0.056346113890088596
2198,0.056310599599241326,0.05634616634925572
2199,0.056310600568002585,0.05634616837959952
2200,0.056310593440454346,0.05634616836230313
2201,0.05631059075906473,0.05634616761192987
2202,0.05631058745475826,0.05634616431299199
2203,0.05631058872515186,0.05634616950335605
2204,0.056310588496342774,0.056346169360965696
2205,0.056310588123004685,0.05634616914593842
2206,0.056310582537595404,0.05634616430162634
2207,0.05631057508299161,0.056346158950404526
2208,0.056310280080853425,0.05634597915895955
2209,0.05631027040823622,0.056345968351433455
2210,0.05631020417728712,0.05634597386126868
2211,0.05631020224606325,0.05634597311462123
2212,0.0563101933175453,0.056345963467445845
2213,0.05631013434090115,0.05634596927406278
2214,0.05631002225345901,0.05634586083260023
2215,0.05630997781735037,0.05634580548694041
2216,0.056309979838444366,0.05634580758532845
2217,0.0563099675552827,0.05634581002577216
2218,0.05630993239698022,0.05634580787395922
2219,0.05630986426134336,0.056345833380939056
2220,0.05630986498770296,0.0563458309657924
2221,0.05630981350891532,0.05634579945471401
2222,0.05630984332627406,0.05634581692306519
2223,0.05630984412074412,0.056345817510814605
2224,0.05630983656334349,0.05634581490848575
2225,0.0563097901658381,0.05634597223390464
2226,0.056309619878034775,0.0563457616210196
2227,0.0563095405523401,0.05634574190169057
2228,0.05630955323393644,0.0563457601638041
2229,0.05630934200882422,0.05634571085350632
2230,0.056309339961936586,0.05634571094390289
2231,0.05630933963160497,0.056345710765929174
2232,0.056309210304256604,0.056345711490606055
2233,0.056309111088097864,0.05634547444387288
2234,0.056309085825904985,0.05634544174465336
2235,0.05630907267371879,0.05634543840561775
2236,0.056309073356334,0.05634543929552022
2237,0.056308999096350836,0.05634544471192347
2238,0.056309000375232794,0.05634544496546014
2239,0.05630899764235702,0.056345444354540114
2240,0.05630899894001663,0.05634544548895615
2241,0.05630900185838752,0.0563454483637759
2242,0.05630899955687189,0.05634544763131399
2243,0.056308999800905674,0.05634544782443321
2244,0.05630890482640728,0.05634524580179504
2245,0.05630885816373449,0.05634526358776346
2246,0.05630888677281135,0.05634528250782482
2247,0.05630888394686773,0.05634528485321069
2248,0.05630888384473495,0.056345284798406434
2249,0.05630885001414885,0.05634525557694242
2250,0.05630884984820791,0.05634525597765682
2251,0.05630878801468281,0.05634521297284586
2252,0.05630880310751599,0.056345279241569214
2253,0.05630880449149757,0.056345280551259806
2254,0.05630876084227474,0.05634534447596448
2255,0.05630826530019502,0.05634510332169999
2256,0.05630811791901503,0.05634507334348598
2257,0.05630778741104517,0.056345185008487154
2258,0.05630779187042981,0.05634518894284486
2259,0.05630759075759813,0.056345110929662184
2260,0.05630759550224852,0.05634511511447204
2261,0.056307600654424673,0.05634511929197626
2262,0.05630726599568797,0.056345035153782745
2263,0.05630727192881575,0.05634503951641492
2264,0.05630722825260266,0.056345027400025234
2265,0.05630721934543125,0.0563450048810474
2266,0.05630722327556797,0.056345008657275215
2267,0.05630718921220999,0.05634499678940657
2268,0.056307168630703515,0.05634509517609218
2269,0.056307167156752845,0.056345095482891856
2270,0.056307159863610054,0.05634508871186397
2271,0.05630710528289652,0.05634505430913914
2272,0.05630709842320931,0.056345055913711
2273,0.05630709827318825,0.05634505612947401
