0,0.1631354389511918,0.1633187849818665
1,0.15989754877451204,0.16008820265644758
2,0.1569275154432067,0.15711698773285812
3,0.1539355327303646,0.1541333920790923
4,0.15091975663860724,0.15111248467462188
5,0.14818697728586372,0.14837353777994464
6,0.1452995791486639,0.14548318016856102
7,0.1426069698892391,0.14279214635084453
8,0.14001679859491795,0.1402050690841643
9,0.13751569449067297,0.13770700572413908
10,0.13492143355311334,0.13510960314942674
11,0.13260889030640863,0.1327921155380961
12,0.1301804431992839,0.13035999254107108
13,0.127984305472184,0.12816642668012934
14,0.12580823242595496,0.12599636658953026
15,0.12377972738512127,0.12396424554181097
16,0.12157956550106655,0.12176027399199181
17,0.11958519214909416,0.11976417278530042
18,0.11766370043836731,0.11784202311353666
19,0.11576149473228192,0.11593634374032637
20,0.11396183772776507,0.11413192475365427
21,0.11210516075688176,0.11227197131518322
22,0.11039083972451107,0.11055401925360933
23,0.10869226312479344,0.10885163318859799
24,0.10694930945623453,0.10710737307385064
25,0.10543302963110499,0.10559106279692161
26,0.1039864018019673,0.1041416455943657
27,0.10238430561563523,0.10254015178399234
28,0.100852284869866,0.10100708375990376
29,0.09940895323741855,0.09956124547905211
30,0.09795531366518886,0.09810483925103486
31,0.09671437881431333,0.096854844179926
32,0.09537499474097663,0.09551354995643904
33,0.09410920062264846,0.09424945949163589
34,0.09291491706650983,0.09305208693086237
35,0.09175008062861015,0.09188708293510137
36,0.09065704464758285,0.0907903385437053
37,0.08947123773660641,0.08960015452864262
38,0.0883869205805285,0.08851426312309721
39,0.08729256975850437,0.08741723856204009
40,0.08624136979929493,0.08636202230292017
41,0.0852902710523434,0.08541042399953477
42,0.08433297733005034,0.08444996407237418
43,0.08340960645587066,0.0835242487562875
44,0.08252852614506327,0.08263837028951102
45,0.08165861484110484,0.08176504540648805
46,0.08079373170863205,0.08089449329567916
47,0.07997987357432898,0.08007666504302433
48,0.07916200189137258,0.07925671925613509
49,0.07840167643078348,0.07849129244192733
50,0.07769582780962479,0.07778173568599052
51,0.0769389133726949,0.07702578358761379
52,0.07623456295390824,0.07632089105208628
53,0.07554681074439303,0.07563010334823816
54,0.07488382613833325,0.07496096814427196
55,0.07428362214633992,0.07435701813977302
56,0.07370471521982538,0.07377365358439503
57,0.07309347322629331,0.07316393704776447
58,0.0725358677006991,0.07260281865091482
59,0.07198742471462896,0.07205094739596907
60,0.07148742995298743,0.07154485458235477
61,0.07096461165216784,0.07102136651100623
62,0.07048257318035155,0.07053917809762238
63,0.07003466687526277,0.07008983594888188
64,0.0695613514369653,0.0696169491158756
65,0.06911688658427194,0.06917043046067424
66,0.06870013262080918,0.0687491548724236
67,0.06832799339583483,0.06837457038678965
68,0.06796794436998282,0.06801169355796208
69,0.06757162528433328,0.06761560926462036
70,0.06723470543101491,0.06727510668231476
71,0.06685872845815968,0.06689991274761414
72,0.06655761609349577,0.06659352404543707
73,0.06622776185444022,0.06626260868139203
74,0.06591878967610243,0.06595449806637182
75,0.06559830946154294,0.06563119758347544
76,0.06529904426674348,0.06533343926108108
77,0.06501058556842527,0.06504088835212755
78,0.06474576215689302,0.06477473923169591
79,0.06447419994130123,0.064500985903518
80,0.06423281955621185,0.06425622839394861
81,0.06398654921075411,0.06400804384002313
82,0.06373622432242208,0.06375833462381375
83,0.06350149599469937,0.06352324416922624
84,0.06327924871588365,0.063299786483825
85,0.06306322197405567,0.06308077716115855
86,0.06287155274793166,0.06288672123195958
87,0.06267810104073383,0.06268923162312909
88,0.062489314660706514,0.062499258284115095
89,0.06231796125987543,0.062325455812483804
90,0.06214139839217392,0.06214864210316846
91,0.06196646998408965,0.061974321883135314
92,0.061805598126697656,0.061814029670983615
93,0.06164808337442603,0.061654873039401016
94,0.06148440531503207,0.06149104372299289
95,0.06135536504015362,0.061361061852848904
96,0.0612053335771357,0.06121081375147054
97,0.061055257915899885,0.06106031399946513
98,0.06092854873124084,0.06093228984021928
99,0.060787804912456375,0.06078946090366375
100,0.06066861711229549,0.06067017404011951
101,0.06054514000604351,0.06054626522097943
102,0.060425312228235335,0.06042412883489574
103,0.060317798275680644,0.06031570563357609
104,0.06020312608204793,0.06020198263912486
105,0.06008952447252261,0.060087375853454784
106,0.05998795999439582,0.05998641925935976
107,0.0598847422470948,0.05988220383476564
108,0.0597872368477101,0.05978339634169856
109,0.05970563364477101,0.05969957650217233
110,0.05961530179060428,0.05960986658124223
111,0.059537173713547144,0.059531287940000996
112,0.059453031411277016,0.059445400027272124
113,0.05937190178072193,0.059363932200756926
114,0.05930132409969417,0.05929242974792582
115,0.059224957883838476,0.059214515175822165
116,0.059152855791007534,0.05913975493223916
117,0.059084731114583657,0.05907006537156759
118,0.05902736140018123,0.05901224135512893
119,0.058965314465475926,0.05894953953926447
120,0.05889634812397458,0.05888024259164887
121,0.05883263436797508,0.05881556470051679
122,0.05877095752894942,0.05875244024107048
123,0.0587047903648844,0.05868573488749002
124,0.05865284992150599,0.05863335394192482
125,0.058602388401686446,0.05858121637545681
126,0.058549410453872006,0.058527790211438654
127,0.0585019570919868,0.05847851735560509
128,0.05845337162609717,0.05842994092791068
129,0.05840672807744775,0.05838260841031522
130,0.05835980935322455,0.05833514708109015
131,0.058311284129479765,0.05828543531535691
132,0.058267845558485555,0.058240954540605475
133,0.058226645131099763,0.05819927364980538
134,0.05818910574849194,0.058161192675418
135,0.058154285404199216,0.05812452493469497
136,0.05811623161730238,0.058086688511913856
137,0.05808093332815022,0.05805060687585152
138,0.0580508374981622,0.05801968059212031
139,0.05801738169361119,0.05798504909517547
140,0.05798537350932403,0.057952227430157315
141,0.05795444094268627,0.05792038179486249
142,0.05792504555539501,0.05788965695942177
143,0.05789902785115573,0.05786280788758318
144,0.057869802019252604,0.05783402448366332
145,0.05783998751594426,0.0578037803367315
146,0.05781456004425247,0.05777780361717789
147,0.05779134828855477,0.05775345129340662
148,0.05776702226255197,0.05772908664472373
149,0.05774479984591505,0.057707570037765964
150,0.057723587704752055,0.057685145616334664
151,0.05770097666582772,0.05766176867395986
152,0.057678467109387635,0.05763930894049724
153,0.05765616585948079,0.05761677619374851
154,0.05763743117320295,0.05759746172381332
155,0.05761768807606589,0.05757799116076607
156,0.05759789260064273,0.05755772415918991
157,0.05757810939350553,0.057537166694181026
158,0.05756133229050168,0.05751979402642839
159,0.05754442513991146,0.0575026955864894
160,0.05752772293761546,0.05748602404979327
161,0.057507367016870224,0.05746641520008864
162,0.05749209702399576,0.057451741483050045
163,0.05747403399280864,0.057433314993062916
164,0.057456999748644426,0.05741651996831351
165,0.05744109853502611,0.05740091693169542
166,0.05742633556090575,0.05738614431324854
167,0.0574123858062097,0.0573720200748218
168,0.05739918096522553,0.05735870930605844
169,0.05738634157026016,0.057346047841000176
170,0.05737348562815579,0.05733335358349323
171,0.05736285970588958,0.057322603153997585
172,0.05735193367027112,0.05731145029317222
173,0.05733944569541142,0.057299176679253896
174,0.05732632944562226,0.0572856806397381
175,0.057314118430212925,0.057273574434329316
176,0.05730171149119228,0.05726082801813892
177,0.057288806724760936,0.05724782087458096
178,0.057279192542436984,0.057238101101278964
179,0.05726810966056225,0.0572270397215833
180,0.057258096082692785,0.05721643431796521
181,0.05724801623649607,0.05720607488045198
182,0.05723925679965148,0.0571972350489066
183,0.057229532514842585,0.057188312238455746
184,0.05722036199118117,0.05717892100457451
185,0.057207818489999035,0.0571661373329895
186,0.05719878807931151,0.057157307118996546
187,0.057190952539872296,0.057149383152125324
188,0.057182571913746455,0.0571411691083525
189,0.05717377409491936,0.05713187106073445
190,0.057168728416854074,0.057126946426701866
191,0.05716099049847786,0.05711867472128123
192,0.05715367754894978,0.05711113199390969
193,0.05714766252603142,0.057105082727630256
194,0.05713996930892587,0.0570972181293682
195,0.05713086006737279,0.05708791139034769
196,0.05712312782029602,0.05707948207642988
197,0.05711622251971403,0.05707221584912474
198,0.05710822759524486,0.05706440184362306
199,0.05710325971412869,0.057059465271844766
200,0.057095503082426856,0.05705134492002945
201,0.05709062231700658,0.0570467805572578
202,0.057083827198619624,0.05703917412024171
203,0.057077549298689696,0.05703244585071442
204,0.05707208432131601,0.05702700525850217
205,0.05706646263418872,0.05702101407000313
206,0.05706098871737549,0.057015287120368865
207,0.05705367181991843,0.057007837893760176
208,0.05704997241829864,0.05700420691649952
209,0.05704497407444721,0.056999320622343426
210,0.057038994382543194,0.05699338985698865
211,0.057033418454525996,0.05698786074788895
212,0.05702877178279742,0.05698308539354975
213,0.057023001007149826,0.056977190403253525
214,0.05701928766173924,0.0569735102537872
215,0.05701480114330814,0.05696883041662849
216,0.05701037690891767,0.05696455836933494
217,0.05700347931849224,0.05695735183513894
218,0.05699958488361861,0.05695278122429624
219,0.0569941231481944,0.05694707243488098
220,0.05698774277796726,0.05694068186211996
221,0.05698304753642254,0.0569357716949756
222,0.05698019642196266,0.0569327237194305
223,0.05697475309666233,0.05692713310182069
224,0.05697017094258575,0.056922792603105565
225,0.056967754072934494,0.05692028902668475
226,0.05696303366906391,0.056915439103680444
227,0.05695782116044187,0.05691025974337521
228,0.056953542021549126,0.05690567995329538
229,0.0569490466196511,0.05690107626739373
230,0.05694492477289835,0.056897540251865074
231,0.056941114378532956,0.056894046448366
232,0.05693752569507484,0.05689065204756304
233,0.05693200480312906,0.05688558622912081
234,0.056929161870616106,0.05688274432671264
235,0.056925318819402174,0.05687884550867252
236,0.056921183325794905,0.05687460355378236
237,0.0569173865808961,0.0568707777955193
238,0.056913297807342514,0.05686641806803302
239,0.05690982756970434,0.05686314951470968
240,0.056905967437833126,0.05685953795861865
241,0.0569036735203802,0.056857680918895655
242,0.05689895180699475,0.05685394165849145
243,0.05689401091584796,0.05684895584269216
244,0.056891621505686274,0.05684700719571014
245,0.056887336683740505,0.05684266503667819
246,0.05688465903649975,0.05684015775867325
247,0.05688209304270033,0.05683752949850803
248,0.05687926624668322,0.05683517798129214
249,0.05687636429712142,0.05683235680738889
250,0.056872860265423486,0.05682909632873363
251,0.056870522759794,0.056826563237728556
252,0.056867076564827014,0.05682302119419423
253,0.056864311724340276,0.05682022907025999
254,0.05686122663318364,0.05681755713231653
255,0.056857527547236844,0.056813915595858674
256,0.056854283995648125,0.0568108609811895
257,0.05685161271357065,0.05680847742734615
258,0.056850273994933885,0.0568072879218816
259,0.056847176437785876,0.05680411209625927
260,0.056844647448482576,0.05680183458572389
261,0.056841666185452625,0.056798910662502415
262,0.05683968476265646,0.05679699020981101
263,0.05683660909570614,0.05679414427298844
264,0.05683303114970257,0.05679035683331825
265,0.05683061507993173,0.0567879616730347
266,0.05682665156517182,0.05678406797616538
267,0.056824170983810686,0.05678144260611388
268,0.056822287502287266,0.05677980525081648
269,0.056819075565616446,0.0567767754741056
270,0.056817550466431624,0.05677523829110777
271,0.05681446208380352,0.056772463888755606
272,0.05681151598147067,0.05676959880405795
273,0.05680977267806898,0.056767998788802815
274,0.056808349890561244,0.056766761223505685
275,0.05680572870070285,0.056765003968360934
276,0.05680403055853371,0.05676353143841575
277,0.05680015681299697,0.05675960021479461
278,0.056797887211588,0.05675711071528071
279,0.05679576691665917,0.056755177444769996
280,0.05679397097967808,0.05675315914984167
281,0.05679110197706459,0.056750079475102626
282,0.056788395054019246,0.05674747580774018
283,0.05678663201119944,0.056745671837948396
284,0.056784389435683126,0.05674357879330374
285,0.056783186867365616,0.056742525135644165
286,0.056780965495868446,0.056740224139211405
287,0.05677983467717189,0.05673925755032014
288,0.05677717813241936,0.05673690973338528
289,0.05677473389184868,0.0567344214279318
290,0.05677193372458505,0.05673174188179773
291,0.056770737510593895,0.05673042198887866
292,0.0567683948961085,0.05672836916124991
293,0.05676589832315348,0.056725805350737186
294,0.05676487451397032,0.05672503212946153
295,0.056762600654104295,0.05672303629180545
296,0.056760101390524655,0.05672062646988333
297,0.05675850171387488,0.056719069208222825
298,0.05675709320308853,0.056717828139861794
299,0.05675511177139443,0.056715901030084365
300,0.05675365284265914,0.05671483920594346
301,0.056750132122572065,0.05671139970987243
302,0.05674855923662262,0.0567099508510923
303,0.05674446320603621,0.056705989952260526
304,0.05674206678488984,0.05670343405741406
305,0.05673981643405016,0.05670117096524734
306,0.05673715564233535,0.05669868323019504
307,0.056735606467032317,0.056697123106317374
308,0.0567334285793165,0.056694987794479165
309,0.05673110884442282,0.05669272432859385
310,0.05672968580802677,0.056691301873398076
311,0.056727991541427124,0.05668970241765746
312,0.05672628468231221,0.056687668751766236
313,0.05672378969319196,0.056685549268127924
314,0.056721439568517176,0.056683417355783236
315,0.05672024699747528,0.05668235560978158
316,0.05671728283235631,0.05667962300078868
317,0.05671582952244185,0.0566784384721139
318,0.05671340856094778,0.05667615681749883
319,0.05671220248090697,0.05667498257000554
320,0.05671081612121023,0.05667375698590335
321,0.05670908308364362,0.05667223210868541
322,0.0567077574983705,0.05667118142571001
323,0.056706300470409185,0.056670015984089016
324,0.05670503293555768,0.05666876682292759
325,0.05670291227671381,0.05666693966961359
326,0.0567020445056063,0.05666652388935857
327,0.056700160210780136,0.05666464459277229
328,0.05669777248641127,0.05666279630318328
329,0.05669615513863932,0.05666125602586337
330,0.05669371033387185,0.05665897335588725
331,0.05669156866712405,0.05665695526109057
332,0.05668999470663476,0.05665544335690976
333,0.05668757808917834,0.05665342928311745
334,0.05668571915617148,0.05665162360209051
335,0.056684309227539746,0.056650353974570834
336,0.05668288713667162,0.05664929297653482
337,0.056681461832652165,0.05664783926993031
338,0.05668028929173181,0.05664671748447267
339,0.056679276438943035,0.056645587432406816
340,0.05667645941220542,0.05664264611953489
341,0.05667463728314178,0.05664125220910139
342,0.05667357015946501,0.056640354942387706
343,0.056671681285718985,0.056638539927868624
344,0.056670192283306185,0.05663697345619131
345,0.05666922530876933,0.05663609659491524
346,0.056667727570262415,0.05663508400489761
347,0.05666606470336999,0.05663366016560045
348,0.056665532118116355,0.056633406798479814
349,0.056664162115288616,0.05663217237849631
350,0.05666313746513763,0.05663106876987654
351,0.0566618191511125,0.0566295172966486
352,0.056659940278919484,0.05662767585024263
353,0.05665893179989716,0.05662673085692758
354,0.0566575077780065,0.05662546219592636
355,0.05665600312886661,0.05662438190665975
356,0.056654255580805994,0.056622611615186016
357,0.056653243042874585,0.056621688730276544
358,0.05665170890460451,0.056620034109718005
359,0.056649450023936315,0.05661857838014394
360,0.056648476940799754,0.05661753700995062
361,0.05664717023014191,0.056616398840470365
362,0.05664591726540474,0.056615072626725105
363,0.05664460329409489,0.05661380405336826
364,0.056642481069242565,0.05661218714757149
365,0.05664096273997108,0.05661084943036132
366,0.056639337783705695,0.05660950378722267
367,0.05663763627570816,0.05660811888884072
368,0.056635701017486585,0.05660636097580324
369,0.05663439442030621,0.05660564869442838
370,0.05663319213737216,0.05660438399262712
371,0.05663299803224059,0.05660424579872886
372,0.05663158447534075,0.05660310675884165
373,0.05662938646496834,0.056601076286115125
374,0.05662806052426059,0.05659986565127361
375,0.056626647816691765,0.05659855814327401
376,0.05662605849301283,0.05659807613896421
377,0.05662536372630921,0.056597596667937365
378,0.05662371467214107,0.05659624728370455
379,0.05662180984257554,0.056594370485825676
380,0.056620299767192725,0.0565929334875588
381,0.056618576910879584,0.05659155526234445
382,0.056617737989080374,0.05659094622748919
383,0.056617331601104534,0.056590819858815915
384,0.056616713704148516,0.056590434081907316
385,0.056614899833345764,0.05658879984914897
386,0.05661301488234189,0.05658674411448831
387,0.056611604354258084,0.05658537364619861
388,0.05661036465726619,0.05658425282404323
389,0.0566089437731565,0.05658275053683656
390,0.05660720640584996,0.0565812234543117
391,0.056606274826366675,0.05658038590157612
392,0.056606204732646354,0.05658036649731808
393,0.056604752968455185,0.056579027939277535
394,0.05660372468834837,0.05657827852885452
395,0.056601792212625616,0.056576455667906284
396,0.056599914533689795,0.05657455213449287
397,0.05659908233675548,0.05657381609289719
398,0.05659641276741739,0.056571179658832654
399,0.056595020671009556,0.05656995915306433
400,0.0565941507716017,0.056568985078440534
401,0.056592461002675544,0.056567723848725986
402,0.05659104125286442,0.05656644146273784
403,0.0565897849991364,0.056565337137979815
404,0.056586650101453244,0.05656221580145516
405,0.05658610419719159,0.05656167722454033
406,0.056585027218554095,0.0565605004716501
407,0.0565840631129055,0.056559720049424785
408,0.05658316871915095,0.05655907209404223
409,0.056581958968428145,0.05655826666151299
410,0.05658118618565138,0.05655751327107658
411,0.05657969296398477,0.056556236201992134
412,0.05657861621412896,0.056554912755771417
413,0.05657740774894434,0.056553837833896184
414,0.05657592675511727,0.056552387624395205
415,0.056574338935197456,0.05655099928089815
416,0.05657336300856189,0.056550083317456895
417,0.056572287904992795,0.056549207732685534
418,0.056570919409859526,0.05654801433188726
419,0.05656974932369499,0.05654697764845566
420,0.056568445918426455,0.05654614864418348
421,0.05656697815019798,0.05654485993575928
422,0.05656639278353129,0.0565444508213744
423,0.05656423182515239,0.05654208599561382
424,0.056563117007658564,0.056541245432922105
425,0.0565625853784708,0.056540914486238936
426,0.05656125210062517,0.05653976466220698
427,0.05656065586400424,0.05653952115955341
428,0.056559470206808155,0.056538639573988456
429,0.05655841811508151,0.05653791606243416
430,0.056557437818233275,0.056537144154336215
431,0.05655612418011169,0.056535852185116954
432,0.056554779093308444,0.05653487367999956
433,0.05655343735474311,0.056533355558565965
434,0.05655207949490263,0.0565321561532996
435,0.05655009150308736,0.056530070899173224
436,0.05654873032226983,0.05652857469937959
437,0.056547876904165975,0.05652793708209472
438,0.056546867539680995,0.05652729638409184
439,0.056546269689277534,0.05652691401522061
440,0.056545495089628375,0.05652628913105522
441,0.056544216923042054,0.05652513816549605
442,0.056543274143232417,0.05652425395553561
443,0.05654257642053397,0.05652370454655715
444,0.05654042213719184,0.05652187588630984
445,0.056539166501077404,0.05652089793121585
446,0.056538041563737755,0.056519676280851104
447,0.056536511545627506,0.05651835675684635
448,0.05653431479689808,0.05651640482781773
449,0.056532532858888825,0.05651541358574741
450,0.05653189818858915,0.05651487026908942
451,0.05653113951314391,0.05651420957876617
452,0.056529718002711615,0.05651272269918431
453,0.056528261240614074,0.05651217393142608
454,0.05652691633794397,0.05651076601300562
455,0.056526028488450265,0.056509934586287
456,0.05652477355430894,0.0565086865632948
457,0.05652364975023331,0.056507436586421864
458,0.05652199237684566,0.05650603027033969
459,0.056520423042705235,0.05650458994663498
460,0.05651871109281439,0.05650284706405273
461,0.05651725377879368,0.05650140930573618
462,0.05651622423966453,0.056500556542130334
463,0.05651552089941828,0.05650022397281272
464,0.05651463817657239,0.056499618551151175
465,0.056513954703376015,0.05649889606726137
466,0.05651259685304769,0.05649788020286397
467,0.05651199818163631,0.05649741601374643
468,0.05651095578882694,0.05649633724303243
469,0.056509645484082924,0.0564952363897977
470,0.05650852464732119,0.05649459101433053
471,0.05650780163222514,0.0564937044469819
472,0.0565073492086331,0.05649360511132366
473,0.0565060775524256,0.0564925205849331
474,0.056505100809730764,0.05649178798211437
475,0.056504081787898626,0.05649071820669626
476,0.05650328737937812,0.0564897671782953
477,0.05650197079739462,0.05648881568415703
478,0.056501105905996565,0.056488019096980716
479,0.056500214182707974,0.05648719205987517
480,0.056498645116807224,0.05648544584885412
481,0.0564979671165575,0.056484625012033114
482,0.05649660268510013,0.05648320688101136
483,0.056495968713340484,0.05648273740659464
484,0.056494984947766703,0.056481705442930887
485,0.05649381162335861,0.05648075972903581
486,0.0564931975761517,0.056480287148763776
487,0.05649196852997029,0.05647929529411397
488,0.05649100107187298,0.056478487103357414
489,0.056490363843369674,0.05647827073918074
490,0.056489767655744254,0.056477901479903225
491,0.05648805692908683,0.0564763360342646
492,0.05648725627492333,0.05647558626008966
493,0.056485883093676095,0.05647436465566609
494,0.056484797462006034,0.05647317694027938
495,0.05648356233751349,0.0564721787781488
496,0.05648242722108651,0.05647146558571761
497,0.056481931974526174,0.05647123258944637
498,0.056481357755989677,0.056470729641868465
499,0.05648027424120411,0.056469885786471205
500,0.05647939827501698,0.05646918090568359
501,0.056477538214508606,0.05646774731302325
502,0.05647625739960245,0.05646661016419412
503,0.056475666336691065,0.05646632306006839
504,0.056474397653143354,0.05646507009594673
505,0.05647337493093853,0.05646453218394131
506,0.056472632029266126,0.05646399110049191
507,0.0564710852584855,0.056462662645123764
508,0.05646992938327994,0.05646174520686016
509,0.05646889199556814,0.05646097405075119
510,0.056467672545859715,0.05645989078306434
511,0.056466555475145876,0.05645852096043457
512,0.0564657632409006,0.05645783660302242
513,0.05646478180732028,0.05645702628629938
514,0.05646379354274583,0.056456211516265835
515,0.05646327052179118,0.056455642143606946
516,0.05646258315597922,0.0564550532483354
517,0.05646189663641282,0.05645458902019473
518,0.05646113880940446,0.05645395270540189
519,0.05646033407237204,0.056453243882292455
520,0.05645937026375868,0.05645259709226114
521,0.05645813742582038,0.05645161834215306
522,0.05645751192767077,0.05645096107574501
523,0.05645643932895395,0.05645001849699584
524,0.05645564261094669,0.056449271279633104
525,0.05645494336204047,0.05644880487127197
526,0.056453733141302934,0.05644781448357812
527,0.05645266874838356,0.05644698398863171
528,0.056451180675489945,0.05644570075708174
529,0.05645013075302449,0.05644476427452877
530,0.05644909543665621,0.056443532682544005
531,0.05644825732739269,0.056442762255260924
532,0.05644727221585291,0.05644186420692419
533,0.05644634242976775,0.05644118098018845
534,0.056444710427494056,0.05644034001358694
535,0.05644362157765595,0.056439329920510754
536,0.056442892683342315,0.056438514341252244
537,0.056441707145371944,0.0564374237671237
538,0.05644048166269143,0.05643623585774971
539,0.056439561712880844,0.05643549011675169
540,0.05643768425294017,0.05643381390645753
541,0.05643659182104418,0.05643302689663154
542,0.05643610258231856,0.056432759293135966
543,0.05643543027541603,0.05643215995516587
544,0.05643411697339598,0.056431597909005135
545,0.056432507061898,0.05643093039819652
546,0.056430903200561974,0.05642959539901206
547,0.05643012766312656,0.056428922774302975
548,0.05642841175506677,0.05642720968721928
549,0.05642744428698486,0.05642652706080336
550,0.05642638807417575,0.056425555816130374
551,0.05642564351288227,0.05642508911480301
552,0.0564243919280526,0.056424085348534665
553,0.05642372323560389,0.05642354237252274
554,0.056422096010640424,0.05642211211440847
555,0.05642042278477918,0.056420495480754645
556,0.0564193294715378,0.056419505140030975
557,0.056418291863960385,0.05641853490682019
558,0.05641736642900525,0.05641781328736662
559,0.056416378523386254,0.056417034368908846
560,0.05641547202049394,0.056416291147263674
561,0.0564140568641795,0.05641508298263046
562,0.0564135073331669,0.05641502702462729
563,0.05641306758964415,0.05641468777049545
564,0.05641263666362565,0.05641431806664202
565,0.05641185861845754,0.056413559367515534
566,0.05641067619330772,0.05641268207145806
567,0.05640983524044999,0.05641215353420094
568,0.0564082809879279,0.05641126616156718
569,0.056407288560424255,0.056410391378413124
570,0.05640651774594031,0.056409739148684246
571,0.05640558066461901,0.056408913733786564
572,0.05640515374834493,0.0564085710336955
573,0.056404081258068735,0.05640790349228098
574,0.056403272230774605,0.056407065523071016
575,0.0564025553216139,0.05640689762678737
576,0.05640164808869105,0.05640616125481604
577,0.056400137340138545,0.0564052722987425
578,0.05639935759080602,0.05640485951114314
579,0.05639823382478776,0.05640382254920199
580,0.056397405663242285,0.05640327157792647
581,0.05639625479836443,0.05640223294625499
582,0.05639571846618801,0.05640213913676768
583,0.056394485739201236,0.05640115665146749
584,0.05639345514315334,0.05640031663796862
585,0.05639233524960293,0.056399612563262196
586,0.05639187701565386,0.05639924877933959
587,0.056391401441269196,0.05639888167171434
588,0.056390341950318966,0.056397938513191644
589,0.05638958536355045,0.05639743166343997
590,0.056389138326087676,0.056397253021287536
591,0.05638867252311611,0.056396909166667564
592,0.05638739970875754,0.05639625938889478
593,0.05638659607994869,0.05639628696037604
594,0.05638574166042739,0.056395758815005186
595,0.05638440334487703,0.056395245874232655
596,0.056383625391268344,0.05639451401706273
597,0.05638274944788981,0.056393861265560855
598,0.05638172846219865,0.056392971133355715
599,0.05638086299263065,0.05639200051475678
600,0.0563797013395572,0.05639079123633798
601,0.05637860096531252,0.05638964378443301
602,0.05637733049062153,0.0563884501777406
603,0.056376365342503454,0.05638775471520308
604,0.05637533716354915,0.05638674646422853
605,0.056374230169297386,0.056385831094135155
606,0.05637322675620538,0.05638506536269931
607,0.056372090564052145,0.0563840900567452
608,0.056371570713209,0.056383583290825476
609,0.05637044680813445,0.05638322733055515
610,0.05636943665949367,0.05638255895493738
611,0.056368666794090916,0.05638199753664146
612,0.05636788226356782,0.05638141422562345
613,0.05636727809581517,0.05638103061990275
614,0.056366398074123664,0.05638042529644691
615,0.056365500834195795,0.056379698776118065
616,0.05636444016175388,0.05637849046029534
617,0.056363382881148394,0.05637766519404436
618,0.05636284470912631,0.05637717941497396
619,0.05636208978227986,0.05637664930898872
620,0.05636131625179802,0.056375900505537466
621,0.05636069269604168,0.05637525382172439
622,0.05635972306496548,0.05637439261956511
623,0.056358719018109946,0.056373623366266445
624,0.05635797793576671,0.05637290755975904
625,0.056357118646778455,0.056372148407203004
626,0.056356236175940426,0.05637122105124222
627,0.05635563886841506,0.05637084985657595
628,0.056354923722645466,0.056370592342815606
629,0.05635413484989205,0.05637056933029249
630,0.056353146202132734,0.056369743273728914
631,0.05635256248479026,0.05636937140311325
632,0.056351548856169394,0.056368257389032
633,0.056350669307252174,0.05636765836547201
634,0.05634997576123539,0.056367100497798625
635,0.05634909673676356,0.05636626380158798
636,0.05634823857912799,0.05636557381971927
637,0.056347417760103456,0.05636488743001843
638,0.05634647646812664,0.05636421050360681
639,0.05634597746247236,0.05636418061733118
640,0.05634493412514891,0.056363897220947645
641,0.05634384297617611,0.05636299521933615
642,0.056343111573258164,0.05636233475761239
643,0.056342690893822746,0.05636188750872936
644,0.056341924254535714,0.05636121472605339
645,0.05634120799358591,0.056360868876831505
646,0.05634009549583056,0.05635998951513375
647,0.056339632825452735,0.056359589988769096
648,0.056338782317225305,0.05635876410633955
649,0.05633829869685077,0.05635864030136863
650,0.05633756555526732,0.05635821981860296
651,0.056337195600709294,0.056357886045111376
652,0.05633631162724521,0.056357281693746146
653,0.056335620473273576,0.05635660961906381
654,0.05633500710671196,0.05635633340017313
655,0.05633419429302029,0.056355486114705214
656,0.05633293907405691,0.0563543923011777
657,0.05633255672329718,0.05635416812940308
658,0.05633192605129161,0.056353571444232385
659,0.0563311817648734,0.056352997740414114
660,0.05633050697605542,0.05635241032981164
661,0.05632978114081347,0.056351596915464736
662,0.05632883269163863,0.05635081859454083
663,0.056328168807825034,0.0563504334794134
664,0.056327616855854634,0.0563499371014568
665,0.05632691896522272,0.0563495865144549
666,0.056326112174433604,0.05634894374567824
667,0.05632559575151129,0.05634855301411147
668,0.056325259491086445,0.056348203190876335
669,0.05632476053548113,0.05634790356253781
670,0.056323930941896264,0.056347476006157894
671,0.056323466991447045,0.056347155686424656
672,0.05632264106686694,0.05634635682597655
673,0.05632203523765482,0.05634587741409323
674,0.056321250665935275,0.056345302551865845
675,0.05632007636603533,0.056344319250469926
676,0.056319612897685875,0.05634379320858023
677,0.05631842817026952,0.05634301048410664
678,0.05631772245735176,0.056342331918236926
679,0.05631715824154489,0.05634198593179946
680,0.056316136365887,0.05634117259598821
681,0.05631558174206845,0.05634070714119733
682,0.05631518050012835,0.05634052379404188
683,0.05631450378843493,0.05634010938280382
684,0.056314019399942634,0.056339808768603096
685,0.05631327286464257,0.05633942782056641
686,0.056312638050514445,0.05633885723311988
687,0.05631227948567743,0.05633878800668092
688,0.05631137959125165,0.05633784098523026
689,0.05631074201988703,0.05633733150050617
690,0.056309860100499494,0.056336526836692616
691,0.056309330585709035,0.05633613261300754
692,0.056308333712116465,0.0563359047636048
693,0.056308034599516756,0.05633567918795117
694,0.05630738692842576,0.05633507595129028
695,0.05630632607004141,0.05633417612181397
696,0.05630544648116275,0.05633362605805332
697,0.05630459729587439,0.05633309873723016
698,0.05630401106269902,0.0563324546744679
699,0.05630368534868194,0.05633226300719387
700,0.056303153791067505,0.05633173039019554
701,0.05630267956838259,0.05633177681957489
702,0.056302023737674095,0.056331401815636395
703,0.05630118751622992,0.05633086420499959
704,0.0563005245221631,0.05633053704318851
705,0.05630017701823258,0.05633029052915643
706,0.0562993809268188,0.056329854887766775
707,0.056298401772961124,0.056329054019519924
708,0.056297835574161875,0.0563285031398691
709,0.056297159551421685,0.05632794550886841
710,0.056296418253155366,0.0563272386327008
711,0.05629591172820703,0.05632690137742113
712,0.05629551818950336,0.056326864706834845
713,0.05629496080481245,0.056326422243111594
714,0.05629399898332277,0.05632551218920465
715,0.05629342066994334,0.05632495102829642
716,0.05629269808941528,0.056324268121755484
717,0.05629221389206194,0.05632409640004929
718,0.05629164972239055,0.0563235750039643
719,0.05629086644142861,0.05632279981980297
720,0.05629039107800151,0.056322410530793385
721,0.056289787090257254,0.056321859988694635
722,0.05628934942252619,0.05632172367448093
723,0.056288853971202896,0.056321346248814165
724,0.05628837744129971,0.05632100873842052
725,0.05628773475366015,0.05632054424864504
726,0.056287271094924866,0.056320110963702076
727,0.05628613770627723,0.05631938112705364
728,0.056285748675936206,0.05631907143697561
729,0.05628539806850277,0.05631879115453488
730,0.05628467966004381,0.056318299257680275
731,0.056283916479982286,0.05631761299598844
732,0.05628314397074725,0.05631703602241094
733,0.05628230578673882,0.05631652223912781
734,0.05628115004500495,0.056315369765648514
735,0.05628038917526398,0.056314846287522216
736,0.05627965116341216,0.05631453527321066
737,0.0562789465669083,0.05631411981502304
738,0.05627821856157349,0.056313589325468164
739,0.05627760630938639,0.056313087960472
740,0.056276881340766326,0.056312469379818375
741,0.05627610238202801,0.05631194141520677
742,0.05627535404047392,0.05631145874868351
743,0.05627475673990875,0.05631108003973229
744,0.05627430401271267,0.05631056228574795
745,0.056273992704800116,0.05631037436780494
746,0.056273534779571845,0.05631010386724658
747,0.05627272735272993,0.05630939416412512
748,0.05627239924528833,0.056309237207317606
749,0.05627182977493494,0.05630874079579776
750,0.056270853986059584,0.05630783752439531
751,0.05627053491128525,0.05630764760146996
752,0.056270078986018573,0.05630726262104959
753,0.05626946550251534,0.05630701752848503
754,0.05626905851160064,0.05630676113085567
755,0.05626850122619457,0.05630621509715958
756,0.05626777710261263,0.056305603969161934
757,0.05626699819701764,0.056305030711315436
758,0.056266060749745744,0.056304314648301164
759,0.056265511565332424,0.056303764528756725
760,0.05626458078503299,0.05630295436666953
761,0.056263780770943725,0.05630228924122204
762,0.0562629003150988,0.05630151273803103
763,0.056262446123857425,0.05630116878135645
764,0.05626155415975322,0.05630098978439801
765,0.05626072268463194,0.05630030365378319
766,0.056259926012509696,0.05629990460531938
767,0.056259092174870975,0.05629928171108892
768,0.0562586209767275,0.05629908645439192
769,0.0562578701930867,0.05629854708671539
770,0.056257151641951005,0.05629804541123693
771,0.05625692958231464,0.05629797283175879
772,0.056256543775315165,0.056297672239939214
773,0.056255765650237356,0.056297450635784986
774,0.05625516951636676,0.056296794678547105
775,0.056254657707181736,0.05629626897912964
776,0.0562541437049965,0.056296145486916103
777,0.0562536701279217,0.05629592406035553
778,0.056252884227728034,0.05629523554866474
779,0.05625246715194065,0.05629509252948729
780,0.05625164959579584,0.05629453322459125
781,0.05625124620045073,0.05629426531271937
782,0.05625055237572592,0.056293737749902234
783,0.056249962544954166,0.05629333080601288
784,0.05624957671005533,0.056293061899560605
785,0.056248986850113245,0.056292513960719666
786,0.05624865031046209,0.05629231716181412
787,0.056247867253277704,0.05629204356258336
788,0.056247318110401144,0.05629159570020992
789,0.05624684407089194,0.056291386179635465
790,0.05624633032088621,0.05629096830259439
791,0.05624589116262881,0.05629101090220032
792,0.056245295113898516,0.05629038324660376
793,0.05624443724793055,0.05628992803879777
794,0.056244131005063994,0.0562898141232855
795,0.05624365937324337,0.056289466867791446
796,0.05624306187294179,0.05628899853305804
797,0.05624249154510993,0.05628858181528738
798,0.05624180233215691,0.056288006963333484
799,0.05624146749796394,0.05628792502774848
800,0.05624087993561915,0.0562875633713875
801,0.056240034686377005,0.05628666468713905
802,0.05623931416290831,0.056286314303006034
803,0.05623851291415258,0.05628564561867649
804,0.056237731383469235,0.05628533126438438
805,0.056237299157492475,0.05628510113220809
806,0.05623659734269337,0.056284467590593745
807,0.056235781154776454,0.05628404799400186
808,0.05623522304596867,0.05628353090193766
809,0.05623456232795614,0.05628285338227769
810,0.056233757105499195,0.05628213652332522
811,0.05623345862740072,0.05628196526494812
812,0.05623281678868891,0.0562815760899831
813,0.056232271872214475,0.05628099116711761
814,0.05623150788663435,0.056280338826862945
815,0.05623077096276404,0.05627964926922589
816,0.056230430914819024,0.05627961806619142
817,0.056229781789648006,0.056278942383513636
818,0.05622926429222883,0.05627848736511282
819,0.056228633519553685,0.056278261396178635
820,0.05622819643275363,0.05627795460710361
821,0.05622757809618685,0.05627760804613432
822,0.056227076470171326,0.056277431478451996
823,0.05622643174917646,0.05627694189553483
824,0.05622599578879033,0.056276462680199126
825,0.056225612449307794,0.05627644693986906
826,0.056225259289188506,0.05627624096735781
827,0.05622472158948291,0.056275940229529996
828,0.05622413482645731,0.05627556269882867
829,0.05622311386557497,0.05627489094396582
830,0.05622276694085357,0.05627448762382914
831,0.056222240751656084,0.05627411494295049
832,0.05622138894608069,0.05627350740978404
833,0.0562208457082661,0.05627310147032856
834,0.05622030475593965,0.0562727442301166
835,0.05621994932147181,0.056272564649605936
836,0.05621960155784383,0.056272306723304175
837,0.05621920804441948,0.05627190667856025
838,0.05621836065215744,0.05627124769466474
839,0.05621797332167152,0.05627095014423204
840,0.056217565912827124,0.05627074480149568
841,0.05621655199354898,0.056269937642823696
842,0.056215983297766045,0.056269453186561534
843,0.056215615549385284,0.05626938361163536
844,0.05621482232014923,0.05626886129525409
845,0.056214352815256975,0.05626842773916932
846,0.05621383901150035,0.05626790910797835
847,0.05621345533098179,0.05626758399048776
848,0.0562129861467353,0.05626725846265207
849,0.05621248294261962,0.05626699011958713
850,0.0562119516688839,0.05626654920400855
851,0.05621145685399632,0.056265969318851146
852,0.05621078336165917,0.056265354765270684
853,0.05621012966124807,0.056264817304105465
854,0.056209726847428275,0.05626445139655481
855,0.05620916866168455,0.056264081359996256
856,0.05620856894904845,0.056263669365535486
857,0.056207941846994035,0.05626325072887925
858,0.056207474290535,0.05626283960887063
859,0.05620698124791302,0.056262541814578494
860,0.05620659508407857,0.05626247341320978
861,0.05620609889419276,0.0562621689976629
862,0.05620530158797371,0.05626154741989621
863,0.0562045438738709,0.05626124271693655
864,0.05620412822382257,0.05626095794125256
865,0.05620348037919709,0.056260549942117086
866,0.05620311224052818,0.05626033480470252
867,0.05620271841132327,0.056260050853738884
868,0.05620209865512571,0.05625965456730937
869,0.05620161495610028,0.05625956061575503
870,0.05620108795121873,0.056259012424585475
871,0.056200638961819274,0.05625865054763383
872,0.05619997513747928,0.05625808245238815
873,0.05619967670577915,0.05625794230778188
874,0.05619926784686465,0.05625774214954669
875,0.056198294784127065,0.05625693916333802
876,0.05619803796882131,0.05625673825360637
877,0.056197531047426405,0.0562564648088385
878,0.05619710283280416,0.056256109054353146
879,0.056196572907450684,0.056255554041907824
880,0.056196133037052655,0.05625504864307816
881,0.0561954737541091,0.05625494086824895
882,0.05619497846538149,0.05625462103265212
883,0.05619461775370624,0.0562542665361823
884,0.05619422436130697,0.05625402190630709
885,0.05619368845058675,0.05625354214143472
886,0.056193097811104695,0.056253305830640574
887,0.056192370320968105,0.05625264077446388
888,0.05619202385287226,0.05625258760902482
889,0.05619118966078355,0.056251900430915165
890,0.056190723751114446,0.05625159920103086
891,0.056190081946648054,0.056251058053624264
892,0.05618946860544053,0.056250454950675495
893,0.056188913023632533,0.0562501833163076
894,0.05618854664459464,0.056249914258260744
895,0.056187951438525535,0.05624941416096756
896,0.056187273897993335,0.05624879904576463
897,0.05618668573918643,0.0562485350658959
898,0.05618630402151772,0.05624834394057255
899,0.05618606716616044,0.05624818618660305
900,0.05618547313245594,0.05624782143159845
901,0.05618517227427248,0.05624779995712058
902,0.05618488833106053,0.05624771241259106
903,0.05618434166824199,0.056247315234274446
904,0.056183998413950366,0.0562473507731428
905,0.05618364836202831,0.056246990579742445
906,0.05618320105108578,0.056246608506364246
907,0.05618301279257449,0.056246452551910506
908,0.05618255231028445,0.05624609600678538
909,0.056182045552360275,0.056245514742633444
910,0.05618176814071483,0.05624534563902457
911,0.056181341716926333,0.05624496046654477
912,0.05618058673689189,0.0562446157483251
913,0.05618036031431085,0.0562444683469805
914,0.05617958169015024,0.056244242844670445
915,0.05617927492496002,0.05624409045588868
916,0.05617875404765341,0.0562435821579781
917,0.056178223624669864,0.05624344268417692
918,0.056177864479854026,0.05624347102778222
919,0.05617750569838332,0.05624319564605995
920,0.05617717007638548,0.05624300110056753
921,0.056176820751605724,0.05624292505326846
922,0.05617614391757958,0.056242683587476874
923,0.05617585690263453,0.05624279304707867
924,0.056175540799161955,0.056242622757414575
925,0.05617498062887144,0.056242178684559815
926,0.05617462107011509,0.05624188766389966
927,0.05617430724691381,0.05624188549211796
928,0.05617379988533612,0.056241887768935045
929,0.056172987739608576,0.05624163089896565
930,0.056172636904933064,0.056241629153262855
931,0.05617197560472228,0.056241182905808255
932,0.0561715598283709,0.05624092905858448
933,0.05617100069317449,0.05624062108315191
934,0.056170500044894975,0.056240724879155456
935,0.05617009945637185,0.056240507042203625
936,0.056169573328726845,0.056240191598398506
937,0.05616884409275365,0.056239795497395224
938,0.05616849901349123,0.056239590628951334
939,0.05616785181758644,0.05623922800602229
940,0.05616725736401642,0.05623896137937969
941,0.05616676370401002,0.0562386840403122
942,0.056166136352178195,0.05623816677079307
943,0.05616557743922285,0.056237841508557665
944,0.056164906078039006,0.05623760422500771
945,0.056164604590871935,0.05623757003802776
946,0.056164398781500854,0.05623750553208698
947,0.05616373390708253,0.05623691485495437
948,0.05616331024057568,0.05623653529867107
949,0.056162987905497445,0.05623639984426868
950,0.056162632023444604,0.05623628215787981
951,0.056162264170082764,0.05623596832827547
952,0.05616202206287788,0.056235893863881045
953,0.05616145452617795,0.05623557482192959
954,0.05616091154800426,0.056235049978300845
955,0.056160635942318717,0.05623493483203799
956,0.05616044815987842,0.05623484141554379
957,0.05616035627581885,0.05623477923625675
958,0.05616008468835503,0.05623452961934776
959,0.05615941919246952,0.056234264850340616
960,0.0561591273980215,0.05623411276277786
961,0.05615891661627233,0.056234006038923284
962,0.056158652545998014,0.056233794940026276
963,0.05615827619603415,0.05623344468005055
964,0.056158079897002285,0.056233406682557795
965,0.05615771875110657,0.05623319610941993
966,0.0561573717142015,0.05623293340627174
967,0.056156808924781025,0.0562325848859606
968,0.05615655731208176,0.05623240671708472
969,0.0561561428187527,0.0562320659930674
970,0.056155816793153464,0.056231718906135895
971,0.05615565605522474,0.05623164486693547
972,0.056155500764790034,0.056231451824345566
973,0.056155394699552295,0.05623145242187243
974,0.0561550858217724,0.05623125043958111
975,0.05615470321911753,0.056231153002572115
976,0.05615427780934732,0.05623098147712375
977,0.0561538537127798,0.05623053747750074
978,0.05615372246719781,0.056230372305120416
979,0.056153644450962936,0.05623039189359203
980,0.05615325169583227,0.056230083000636255
981,0.05615316088488002,0.056230026697189905
982,0.056152926569947956,0.05622992464447897
983,0.05615282400159663,0.056229902769992755
984,0.05615230440838902,0.05622961833250239
985,0.0561521469706997,0.05622946118994268
986,0.05615192668380214,0.056229361141736475
987,0.05615155027262615,0.056229175853439166
988,0.056151122707638564,0.05622893997157341
989,0.056150413018250786,0.056228496394090194
990,0.05614970926568908,0.05622818015610668
991,0.05614933445635163,0.05622795872039482
992,0.05614898996840048,0.05622782734308077
993,0.05614864853653829,0.05622746230674078
994,0.056148202001446185,0.05622707727525645
995,0.05614811438180679,0.056227068513908046
996,0.056147914292186324,0.05622701293304369
997,0.05614772319656917,0.05622703501849488
998,0.05614758118077664,0.056226932652365204
999,0.056147180600782866,0.05622677599072952
1000,0.056147160329389115,0.05622676648518156
1001,0.056146733799987025,0.0562264141825859
1002,0.056146479754868556,0.056226331928633286
1003,0.0561461817248869,0.05622627108755883
1004,0.056145650129726124,0.05622576755199895
1005,0.05614549165063208,0.056225713078480476
1006,0.05614489944981456,0.05622528393228513
1007,0.05614481813489195,0.05622527488848081
1008,0.05614399276137483,0.05622463707226499
1009,0.0561439298014472,0.05622465136640255
1010,0.056143481190405756,0.05622434893307516
1011,0.056143187608741256,0.056224177591727154
1012,0.05614232466539295,0.05622418106074071
1013,0.05614184570508473,0.05622379815145841
1014,0.056141655050703766,0.05622364741212166
1015,0.05614136588049139,0.056223563647471574
1016,0.05614117426148406,0.056223397158464104
1017,0.05614063140870605,0.05622336541404943
1018,0.05614025891523203,0.05622314375609766
1019,0.05614011067194907,0.056223124611141755
1020,0.05613992507020898,0.056223089114489394
1021,0.056139572433942075,0.056222968442177335
1022,0.05613926264035146,0.056222789400559484
1023,0.056139141676245626,0.056222734300604545
1024,0.05613875389834317,0.056222732036532864
1025,0.056138723510295016,0.056222739463330354
1026,0.056138229487279395,0.05622249554936924
1027,0.05613816696308204,0.05622249530300948
1028,0.05613785022982643,0.056222167298548724
1029,0.05613747833269549,0.056221994697228175
1030,0.05613744477452951,0.056221994731324124
1031,0.056137027587943755,0.05622173875946257
1032,0.0561366343643348,0.05622160228128773
1033,0.05613637323746156,0.05622147831586172
1034,0.056135865622381556,0.05622111325340664
1035,0.056135434838137314,0.056220747363231585
1036,0.056134997924473226,0.05622032757929677
1037,0.056134962244997616,0.056220329959294796
1038,0.0561347180824368,0.05622008216317052
1039,0.056134594858189786,0.05621995814552104
1040,0.056134187992530886,0.05621998460068069
1041,0.056133903019555835,0.056219776786831537
1042,0.05613348019142772,0.05621960350872024
1043,0.056133174234643715,0.05621940730003714
1044,0.056132721127205396,0.05621919063110699
1045,0.056132304457904944,0.05621891010181256
1046,0.056131711925014524,0.05621862545659738
1047,0.05613114249609748,0.05621810537826455
1048,0.056131110102326284,0.056218109211011065
1049,0.056130806801808854,0.05621798460381449
1050,0.056130608794957126,0.056217924617794054
1051,0.0561302679289144,0.05621762624342767
1052,0.056130228796179904,0.056217585916997166
1053,0.056130202514228254,0.056217585790153055
1054,0.05612991631393285,0.05621743887438704
1055,0.05612985669586887,0.05621745043959881
1056,0.05612972369555284,0.056217376868428676
1057,0.05612941598303252,0.056217104193709094
1058,0.05612897658752847,0.05621670671595548
1059,0.05612838411416431,0.05621653168191402
1060,0.0561280702120015,0.05621646627962685
1061,0.056127789911363885,0.05621637423158806
1062,0.056127604576485336,0.056216265632399016
1063,0.056127303100428266,0.05621607339394373
1064,0.05612681747358176,0.05621561601191636
1065,0.05612629847101934,0.05621519571614272
1066,0.056125832308924414,0.05621473804530441
1067,0.056125538621725576,0.05621469428380953
1068,0.056125026351562086,0.05621430364552465
1069,0.0561246965848704,0.05621403666717702
1070,0.056124673264764356,0.05621403399796267
1071,0.0561240862849085,0.05621349132888625
1072,0.056124049281347024,0.05621347967064098
1073,0.05612391406987117,0.05621343702783343
1074,0.056123689179025,0.0562135819394275
1075,0.05612340664474739,0.056213420420400416
1076,0.05612296057987269,0.05621336474982941
1077,0.05612293255099824,0.05621336656219203
1078,0.056122653248350106,0.05621322785193694
1079,0.05612243467055354,0.056213112961504566
1080,0.05612242669290472,0.056213112986387107
1081,0.05612203554802699,0.056212847074256785
1082,0.056121446494160246,0.05621235555246829
1083,0.05612107399136493,0.05621221046338457
1084,0.056120857267316984,0.05621212192162052
1085,0.056120526584879246,0.05621183042546188
1086,0.056120313608640816,0.05621174449723796
1087,0.05612022084177766,0.05621166807162953
1088,0.05611958438613047,0.05621127144347104
1089,0.056119446763778634,0.05621119813177137
1090,0.056119039988391496,0.05621108625170107
1091,0.05611855595911948,0.056211063166862384
1092,0.05611827217481885,0.056210928013881785
1093,0.05611805480037592,0.05621077837533056
1094,0.056117928747002194,0.05621065957123324
1095,0.0561176944090679,0.0562104860218371
1096,0.05611716232199286,0.0562101694156214
1097,0.05611651820676974,0.056209808558391645
1098,0.056116423654146416,0.05620982541039156
1099,0.05611582536456538,0.056209472285009436
1100,0.05611561063915295,0.05620935873676548
1101,0.056115305831917074,0.056209234137276604
1102,0.05611512322330158,0.056209129135285106
1103,0.0561148348368142,0.05620902918309387
1104,0.056114567733418254,0.056208844523220274
1105,0.05611422185520966,0.0562085655946595
1106,0.056113759046838,0.05620815418799877
1107,0.05611340590202193,0.05620800652868628
1108,0.05611334383264299,0.0562079682034034
1109,0.056113002496484606,0.05620772414759708
1110,0.05611266199824148,0.05620742586577349
1111,0.056112446382111665,0.05620732314730614
1112,0.05611222458294124,0.05620726673159555
1113,0.05611197340427377,0.056207094746606324
1114,0.05611180789279602,0.05620708227090087
1115,0.05611155120906807,0.056206811672089546
1116,0.05611152595343195,0.05620681103321481
1117,0.056111156019235914,0.0562066691569788
1118,0.05611079072398333,0.05620651739719731
1119,0.05611067586737912,0.056206566699153956
1120,0.05611056800427063,0.056206462883993946
1121,0.05611051077307775,0.05620645496258174
1122,0.056110172301492005,0.05620617316695979
1123,0.05610995402116931,0.05620618931455967
1124,0.05610965963185366,0.05620601990046201
1125,0.056109091219427885,0.05620549471152647
1126,0.056109037396208546,0.05620549235611273
1127,0.05610855442379399,0.05620543525006425
1128,0.05610805418936637,0.056205042409873306
1129,0.05610764575161213,0.05620474787424214
1130,0.05610723811138152,0.05620449063012048
1131,0.056107110454300634,0.0562044323118781
1132,0.056106748767509464,0.056204146134604685
1133,0.05610669864986106,0.056204152010809375
1134,0.05610639745047767,0.05620400969424157
1135,0.05610634971813161,0.056204008310102374
1136,0.056106119508155486,0.05620397032415507
1137,0.05610558755717969,0.056203558781553524
1138,0.056105220967825005,0.056203213309392486
1139,0.056104600124413186,0.05620308991555941
1140,0.05610384715522522,0.056202808108942744
1141,0.05610381222606991,0.056202808024037244
1142,0.05610333049001687,0.056202751621593494
1143,0.05610304396521416,0.05620261849712425
1144,0.05610242717145388,0.056202189568989945
1145,0.056102164421432864,0.05620205007109162
1146,0.056101723772679774,0.05620159330332886
1147,0.056101649928018846,0.05620155357873721
1148,0.056101541551842014,0.05620157649752319
1149,0.05610132776411816,0.05620139992292513
1150,0.05610057004021972,0.0562010165898336
1151,0.05610009130709341,0.05620082931560311
1152,0.05609998337010989,0.056200809928510745
1153,0.0560996214123142,0.05620072192787287
1154,0.05609954981709761,0.05620067552621374
1155,0.0560994843034285,0.0562006717191842
1156,0.05609938177605321,0.056200586114786205
1157,0.05609884546898004,0.05620009612722055
1158,0.05609872987601194,0.05620000964621722
1159,0.05609818790759445,0.05619945538027406
1160,0.0560976854569861,0.05619899672029115
1161,0.056097452047433764,0.056198928146532316
1162,0.05609683456093406,0.05619860224721294
1163,0.05609653873994854,0.056198294317355985
1164,0.05609627318556618,0.05619816683614201
1165,0.05609585442204546,0.056197879822940014
1166,0.056095193879138715,0.05619762800514362
1167,0.05609493780168544,0.05619768227665475
1168,0.05609471099277389,0.05619770583530686
1169,0.05609431955626727,0.05619732888929989
1170,0.056093903836013835,0.05619707734168549
1171,0.05609364457803138,0.056196986009203045
1172,0.05609322980093143,0.0561967569290472
1173,0.05609312973697171,0.05619672308071921
1174,0.05609311109323121,0.05619672466217149
1175,0.05609241760184979,0.05619644690852176
1176,0.05609210210735314,0.05619618195338842
1177,0.056092003811505114,0.05619613150711222
1178,0.05609154766666584,0.056195701448194295
1179,0.05609108376396255,0.056195694487187677
1180,0.05609091515064423,0.056195617823739094
1181,0.05609045837458631,0.05619532325107003
1182,0.05608989776592845,0.05619500421661073
1183,0.0560892969239683,0.05619444333631564
1184,0.05608922639684459,0.056194383556319984
1185,0.056088506437758104,0.05619368569416308
1186,0.05608828452428374,0.056193623258297375
1187,0.056087807019205516,0.05619329161553636
1188,0.05608730003801074,0.05619283010434232
1189,0.05608721355663634,0.05619279059360046
1190,0.05608717294623521,0.05619278321311885
1191,0.056086885018284995,0.0561926962983049
1192,0.056086735707383,0.05619254373446514
1193,0.056086598288210776,0.056192373209519
1194,0.05608628188010512,0.05619224201282755
1195,0.056086052405240915,0.056192153823128456
1196,0.05608562999243272,0.05619195989007633
1197,0.056085442657476475,0.05619189381258474
1198,0.05608506681114079,0.056191867679187615
1199,0.05608480088702051,0.056191806786438744
1200,0.056084619351821685,0.056191649691328824
1201,0.056084469746523105,0.05619160027530929
1202,0.05608405084949265,0.05619165401182242
1203,0.05608356354150885,0.05619121537905242
1204,0.05608312469382222,0.05619099427715057
1205,0.05608285710618939,0.05619078021524068
1206,0.056082655211519374,0.05619086899881723
1207,0.05608255121358879,0.05619088745106433
1208,0.05608214893972622,0.056190521935820345
1209,0.05608198309404184,0.056190470302878964
1210,0.05608136766209541,0.05619030584145629
1211,0.05608117236995358,0.0561901740661761
1212,0.056081030221700745,0.05619018448774499
1213,0.05608063984128401,0.05618978008193233
1214,0.05607995677754302,0.05618966639717849
1215,0.056079503735495355,0.05618920670828525
1216,0.0560794592774039,0.05618918472395287
1217,0.05607880166384118,0.05618854211116758
1218,0.056078688226665736,0.056188506221233524
1219,0.05607840901634923,0.056188323427717644
1220,0.056078333607158685,0.05618822391641068
1221,0.05607806240942183,0.05618820341540996
1222,0.05607777830772372,0.05618810158740432
1223,0.056077272840792655,0.05618754318366518
1224,0.05607700296672955,0.05618753290246227
1225,0.05607656102266464,0.05618709712835037
1226,0.0560763193914306,0.056186976648382916
1227,0.0560760173810515,0.05618678172518594
1228,0.05607565525025672,0.05618656566600033
1229,0.05607503170109558,0.05618610600975892
1230,0.05607453404586836,0.056185900049300255
1231,0.056074460862046066,0.056185901680924064
1232,0.0560744418392022,0.05618590411486489
1233,0.05607380131777363,0.05618552568111961
1234,0.05607373952736345,0.056185530969166675
1235,0.056073330728034436,0.05618552989914839
1236,0.05607275082920354,0.05618514437010389
1237,0.056072485813739026,0.05618485142909359
1238,0.05607192869454343,0.05618451269790857
1239,0.05607151510912125,0.056184463119715346
1240,0.056071457935814785,0.05618443933062047
1241,0.05607112172061849,0.05618448758544848
1242,0.05607073384058537,0.05618433213480342
1243,0.05607061961275169,0.0561843425475122
1244,0.056070375769539126,0.05618436355272458
1245,0.05607016040848659,0.05618430052238785
1246,0.056069842227946906,0.05618432397207154
1247,0.0560696197994716,0.05618424984103127
1248,0.05606931796642505,0.05618417028825422
1249,0.05606897566503051,0.05618386019429711
1250,0.056068436361508385,0.05618342186919207
1251,0.05606796598720131,0.056183282355532625
1252,0.05606788917785329,0.056183325558034666
1253,0.056067574384829635,0.05618314883111324
1254,0.05606728480743731,0.05618293398603391
1255,0.05606694188076955,0.056182695285254526
1256,0.056066768908697495,0.05618252087991616
1257,0.05606671718111383,0.05618251057882627
1258,0.056066484697342406,0.05618233015000551
1259,0.05606612248442328,0.05618196937275135
1260,0.056065776981718565,0.05618157491460553
1261,0.056065206288219226,0.05618111308368552
1262,0.05606492802855844,0.05618089245176916
1263,0.05606469444011415,0.05618070368254926
1264,0.05606435907797703,0.05618038260326279
1265,0.056064050391255144,0.05618021719722457
1266,0.05606401195292877,0.056180214506646724
1267,0.05606386120829588,0.05618011844944589
1268,0.05606375792042353,0.056180012194848944
1269,0.056063711097421365,0.056179995218908624
1270,0.056063099873705766,0.056179664052447086
1271,0.05606275052427837,0.05617940738066085
1272,0.05606246964326593,0.05617922458523191
1273,0.056062080863304,0.05617914017186946
1274,0.05606173807879927,0.05617883382079145
1275,0.05606138536583219,0.05617856342782295
1276,0.05606128296934786,0.05617856652530106
1277,0.056061251057213025,0.05617857591009051
1278,0.05606111400077552,0.056178497405515414
1279,0.05606107126006062,0.05617848174735618
1280,0.056060719734316325,0.056178100445781184
1281,0.056060425774177046,0.05617800246240628
1282,0.05606004597294643,0.056177633080804125
1283,0.056059621071554544,0.05617737919790109
1284,0.05605937164528853,0.05617723435338025
1285,0.05605901818223223,0.05617700966291135
1286,0.05605857276651232,0.056176750018687924
1287,0.05605788791648531,0.056176159102898984
1288,0.056057801353488354,0.05617611262062856
1289,0.056057531950213305,0.05617609627527893
1290,0.0560571737485339,0.05617580665419906
1291,0.05605684247120936,0.05617554491893066
1292,0.056056793841784434,0.05617550800591525
1293,0.05605652805441077,0.05617540524365597
1294,0.05605635624355996,0.05617518041782406
1295,0.05605604440858728,0.056174889839330916
1296,0.05605570582712767,0.05617476881870234
1297,0.05605535987145015,0.05617473131514869
1298,0.05605514926725014,0.05617459110256752
1299,0.05605468375600219,0.05617429823551142
1300,0.056054197453917355,0.05617397770165845
1301,0.056053918817832275,0.056173832284533196
1302,0.05605351439236832,0.05617355817553995
1303,0.05605345253811757,0.05617349617174901
1304,0.0560530283001294,0.056173268428315395
1305,0.05605270202638184,0.05617318286091917
1306,0.05605222089120968,0.056172755618878766
1307,0.05605207487094427,0.056172764245264795
1308,0.05605176434856354,0.05617258887971048
1309,0.0560514052774263,0.056172425689107734
1310,0.056051279018573354,0.05617243369504294
1311,0.05605108131661126,0.056172417989810396
1312,0.056051012530191874,0.05617245702226392
1313,0.05605045633417203,0.056172348038386694
1314,0.056050152377808964,0.05617220516110402
1315,0.05604994199743343,0.05617214707925942
1316,0.056049765876864166,0.056171974118924904
1317,0.056049503757626976,0.05617180945201234
1318,0.05604928369355704,0.05617178181343731
1319,0.05604852960244038,0.05617112864066013
1320,0.05604825722731094,0.05617095863203507
1321,0.0560481380663358,0.05617090357547138
1322,0.05604778201551945,0.056170952758010595
1323,0.05604757897749208,0.05617082393372799
1324,0.05604722079010256,0.05617050358412115
1325,0.0560471837827544,0.056170504293329926
1326,0.05604699600279235,0.05617048032699368
1327,0.05604641292057948,0.056170164032841564
1328,0.05604635594040398,0.05617016988414477
1329,0.056046122272095024,0.05617000015229656
1330,0.05604558544979578,0.056169920589271914
1331,0.05604553042799585,0.05616991026525008
1332,0.05604528756006426,0.056169843009163015
1333,0.05604469424849585,0.056169292887182594
1334,0.0560445646453905,0.05616923564898748
1335,0.05604401241462289,0.05616892192074484
1336,0.05604365810533915,0.056169007379667645
1337,0.05604319154620541,0.05616872477582827
1338,0.05604309678331638,0.05616865839430747
1339,0.056043077160289806,0.05616865841974582
1340,0.05604277826840504,0.05616846975704268
1341,0.05604264811790776,0.05616844601755284
1342,0.05604262710621562,0.056168444452093735
1343,0.05604238117561753,0.056168297406195174
1344,0.056042282595576164,0.056168256352772276
1345,0.05604199961977361,0.056168078872347746
1346,0.05604185728399552,0.056168032982597725
1347,0.056041437047411706,0.05616773537573042
1348,0.05604137753474336,0.05616767576153285
1349,0.05604075764299174,0.056167610134309695
1350,0.056040439697199615,0.05616751623672119
1351,0.05604042724985927,0.0561675153451485
1352,0.05603999580359051,0.05616761550811987
1353,0.05603972009432052,0.05616742520224215
1354,0.056039168408351936,0.056167260970418444
1355,0.056038905974279074,0.056167062298748315
1356,0.056038591202400206,0.05616682338082365
1357,0.05603854976989757,0.05616683137049329
1358,0.05603853873124811,0.056166831376772544
1359,0.05603852140414095,0.056166833366566894
1360,0.0560382513395675,0.056166736540676346
1361,0.05603774290864649,0.056166332125483644
1362,0.05603704688125627,0.056165684712724456
1363,0.05603673169893933,0.05616556771699923
1364,0.05603648004780177,0.05616533530116378
1365,0.05603617874354914,0.05616506988946957
1366,0.05603552657204657,0.0561645810452111
1367,0.05603522083865082,0.05616441258949905
1368,0.0560349937865999,0.056164312805913476
1369,0.056034872838441455,0.05616427413300173
1370,0.05603457999310203,0.05616411599581162
1371,0.05603424044387053,0.05616400108014422
1372,0.05603390129224943,0.05616367642537526
1373,0.05603356930699355,0.05616347201202973
1374,0.05603304563241766,0.056163112404682206
1375,0.056032790663207044,0.05616300371252994
1376,0.05603271296130727,0.05616304409722095
1377,0.05603241042009047,0.0561627423719347
1378,0.05603210558715666,0.05616255167724275
1379,0.056031971297800784,0.05616252648840094
1380,0.05603157767688489,0.05616214111070389
1381,0.056031205461673846,0.05616192037046291
1382,0.056030878944117755,0.05616165806006091
1383,0.056030515640733525,0.05616133589218224
1384,0.05603030708444497,0.05616110110277449
1385,0.05602984185958074,0.056160897222052
1386,0.05602972656808974,0.056160863388779854
1387,0.056029392738152405,0.05616096004813942
1388,0.056029107025198845,0.056160662940285946
1389,0.05602878295583027,0.056160311397449626
1390,0.05602849215696129,0.0561602870529574
1391,0.056028339958994165,0.056160104329993576
1392,0.05602804700889683,0.05615994806187891
1393,0.05602777992216929,0.05615997359972774
1394,0.05602745241397791,0.05615980237906328
1395,0.056027186858723016,0.05615957740226295
1396,0.056027106103158905,0.0561596054988103
1397,0.05602656961139616,0.0561593759845341
1398,0.056025811305920256,0.05615876454306858
1399,0.05602560540353508,0.05615876177114682
1400,0.056025154153602125,0.0561587171186753
1401,0.056025029573267666,0.05615858285038364
1402,0.05602487909646379,0.056158580389189965
1403,0.056024365961576984,0.05615866933212937
1404,0.056023920886511605,0.05615840734444733
1405,0.05602372927610054,0.056158436708684915
1406,0.05602343661605423,0.05615817426664891
1407,0.056023009262907895,0.05615788627302623
1408,0.05602297355746151,0.05615787806290298
1409,0.05602258320458188,0.056157722240039905
1410,0.05602224249220486,0.056157432252785446
1411,0.056021961086556625,0.05615739101195836
1412,0.05602166488914821,0.05615720224416981
1413,0.05602147363265753,0.05615714648370364
1414,0.05602123980219622,0.05615701821067681
1415,0.056020962177173415,0.056156943569033786
1416,0.05602085419515434,0.056156895531805716
1417,0.05602069477632804,0.05615679242953036
1418,0.05602068356751495,0.05615679960369755
1419,0.05602040767238759,0.05615671006718813
1420,0.05602018680377002,0.05615666386705707
1421,0.05602017406488998,0.056156653595959165
1422,0.05602003709336483,0.056156677852158304
1423,0.05601957350828329,0.0561563343827101
1424,0.05601942698654047,0.05615630026913929
1425,0.05601909737869815,0.05615611356381239
1426,0.05601860742062624,0.05615567522193537
1427,0.05601851015544091,0.056155611667364394
1428,0.056018235272353556,0.05615544186397474
1429,0.05601786247295605,0.05615549657425015
1430,0.05601763402895516,0.05615528305336083
1431,0.0560171023366222,0.05615503511033307
1432,0.05601655572034858,0.056154887368803
1433,0.05601631774744291,0.05615501205204102
1434,0.05601614158100315,0.056154921087840995
1435,0.056015751407476465,0.05615472520072197
1436,0.05601527058466114,0.05615428432006322
1437,0.056014795370932235,0.056153995774526004
1438,0.05601467309841233,0.05615392327616905
1439,0.05601427793348941,0.05615384254228389
1440,0.05601395230399337,0.05615365945464781
1441,0.05601356781214791,0.05615375849105315
1442,0.05601323253296752,0.056153427107196494
1443,0.0560129047445979,0.05615311304523594
1444,0.056012614053056554,0.056152807479014
1445,0.05601241508922073,0.05615282880911606
1446,0.05601226028856694,0.05615270444842487
1447,0.056011470544141746,0.056152761295880094
1448,0.056011286780414886,0.05615261667669699
1449,0.05601086794907991,0.0561526668442324
1450,0.056010416143060224,0.05615229242749598
1451,0.05601011346192174,0.056152155905103356
1452,0.0560100737534307,0.05615215684216413
1453,0.05600966231859253,0.05615182812613046
1454,0.056009280583287774,0.056151880270533513
1455,0.05600898810480665,0.05615174113581357
1456,0.05600871462544326,0.056151731877063814
1457,0.05600847751185014,0.05615168978887647
1458,0.05600838579788729,0.05615165611258472
1459,0.05600802002940162,0.056151636745723224
1460,0.05600768560144603,0.05615166515172222
1461,0.05600751968005262,0.05615161932715769
1462,0.05600742860180277,0.056151583849803205
1463,0.05600684061830001,0.056151393943500424
1464,0.056006479265463004,0.056151241344733406
1465,0.05600612891282136,0.0561511024291878
1466,0.056005910031932817,0.05615109359511599
1467,0.056005516460685856,0.056150898673511106
1468,0.056005208923182455,0.056150835129317074
1469,0.056004941347108,0.05615071557470561
1470,0.05600466835402546,0.05615054834014405
1471,0.056004535026904875,0.05615052777819235
1472,0.056004231148991085,0.056150208284998074
1473,0.05600405265763529,0.05615014088898038
1474,0.05600374409737945,0.056149788429008425
1475,0.05600369363155914,0.05614980458440536
1476,0.05600335959460217,0.056149557751815196
1477,0.05600282068679028,0.056149370178577594
1478,0.05600242932945576,0.05614926129175269
1479,0.05600207068642216,0.05614918761410701
1480,0.056001812888435434,0.05614901597055463
1481,0.05600164878209409,0.056148863201972994
1482,0.0560011918796553,0.056148615929381786
1483,0.05600101506387411,0.05614853416498318
1484,0.05600069611065844,0.05614845111516608
1485,0.05600029178808977,0.05614821311760793
1486,0.05600026856338278,0.056148209769285515
1487,0.05600018460109902,0.05614818108817341
1488,0.055999942475149535,0.05614801805803609
1489,0.055999787268418436,0.05614788691814758
1490,0.05599963768448175,0.05614783735371586
1491,0.05599951006418668,0.05614783682091981
1492,0.055999231425131066,0.05614779577400988
1493,0.05599918604667805,0.0561477718274817
1494,0.055998977769326316,0.056147598020900295
1495,0.055998928924090585,0.05614755798701626
1496,0.0559987388602639,0.05614735499284108
1497,0.05599842306355361,0.05614712652570334
1498,0.05599834562311448,0.05614712724888771
1499,0.05599788007854739,0.05614681756324107
1500,0.05599784578275986,0.056146814977410496
1501,0.055997742603930964,0.05614677847564234
1502,0.055997430052521634,0.05614659121106697
1503,0.0559973407571135,0.05614652132349793
1504,0.05599714925105434,0.056146303440760256
1505,0.05599670078218812,0.05614609605059117
1506,0.05599656602850583,0.056146021245922134
1507,0.05599637886640186,0.05614605043655079
1508,0.05599609557715204,0.05614604825891734
1509,0.05599578308491617,0.05614587645898835
1510,0.055995761691543806,0.05614587551078913
1511,0.055995636081110134,0.05614575243444248
1512,0.05599537248264829,0.056145683784059645
1513,0.05599512774416498,0.05614551384739034
1514,0.05599486437795181,0.05614570068386398
1515,0.05599471139515575,0.05614556944461166
1516,0.055994523811608625,0.05614550479344798
1517,0.05599410681169086,0.05614515948359814
1518,0.05599407034007486,0.05614514374693229
1519,0.055993695276961755,0.05614484980021041
1520,0.05599365056940261,0.056144837115753354
1521,0.05599348801566876,0.05614476528639297
1522,0.055993301173571354,0.05614469520631878
1523,0.05599307212627437,0.05614445060178993
1524,0.05599245487295794,0.05614434767032968
1525,0.05599216459842131,0.05614419159565359
1526,0.0559919139634812,0.05614410642410327
1527,0.05599153880472487,0.05614387546835059
1528,0.055991360891361086,0.05614391037925274
1529,0.05599109552699922,0.056143777492941346
1530,0.0559908385312231,0.0561436681244604
1531,0.05599059559842252,0.056143654011417035
1532,0.055990097527523375,0.05614346487826163
1533,0.05598990389563325,0.056143429609604174
1534,0.05598959060364455,0.056143347970603504
1535,0.055989183071084844,0.056142974196475896
1536,0.055988838564397535,0.05614271451851538
1537,0.05598862713508449,0.05614262910254259
1538,0.05598840268355787,0.05614254831718202
1539,0.055988061155646064,0.056142355185269895
1540,0.055987856068742944,0.05614221039225623
1541,0.0559874698199174,0.056142159195097914
1542,0.05598727963894038,0.05614204816151256
1543,0.055987045065506336,0.05614209329650411
1544,0.05598702973519202,0.05614209330276605
1545,0.05598660865948263,0.05614166233568094
1546,0.05598620495640901,0.05614137971325526
1547,0.055986024609358004,0.056141399356648115
1548,0.05598576117184678,0.056141484838831246
1549,0.05598570583550178,0.05614150309922822
1550,0.0559853912637491,0.05614140840628557
1551,0.05598536071531239,0.05614141056360982
1552,0.05598521414667194,0.05614130303306137
1553,0.055984927378243815,0.056141142352647035
1554,0.05598468304386549,0.05614111342363453
1555,0.055984032591897055,0.05614061313497852
1556,0.055983984609493394,0.056140625321899965
1557,0.055983536447365284,0.05614031415220026
1558,0.0559832595145693,0.05614031117650309
1559,0.05598288272993416,0.05614001652572821
1560,0.05598285570246626,0.05614000805807092
1561,0.05598260397436315,0.05613989495537869
1562,0.055982428191548785,0.05613986804359083
1563,0.055982088658385255,0.0561399808749415
1564,0.05598164974636582,0.0561396236754256
1565,0.05598148121698261,0.05613952163397655
1566,0.05598129016910111,0.056139377309802646
1567,0.05598099683437935,0.056139254755739255
1568,0.05598083678035174,0.056139256277581956
1569,0.055980809440125665,0.05613925474599055
1570,0.05598068362510057,0.0561391893919712
1571,0.0559802606873803,0.05613888909900617
1572,0.055979921747957066,0.05613888603846451
1573,0.05597983085623825,0.05613883305458553
1574,0.05597940433066425,0.056138504413038845
1575,0.05597925105357892,0.05613844163954425
1576,0.055978819740118965,0.056138334775020844
1577,0.055978588366588276,0.056138343416433326
1578,0.05597853544405214,0.05613831312872777
1579,0.05597801275235782,0.05613794469221345
1580,0.05597799094919775,0.05613794320598683
1581,0.05597781530753868,0.056137896477849544
1582,0.055977511557375736,0.05613777619669502
1583,0.055976937967635976,0.056137630775760804
1584,0.05597663458751156,0.0561375590839689
1585,0.05597661909826111,0.056137559089108106
1586,0.055976592271239245,0.056137559779907045
1587,0.05597649197210758,0.0561375612739255
1588,0.05597625063389814,0.05613736210770262
1589,0.055976020507632944,0.05613714371689898
1590,0.05597563011167008,0.056136992816036076
1591,0.05597526812429461,0.05613684065759938
1592,0.05597522222177634,0.056136841730561174
1593,0.055975086371349216,0.05613689241963743
1594,0.05597483346917374,0.05613687191726219
1595,0.05597463509523733,0.05613682887885093
1596,0.05597432164078245,0.056136829388276244
1597,0.05597408694923899,0.05613678190213323
1598,0.05597377186843779,0.05613657710632582
1599,0.05597341983495202,0.05613648473696708
1600,0.05597317770084914,0.056136321396621426
1601,0.05597284294083004,0.05613623885766315
1602,0.05597253974177455,0.05613602792156832
1603,0.05597251308478742,0.05613602575214097
1604,0.055972293985999746,0.05613586907005659
1605,0.055971885951555146,0.056135929244115625
1606,0.05597186450397899,0.056135932587017386
1607,0.05597143080070358,0.05613573385989626
1608,0.05597117439377151,0.05613548676579501
1609,0.05597093759211972,0.056135331558819446
1610,0.055970594064746665,0.05613512805932094
1611,0.05597026402097788,0.05613498932484899
1612,0.05597004199831464,0.05613483790719962
1613,0.0559699379996288,0.056134957439868016
1614,0.05596938224765637,0.05613437983829179
1615,0.05596913560995904,0.05613431276627488
1616,0.05596895127153631,0.0561341684814325
1617,0.05596856295823118,0.05613387748956693
1618,0.055968169537321505,0.05613372073540091
1619,0.05596802422704611,0.05613375590381527
1620,0.05596775201831385,0.0561336320600988
1621,0.05596759987935445,0.056133428312616744
1622,0.05596757011459138,0.056133425381855166
1623,0.055967465901415554,0.05613343171301544
1624,0.05596709063341125,0.056133050307184906
1625,0.055966855942336816,0.05613304553078038
1626,0.05596653233076799,0.05613295959131413
1627,0.05596607919867549,0.056132928387240794
1628,0.05596576187661538,0.056132828214405184
1629,0.05596531184605992,0.05613253121779819
1630,0.055965053872455664,0.05613225765058527
1631,0.05596491608558957,0.05613231592045729
1632,0.055964713062676134,0.056132264910679554
1633,0.05596444914570669,0.05613200536935779
1634,0.055964223635122524,0.05613195100049874
1635,0.05596396965928738,0.0561318706142231
1636,0.055963885258247525,0.05613189610779964
1637,0.0559633582676537,0.056131736567565364
1638,0.055963335617575945,0.056131732802309896
1639,0.055963044474599176,0.05613169737801134
1640,0.05596278562740403,0.05613152801631534
1641,0.05596252476509845,0.05613132101211797
1642,0.05596227443424089,0.05613119899440244
1643,0.055961938351304065,0.05613102172191645
1644,0.055961485411706174,0.056130691549314424
1645,0.055961149635070914,0.0561305768081561
1646,0.05596100354190003,0.05613052270068482
1647,0.05596082040941638,0.056130430372721564
1648,0.05596065059226272,0.05613041673137576
1649,0.05596029324387889,0.05613011328780238
1650,0.05595995783628005,0.05612990097500232
1651,0.05595966097096991,0.056129657161608164
1652,0.05595943554436203,0.05612956391969322
1653,0.055959241034582614,0.05612945843132839
1654,0.055958920862506326,0.056129396938720606
1655,0.0559586060028964,0.05612952243737175
1656,0.055958306814349705,0.05612931018117834
1657,0.055958047455783665,0.05612933969208974
1658,0.055957780518980954,0.05612920871400374
1659,0.0559577264636011,0.05612917411799034
1660,0.05595746154987249,0.056129106495250346
1661,0.05595726293354174,0.056129148940247314
1662,0.05595684628585244,0.056129148754714635
1663,0.05595658576392397,0.056129154617994594
1664,0.05595623715313702,0.05612892807563808
1665,0.05595581115139065,0.05612896025662328
1666,0.05595580479086556,0.056128964822975004
1667,0.055955489945432965,0.05612877683776665
1668,0.05595529833393972,0.056128758168670655
1669,0.05595475154088095,0.05612856564493975
1670,0.05595445439469215,0.05612848705889477
1671,0.05595395245781766,0.05612802338744028
1672,0.055953706966169275,0.05612792006008363
1673,0.055953444406541014,0.05612771182473708
1674,0.05595314479268621,0.05612767405785561
1675,0.05595308861095215,0.05612765851891014
1676,0.0559528685791417,0.05612766356671898
1677,0.05595254899898191,0.05612754824988174
1678,0.055952108248738974,0.056127203784503005
1679,0.05595193302615109,0.05612709717919456
1680,0.05595190808092553,0.05612709689701266
1681,0.055951549991159685,0.05612676230057291
1682,0.05595143941200705,0.056126701066977695
1683,0.05595108021495809,0.056126409974678736
1684,0.055950904418000436,0.05612640869868382
1685,0.055950868230600685,0.0561264058228633
1686,0.055950238829254435,0.05612620933298573
1687,0.05595016472725161,0.05612608866188068
1688,0.055950091477043794,0.05612598395949534
1689,0.055949841909125546,0.05612575610827814
1690,0.055949672707844664,0.05612564718584946
1691,0.05594942157006857,0.056125490303953786
1692,0.05594921458415142,0.056125457377294956
1693,0.05594917791549291,0.05612545673767027
1694,0.055949035728786824,0.05612533479092694
1695,0.05594892698250501,0.05612534656871665
1696,0.05594850659818987,0.056125237073167
1697,0.05594829688842417,0.05612515259600592
1698,0.055947955131424094,0.056124946976216596
1699,0.05594767026508272,0.056124698722632586
1700,0.055947387576374415,0.05612447504591013
1701,0.055946999149848735,0.056124318509245014
1702,0.05594682917743429,0.05612420340032016
1703,0.055946524140163434,0.056124035162194295
1704,0.055946184261567715,0.05612366660770121
1705,0.05594581492875022,0.05612364425556841
1706,0.055945527381015554,0.0561235791845273
1707,0.05594529145607573,0.05612361167911231
1708,0.05594519548079325,0.05612356929689736
1709,0.05594486483197206,0.056123318824158025
1710,0.05594464368163997,0.056123083803743166
1711,0.05594443445425848,0.05612307482587965
1712,0.05594390693876223,0.05612270267835892
1713,0.0559438706158249,0.056122707495926384
1714,0.05594361736860433,0.05612259061755422
1715,0.05594331907711076,0.05612243676358476
1716,0.05594306340280689,0.056122364882670646
1717,0.05594303503915038,0.05612235260958469
1718,0.05594271610777001,0.05612243010454222
1719,0.05594256568605669,0.05612235785403957
1720,0.055942254999537325,0.05612237259893578
1721,0.05594210312611602,0.056122338273153084
1722,0.05594185171832255,0.05612219849531398
1723,0.05594148516099252,0.056121975748323547
1724,0.05594125963795403,0.05612193708142618
1725,0.055941254025951084,0.05612193874172317
1726,0.055940885832649175,0.05612170610096219
1727,0.05594057936426524,0.05612162164471452
1728,0.055940366972267924,0.05612155664297061
1729,0.05594009421049723,0.05612131022523985
1730,0.05593968089650509,0.05612117308402809
1731,0.05593941749083254,0.05612099398975443
1732,0.05593902170021985,0.05612088175851568
1733,0.05593862098149244,0.05612061745729247
1734,0.05593836261144602,0.05612037305942486
1735,0.0559380628686284,0.05612034969120911
1736,0.05593793119692702,0.05612033490944153
1737,0.05593763673859286,0.056120326420393316
1738,0.05593758115364849,0.05612030671810819
1739,0.055937246073883014,0.0561199540342351
1740,0.05593709600692915,0.0561198532227816
1741,0.05593638963364909,0.05611946438498193
1742,0.05593609250951608,0.05611948016254555
1743,0.05593537477297229,0.056118839819551083
1744,0.05593504637053244,0.05611859978272732
1745,0.05593489073548677,0.0561186264542775
1746,0.05593452450304251,0.05611833412821162
1747,0.05593423473174496,0.05611819883366944
1748,0.05593406938561114,0.05611809732295254
1749,0.05593357070788967,0.05611793199331538
1750,0.05593330290524516,0.056117816688154354
1751,0.05593311993911148,0.056117824456621675
1752,0.05593294186810001,0.056117792421292535
1753,0.05593260490471258,0.056117651911820145
1754,0.05593234348482607,0.05611761685493462
1755,0.055931993549144236,0.05611760027920571
1756,0.055931803427838156,0.056117525506968524
1757,0.05593154402614104,0.056117402254599005
1758,0.05593140325469113,0.0561173525445846
1759,0.05593106187165131,0.056117075228533826
1760,0.05593077621120656,0.05611688497172357
1761,0.055930575325988205,0.056116744678272774
1762,0.05593036676643118,0.056116643054636664
1763,0.05593007525429361,0.0561167388540785
1764,0.05592957633574697,0.056116426765326646
1765,0.05592936462459824,0.05611638547430273
1766,0.05592930199105514,0.05611639028934388
1767,0.055928824924615546,0.05611624680916188
1768,0.05592859912508445,0.05611625587951935
1769,0.05592837223075576,0.05611623930893272
1770,0.05592824873480076,0.05611619598095669
1771,0.055928013911428175,0.05611623033612283
1772,0.05592749585086616,0.05611616112054823
1773,0.05592712659924907,0.056115740654836134
1774,0.0559267763472709,0.05611550206115472
1775,0.05592651178945085,0.05611525263067322
1776,0.05592614178382306,0.05611528839953319
1777,0.055925604366203224,0.056115262206748937
1778,0.05592546307487266,0.05611519363730947
1779,0.05592517559500883,0.056115169044996346
1780,0.055924869888667426,0.05611488313838615
1781,0.05592444830660753,0.05611453843591946
1782,0.05592430203922235,0.05611456794427405
1783,0.055923825660443405,0.0561141822693926
1784,0.05592344690226837,0.056114138297738404
1785,0.05592301166470451,0.05611381776469935
1786,0.05592292042386742,0.056113692252359196
1787,0.05592267856238655,0.05611374600547418
1788,0.05592242981816492,0.05611359119811244
1789,0.05592220695635742,0.056113450925129316
1790,0.05592191215481432,0.05611331039517917
1791,0.055921609817426964,0.056113192843346774
1792,0.05592157276646248,0.05611319935575391
1793,0.05592137072500383,0.05611302151068465
1794,0.055921280322587606,0.05611295555946981
1795,0.05592079405394037,0.05611274917287099
1796,0.05592057661649042,0.05611279265484418
1797,0.0559201608532173,0.05611248712579367
1798,0.05591999568540214,0.05611250647377105
1799,0.05591936312730458,0.05611189849568215
1800,0.055919181754854025,0.056111757337330294
1801,0.05591887913616144,0.056111506127839154
1802,0.055918624588832684,0.0561112541582378
1803,0.055918255063819006,0.056111005177144485
1804,0.05591814148936722,0.05611099214835201
1805,0.05591787308236206,0.056110829797753434
1806,0.05591773925030492,0.05611090450476269
1807,0.055917314808581385,0.05611082690848097
1808,0.05591704221999325,0.05611071640958
1809,0.05591673333750557,0.05611081286040151
1810,0.055916658706081694,0.05611074637870426
1811,0.05591627543363056,0.056110485893812845
1812,0.055916085531216575,0.05611035519906469
1813,0.05591579911116686,0.056110276522802066
1814,0.055915699985775634,0.056110308755050485
1815,0.05591532032573834,0.056110299238957405
1816,0.05591531470158109,0.056110318288231986
1817,0.055915042428990896,0.05611006282443971
1818,0.0559146718951305,0.056109946993036584
1819,0.05591439045752194,0.05610985341120224
1820,0.05591404000202022,0.05610957074957379
1821,0.05591366660080887,0.05610924314932453
1822,0.05591350482834365,0.05610925328975677
1823,0.05591323128663755,0.056109187707745596
1824,0.055913084650523324,0.056109161446299606
1825,0.05591296404274518,0.05610920448451153
1826,0.05591288111557002,0.05610920196557459
1827,0.05591247387100945,0.05610903947658816
1828,0.0559122721331754,0.05610894351571394
1829,0.05591206858927209,0.05610890617546696
1830,0.05591186822082495,0.05610887977691172
1831,0.05591181450435659,0.05610888198717169
1832,0.05591154613234947,0.05610870249923231
1833,0.05591127615939383,0.056108659733047274
1834,0.05591083015049244,0.05610824750033566
1835,0.05591073777156892,0.056108228126455474
1836,0.055910621396007595,0.0561082782259802
1837,0.055910187983138,0.0561079147470422
1838,0.05590989195616408,0.056107756674416726
1839,0.055909633931493,0.05610763787600831
1840,0.055909425057683385,0.05610757284333681
1841,0.055909145564252215,0.0561074903238443
1842,0.05590904869477995,0.056107480834353275
1843,0.05590869371136138,0.05610741372429701
1844,0.05590816700507233,0.05610698451861405
1845,0.055907888842441536,0.05610685435035087
1846,0.05590760703725352,0.05610669722899058
1847,0.0559073750046983,0.05610657747545419
1848,0.05590705918186857,0.056106497973768384
1849,0.0559067429171893,0.056106264597392874
1850,0.05590664223867605,0.05610620487729057
1851,0.055906267758741385,0.0561058745366558
1852,0.055905954711704786,0.056105649407622124
1853,0.05590573572722124,0.05610558458948898
1854,0.05590569204570835,0.05610555455924278
1855,0.05590526437998993,0.05610513484654046
1856,0.05590520504296822,0.05610512217418738
1857,0.05590502177276041,0.05610514027509229
1858,0.05590475815092454,0.05610481937564659
1859,0.05590467612737787,0.056104778336132005
1860,0.055904458765936596,0.056104757995304844
1861,0.05590434979095441,0.0561046729679269
1862,0.055904131195374414,0.05610454317184412
1863,0.05590388353646714,0.05610450871070557
1864,0.05590346234474158,0.05610410718221111
1865,0.05590319160202392,0.05610407959188754
1866,0.0559027332201809,0.056103780297231474
1867,0.0559025426791317,0.05610376693732038
1868,0.055902432956838416,0.056103752274287814
1869,0.05590238044006607,0.056103755713126924
1870,0.05590222855034077,0.05610376612044167
1871,0.05590175627355763,0.056103628838154326
1872,0.05590158414949552,0.05610356371161838
1873,0.05590156568171785,0.05610356212166187
1874,0.055901256503403045,0.056103592555317335
1875,0.055901159643013835,0.05610354589390071
1876,0.05590096987075913,0.05610334570722148
1877,0.055900589887411097,0.05610322087480934
1878,0.055900334344584135,0.05610308498250065
1879,0.05590015540938894,0.05610301525416855
1880,0.05589969167073677,0.05610266573540664
1881,0.0558995112247927,0.056102497841251604
1882,0.0558992353758746,0.05610228109500228
1883,0.05589892712045915,0.056102067058022016
1884,0.05589890840124129,0.056102066951674856
1885,0.0558988487000873,0.05610203244794191
1886,0.055898398208382626,0.056101607850989964
1887,0.05589812549295025,0.05610153504394843
1888,0.055897954158288195,0.05610149000203067
1889,0.055897552196546796,0.056101524489632806
1890,0.055897325460379434,0.0561014024570361
1891,0.05589718705562969,0.056101325898388794
1892,0.05589696701915649,0.05610136385729157
1893,0.055896818106443605,0.05610129639258868
1894,0.055896511153935985,0.05610123456809734
1895,0.05589619148385296,0.05610127798991797
1896,0.0558960442933038,0.05610132607806105
1897,0.05589583641665414,0.056101282131575725
1898,0.055895577355160715,0.05610116709209448
1899,0.05589535619613941,0.056101162573689266
1900,0.055895201603036106,0.05610117159507708
1901,0.05589495550675953,0.0561010020098865
1902,0.05589471509409359,0.05610086790516272
1903,0.05589438090272351,0.05610087239489107
1904,0.05589396811867491,0.05610059532254191
1905,0.05589393795398161,0.05610059378117084
1906,0.05589361866727809,0.05610037566337577
1907,0.05589336094267137,0.056100350605693315
1908,0.05589308754293578,0.05610019397178693
1909,0.05589307622869773,0.056100193651201787
1910,0.05589286590755776,0.05610027597029139
1911,0.05589268629919258,0.05610019882261628
1912,0.05589252815364796,0.05610022804957652
1913,0.055892150155440516,0.05609992885051221
1914,0.05589201938311581,0.05609988415735611
1915,0.055891954249691164,0.056099826667625835
1916,0.055891670804100124,0.05609973202662692
1917,0.055891610555631764,0.05609968963534561
1918,0.05589136465987327,0.0560995881357574
1919,0.0558910906969933,0.056099501115960106
1920,0.055890681809937365,0.056099435252001624
1921,0.05589027280295069,0.05609900025153202
1922,0.05588995922133702,0.056098695847371455
1923,0.05588973258168345,0.05609846170918698
1924,0.05588937673385372,0.05609845582281926
1925,0.05588923290476172,0.05609836880254773
1926,0.05588901204488182,0.05609822529789361
1927,0.055888776778174096,0.056098122731457006
1928,0.05588877469444936,0.056098122730615624
1929,0.05588839124704937,0.056097870060296436
1930,0.055888150748719556,0.05609776824192621
1931,0.055888024218539424,0.05609770484152065
1932,0.055887839843687,0.05609768080468217
1933,0.0558876810360644,0.05609770784501578
1934,0.05588742181685923,0.056097520418599764
1935,0.055887113419500374,0.0560973420587684
1936,0.05588686603473335,0.05609732491942009
1937,0.05588658912228281,0.05609723802160267
1938,0.055886464171781225,0.056097174365003014
1939,0.055886396540886146,0.05609718291274977
1940,0.05588611800218413,0.056097012703904305
1941,0.05588547111947637,0.05609682770999501
1942,0.05588527758997288,0.05609679175993028
1943,0.05588508250742706,0.05609674071582291
1944,0.055884853504115053,0.05609650770318852
1945,0.055884387105370734,0.0560964052429076
1946,0.055884241517426284,0.056096369974787605
1947,0.055884033505259605,0.056096340451287294
1948,0.05588396416184127,0.0560962672471493
1949,0.05588362512191886,0.05609614360841805
1950,0.05588335115201491,0.05609603803547678
1951,0.05588315326937136,0.056095909482339265
1952,0.05588303630696724,0.05609584448920095
1953,0.05588286098946825,0.056095725657726345
1954,0.055882626755166906,0.05609570846672737
1955,0.05588249459461501,0.056095612871543625
1956,0.05588224504897243,0.056095433397427896
1957,0.055882180063520914,0.05609543310224635
1958,0.05588184411129491,0.05609526629268213
1959,0.05588160122257281,0.056095147626684216
1960,0.05588135836208968,0.056095099638974785
1961,0.05588120144815437,0.05609505178691888
1962,0.055880961551915076,0.05609486021117738
1963,0.0558807108929615,0.056094774821872605
1964,0.05588057178702822,0.05609471564018441
1965,0.05588032865920446,0.056094517070781905
1966,0.05588009409007427,0.056094496054204565
1967,0.05587969851664038,0.056094124442648816
1968,0.05587954712484237,0.056094107182532695
1969,0.05587950792052781,0.056094106030433646
1970,0.0558793911850057,0.05609403574479461
1971,0.05587904756121207,0.05609391298855604
1972,0.05587883229749785,0.05609381836111726
1973,0.05587848404543955,0.05609375423603316
1974,0.05587834397904452,0.05609370913711773
1975,0.05587826112650232,0.05609361960216807
1976,0.05587823816143441,0.05609362246650689
1977,0.05587803460469717,0.05609354210685871
1978,0.05587801505570637,0.056093542678445844
1979,0.055877563030297096,0.05609343778526883
1980,0.055877334935255936,0.056093323310138186
1981,0.05587713803228273,0.05609322073872431
1982,0.055877114072341076,0.05609319750755751
1983,0.05587685383272145,0.056093241770099174
1984,0.0558764674847023,0.056093134329229445
1985,0.05587622589975147,0.05609295286095511
1986,0.05587585269131769,0.0560928852224151
1987,0.05587569703268222,0.056092858416050474
1988,0.05587560781028791,0.056092783433484804
1989,0.055875341406970785,0.056092847873437504
1990,0.05587531945473764,0.05609284786683619
1991,0.05587506733688706,0.056092728254399926
1992,0.05587474958266293,0.056092780299975935
1993,0.05587466664038908,0.05609276854346346
1994,0.055874514939863944,0.05609278563489296
1995,0.055874443968796275,0.05609277121638821
1996,0.05587402840849266,0.05609238201722763
1997,0.055873764580110015,0.05609222596286249
1998,0.055873491768968844,0.05609194135430032
1999,0.055873260837104616,0.056091973705394996
2000,0.055872991124256505,0.05609174829561554
2001,0.055872723189379074,0.056091687496717516
2002,0.05587246681784009,0.056091668200216806
2003,0.0558722640559791,0.056091590603657496
2004,0.055872254347337426,0.0560915884135812
2005,0.055872140145724745,0.05609161843703749
2006,0.05587193605834743,0.05609149659459286
2007,0.05587167365090766,0.05609153243675934
2008,0.05587116868473188,0.05609139951397439
2009,0.05587085016952989,0.05609136269297609
2010,0.05587077034989387,0.05609138732936053
2011,0.05587069495111203,0.056091390230550424
2012,0.05587069275391625,0.05609139023047866
2013,0.05587041438953278,0.05609124456571004
2014,0.05587009994307956,0.05609112447530755
2015,0.055869904451541,0.05609099901214905
2016,0.05586975909712937,0.05609096948092991
2017,0.05586973892049539,0.056090971153540004
2018,0.055869601570627064,0.056090909230794364
2019,0.05586949329828292,0.05609083333699846
2020,0.055869260765513386,0.056090612498321264
2021,0.0558691871490522,0.05609063216335774
2022,0.05586905098075069,0.05609058873343088
2023,0.055868736940058186,0.05609062245107809
2024,0.055868570991288155,0.05609062430638801
2025,0.055868409907131225,0.05609052343629269
2026,0.055868137884086434,0.05609036828969708
2027,0.05586792710873776,0.05609031747335072
2028,0.05586792460605612,0.0560903174707767
2029,0.055867595724589776,0.056090059876503354
2030,0.055867445241773325,0.05609005107915685
2031,0.055867171486438987,0.05608983924860936
2032,0.05586682925217505,0.05608973629998199
2033,0.05586659136397421,0.05608973713775102
2034,0.05586633149477364,0.05608964265213871
2035,0.055866031933611685,0.056089628015449935
2036,0.05586574553762131,0.05608943250641754
2037,0.05586559292684075,0.05608936970228391
2038,0.055865506537452134,0.05608936971203593
2039,0.05586520058083727,0.05608928993179491
2040,0.055865016111089905,0.05608917862879772
2041,0.05586480422405147,0.05608910349349794
2042,0.055864621214213574,0.05608897790657271
2043,0.055864610745745086,0.05608897850537433
2044,0.055864556529239516,0.05608897710963067
2045,0.0558642733421876,0.05608887136491931
2046,0.05586379703424884,0.05608878246672197
2047,0.05586354804232424,0.05608863997028729
2048,0.05586345993710417,0.05608858263768117
2049,0.05586344884313736,0.056088582636764625
2050,0.05586334643994562,0.05608856528773429
2051,0.0558630232202922,0.056088296608552884
2052,0.05586300910102374,0.05608829763876632
2053,0.055862744138382665,0.05608808079187479
2054,0.055862495166815164,0.05608797167729164
2055,0.05586221300505413,0.05608779540802703
2056,0.05586215240159876,0.0560877983687334
2057,0.05586189785950899,0.05608766779115616
2058,0.05586159103814408,0.05608752813389237
2059,0.05586121283186456,0.05608726951053972
2060,0.055860974960408726,0.056087154781719
2061,0.055860865158615304,0.05608709637895663
2062,0.055860666046819225,0.05608688223254662
2063,0.055860426467181215,0.056086720488334
2064,0.05586017490573175,0.0560866988371483
2065,0.05585997385945475,0.05608668186467717
2066,0.05585972771993069,0.05608647538262063
2067,0.055859552124731454,0.056086430727698054
2068,0.05585932251615959,0.05608639798463925
2069,0.05585920943575313,0.05608638580440998
2070,0.05585885943848053,0.05608630302600637
2071,0.05585870574133047,0.05608626039994182
2072,0.05585851396855884,0.056086116353104294
2073,0.05585844138558686,0.056086076261576086
2074,0.055858238124100665,0.056086082880230544
2075,0.0558579135540383,0.05608579531582492
2076,0.05585767840345082,0.05608560061975787
2077,0.05585739352535994,0.056085715082016104
2078,0.0558571538294338,0.05608570839038615
2079,0.055856926500360914,0.05608553941932075
2080,0.055856843028229304,0.056085486381941184
2081,0.055856554652584045,0.05608541408931411
2082,0.05585652054791914,0.05608539853627142
2083,0.055856235268589606,0.05608533507652899
2084,0.05585604209169381,0.05608529526526694
2085,0.05585566617813882,0.05608509606084382
2086,0.055855336644701895,0.05608490992518735
2087,0.055855099880458704,0.0560849995189857
2088,0.05585479527318112,0.05608481747920407
2089,0.055854385933014596,0.05608441932726165
2090,0.055854151241968915,0.05608426248572838
2091,0.055853986240506005,0.056084327835246764
2092,0.055853911516125336,0.05608433994766164
2093,0.05585368766080784,0.056084201376495016
2094,0.055853326212102095,0.05608387648685014
2095,0.05585316807003998,0.056083759764353903
2096,0.05585296646177126,0.05608367967192605
2097,0.05585282835313041,0.05608359949502037
2098,0.055852527892451216,0.056083564775564004
2099,0.05585229446145978,0.056083498364900834
2100,0.05585195594675728,0.05608344961398466
2101,0.05585169266832029,0.05608324470430329
2102,0.055851421004883765,0.0560831301199345
2103,0.05585119925210425,0.05608320260802106
2104,0.055850930189854646,0.05608310629636553
2105,0.055850719513731835,0.05608306861035808
2106,0.05585044640995907,0.05608292472919891
2107,0.05585006863926166,0.05608282950742514
2108,0.05584964680348317,0.05608261749364853
2109,0.05584941410042433,0.056082488893216736
2110,0.05584888029590019,0.05608230764368808
2111,0.05584865870069023,0.05608222354293996
2112,0.05584850473573453,0.056082102819166854
2113,0.0558484541230727,0.056082085723090695
2114,0.05584821341132119,0.0560821283980088
2115,0.05584817154006673,0.05608211732918774
2116,0.055847898489210956,0.05608208653083854
2117,0.05584774375738457,0.056082046941726936
2118,0.0558476928739247,0.05608204459619387
2119,0.055847646977441566,0.05608204846379627
2120,0.05584746959170448,0.05608203677125585
2121,0.05584742755475321,0.05608203963815557
2122,0.055847155391377946,0.05608201723225074
2123,0.05584702362797535,0.056081993295118274
2124,0.05584674519278885,0.05608199282204839
2125,0.055846512736790886,0.05608196256137787
2126,0.05584639187611715,0.056081950176880085
2127,0.055846052707128856,0.05608180227456218
2128,0.05584588816083319,0.056081753189897894
2129,0.05584562563709233,0.05608168645506988
2130,0.055845424738727015,0.056081612568458984
2131,0.05584521466008161,0.056081573942923665
2132,0.05584499952080241,0.05608159062861998
2133,0.05584487245083624,0.05608156826125734
2134,0.05584469356588435,0.0560814390926071
2135,0.05584447972654718,0.05608132147816946
2136,0.05584446390490679,0.05608131852570133
2137,0.05584440398449041,0.05608128648950462
2138,0.05584437677303614,0.056081281596989024
2139,0.05584411077491127,0.05608121346585114
2140,0.05584382397054913,0.05608118852580526
2141,0.05584364070078894,0.05608122514211348
2142,0.05584362850727012,0.056081224999181944
2143,0.05584348486288123,0.056081177760245494
2144,0.05584336772200149,0.05608115621958518
2145,0.055843172473773926,0.05608101026908914
2146,0.0558430141808096,0.056081117069314214
2147,0.055842776199423405,0.05608122198029407
2148,0.055842372876282576,0.056081068264820726
2149,0.055842046542477514,0.05608106487661041
2150,0.05584174181602788,0.05608100379792703
2151,0.05584163396417811,0.056081015089314554
2152,0.05584144585969481,0.05608099254353835
2153,0.0558411756005131,0.05608110759249542
2154,0.05584089455735409,0.05608111263598472
2155,0.055840615612882,0.05608102219650995
2156,0.05584042080609948,0.05608102640105436
2157,0.05584037102935842,0.05608095525450752
2158,0.05584034150125971,0.05608095524770202
2159,0.05584022454211923,0.05608095109702246
2160,0.05583981863176565,0.056080763497821914
2161,0.05583961033696433,0.05608067447763407
2162,0.05583946668004075,0.056080625145704464
2163,0.05583940579585444,0.056080632514160254
2164,0.05583927404927364,0.05608060982326786
2165,0.05583923345364344,0.05608062158021818
2166,0.05583898550822752,0.056080517036497315
2167,0.0558388854761384,0.056080369455504826
2168,0.05583869851654984,0.05608032627109487
2169,0.055838289829245914,0.05608008613473772
2170,0.05583806022585152,0.056080130758321425
2171,0.055837627406239654,0.05607969026563088
2172,0.05583743923914182,0.056079686813061275
2173,0.055837375777823876,0.056079620469777054
2174,0.05583703840541352,0.056079592819258804
2175,0.05583680122417613,0.05607951336155157
2176,0.05583654616307757,0.056079560191349284
2177,0.055836502905594776,0.05607956321458762
2178,0.055836392713183934,0.05607953438874225
2179,0.05583611261117114,0.05607926964509985
2180,0.05583598253234735,0.05607918229089411
2181,0.05583592015575637,0.05607913857615527
2182,0.055835668431840624,0.05607911548137127
2183,0.05583555397779852,0.056078972158607146
2184,0.055835284318256406,0.05607892461589995
2185,0.055835069187637795,0.056078866421227044
2186,0.05583478415161945,0.05607878642935235
2187,0.05583456648306515,0.05607877845012173
2188,0.05583435979865667,0.05607867232219742
2189,0.05583412710444655,0.05607872431862874
2190,0.05583390053717713,0.056078614823449044
2191,0.05583383784610731,0.05607862138984558
2192,0.0558333497929538,0.05607796693233038
2193,0.05583308939972366,0.05607795118427032
2194,0.05583290815321265,0.05607783063152113
2195,0.05583281612700301,0.056077851029760824
2196,0.05583258032336849,0.056077714824508046
2197,0.055832318237570434,0.05607750165247998
2198,0.0558322498542745,0.05607743138918177
2199,0.05583212882749166,0.05607740030254903
2200,0.05583194956301609,0.056077442501641726
2201,0.0558317817604162,0.05607735407077709
2202,0.05583163431496761,0.05607727820996982
2203,0.05583140402415446,0.05607720057073978
2204,0.055831216661617,0.05607726381731486
2205,0.05583085213979302,0.056077118291965385
2206,0.055830612454922504,0.056077028179626766
2207,0.05583049178297187,0.05607700229907738
2208,0.05583027955159728,0.056076995561574416
2209,0.055830010068303425,0.05607691446892323
2210,0.055829781047010064,0.05607675348317347
2211,0.055829605255156296,0.05607688311225734
2212,0.055829398633221616,0.056076746247906255
2213,0.055829212657032716,0.05607667967889522
2214,0.05582896953435813,0.0560766117210265
2215,0.055828677725523745,0.05607651055376622
2216,0.055828483712640535,0.056076279102109716
2217,0.05582830745830647,0.05607620767174753
2218,0.055828009956313956,0.0560762344564529
2219,0.055827846685175875,0.05607603451549128
2220,0.05582757243819446,0.056075821902052375
2221,0.05582755893708964,0.0560758206442125
2222,0.05582733384420507,0.05607560241305817
2223,0.05582718755581931,0.056075517183279605
2224,0.05582699709570771,0.05607546672442047
2225,0.05582675885562562,0.05607542298855673
2226,0.05582657405867223,0.056075378403431075
2227,0.055826448924052745,0.056075358125536136
2228,0.0558261365736775,0.05607522482955455
2229,0.055825841547229346,0.05607529074304012
2230,0.05582561732307556,0.0560752357034156
2231,0.055825273358168705,0.05607489651621339
2232,0.05582506146085648,0.056074819681906696
2233,0.05582489355712019,0.05607473710073334
2234,0.0558246814368719,0.05607473855411114
2235,0.055824276722449294,0.0560748252505192
2236,0.05582410242034724,0.05607480628356379
2237,0.055824024065343085,0.05607476220418681
2238,0.05582381369059111,0.05607461592942112
2239,0.05582356142606149,0.05607453364103327
2240,0.05582337330316707,0.056074569804430194
2241,0.05582317989845853,0.05607441252768717
2242,0.05582313484630779,0.05607438811776532
2243,0.05582305820881433,0.05607440186750304
2244,0.055822816520162515,0.056074271593984065
2245,0.055822536605706324,0.05607420926573882
2246,0.05582234306325197,0.05607417151744469
2247,0.05582212401426339,0.056074051879235455
2248,0.05582204822003554,0.05607403219797946
2249,0.055821940797216626,0.05607404669773536
2250,0.05582171779880687,0.056073941982848215
2251,0.055821484102246216,0.05607378089328671
2252,0.055821372218916206,0.056073768020850956
2253,0.05582112258403689,0.05607347811582138
2254,0.0558208779792065,0.05607336277384233
2255,0.055820651085060985,0.05607320867594781
2256,0.05582058512453396,0.05607323462044202
2257,0.055820508404317286,0.05607317904791977
2258,0.0558204954986183,0.056073176399169825
2259,0.0558200949721769,0.0560730573916641
2260,0.05581982880847399,0.05607280340021525
2261,0.05581965637081672,0.05607256860009859
2262,0.055819320370981355,0.05607212712204769
2263,0.05581905084655437,0.056072161045289164
2264,0.055818850146069666,0.05607231202154097
2265,0.05581862042238432,0.056072232683577326
2266,0.05581840760237763,0.05607210627352184
2267,0.05581808700950053,0.05607179051339413
2268,0.05581783556895334,0.05607176984353715
2269,0.05581765887095232,0.05607165703398101
2270,0.05581742081764446,0.05607161677651891
2271,0.05581718475525133,0.0560715795467234
2272,0.0558169538305891,0.056071525173965256
2273,0.05581689944452781,0.05607151833202901
2274,0.055816374014861274,0.056070927464614645
2275,0.05581614028829946,0.056070926149995017
2276,0.05581609196388852,0.056070940088474505
2277,0.05581583685002118,0.05607092296180663
2278,0.05581554944237574,0.05607076133287544
2279,0.055815397438885646,0.056070654826918406
2280,0.05581524871627692,0.05607059714354432
2281,0.055815060298768725,0.05607053530615855
2282,0.05581494648367994,0.05607053357544714
2283,0.05581488802355295,0.0560705124818577
2284,0.055814581993767584,0.0560704846736161
2285,0.05581443004293703,0.05607041628596238
2286,0.05581423394934534,0.056070269178792084
2287,0.055814155391346855,0.05607028982652761
2288,0.055813892881288615,0.0560703879733074
2289,0.05581361075814996,0.05607019112025188
2290,0.05581337571443404,0.056070125615305305
2291,0.055813248616254724,0.05607009939636011
2292,0.05581299450660163,0.05607007987495765
2293,0.055812946639268605,0.05607002817104206
2294,0.05581281237596982,0.05607005100099069
2295,0.0558126411804122,0.05606987547923655
2296,0.055812308696911034,0.056069689806564675
2297,0.055812200646963364,0.056069675855371655
2298,0.05581198391968393,0.05606965896955726
2299,0.0558117162776656,0.05606969651168767
2300,0.05581152302518698,0.056069678519278805
2301,0.05581125643787764,0.056069427978576815
2302,0.055811254779513576,0.05606942797879288
2303,0.055810861548828014,0.05606922189581908
2304,0.055810704887226885,0.05606916554856637
2305,0.055810429049221344,0.056069128165767874
2306,0.05581039035599335,0.05606909860206485
2307,0.05581009115357008,0.056069131521365924
2308,0.05580977826642829,0.05606921705353816
2309,0.05580952168795331,0.05606909152610482
2310,0.055809247131164925,0.05606898990012367
2311,0.05580895294912976,0.05606876680078989
2312,0.055808843807975995,0.05606873953098218
2313,0.0558085540710821,0.05606866097634861
2314,0.055808288320185195,0.05606860059533127
2315,0.055807975930924666,0.05606847638946227
2316,0.05580740125891888,0.05606833581242449
2317,0.05580737704647824,0.05606835960883736
2318,0.05580729962627788,0.056068394399843596
2319,0.055807038543601965,0.056068270989971754
2320,0.05580679931160412,0.05606829972585458
2321,0.055806561169284334,0.05606813457772579
2322,0.05580643612279322,0.05606814042562114
2323,0.05580637118557498,0.05606812140671503
2324,0.05580616439368366,0.05606808846908158
2325,0.05580600196072029,0.05606808087579723
2326,0.055805760360394224,0.05606806744947602
2327,0.05580571302746237,0.05606804344912509
2328,0.055805594035661286,0.05606795599145959
2329,0.05580552297148436,0.05606792954309416
2330,0.055805346926383836,0.05606777910793695
2331,0.05580498867070547,0.05606762230924894
2332,0.055804754536332185,0.05606756048374738
2333,0.05580451713806981,0.05606753849702653
2334,0.05580445867639028,0.05606749569880553
2335,0.05580413261175561,0.05606718963005693
2336,0.05580390165461588,0.056067150732229905
2337,0.055803785946586464,0.05606704340433774
2338,0.05580360056030385,0.05606683054525587
2339,0.05580352636365375,0.05606680655626977
2340,0.05580335160390327,0.05606667221259222
2341,0.055803124786030035,0.05606670500383831
2342,0.05580301849456214,0.05606664054208149
2343,0.055802962564541585,0.056066555758754674
2344,0.05580295690062924,0.05606656131452444
2345,0.05580282092466667,0.05606649462287268
2346,0.055802526032228836,0.05606623013946876
2347,0.055802372363633175,0.05606621814936654
2348,0.05580190200713446,0.0560658227457549
2349,0.05580169888264693,0.056065828115459154
2350,0.055801479560650784,0.05606573424239701
2351,0.05580134291903472,0.056065685503224064
2352,0.05580097926869045,0.056065499032863654
2353,0.05580092805745454,0.05606551169040413
2354,0.0558007032891468,0.0560654830017368
2355,0.05580028862465994,0.056065361041955294
2356,0.0558000581094168,0.05606536178206822
2357,0.055799861885972454,0.05606532830659096
2358,0.05579957574611547,0.056065112932826275
2359,0.055799501782177345,0.05606509684667647
2360,0.055799276931095036,0.05606488112883779
2361,0.05579906019740834,0.05606483428361661
2362,0.05579884896306011,0.05606469393280115
2363,0.055798819651776244,0.05606469405090387
2364,0.05579855402563432,0.05606449660848703
2365,0.055798362415137547,0.05606445602503205
2366,0.05579807208991863,0.0560644587079078
2367,0.0557980051410157,0.05606444992940903
2368,0.05579781527788436,0.05606440881927025
2369,0.05579775654514688,0.05606441414537023
2370,0.05579751362698434,0.05606428834185113
2371,0.05579736232379251,0.05606421221439725
2372,0.05579715844915431,0.05606406771702013
2373,0.0557969994177748,0.05606391468837195
2374,0.0557968516009555,0.0560638443144266
2375,0.055796626903507285,0.056063850532631666
2376,0.05579638854241908,0.056063815600362193
2377,0.0557961983461124,0.05606376823381144
2378,0.05579589039536735,0.05606357419590897
2379,0.05579561364936307,0.05606358422392342
2380,0.05579537292728954,0.056063332861271756
2381,0.055795081682154454,0.0560630611281274
2382,0.05579486554764055,0.0560629755512053
2383,0.0557946859239373,0.056063128914449666
2384,0.05579452256235083,0.05606304711024339
2385,0.05579421689609525,0.05606295527384444
2386,0.055793901339610735,0.05606281484255184
2387,0.055793818854193294,0.056062776564057254
2388,0.055793639730938156,0.05606272042461
2389,0.05579356278412134,0.05606267835924717
2390,0.05579331519761225,0.05606254126677046
2391,0.05579331374869669,0.056062541749891184
2392,0.05579296454834976,0.056062178396567276
2393,0.055792778992942584,0.05606205792055786
2394,0.05579269656964457,0.056062029955372905
2395,0.055792591305002415,0.056062017013892004
2396,0.05579247622289225,0.05606199475728334
2397,0.05579237972481065,0.05606199848946672
2398,0.05579218305269056,0.05606202865103434
2399,0.055791954939564105,0.056061818699073125
2400,0.05579117057188061,0.05606184660142796
2401,0.055790804850815445,0.05606161631099227
2402,0.05579047141933753,0.05606135628159725
2403,0.05579021876735483,0.056061143093796645
2404,0.05578984391282887,0.05606075060561196
2405,0.055789646945850264,0.056060591570886026
2406,0.05578940385326096,0.056060644549075216
2407,0.05578932459488812,0.05606057476113228
2408,0.0557891965485796,0.05606054996589056
2409,0.055788891854935,0.056060517704317483
2410,0.05578880733666978,0.056060464986471166
2411,0.055788721464309764,0.056060431004033365
2412,0.05578853364043244,0.05606035817740838
2413,0.05578851115513885,0.05606035876522543
2414,0.05578833365439093,0.056060436957026005
2415,0.05578824507633157,0.05606034311708658
2416,0.05578816087225741,0.05606037081555128
2417,0.05578796892445594,0.05606024872980512
2418,0.05578775814732863,0.05606006104920086
2419,0.05578752714584338,0.05606006742385389
2420,0.055787435719742116,0.056060068061423184
2421,0.05578725845973719,0.05606005482525875
2422,0.05578714145655847,0.056060011369229876
2423,0.05578693191011108,0.05605999822744102
2424,0.05578661284564731,0.05605996975655551
2425,0.055786303792383016,0.056059926018577566
2426,0.0557862738087119,0.05605993117994781
2427,0.05578610972826938,0.056059956539883965
2428,0.05578598636882574,0.05605978601948013
2429,0.05578598320531967,0.05605978585316946
2430,0.055785911906913926,0.056059796807706404
2431,0.055785878319393786,0.056059755614684875
2432,0.05578584450586422,0.05605975684900948
2433,0.05578565200222146,0.05605967343534623
2434,0.05578554121992819,0.05605961169511708
2435,0.05578548320778715,0.05605958486377272
2436,0.05578523735620154,0.05605948732526482
2437,0.05578498454894095,0.05605932713639672
2438,0.055784763311418344,0.056059234978785163
2439,0.05578457704616764,0.05605907429445984
2440,0.0557844364447686,0.05605909714935552
2441,0.05578440165148105,0.056059094795903215
2442,0.05578417493891961,0.05605912310447886
2443,0.05578395161203634,0.05605901759695744
2444,0.05578383994758764,0.05605898842684515
2445,0.055783794803171825,0.05605898351248819
2446,0.05578379260267296,0.056058984841149566
2447,0.05578354806574779,0.05605893367784928
2448,0.05578328977409456,0.056058853858248
2449,0.05578308197258796,0.056058793810898594
2450,0.05578280859332835,0.05605860697392923
2451,0.05578264099977404,0.0560584437500566
2452,0.05578239178867983,0.05605817911849736
2453,0.05578210253299173,0.05605817540071117
2454,0.055781902641300146,0.056058031794522456
2455,0.05578188101580854,0.056058027614416715
2456,0.05578163982817998,0.056057885540252525
2457,0.05578155166291128,0.05605788435408749
2458,0.0557814776125104,0.05605785538259453
2459,0.055781049596542,0.0560577148493954
2460,0.05578084794341608,0.056057646065087896
2461,0.055780667016986696,0.056057626088209266
2462,0.05578047056058639,0.05605759488173612
2463,0.05578033217926946,0.05605765599601449
2464,0.055780064108409876,0.056057630080491694
2465,0.05577973561302918,0.05605763538438161
2466,0.055779465774683394,0.05605733163606696
2467,0.05577936663849609,0.05605730995090395
2468,0.055779348072968575,0.05605730996240248
2469,0.05577913573944679,0.056057205784802284
2470,0.05577905712336424,0.05605717983817361
2471,0.055778839880224515,0.056057173503303415
2472,0.055778661927693166,0.05605704497498787
2473,0.05577841343877658,0.056056885370570665
2474,0.05577820268578496,0.056056823487378164
2475,0.055777881852993386,0.05605669413339587
2476,0.055777820726961205,0.0560566341809709
2477,0.05577751888127962,0.05605661450672369
2478,0.05577729452110697,0.05605660905096032
2479,0.05577715617657824,0.05605659970752229
2480,0.055776803170039836,0.056056433685179596
2481,0.0557764288100858,0.05605618866138184
2482,0.05577630585592844,0.05605614815195441
2483,0.05577604785994551,0.05605608136484305
2484,0.05577593260876612,0.0560560434163712
2485,0.055775781971462914,0.05605597117684689
2486,0.05577549450701927,0.05605586035096564
2487,0.055775261831239493,0.05605582702911997
2488,0.05577500235471837,0.056055747232638134
2489,0.05577482042647549,0.056055800642554214
2490,0.055774623542804685,0.05605583339197275
2491,0.05577444719114184,0.05605589378252785
2492,0.055773946167446777,0.05605585033823893
2493,0.05577383990753005,0.056055911748844084
2494,0.05577376710752048,0.056055911861191965
2495,0.05577360912042445,0.056055791575719514
2496,0.05577343876739107,0.05605568131731605
2497,0.05577329710629839,0.056055682580454534
2498,0.055773017398071174,0.05605561379411707
2499,0.05577286067137172,0.05605551068695327
2500,0.055772644402689815,0.05605551043671168
2501,0.05577239795331635,0.056055614183891204
2502,0.05577214025328243,0.05605545357439532
2503,0.0557718919598351,0.05605530432837126
2504,0.05577169625818574,0.05605515249827969
2505,0.05577151676579298,0.0560551170656993
2506,0.0557713262273944,0.05605508418504042
2507,0.05577113784505215,0.056055059759434804
2508,0.05577099450104123,0.056055037857304174
2509,0.05577085725410971,0.056055084743049904
2510,0.05577078785554326,0.056055059790771834
2511,0.055770544812029574,0.05605499516940497
2512,0.055770358982298415,0.05605507136003919
2513,0.05577017273479297,0.05605510987647945
2514,0.05576997602123236,0.05605497641910615
2515,0.05576968349226938,0.05605499186667752
2516,0.055769537829227174,0.056054951481529024
2517,0.05576928783211919,0.05605500201886515
2518,0.055769063935792625,0.056054821472790665
2519,0.055768938942948126,0.05605479949079841
2520,0.05576867030133104,0.05605464327759072
2521,0.05576855321671882,0.05605465833473751
2522,0.05576846952134991,0.05605467657667595
2523,0.05576827865686523,0.056054507716722435
2524,0.05576827190351331,0.056054507709579295
2525,0.05576822023179112,0.05605445369321168
2526,0.05576819555955848,0.05605443948883219
2527,0.055767960372354486,0.05605435594296893
2528,0.055767611807263105,0.05605422242537756
2529,0.055767413455214,0.05605435697622933
2530,0.05576732487591065,0.056054295099913956
2531,0.05576718220636177,0.05605439634362958
2532,0.05576688635208803,0.05605422946955537
2533,0.05576674098105828,0.056054141010748265
2534,0.05576659899110819,0.05605413089628975
2535,0.055766505061882576,0.056054114389346724
2536,0.05576631903436905,0.05605411825889926
2537,0.055766050569707834,0.05605401700198544
2538,0.055765923398849615,0.056053979727825436
2539,0.055765864345637906,0.056054020307809184
2540,0.05576568030547551,0.05605382987803751
2541,0.05576564703660056,0.05605379261659417
2542,0.05576541466661374,0.05605364965816534
2543,0.0557652181833348,0.05605353389875416
2544,0.05576510373183808,0.05605346228654222
2545,0.055765072872336556,0.056053470628342296
2546,0.0557648784269617,0.05605345594966044
2547,0.055764693928583985,0.05605341379068449
2548,0.0557644957818946,0.056053252878474784
2549,0.05576446330799856,0.05605319668734024
2550,0.05576411107668733,0.05605321471667702
2551,0.05576401989373243,0.05605318708178829
2552,0.055764000196065915,0.05605318548464655
2553,0.05576370328221025,0.056053009905208645
2554,0.05576362044358118,0.05605299422770132
2555,0.055763449216011715,0.056052930145173645
2556,0.05576317837856703,0.05605299321527216
2557,0.055762897094925774,0.05605289568655274
2558,0.05576278591973469,0.05605286918467224
2559,0.055762571147853664,0.05605283900669549
2560,0.05576226417822427,0.05605273990410369
2561,0.055762115164903404,0.056052751377437586
2562,0.05576192756574562,0.056052765519937126
2563,0.055761882540958194,0.05605274702690613
2564,0.05576168350525615,0.05605267326537599
2565,0.05576159655778019,0.05605263654405094
2566,0.05576146623227034,0.056052646458524306
2567,0.05576130237979945,0.056052557131282266
2568,0.05576109656438047,0.056052600908621325
2569,0.05576098177458805,0.05605262364949686
2570,0.05576094123830341,0.056052624473882075
2571,0.055760833536431256,0.05605259855660838
2572,0.05576055745423973,0.056052446021912956
2573,0.05576049793021972,0.05605243147489329
2574,0.05576027464742119,0.05605220416892178
2575,0.05575997956799731,0.05605232204078487
2576,0.05575989463786552,0.0560523230121789
2577,0.05575977583295837,0.05605229628801939
2578,0.05575957143413555,0.056052231274308646
2579,0.055759291925538204,0.056052168945355384
2580,0.05575914029618008,0.056052163562381775
2581,0.05575913714906152,0.05605215811683123
2582,0.05575877489156468,0.056052134218416795
2583,0.055758597928881284,0.056052243481468214
2584,0.05575837781021116,0.05605208373964801
2585,0.05575811041146237,0.056052142274179394
2586,0.05575784611736707,0.05605206127136097
2587,0.05575757624746895,0.05605187897516219
2588,0.05575751623979257,0.05605186464681952
2589,0.05575738531209749,0.056051843224531474
2590,0.055757243490718214,0.056051804055062916
2591,0.055757041988397454,0.05605166574105225
2592,0.05575673041498994,0.05605162088338513
2593,0.05575664197824915,0.05605165906319958
2594,0.05575639379606,0.05605166954136871
2595,0.05575633782787684,0.05605170094632105
2596,0.05575626132661178,0.05605175380781434
2597,0.05575613274707584,0.05605170839360319
2598,0.05575586837776426,0.05605171091770282
2599,0.05575561794147498,0.05605155349261448
2600,0.05575551210812961,0.056051570139596246
2601,0.055755358468991684,0.05605157380379538
2602,0.055755125723782724,0.05605143692746883
2603,0.05575499191851892,0.05605134307248259
2604,0.05575491164886424,0.05605135257893586
2605,0.055754672261653766,0.05605112439324319
2606,0.05575444003124261,0.05605102508724059
2607,0.055753857407778,0.056050709143743695
2608,0.05575355901092611,0.05605048390750812
2609,0.055753523372811656,0.05605049152707048
2610,0.05575313562428206,0.05605018604308309
2611,0.05575295443141005,0.056050086373315954
2612,0.05575268046203038,0.05604998758340337
2613,0.05575247761766931,0.05604993607737493
2614,0.05575242126658667,0.05604996135429028
2615,0.055752238800030364,0.05604992329552096
2616,0.055752000304558715,0.05604990647062657
2617,0.055751935683305325,0.05604988039607048
2618,0.05575184773746241,0.05604987282797385
2619,0.055751803541933216,0.05604989943619811
2620,0.05575172322295982,0.05604996242455464
2621,0.055751583677826434,0.05604999922328499
2622,0.05575141539587195,0.056049893177864844
2623,0.05575130354205038,0.056049846016913714
2624,0.05575121745263476,0.05604981622735746
2625,0.05575121058475802,0.05604981526370455
2626,0.05575105398885024,0.05604972823939568
2627,0.05575088829035958,0.05604964649937612
2628,0.05575083746437875,0.05604969456549549
2629,0.055750680784598314,0.056049625729089184
2630,0.055750447850608696,0.05604958791844361
2631,0.055750253224860366,0.0560495033803751
2632,0.05574998307433404,0.056049455237952586
2633,0.055749798292729025,0.05604938366768618
2634,0.055749591662814714,0.05604939652335616
2635,0.055749459879158816,0.0560493486948705
2636,0.0557493717953739,0.05604926643222708
2637,0.05574910705051129,0.056049303116887605
2638,0.05574905065999937,0.05604929987476159
2639,0.05574898376248398,0.056049344580440114
2640,0.055748959404108234,0.056049343338564324
2641,0.05574873846946625,0.05604929664599546
2642,0.05574866722559339,0.0560492916715007
2643,0.05574842199761147,0.056049118034678186
2644,0.05574839746244889,0.0560491363432941
2645,0.05574826992407699,0.05604917272977319
2646,0.05574823579320607,0.056049192750123704
2647,0.055748142433648035,0.05604917720234775
2648,0.05574795347370265,0.056049236523816735
2649,0.05574776378117294,0.056049226477067386
2650,0.05574767781442489,0.0560492490601118
2651,0.05574754126047776,0.05604922400043195
2652,0.0557474185404708,0.05604921475914149
2653,0.05574716504133962,0.05604917090086964
2654,0.05574701163757763,0.05604923056113789
2655,0.05574690427627205,0.05604914886956892
2656,0.05574668236897233,0.056049184649324006
2657,0.055746567351244045,0.05604918375680336
2658,0.05574630791084508,0.05604912566174751
2659,0.05574611922677884,0.05604898401844454
2660,0.055746036490290224,0.056048960600725915
2661,0.055745737955295145,0.056048838930752826
2662,0.05574558012939453,0.05604879787540179
2663,0.055745421269273066,0.05604874364985086
2664,0.05574524954227397,0.05604876117459207
2665,0.055744982184621414,0.056048674683246875
2666,0.05574473679132044,0.05604861330624483
2667,0.05574452806718822,0.056048638082351374
2668,0.055744142005247556,0.05604861619443987
2669,0.05574397280419393,0.05604842611779033
2670,0.05574382604963729,0.05604847454282456
2671,0.055743652405596845,0.05604831255407167
2672,0.055743310731071576,0.056048507148485756
2673,0.055743259006490825,0.05604848423492032
2674,0.05574324495055407,0.05604848346649777
2675,0.05574293745758253,0.05604827446170814
2676,0.0557427650822547,0.056048242152377074
2677,0.05574244505161686,0.05604798964336433
2678,0.05574223655032851,0.05604794765809829
2679,0.05574202308070735,0.05604782613153065
2680,0.055741785739404026,0.05604794494741709
2681,0.055741562160380065,0.05604775275092201
2682,0.055741377943043895,0.05604764284486677
2683,0.05574122319814962,0.05604763152686062
2684,0.055741221159517976,0.05604763152513525
2685,0.05574100567833168,0.056047730620864475
2686,0.05574083759977761,0.0560477413735559
2687,0.055740665500346995,0.05604775868590519
2688,0.055740538377018214,0.05604776035602338
2689,0.05574041681401161,0.05604772855499859
2690,0.05574027819344082,0.05604769996816991
2691,0.055740046874447405,0.05604751109234347
2692,0.05573996462845663,0.05604745955507234
2693,0.05573972933887325,0.05604739413368355
2694,0.05573945494536288,0.05604721741202578
2695,0.05573942403813582,0.05604717806277209
2696,0.05573929250328109,0.05604709443292649
2697,0.05573902117226373,0.05604689566129289
2698,0.05573880433653778,0.056046875210091544
2699,0.055738757725863876,0.05604685676512509
2700,0.05573854063542464,0.056046760651262344
2701,0.05573845082811168,0.056046755330470266
2702,0.055738287640142034,0.056046724843893975
2703,0.05573828534583305,0.056046725406946066
2704,0.055738090555932575,0.0560465933759323
2705,0.055737958832236964,0.05604661663416509
2706,0.05573795318873536,0.05604661603908567
2707,0.055737736760975064,0.05604648873479427
2708,0.05573757877209888,0.05604650919878505
2709,0.05573744781118873,0.056046462301974874
2710,0.05573734509926915,0.05604647150839223
2711,0.05573709487505132,0.05604644099820286
2712,0.055736948689449894,0.05604639178600353
2713,0.05573655713420282,0.05604586917779565
2714,0.05573632885445863,0.05604583395051104
2715,0.05573612277402501,0.05604575690949969
2716,0.05573610462509138,0.05604574496737967
2717,0.055735963597574045,0.056045803100049404
2718,0.05573573564445565,0.056045664809854574
2719,0.055735324239637285,0.05604545486982292
2720,0.05573512905922985,0.05604530735124025
2721,0.055734965617620445,0.05604520520758813
2722,0.055734964177565925,0.05604520520907986
2723,0.0557347972365298,0.056045097237519034
2724,0.055734631655015125,0.05604508149992949
2725,0.05573444842721855,0.05604503632221393
2726,0.055734438143317584,0.056045035201363835
2727,0.05573435722883822,0.05604493781711843
2728,0.05573427699895304,0.05604490800336229
2729,0.05573409892770173,0.05604481154185728
2730,0.05573403061475379,0.05604478173432612
2731,0.05573399950294831,0.05604478286016572
2732,0.05573399697469804,0.05604478285688172
2733,0.055733815256977785,0.05604469048555072
2734,0.055733575284388194,0.05604456878239156
2735,0.05573354606052435,0.056044559034174345
2736,0.055733364856300094,0.05604449508342894
2737,0.05573315893178063,0.05604444419179684
2738,0.05573288212514508,0.056044414901286393
2739,0.055732611194997096,0.05604442907337195
2740,0.05573253796839112,0.05604441869615042
2741,0.0557323915329735,0.056044431680116774
2742,0.05573224301735513,0.056044391150601426
2743,0.05573206573352336,0.05604431459832799
2744,0.05573182227931366,0.056044248609411075
2745,0.05573176134397114,0.05604426178284337
2746,0.055731474556113186,0.056044148295311215
2747,0.05573134048262873,0.0560441341867145
2748,0.055731135810329506,0.05604407162980919
2749,0.055730922396713935,0.056043995562909434
2750,0.05573069253611682,0.056044046353113545
2751,0.05573045038201337,0.056043911591241856
2752,0.0557304165031854,0.05604389134392851
2753,0.05573037019129366,0.056043858215243
2754,0.05572998678136677,0.05604379032359104
2755,0.05572991171569527,0.05604379072278378
2756,0.05572987121104562,0.056043769187772326
2757,0.05572968839378268,0.05604374359869499
2758,0.05572946029119191,0.05604381307299204
2759,0.05572921898051561,0.056043768178754894
2760,0.05572908130923523,0.05604379423816172
2761,0.055728900977718716,0.05604394723624174
2762,0.05572882917996182,0.05604388187616402
2763,0.0557287850675827,0.05604387421134107
2764,0.055728745491503494,0.056043870429710346
2765,0.05572845386342241,0.056043779292649205
2766,0.055728157510668126,0.05604385036667616
2767,0.05572793662245771,0.056043762871221446
2768,0.05572774547276331,0.056043694005301924
2769,0.05572741773889563,0.05604360514230999
2770,0.05572727363377975,0.05604352753632937
2771,0.055727073606608696,0.056043407485406704
2772,0.05572689703076099,0.056043207929314616
2773,0.05572682392981009,0.056043223679466674
2774,0.055726791809944706,0.0560432476890192
2775,0.05572674477901217,0.056043214779981164
2776,0.05572651850582333,0.056043235480886654
2777,0.0557261883242439,0.056043148396461205
2778,0.05572617462346552,0.05604314847336366
2779,0.05572593767257673,0.05604306876529928
2780,0.055725814719050186,0.05604301536588616
2781,0.055725738809203985,0.05604301862997814
2782,0.055725525059420376,0.05604297267140236
2783,0.055725416450771385,0.0560429015033324
2784,0.055725141568899864,0.056042763719394595
2785,0.055724967643260376,0.056042732870562814
2786,0.05572474178873817,0.05604270789497779
2787,0.05572455736675679,0.056042610589946106
2788,0.05572452084804044,0.05604261062980233
2789,0.055724467304371514,0.05604262485847252
2790,0.05572425950456899,0.05604258664879316
2791,0.05572418932799977,0.05604260081875322
2792,0.055723969473176836,0.056042626644519214
2793,0.05572383096537245,0.056042675727997454
2794,0.055723713785755684,0.056042807133930436
2795,0.05572361160356364,0.05604274795119431
2796,0.055723475806575405,0.05604270329992953
2797,0.055723360837981135,0.05604261254822527
2798,0.05572309114108078,0.05604243104542777
2799,0.055722692986387636,0.0560423115130676
2800,0.055722446914179685,0.05604235268756497
2801,0.055722280479633804,0.05604226302037448
2802,0.05572207503196812,0.05604222632278254
2803,0.05572185301759161,0.05604208064513817
2804,0.05572183248861848,0.0560420763106513
2805,0.055721783732963694,0.05604207544214502
2806,0.05572163975548563,0.05604206866568991
2807,0.05572138694827468,0.05604196849349923
2808,0.05572135282619004,0.05604195531649986
2809,0.05572110887532814,0.056041867091350936
2810,0.055720980559875184,0.056041894192668425
2811,0.05572078371403942,0.05604192839916571
2812,0.05572064285947908,0.056041977900447605
2813,0.05572043137515472,0.056041878189398465
2814,0.055720237937052365,0.056041788715126994
2815,0.055720097459939416,0.056041675416276374
2816,0.05571987617798314,0.05604165389160386
2817,0.05571964515577781,0.05604158985956709
2818,0.055719299712870714,0.05604153207443758
2819,0.0557191939168587,0.05604154446784974
2820,0.05571896424596563,0.0560415876795092
2821,0.05571875262066245,0.05604147771722006
2822,0.055718637661265634,0.05604152390728868
2823,0.05571848940005084,0.056041462299407846
2824,0.05571835362875023,0.056041363917477965
2825,0.055718234843609146,0.05604128001982296
2826,0.055718009380895175,0.05604120405317859
2827,0.05571775037540681,0.056041088340511226
2828,0.05571766301749703,0.056041015337773635
2829,0.0557175942132572,0.05604101762291932
2830,0.05571738500027713,0.056040908486581
2831,0.05571722653132674,0.0560407291422412
2832,0.05571708457564526,0.056040722821419295
2833,0.055716988593362146,0.05604071106666962
2834,0.05571680427976243,0.0560406596007719
2835,0.05571664610147392,0.05604089288009796
2836,0.055716362801348715,0.05604081474463369
2837,0.05571630435678033,0.05604079369173358
2838,0.055716220510252386,0.056040815129472135
2839,0.05571596456679496,0.05604069413786625
2840,0.05571574680630731,0.05604067884955554
2841,0.05571568536085623,0.05604061642722401
2842,0.05571547874637584,0.056040503742977636
2843,0.05571526890859285,0.0560404615339621
2844,0.05571523624516508,0.05604046357879131
2845,0.05571491463789634,0.056040123171998656
2846,0.05571487206307598,0.05604009905614215
2847,0.055714770436940196,0.05604002893213574
2848,0.055714724316236294,0.05604003114397326
2849,0.05571468597277547,0.056040031375730694
2850,0.05571440917472298,0.05603976658197683
2851,0.055714277985771984,0.05603975317707279
2852,0.05571419169007653,0.05603975772251257
2853,0.05571401088140901,0.05603967988440512
2854,0.05571383723330555,0.05603973530318715
2855,0.05571366251447017,0.0560396938501031
2856,0.055713538745823424,0.05603968159563543
2857,0.05571350749548154,0.05603967438071058
2858,0.05571319386004059,0.05603956393472376
2859,0.055713104088955856,0.05603956320116893
2860,0.05571292549186938,0.05603960111065208
2861,0.05571265303735868,0.05603950837081037
2862,0.0557124447515986,0.05603941875347321
2863,0.055712442437163674,0.05603941958862002
2864,0.05571203066106165,0.05603929342292329
2865,0.055711807911852436,0.05603925045884719
2866,0.05571161949974659,0.05603925504661964
2867,0.05571146191183987,0.056039223148706165
2868,0.05571119347544326,0.056039218524488385
2869,0.05571096342358331,0.056039166490404545
2870,0.055710602429702896,0.05603909716213024
2871,0.05571043788508951,0.056039012600181
2872,0.055710239799186115,0.056039125156414224
2873,0.055709904089312964,0.056039059074253474
2874,0.055709738412358704,0.05603902099761917
2875,0.05570949358520521,0.05603924929507888
2876,0.05570946675475246,0.056039248257350384
2877,0.05570921962960868,0.056039265897638676
2878,0.055708971519321346,0.056039225758729286
2879,0.055708959039771744,0.05603922764718917
2880,0.05570871556380498,0.056039301059025014
2881,0.05570853433685892,0.05603929156981055
2882,0.055708395500057954,0.056039275796580995
2883,0.055708285743060935,0.05603933865695405
2884,0.055708261064766285,0.05603931103866374
2885,0.05570813182948771,0.056039267485018716
2886,0.05570794957964526,0.05603925829095546
2887,0.05570753739791015,0.056039167376699665
2888,0.05570718525663248,0.056038992114393796
2889,0.05570718166201879,0.056038993823406526
2890,0.0557069806385047,0.05603894908568089
2891,0.055706633191674106,0.0560389259030634
2892,0.05570645919816234,0.056038857075791884
2893,0.05570618349760566,0.05603882311881857
2894,0.055706155501739046,0.05603882329287793
2895,0.05570587596208274,0.05603873330790451
2896,0.05570575249154574,0.05603874732060605
2897,0.055705524727590376,0.05603874655342976
2898,0.055705296557671334,0.056038714746435646
2899,0.055705094306688255,0.056038705295005056
2900,0.05570488549385291,0.05603868552347365
2901,0.05570466544527726,0.05603858693819675
2902,0.05570445106272295,0.0560386600258807
2903,0.05570433612080046,0.056038701670905744
2904,0.055704322122550144,0.05603868877507254
2905,0.05570414700409785,0.05603854296874884
2906,0.055703977632277565,0.056038575132885286
2907,0.055703820229114034,0.0560386256390614
2908,0.055703706555104995,0.056038584926638234
2909,0.05570355498966002,0.0560385468783819
2910,0.05570348330950921,0.05603847218771164
2911,0.05570337743686762,0.0560384744014944
2912,0.05570328880081633,0.05603849622921059
2913,0.05570311249790629,0.05603841151138206
2914,0.055702870909781745,0.05603835731665174
2915,0.05570260696778323,0.05603852317449647
2916,0.055702420586796156,0.05603855952970368
2917,0.05570229403745094,0.056038503597550055
2918,0.055702205600234714,0.056038448015220885
2919,0.055701875913914456,0.056038356061322014
2920,0.05570184224743161,0.05603835180379066
2921,0.055701628498372596,0.05603816929609974
2922,0.05570148761611933,0.05603819855848313
2923,0.055701363100146256,0.05603821356855085
2924,0.05570115429178939,0.05603817984076918
2925,0.055700920867334566,0.056037952886666756
2926,0.05570074860375311,0.05603792828662883
2927,0.05570070930481302,0.056037936872454744
2928,0.055700580578424294,0.05603797540784717
2929,0.055700462974973095,0.05603798009853902
2930,0.05570033957754,0.05603798082760302
2931,0.05570030411568277,0.05603798147577362
2932,0.055700069360988175,0.05603782187611109
2933,0.055699824976843476,0.056037656573931255
2934,0.05569967243701689,0.05603760977944845
2935,0.05569961613481866,0.056037548831062524
2936,0.055699481432794365,0.05603742247920141
2937,0.05569921762713601,0.05603744836369516
2938,0.055698934757277295,0.056037337996745255
2939,0.05569891062672153,0.0560373463629828
2940,0.0556987258284083,0.056037257096973464
2941,0.05569847546654921,0.056037079600264904
2942,0.05569833072375093,0.056037042889468695
2943,0.055698086247709916,0.05603686823353056
2944,0.0556978739871185,0.05603676234647549
2945,0.05569773710819472,0.05603677311938734
2946,0.05569756223636644,0.05603663605169586
2947,0.05569748147861093,0.05603668003515553
2948,0.05569720606832543,0.05603662344140855
2949,0.05569706672313671,0.05603650333962693
2950,0.055696933200479436,0.056036560015386164
2951,0.055696909476347735,0.05603652750561998
2952,0.05569675163538269,0.05603642693837307
2953,0.055696595257783706,0.05603619957542604
2954,0.05569642336472922,0.056036201225599956
2955,0.05569613564043999,0.056036063244878795
2956,0.055695947539393595,0.05603598978285633
2957,0.055695926799395175,0.056035989776569144
2958,0.05569578380104969,0.056035933755567834
2959,0.05569554159012095,0.05603596324215297
2960,0.05569550244417802,0.05603593490887639
2961,0.05569522408000318,0.056035828980608826
2962,0.055695046542616755,0.05603581605840793
2963,0.05569480647238167,0.05603575662520211
2964,0.055694661249949325,0.05603567801461868
2965,0.05569462175732203,0.056035667917968095
2966,0.05569449565735379,0.056035553882415816
2967,0.055694320473478255,0.056035372025615766
2968,0.0556941540719584,0.056035278480980485
2969,0.05569397166199855,0.05603527087863578
2970,0.0556938874079042,0.056035217065707306
2971,0.05569373512640429,0.05603515892534772
2972,0.05569350559884713,0.05603514506699103
2973,0.05569334717513481,0.056035072702557684
2974,0.055693080657533055,0.05603502212045477
2975,0.055692970431696756,0.05603504507692514
2976,0.05569263257933176,0.0560347041194352
2977,0.055692597511918907,0.05603469989907519
2978,0.055692594920902797,0.05603469989853882
2979,0.055692365515594644,0.05603468104013007
2980,0.05569232576661084,0.05603466073059059
2981,0.05569201884223856,0.056034528461121044
2982,0.05569197728997469,0.056034513031675344
2983,0.055691894304413035,0.05603448106072342
2984,0.05569185324036035,0.056034472720998464
2985,0.055691678270922765,0.056034427953447916
2986,0.055691436807116426,0.05603425765574153
2987,0.0556913648756757,0.05603421488745093
2988,0.05569120821419711,0.05603419597781549
2989,0.055691004570996974,0.05603419123995435
2990,0.05569096822128975,0.05603419095372945
2991,0.05569082601501307,0.056034162650889695
2992,0.05569067278055056,0.05603412370832047
2993,0.055690654664194095,0.05603412369606599
2994,0.05569026908571396,0.05603408896783943
2995,0.055690018860288557,0.05603404249282212
2996,0.055689760870931304,0.05603383682418109
2997,0.055689616669908494,0.056033876565743455
2998,0.05568958410575348,0.05603387062018931
2999,0.05568936434455433,0.05603385474898347
3000,0.05568917940613189,0.05603397010978186
3001,0.05568903151721642,0.056033917027046576
3002,0.05568876071198121,0.05603385816709802
3003,0.05568862636559992,0.056033807190238795
3004,0.0556885931661877,0.056033770617194466
3005,0.05568856839756558,0.05603378570772708
3006,0.05568829674654446,0.05603387074114227
3007,0.055688290646749565,0.05603386309572434
3008,0.0556882764890328,0.056033860813108245
3009,0.05568823998569312,0.05603385612753173
3010,0.05568814796749107,0.05603385204493225
3011,0.05568795957194532,0.056033921590311675
3012,0.055687773450156096,0.05603379811929364
3013,0.05568736447259478,0.0560335618631256
3014,0.055687243882949516,0.05603343282291169
3015,0.0556868809986831,0.05603316134988825
3016,0.05568672052642478,0.05603315443869863
3017,0.05568648667048392,0.05603317839253534
3018,0.05568613858637724,0.05603305239932275
3019,0.055686031344893874,0.05603307376345024
3020,0.05568599744205969,0.0560330872596358
3021,0.05568591024264512,0.05603303846540708
3022,0.05568581470331341,0.056032933384914864
3023,0.05568570097595037,0.05603296012858049
3024,0.055685517058419794,0.056032889222127305
3025,0.05568527216807907,0.05603276881509062
3026,0.0556851045372051,0.05603277584901822
3027,0.05568508684383483,0.056032776249373056
3028,0.05568497050205673,0.056032735697151025
3029,0.05568493845084401,0.05603273534898743
3030,0.0556847917149022,0.05603271459054585
3031,0.05568444750690474,0.056032629627911223
3032,0.055684414495500045,0.05603262865976469
3033,0.055684352133084467,0.056032654667108446
3034,0.055684267056145986,0.05603261472423419
3035,0.05568406360815677,0.05603255662187842
3036,0.05568397907945457,0.056032563507559446
3037,0.05568364154497902,0.05603230161062141
3038,0.05568345999344783,0.05603239432937011
3039,0.05568329403555252,0.056032322272098804
3040,0.05568304717924747,0.05603234273453742
3041,0.0556829377986851,0.056032329071034316
3042,0.05568291157184152,0.056032327617415154
3043,0.05568286759044463,0.05603230450282729
3044,0.055682683089312075,0.056032309421380634
3045,0.055682485612035884,0.056032227274511584
3046,0.05568235620170989,0.05603219017328668
3047,0.05568206491838674,0.05603209920594905
3048,0.05568196069986226,0.05603211568741506
3049,0.05568195287668588,0.05603211727959856
3050,0.055681876486705265,0.056032104596422376
3051,0.05568176308633636,0.05603213653214157
3052,0.05568155805994017,0.056032239646064984
3053,0.05568135534523221,0.05603219472501334
3054,0.05568126899922433,0.05603215854809553
3055,0.055681240798666445,0.056032157463464294
3056,0.05568111600710577,0.056032116356667445
3057,0.05568101729596987,0.056032115155600457
3058,0.05568098451966693,0.056032089388758144
3059,0.05568087762450573,0.05603203051706023
3060,0.05568086891623795,0.05603203252677822
3061,0.05568069955187303,0.056032084987361196
3062,0.055680606845140056,0.05603211338578902
3063,0.055680585199513945,0.05603212987552034
3064,0.05568042077755092,0.056032042307767115
3065,0.055680305620231164,0.056031901146252165
3066,0.05568022082961222,0.056031887911502466
3067,0.05568020899949038,0.05603188913276996
3068,0.05568013046558226,0.05603182594443305
3069,0.05567993988681749,0.056031755409094934
3070,0.05567988289447633,0.056031753841184535
3071,0.05567966395810342,0.05603175102551278
3072,0.05567921931868135,0.056031293229513654
3073,0.055678951982506074,0.05603101507349086
3074,0.05567887163083757,0.056030978966193946
3075,0.05567869105787111,0.05603112070320152
3076,0.05567847399563747,0.056031110491329736
3077,0.05567840603668991,0.05603113240085588
3078,0.05567838178173196,0.056031194427104886
3079,0.055678179292064284,0.05603099041141406
3080,0.05567802749156369,0.056030851463398174
3081,0.05567787567755142,0.05603079009346137
3082,0.05567764754548189,0.0560308747737736
3083,0.0556773693725767,0.05603069295151775
3084,0.05567714709736787,0.05603056613472509
3085,0.0556769460410815,0.05603032285080364
3086,0.055676880232193283,0.056030309703541954
3087,0.055676800046858044,0.05603027836705869
3088,0.05567675334373027,0.056030241778103375
3089,0.05567673285260687,0.056030249922791535
3090,0.05567663133007301,0.05603027795431572
3091,0.055676479635763616,0.056030290261574314
3092,0.05567637562614663,0.05603037617937386
3093,0.055676197437374356,0.056030291941023415
3094,0.0556760878238526,0.05603026525823115
3095,0.055675963930741736,0.056030231825058396
3096,0.05567583658230012,0.056030069907393405
3097,0.05567558521157653,0.056030160588096165
3098,0.055675424293031565,0.05603025310156599
3099,0.05567541980315095,0.05603025133569351
3100,0.055675083964944715,0.05603013114462424
3101,0.05567481019971384,0.05603017952133994
3102,0.05567480709732902,0.05603017951560108
3103,0.055674763000769865,0.05603016079130994
3104,0.055674575487640564,0.056030106634435896
3105,0.055674368997266674,0.056030170118165364
3106,0.05567418472992224,0.05603004687515372
3107,0.05567392002415994,0.056029986276779686
3108,0.055673730131959386,0.05602997140132117
3109,0.05567345967603091,0.0560298694385621
3110,0.05567330405840212,0.05602972717781627
3111,0.05567310856592604,0.05602971505331948
3112,0.055672844115618396,0.056029764929560515
3113,0.05567264171706663,0.056029743492921606
3114,0.05567253362984536,0.056029736828462066
3115,0.05567235909275714,0.05602976088814839
3116,0.05567222659055045,0.0560297927991427
3117,0.05567208059023748,0.056029815640331986
3118,0.055671862028471096,0.05602976794430422
3119,0.05567172290364019,0.056029579260088336
3120,0.05567158268143773,0.05602964418465297
3121,0.055671474962708904,0.05602958002744244
3122,0.05567126003858309,0.05602949939901453
3123,0.055671137208902315,0.056029521708256085
3124,0.05567110556604982,0.05602947578389529
3125,0.055670987195115824,0.05602942971048057
3126,0.05567087832083034,0.05602942994763609
3127,0.05567057987790255,0.056029348503605206
3128,0.055670557643617474,0.05602933998428106
3129,0.055670312078905514,0.056029245702495706
3130,0.05566995200810953,0.056029028663154484
3131,0.05566975034270474,0.05602903599380883
3132,0.05566964161836156,0.0560290399429724
3133,0.055669465553384416,0.05602903696392131
3134,0.055669281535640304,0.05602915845092873
3135,0.05566901366977628,0.05602919967956774
3136,0.05566871267281996,0.05602905261264685
3137,0.05566870773793857,0.05602905352636009
3138,0.05566868587900581,0.05602904153636357
3139,0.055668683651436374,0.05602904371761572
3140,0.05566858461687201,0.056029031711536136
3141,0.055668390864828124,0.05602904914317288
3142,0.05566825260749452,0.05602903807461684
3143,0.055668122714289704,0.05602900643397625
3144,0.05566795774599492,0.05602894573018511
3145,0.05566772547303068,0.05602860923498456
3146,0.05566769607405014,0.05602859425281521
3147,0.05566742870535499,0.05602865426181297
3148,0.055667359404886936,0.05602860565193814
3149,0.055667115770976425,0.05602853083039263
3150,0.05566698168619411,0.05602855608906923
3151,0.05566688118053974,0.05602849216729923
3152,0.05566667408134445,0.05602841481286713
3153,0.055666426734075396,0.05602828994901412
3154,0.05566626754189884,0.056028264601522264
3155,0.05566606879593397,0.05602827795282708
3156,0.05566575580931507,0.05602810469343297
3157,0.055665442841086335,0.05602808816083163
3158,0.055665376347830836,0.056028077141049897
3159,0.05566522260980495,0.056027969771075825
3160,0.05566507346700677,0.05602820070346167
3161,0.05566492986087275,0.056028313499166094
3162,0.05566479748872427,0.05602831782378682
3163,0.0556647716739563,0.05602831504220255
3164,0.05566450531556547,0.05602827569931663
3165,0.05566436983152095,0.05602826719867101
3166,0.05566426328547324,0.05602820334346577
3167,0.055664116716338786,0.05602828477837173
3168,0.05566403081788043,0.05602821238637832
3169,0.05566390494034474,0.05602817798366633
3170,0.055663708272700146,0.056028190003356966
3171,0.055663433855226256,0.056028077076761336
3172,0.055663277703580955,0.05602804462834161
3173,0.05566303333071907,0.056028036868999515
3174,0.0556627968969745,0.05602788528192416
3175,0.055662644645774105,0.056027846551873206
3176,0.05566235570093029,0.056027837624126234
3177,0.0556621798478901,0.05602788581020269
3178,0.05566208437367066,0.05602781290278428
3179,0.05566195158333241,0.056027706586275795
3180,0.05566192104569792,0.0560277055825896
3181,0.05566167610296435,0.0560276937486867
3182,0.055661506622471636,0.056027583838717115
3183,0.05566133292985979,0.05602762536204269
3184,0.055661282759638095,0.05602762946771784
3185,0.05566124102637572,0.05602766825715091
3186,0.055661069514518206,0.05602761102481638
3187,0.05566095473626422,0.05602761361887562
3188,0.05566088941667999,0.05602760312710902
3189,0.05566066380917903,0.056027537553140945
3190,0.05566049930779671,0.056027528509448546
3191,0.05566047546116682,0.056027530148130576
3192,0.05566035226021391,0.05602746862348493
3193,0.05566015344828323,0.0560273153653709
3194,0.05565991473585509,0.05602732369715647
3195,0.055659693926748896,0.05602725019608889
3196,0.05565957919365198,0.056027216991791605
3197,0.05565939749405722,0.05602724329882472
3198,0.055659121638574276,0.05602727990852233
3199,0.05565893373238793,0.05602726793790462
3200,0.05565883159386128,0.05602724189696945
3201,0.055658777456256296,0.056027227123652594
3202,0.055658732757611094,0.05602723133924465
3203,0.05565859359411325,0.056027227480320456
3204,0.055658392992244954,0.05602715856476776
3205,0.05565826395170609,0.056027142790335514
3206,0.05565806978185956,0.05602708585135766
3207,0.05565785820854259,0.056027159351814584
3208,0.055657652052509575,0.05602713056730294
3209,0.055657528774616896,0.05602710394812633
3210,0.055657293061617354,0.056026873780218034
3211,0.055657066638148484,0.056026833225731425
3212,0.05565697193227002,0.05602683603060644
3213,0.05565695847276234,0.05602683799279586
3214,0.055656766809135,0.05602671431527079
3215,0.0556565450717498,0.05602671676953424
3216,0.055656403683507376,0.05602661980436337
3217,0.055656272384106316,0.056026642374922206
3218,0.05565624836500549,0.05602664078877907
3219,0.055656209549039,0.056026649504705366
3220,0.055656170647494264,0.05602663339073307
3221,0.05565604578286937,0.05602668995765172
3222,0.05565599585666599,0.05602668982455728
3223,0.05565598693295845,0.05602668424198407
3224,0.05565581438746765,0.05602664493537382
3225,0.055655578123473194,0.05602660273295211
3226,0.0556555093708048,0.05602658228196596
3227,0.05565525174176926,0.05602656864997207
3228,0.055655175065948366,0.05602658678348967
3229,0.055655039013089574,0.05602650572824648
3230,0.055654783690915005,0.056026411241193994
3231,0.05565470195032624,0.056026415273177296
3232,0.055654542252945235,0.056026439766593064
3233,0.05565419684361292,0.05602640744511873
3234,0.0556540052269372,0.05602634409717539
3235,0.055653823338422094,0.056026280070333515
3236,0.0556537963693782,0.05602628745139499
3237,0.05565358756012351,0.05602622195511238
3238,0.05565337141401783,0.05602623285427432
3239,0.05565311816900876,0.0560262735211276
3240,0.05565290847685447,0.0560262634578516
3241,0.055652564608636775,0.0560261213755864
3242,0.05565240473676877,0.05602605270767969
3243,0.05565239543962903,0.056026049935437076
3244,0.05565217499388398,0.056025955670085
3245,0.05565195721840668,0.05602589384305868
3246,0.05565180572942396,0.056025868610211665
3247,0.05565159304384335,0.056025841889541655
3248,0.05565149105098323,0.05602581449674311
3249,0.055651276256632895,0.05602569400333979
3250,0.05565102560147239,0.056025685484362035
3251,0.055650570313523585,0.05602546925379472
3252,0.05565038214260817,0.05602527742159205
3253,0.055650046328108466,0.056025113937830655
3254,0.055649959840374894,0.056025154600757354
3255,0.05564977692738907,0.056025127473307
3256,0.055649706358541474,0.05602502801969886
3257,0.055649601537990125,0.0560250606958264
3258,0.055649566323709716,0.05602506272315676
3259,0.05564955018691525,0.05602506265121072
3260,0.0556494880865849,0.0560250682728053
3261,0.0556494798189117,0.056025069789849294
3262,0.05564945877957114,0.05602507051331595
3263,0.055649263324884256,0.0560249515659809
3264,0.055649244940078356,0.056024949536188404
3265,0.05564920393718469,0.05602495743590813
3266,0.055648952280292735,0.05602501326308072
3267,0.055648738782687356,0.056025048070168414
3268,0.05564865290864977,0.056025035177777315
3269,0.05564850693966147,0.05602507190505806
3270,0.05564830159857821,0.056024912632382004
3271,0.05564813392748441,0.0560249563490882
3272,0.05564800446014044,0.05602494634732376
3273,0.05564774282563373,0.05602495628195218
3274,0.055647566979483046,0.056024811805598755
3275,0.05564753005059895,0.056024808259749696
3276,0.055647527699593295,0.05602480101158313
3277,0.0556472517967941,0.05602459814312666
3278,0.055647063686659407,0.05602441071178563
3279,0.05564665107607076,0.056024021613052186
3280,0.05564664771284249,0.0560240191827104
3281,0.05564662245056352,0.05602402207705399
3282,0.05564654654191736,0.056024010845362786
3283,0.055646463000098706,0.05602398294751167
3284,0.05564624872171117,0.056023925798096876
3285,0.05564624363449855,0.056023925453029436
3286,0.05564604804742642,0.05602390018225711
3287,0.055645829603078845,0.05602383219303042
3288,0.05564578407889371,0.05602389470084027
3289,0.055645607470526486,0.05602373079669713
3290,0.055645481603203616,0.05602372794229489
3291,0.05564525971098146,0.05602375066983533
3292,0.055645046400860064,0.056023753579599524
3293,0.055644837023473046,0.05602356918564926
3294,0.05564483008901062,0.05602356926626324
3295,0.05564464671279222,0.05602358706228736
3296,0.05564442963428985,0.056023521664930104
3297,0.055644217038956056,0.05602348240537248
3298,0.05564403534651447,0.05602345721568491
3299,0.055643867394888386,0.05602346404813345
3300,0.0556437115333001,0.05602353412947427
3301,0.05564366436389786,0.05602350972948574
3302,0.05564362909655506,0.05602351391709318
3303,0.05564360810886761,0.05602350573741277
3304,0.05564345918728701,0.05602341576664014
3305,0.055643398489138095,0.05602341575694636
3306,0.05564333637818254,0.056023428261226436
3307,0.055643150034203136,0.05602339502133547
3308,0.0556430497288104,0.05602341716245057
3309,0.05564293569843102,0.05602336311486508
3310,0.05564278518721436,0.056023387991569105
3311,0.055642582103349374,0.05602333001051333
3312,0.05564239939845722,0.05602331661434787
3313,0.055642383212465556,0.056023310621642106
3314,0.055642229215858,0.05602332745507224
3315,0.05564212925124595,0.05602331971792384
3316,0.05564194915688498,0.05602315932715573
3317,0.05564176649802355,0.05602309706355584
3318,0.055641718957356076,0.05602312615292888
3319,0.055641701294406765,0.05602312660117775
3320,0.0556415316207662,0.05602303881808824
3321,0.05564142363040121,0.05602307957192432
3322,0.05564118200016277,0.056022991305757046
3323,0.055640918224727894,0.05602293022360167
3324,0.05564073847562407,0.05602293558370472
3325,0.05564052790166829,0.05602302692753875
3326,0.05564038940448186,0.05602305146265709
3327,0.05564026280661733,0.05602302946573211
3328,0.05564022755067865,0.05602303426151972
3329,0.05564001467851754,0.05602309435410041
3330,0.05563996924230539,0.056023116602059796
3331,0.05563974256314436,0.05602296233039085
3332,0.05563958101948878,0.05602281995163335
3333,0.055639328076343475,0.056022781417327035
3334,0.0556393224936485,0.05602278039872778
3335,0.05563908832437463,0.056022798054925264
3336,0.05563907705557721,0.05602280692609755
3337,0.05563896759688131,0.056022892159221904
3338,0.05563879615167382,0.05602281712449938
3339,0.05563879208525281,0.05602281707594576
3340,0.05563862372047047,0.056022879478420606
3341,0.055638538659511884,0.05602281424573392
3342,0.055638359703254675,0.05602277910448246
3343,0.05563812183446155,0.05602264168735264
3344,0.0556378847325698,0.056022638869771976
3345,0.055637785594324564,0.056022564520428614
3346,0.0556375995508948,0.056022398192373125
3347,0.05563743862038663,0.05602228576318892
3348,0.05563733421177304,0.056022283789499784
3349,0.055637210736861835,0.05602227869242441
3350,0.05563709563046451,0.05602225842188151
3351,0.05563695879945327,0.05602229500225347
3352,0.05563680543136453,0.056022265544239294
3353,0.05563658661760212,0.0560220719326366
3354,0.05563639578966696,0.05602204991571951
3355,0.055636174245955496,0.056021949951199454
3356,0.055635935451077645,0.05602194165086715
3357,0.05563571440482181,0.05602183957382812
3358,0.055635475143760306,0.05602176896838201
3359,0.055635359799605676,0.05602181811814663
3360,0.0556351371973341,0.056021653737060896
3361,0.05563489139206753,0.056021592003576454
3362,0.0556346999585323,0.05602169736129834
3363,0.05563467393518373,0.05602170852651697
3364,0.05563448348235391,0.05602162601292106
3365,0.055634313820862084,0.056021530934055735
3366,0.055634136730785634,0.056021547308039606
3367,0.05563394943090578,0.05602148444793951
3368,0.05563388843424193,0.05602148494523063
3369,0.055633857636070226,0.056021513942303244
3370,0.0556337454916474,0.05602147272239766
3371,0.05563356052719121,0.056021524636067806
3372,0.05563335653014337,0.05602154001410498
3373,0.05563322352012348,0.05602148873974862
3374,0.055633007097282465,0.056021442822538965
3375,0.05563294437457148,0.056021448236251895
3376,0.05563284022674917,0.05602132624419049
3377,0.055632519158375034,0.056021126102352346
3378,0.055632474979773264,0.056021134620877204
3379,0.05563238827379334,0.05602105166524944
3380,0.05563219423375804,0.05602107196073001
3381,0.05563197595997465,0.05602107227697132
3382,0.05563171214707598,0.05602071994848031
3383,0.055631549774078116,0.05602076300494858
3384,0.05563133548981595,0.05602062789467035
3385,0.05563132692593319,0.05602061347879858
3386,0.055631245919107876,0.056020567056388255
3387,0.05563094353137283,0.05602057826676906
3388,0.05563075323193419,0.05602061069858295
3389,0.05563069571900498,0.056020582544980574
3390,0.055630464919496005,0.056020645579725525
3391,0.055630294248843803,0.05602053014285864
3392,0.055630246535029425,0.05602051675128758
3393,0.05563003943688375,0.056020403418593205
3394,0.0556300272433124,0.056020404650250474
3395,0.055629707419934414,0.0560203984079662
3396,0.05562954083652762,0.05602037693860261
3397,0.055629251854444395,0.05602009754949519
3398,0.055629166836568565,0.05602008825472242
3399,0.055628993428262025,0.05602000098554023
3400,0.05562868754295237,0.05601965687952404
3401,0.05562850391176076,0.05601970501378585
3402,0.055628322023612786,0.056019559625893826
3403,0.05562814684429378,0.0560196115624634
3404,0.05562804321814867,0.05601961171488752
3405,0.055627910308076706,0.05601951606090953
3406,0.05562780624592556,0.05601950170085979
3407,0.0556277413908177,0.056019518672870285
3408,0.055627585227413026,0.05601947038869012
3409,0.0556273882653916,0.05601937936842738
3410,0.055627144454333595,0.05601944175420586
3411,0.055627095767800804,0.05601939003411683
3412,0.05562699031510894,0.056019404223897507
3413,0.05562680052727802,0.05601938399239193
3414,0.05562660465469387,0.05601931390287548
3415,0.055626373275320516,0.056019315617540213
3416,0.05562626235173487,0.056019238002516084
3417,0.05562625772073402,0.056019241579032916
3418,0.055626061005380825,0.05601923276221649
3419,0.05562605169504285,0.056019233735636366
3420,0.05562597117833146,0.0560192445707685
3421,0.055625942880844985,0.05601924947261809
3422,0.05562577947943687,0.056019123507835326
3423,0.05562571871438923,0.05601913522573775
3424,0.0556255618143943,0.05601910144877651
3425,0.055625557851217276,0.056019107517610904
3426,0.05562533717689769,0.05601911605403139
3427,0.055625205974719046,0.05601912655740866
3428,0.055625157676663026,0.05601911601312408
3429,0.055625037182164015,0.05601903576710423
3430,0.055624905706428855,0.056019061781150355
3431,0.05562464915556148,0.056018992252750394
3432,0.055624386363977645,0.05601895139672116
3433,0.055624327420601284,0.05601894480968889
3434,0.055624184029508174,0.056018994494367175
3435,0.05562402523592092,0.056019000134383636
3436,0.05562377397934639,0.056018949344960885
3437,0.05562363095824353,0.05601882408334923
3438,0.05562343577611227,0.056018804059305406
3439,0.055623208702701064,0.056018759288254685
3440,0.055623100256870964,0.05601871355842054
3441,0.05562291046594527,0.05601869233890469
3442,0.055622846521715875,0.05601873541102381
3443,0.05562262893204346,0.05601872747043278
3444,0.05562257738372147,0.056018703343749456
3445,0.05562236911751117,0.05601859141481584
3446,0.05562215596659598,0.05601861783607987
3447,0.05562196699003849,0.0560186766105371
3448,0.055621911599709056,0.05601863341736636
3449,0.05562177840969362,0.056018508991181326
3450,0.05562176719258716,0.05601850861961621
3451,0.05562154370328163,0.05601840715430453
3452,0.055621348744884946,0.05601828332837431
3453,0.05562122588562811,0.056018245360987165
3454,0.0556210941546796,0.05601824384776953
3455,0.05562084648738926,0.05601827968054784
3456,0.05562071983889964,0.056018265718051206
3457,0.05562063543213019,0.05601819247584225
3458,0.05562063234605723,0.05601819225411867
3459,0.0556205729007682,0.056018196143555514
3460,0.05562038623349167,0.05601820558913044
3461,0.05562024152876754,0.0560181095612155
3462,0.055620159108286535,0.056018087055275216
3463,0.055619996308115406,0.0560179906158867
3464,0.055619885378759074,0.05601797142856821
3465,0.0556196358547677,0.05601780790650132
3466,0.0556195495814832,0.0560178160031693
3467,0.05561943033215863,0.056017815623949134
3468,0.05561940432958065,0.056017836032351914
3469,0.0556193420654567,0.056017799039328596
3470,0.05561932274416051,0.05601779798858114
3471,0.05561923421091461,0.056017845250297627
3472,0.055619104856740306,0.05601782360703317
3473,0.05561904666117696,0.05601780107531713
3474,0.05561894875838365,0.056017949336020535
3475,0.055618799417456025,0.05601783592185891
3476,0.05561870269322907,0.056017878049509764
3477,0.0556186210409592,0.0560177878538306
3478,0.05561846886526291,0.05601774279419788
3479,0.055618315326875924,0.05601769382083874
3480,0.05561830067268109,0.05601768720994021
3481,0.0556182693945618,0.056017671386599625
3482,0.05561818227319576,0.05601767665963907
3483,0.05561793534439129,0.056017522025552414
3484,0.05561791774768097,0.05601751443523764
3485,0.05561780082569706,0.05601746773747556
3486,0.05561767331555136,0.056017455234937286
3487,0.05561750139707324,0.05601729346624664
3488,0.05561728585175641,0.05601734523348576
3489,0.05561712811881616,0.05601726554042426
3490,0.05561694085830345,0.05601727226019732
3491,0.055616912069132066,0.056017276491975486
3492,0.0556165897005276,0.05601719970755499
3493,0.05561650540648796,0.056017191226946775
3494,0.05561622644007367,0.05601694542542108
3495,0.05561619522649915,0.05601693770826366
3496,0.05561602786918948,0.05601688079145773
3497,0.05561582375052077,0.056016911873103224
3498,0.05561568839179362,0.05601685451853499
3499,0.05561567041423148,0.05601685243729662
3500,0.05561560829569952,0.05601682789181783
3501,0.05561549965982175,0.05601684048603819
3502,0.05561526816787045,0.0560167229516868
3503,0.055615193878325,0.05601667806847565
3504,0.055615080639634336,0.05601666675479845
3505,0.055614839323211006,0.05601666864111777
3506,0.05561466834966451,0.056016653207986884
3507,0.055614491620759536,0.05601677319388355
3508,0.055614471423064867,0.05601676960905068
3509,0.05561445860302186,0.05601676757874973
3510,0.05561427638014077,0.056016762149640305
3511,0.05561405465632392,0.05601676995628537
3512,0.055613812252357404,0.05601677407273829
3513,0.05561361048792507,0.05601667205455562
3514,0.05561338005229748,0.056016747832178214
3515,0.05561329331950414,0.05601675078374557
3516,0.05561326572315864,0.05601673187197626
3517,0.05561316912350769,0.056016670819367176
3518,0.055613041914148176,0.05601668657353772
3519,0.055612965817611736,0.05601663937717183
3520,0.05561266076703119,0.05601650512839078
3521,0.05561263775450867,0.056016493068562795
3522,0.055612589552408206,0.056016508343547135
3523,0.055612377678725,0.05601655949170329
3524,0.055612350682985985,0.05601656638411068
3525,0.05561211569541698,0.056016638976129164
3526,0.05561206876746505,0.05601662571250907
3527,0.05561192647260197,0.05601657482636299
3528,0.055611897833711524,0.05601656478257852
3529,0.055611837006625954,0.056016586478342185
3530,0.05561181756746107,0.05601659993878632
3531,0.05561174157479808,0.056016576999692605
3532,0.0556116179549423,0.05601653717432149
3533,0.05561141461571644,0.05601657468467721
3534,0.05561139221447559,0.05601657181321473
3535,0.05561121222155476,0.056016566204814974
3536,0.05561119809935041,0.05601656656558494
3537,0.055611060549217405,0.05601660623150883
3538,0.05561103878656193,0.056016609929450845
3539,0.05561079899514568,0.056016621579760825
3540,0.05561066549074032,0.05601664573117195
3541,0.055610533785419115,0.05601663098111595
3542,0.05561053043763371,0.05601663072024154
3543,0.055610449751522746,0.05601668119477399
3544,0.05561043326178216,0.05601668118012025
3545,0.05561036403819555,0.056016695559008865
3546,0.055610218367395894,0.056016754317532086
3547,0.05561005907719457,0.05601668724076555
3548,0.05561000478395622,0.056016652810619544
3549,0.05560985403833233,0.05601659923960335
3550,0.05560984500867099,0.05601660223620784
3551,0.05560976990471669,0.056016527497389404
3552,0.05560966776968353,0.05601644971026745
3553,0.05560957741078602,0.05601642276072645
3554,0.05560941028276944,0.05601638318155075
3555,0.055609201133314703,0.056016312347611785
3556,0.05560915322415821,0.05601625827612054
3557,0.055608928494069704,0.056016279386411315
3558,0.055608734766082794,0.05601626101515164
3559,0.05560853601628034,0.0560160713824536
3560,0.05560846884225138,0.05601607437243286
3561,0.055608196172377146,0.05601619203875563
3562,0.05560815190311961,0.05601619337998988
3563,0.0556080583604082,0.05601617732199538
3564,0.05560804196912909,0.05601618262015848
3565,0.05560786237356932,0.05601625687175181
3566,0.05560773765369529,0.056016243906337665
3567,0.05560763865070979,0.056016224227891286
3568,0.055607432759499115,0.05601623255720446
3569,0.05560736970459704,0.05601617526243786
3570,0.055607195999724614,0.056016128455943615
3571,0.05560699018656594,0.05601622200160525
3572,0.05560678769458276,0.05601625859264043
3573,0.05560667873521146,0.05601612219327354
3574,0.05560667463742376,0.05601612169792695
3575,0.05560659589166051,0.05601616722718011
3576,0.055606414264019945,0.056016067699050556
3577,0.05560618915298282,0.05601588631473365
3578,0.055606004107825464,0.05601586538293684
3579,0.05560598373578879,0.05601587150074099
3580,0.055605917999668394,0.05601588084975675
3581,0.055605714393508476,0.05601614516370316
3582,0.05560557740482315,0.05601606074617869
3583,0.055605319878932365,0.056015816778827214
3584,0.05560530698700232,0.05601581710678343
3585,0.055605145246594295,0.056015867038862
3586,0.05560506417237115,0.05601579922122412
3587,0.05560485786124131,0.05601577112498819
3588,0.05560471152579944,0.05601574529816777
3589,0.05560468479065197,0.056015725703173334
3590,0.05560444602988012,0.056015863273123453
3591,0.05560402268881316,0.056015777239338156
3592,0.05560391181953239,0.056015754122373806
3593,0.055603435975661294,0.0560158486274288
3594,0.0556034331926941,0.056015848629427684
3595,0.05560329500506363,0.05601581198185157
3596,0.05560315836075426,0.05601575011931104
3597,0.0556030324581366,0.05601568783664214
3598,0.05560290865594083,0.05601573449125862
3599,0.05560269244219829,0.05601564989932747
3600,0.05560247722536453,0.056015603227699155
3601,0.05560237556629801,0.056015558266457044
3602,0.05560232594226221,0.05601559594391079
3603,0.05560221306984082,0.056015583899533705
3604,0.05560202007587314,0.05601560502027202
3605,0.05560191835024625,0.056015569752702984
3606,0.05560174264583842,0.05601552030420306
3607,0.05560161464718912,0.056015503400529965
3608,0.055601480424492665,0.05601550952901128
3609,0.055601374190339885,0.05601540636907573
3610,0.05560127647129594,0.05601537310164474
3611,0.05560126410483172,0.05601536506415674
3612,0.05560115278425703,0.056015384550479046
3613,0.055600995191820594,0.05601551302132944
3614,0.055600822399754286,0.056015588462526036
3615,0.05560070472724733,0.056015466748525033
3616,0.05560039614185204,0.05601552542772402
3617,0.055600361965204154,0.05601552737661674
3618,0.05560020593778433,0.056015420916500726
3619,0.05560018355471125,0.056015423946639796
3620,0.05560010147236172,0.056015413401503795
3621,0.055599852549002474,0.05601532087692977
3622,0.05559965720639589,0.05601551030554198
3623,0.05559953479323675,0.05601547027174192
3624,0.055599419965436415,0.056015317579973065
3625,0.05559911045044237,0.05601527500855278
3626,0.05559908270759245,0.05601525850565274
3627,0.05559889705706348,0.056015252891126736
3628,0.055598715903044806,0.05601518607140794
3629,0.05559856377813629,0.05601511427537727
3630,0.05559855776059015,0.05601510821899676
3631,0.05559843564290818,0.056015120086140166
3632,0.05559835786419119,0.056015114230963454
3633,0.05559816408420965,0.05601501481146128
3634,0.05559798542252342,0.05601497910851155
3635,0.05559777072518013,0.056014973047081466
3636,0.05559764160204207,0.05601492204642918
3637,0.055597525845960734,0.05601486107665297
3638,0.05559750903435118,0.056014869643945094
3639,0.05559730354168373,0.0560147876391011
3640,0.05559714970732441,0.05601472095395199
3641,0.055596975721601265,0.056014678565073785
3642,0.05559682889582971,0.05601459181764807
3643,0.05559659391983686,0.05601467260447373
3644,0.055596369691323165,0.056014692826205865
3645,0.05559610440525929,0.056014506456178274
3646,0.05559592188703773,0.0560144497870759
3647,0.0555958418836095,0.056014442852684886
3648,0.05559568305077245,0.056014413780407606
3649,0.055595644960665665,0.056014369066519014
3650,0.05559557977491787,0.056014315850616885
3651,0.055595488818744966,0.05601437473912158
3652,0.055595268063129394,0.05601442313660195
3653,0.055595178240033204,0.056014359882309024
3654,0.05559501622829792,0.05601439874418006
3655,0.05559481435696289,0.056014427604445534
3656,0.05559455655061322,0.05601448507184197
3657,0.05559453202500528,0.05601448676998722
3658,0.05559437910667906,0.05601446010829348
3659,0.055594237365755125,0.05601442832366843
3660,0.05559404596207949,0.05601440537170099
3661,0.055594004440530566,0.05601438012823435
3662,0.05559388575939337,0.05601439355340331
3663,0.0555936973315677,0.05601429172644731
3664,0.05559367468068493,0.056014292151944686
3665,0.05559363824199225,0.056014270445549554
3666,0.05559345784489389,0.05601415543387281
3667,0.055593354212549524,0.0560141572313881
3668,0.05559315860507459,0.05601416638686859
3669,0.05559314533253674,0.05601417622794389
3670,0.05559305691060031,0.05601413181691788
3671,0.05559286293831614,0.05601399651024942
3672,0.0555926272910703,0.056013925976667996
3673,0.05559249561106356,0.05601382532986251
3674,0.05559248558976073,0.056013823807640445
3675,0.05559226248453881,0.05601381600845835
3676,0.055592117726597216,0.056013790436599376
3677,0.05559207328317803,0.05601373351030134
3678,0.055591992721622484,0.056013735960826413
3679,0.05559193690680049,0.05601374364469714
3680,0.05559180036033364,0.056013758979505335
3681,0.0555916037777346,0.05601374793512963
3682,0.055591544072397976,0.056013755671080155
3683,0.055591513744876045,0.05601375067000731
3684,0.055591496584653476,0.056013752764097355
3685,0.05559137828434534,0.05601374370598196
3686,0.05559128805834947,0.056013691040486896
3687,0.05559111556381021,0.056013622174913985
3688,0.05559086985611331,0.05601359810353003
3689,0.055590849885583896,0.05601359093299713
3690,0.05559079509744495,0.056013577065314436
3691,0.0555907156793185,0.056013520216774006
3692,0.05559036991426593,0.056013532269869624
3693,0.05559028246469815,0.056013516466294454
3694,0.05559025618172906,0.05601349969722837
3695,0.05559014307018475,0.05601344124491612
3696,0.055590072814790094,0.056013348998263705
3697,0.0555900631595321,0.056013348995448714
3698,0.05558989835560569,0.056013348153825075
3699,0.05558970502776589,0.05601341778916878
3700,0.055589643671891995,0.05601343656875095
3701,0.055589477495223874,0.05601339427600629
3702,0.05558935625227645,0.05601335015801933
3703,0.055589230100250374,0.05601333015759483
3704,0.05558903628771843,0.05601329207655782
3705,0.05558887900474862,0.056013231473160265
3706,0.05558875829859369,0.05601320941522521
3707,0.055588588051724244,0.05601322810822168
3708,0.05558837680076016,0.056013308704219014
3709,0.05558829017822718,0.0560133443616538
3710,0.05558816852545948,0.05601337582452865
3711,0.05558803715332819,0.05601337605230156
3712,0.05558784221161525,0.05601338408942119
3713,0.055587608201505975,0.056013471434309736
3714,0.055587534122599425,0.056013467015888115
3715,0.05558743790068178,0.05601346467511304
3716,0.05558741853951361,0.05601346208105522
3717,0.05558736355434656,0.05601340514552587
3718,0.05558728288587681,0.0560133022581693
3719,0.055587096543841016,0.05601316332549539
3720,0.055586883631958364,0.056013304189181934
3721,0.0555867184141497,0.05601329885280318
3722,0.05558649436642807,0.056013272579796
3723,0.05558645673044817,0.05601326759731348
3724,0.05558633336224094,0.05601324068850195
3725,0.055586238925942145,0.05601326502508044
3726,0.055586146524326946,0.05601322788795035
3727,0.05558582834562306,0.0560130899565185
3728,0.055585632310142685,0.05601302330348406
3729,0.055585605222075764,0.0560130234405502
3730,0.05558554862591074,0.05601301532662464
3731,0.05558539810736295,0.056013193675098515
3732,0.055585269239860034,0.05601313340551614
3733,0.05558499102194393,0.056013283095737366
3734,0.05558477816852783,0.056013208264341176
3735,0.05558453609442034,0.05601319324506622
3736,0.05558438796274423,0.05601309375634828
3737,0.05558426985328486,0.05601303207029887
3738,0.055584051851885086,0.05601295638860538
3739,0.05558392427460182,0.0560130243362094
3740,0.05558380060940416,0.05601296653039337
3741,0.05558360862322649,0.056013034707300846
3742,0.05558344296149221,0.056012999158165246
3743,0.05558341596367264,0.05601299479547541
3744,0.055583407772435166,0.056013000040705946
3745,0.055583259295585656,0.05601302096487366
3746,0.05558317168514839,0.056012880299171425
3747,0.05558295574857113,0.05601283545517271
3748,0.05558291444952381,0.056012838751636505
3749,0.05558267363592913,0.056012630270865976
3750,0.05558265673798268,0.05601263152868844
3751,0.05558261055497448,0.05601264935112981
3752,0.055582406678834545,0.056012642615216574
3753,0.05558229136104148,0.05601262356603009
3754,0.05558219668898197,0.05601260731923667
3755,0.05558201969451317,0.05601257533190343
3756,0.05558188861203455,0.056012591713060424
3757,0.055581638915893655,0.05601256032941953
3758,0.055581554815903156,0.05601260287628759
3759,0.055581509570173444,0.05601259843200668
3760,0.05558132390111946,0.05601253549196438
3761,0.05558125654683623,0.05601253486876051
3762,0.05558110545732778,0.05601243878563018
3763,0.0555809029986732,0.056012282509401004
3764,0.05558068320997414,0.05601231147912506
3765,0.055580578206552024,0.05601235203418212
3766,0.05558046874029003,0.0560122933196304
3767,0.05558028458859613,0.05601228742896624
3768,0.05558018722718298,0.056012240477737056
3769,0.05557984450148975,0.05601226544217865
3770,0.05557972967969963,0.05601229427277182
3771,0.055579687721406375,0.05601227402791339
3772,0.05557962671779855,0.05601221235080702
3773,0.05557945510794883,0.05601216961627776
3774,0.0555792854999682,0.056012032230900705
3775,0.05557926379294228,0.05601203241379894
3776,0.055579169909773914,0.05601195841748336
3777,0.05557896239236226,0.056011971282378586
3778,0.05557881631745678,0.05601199827939548
3779,0.05557878687898684,0.05601198923129776
3780,0.05557859780709961,0.05601190177542404
3781,0.05557858022314626,0.056011904510970024
3782,0.05557856524163417,0.056011906730561195
3783,0.055578445912606717,0.056011934099523646
3784,0.0555783224847771,0.05601198368720659
3785,0.055578203890465756,0.056012038311565655
3786,0.05557806513060085,0.05601203977982885
3787,0.05557800768383538,0.05601204071675639
3788,0.055577865294580746,0.056011967160438325
3789,0.05557767032524055,0.05601195706290255
3790,0.05557758086363768,0.05601192666618409
3791,0.05557740589779389,0.05601195594880946
3792,0.05557723551461276,0.056011917937553994
3793,0.055577119799710036,0.056011861198093135
3794,0.055576993350527494,0.05601180323022603
3795,0.05557692830913268,0.056011771076827435
3796,0.05557689286728083,0.056011751634580546
3797,0.05557670714528424,0.056011789040252065
3798,0.05557653185842924,0.05601167668248175
3799,0.055576346086448604,0.05601160753939052
3800,0.05557622328460499,0.05601163904599242
3801,0.05557619932150604,0.056011637078423195
3802,0.055576000756937416,0.05601170281295719
3803,0.05557575373774222,0.056011755830924534
3804,0.0555756094865313,0.05601170839808347
3805,0.05557543069319154,0.05601152660225615
3806,0.05557538268445924,0.05601150601021583
3807,0.055575352279475146,0.056011501812611754
3808,0.05557523166556855,0.05601141577788399
3809,0.0555752311074083,0.05601141523735553
3810,0.05557510990037615,0.05601133571380137
3811,0.05557505858456392,0.056011346911790154
3812,0.05557462640821565,0.05601082141642334
3813,0.05557446007051202,0.05601075814719442
3814,0.05557434696156387,0.0560107495220605
3815,0.05557418622684818,0.05601073401181381
3816,0.05557396353237268,0.05601073669411092
3817,0.05557394549459065,0.05601073826899647
3818,0.05557381287960759,0.05601075514185516
3819,0.055573547220425706,0.05601083576664651
3820,0.055573346710267216,0.05601070573328123
3821,0.055573284544148636,0.056010681176252644
3822,0.055573132124544976,0.05601067704522198
3823,0.05557295614891959,0.05601066462029035
3824,0.055572817608347445,0.05601066886615003
3825,0.05557273571220322,0.05601063292812335
3826,0.055572599230062844,0.05601061467506771
3827,0.055572386161799325,0.05601056722813003
3828,0.055572269625351944,0.05601042690048638
3829,0.055572050072673344,0.05601050607927754
3830,0.05557158092680385,0.05601005895921997
3831,0.0555714895059543,0.056010085160412074
3832,0.05557134745896142,0.05601009078040227
3833,0.05557118584025444,0.056010095835584535
3834,0.05557098999370713,0.05601014486859449
3835,0.055570773517605164,0.05601009300423739
3836,0.055570556572314106,0.056010031321405265
3837,0.05557040189241589,0.056009996376529605
3838,0.05557026016741844,0.056009922518555626
3839,0.05557005839320471,0.056009970174272644
3840,0.055570016638572306,0.05600997459230291
3841,0.05556968786614849,0.05600979060913302
3842,0.05556957897289859,0.056009801116991755
3843,0.05556950245657986,0.05600976412484508
3844,0.055569366199787924,0.05600979615917988
3845,0.05556928539090791,0.05600974960590479
3846,0.0555689891489571,0.05600965284330425
3847,0.055568864715501015,0.05600964680889504
3848,0.05556862380000251,0.05600963585279508
3849,0.05556847728546074,0.05600954372033336
3850,0.05556843233664294,0.056009548662681624
3851,0.05556829992403746,0.056009515327541115
3852,0.05556811090213682,0.05600935189403792
3853,0.055567862652454995,0.056009235228260616
3854,0.055567696281374195,0.056009274162109615
3855,0.05556729464005818,0.056009241329787095
3856,0.05556722081591319,0.056009283948086214
3857,0.05556702051062029,0.05600931989765988
3858,0.055566865228291844,0.05600917745165215
3859,0.05556667251109206,0.05600904691908536
3860,0.05556660963390356,0.0560089786864684
3861,0.05556655231995138,0.05600900110310232
3862,0.055566528654063994,0.05600898570927093
3863,0.055566455256434624,0.05600895498309026
3864,0.05556630451590724,0.05600898448708106
3865,0.05556605131009634,0.0560088950402364
3866,0.05556583575973739,0.05600887186664501
3867,0.055565708915846126,0.05600887291139468
3868,0.055565632283601105,0.05600889544227142
3869,0.05556559289408032,0.056008905473637134
3870,0.055565528146157145,0.056008890852180866
3871,0.05556546499372039,0.05600887685520206
3872,0.05556530261520116,0.05600888572866998
3873,0.055565216640063905,0.056008859454771735
3874,0.05556504658205903,0.05600889055599167
3875,0.05556489456598441,0.056008965740607576
3876,0.05556487451848228,0.05600896632305865
3877,0.05556482925196828,0.05600896549963175
3878,0.05556471009783492,0.05600898508322724
3879,0.05556453896493527,0.056008997479186744
3880,0.05556427076487289,0.05600889419786356
3881,0.05556421156874365,0.0560088905596303
3882,0.05556417488046911,0.05600888868752492
3883,0.055564023202118076,0.056008867337956264
3884,0.055563849798959584,0.056008794208228664
3885,0.05556365196364103,0.05600874389914618
3886,0.05556345645763339,0.05600874895019869
3887,0.055563398866644895,0.056008705803930574
3888,0.05556321095485178,0.05600860423778275
3889,0.055563201447023626,0.056008604248072344
3890,0.05556312606029879,0.05600851093515771
3891,0.055563017378843275,0.05600847505338517
3892,0.05556292009218696,0.05600854793011058
3893,0.05556272009166054,0.05600840024658752
3894,0.055562529363230494,0.0560084382551449
3895,0.055562435612727924,0.05600850039153722
3896,0.055562360827352636,0.05600845446774227
3897,0.055562081043214126,0.05600831814042631
3898,0.05556189952968881,0.05600830976212455
3899,0.05556174949956567,0.05600825497971853
3900,0.05556166811521243,0.05600822540444605
3901,0.05556166708623992,0.0560082253347915
3902,0.05556146134929587,0.05600816305638383
3903,0.055561291788715765,0.056008122080779196
3904,0.0555610548267635,0.05600813997783668
3905,0.05556101253372317,0.05600813557313544
3906,0.055560908655174795,0.05600813854075916
3907,0.05556075736686582,0.05600806960640784
3908,0.0555606394543586,0.05600799383687556
3909,0.05556057795062871,0.05600787246233823
3910,0.05556036631995674,0.05600780596425027
3911,0.0555603185057658,0.05600782259586866
3912,0.0555600261432896,0.05600773639988592
3913,0.0555599280348943,0.05600774721919389
3914,0.05555973421481503,0.05600766959196245
3915,0.05555969085994604,0.05600766936731499
3916,0.055559505243554325,0.05600767423923232
3917,0.055559357056904145,0.05600761113849565
3918,0.05555930123382794,0.05600761788656455
3919,0.05555928947924522,0.05600762153267604
3920,0.05555916741378876,0.05600759962368413
3921,0.055559146729971226,0.05600759390379151
3922,0.05555878483837234,0.05600755939933976
3923,0.05555859542760436,0.056007554634995294
3924,0.05555841482068169,0.056007520976839226
3925,0.0555582552808273,0.05600746685320192
3926,0.055558050505161244,0.056007392698920834
3927,0.05555798807115733,0.05600738809169562
3928,0.05555798211486617,0.0560073914178255
3929,0.05555786862312201,0.056007401395819084
3930,0.055557767918184835,0.056007409237717236
3931,0.055557620513639425,0.056007429517076705
3932,0.05555727488473803,0.05600740234182791
3933,0.05555723344609129,0.056007413213818955
3934,0.05555710193978366,0.05600738695262309
3935,0.05555695016710968,0.056007545285691344
3936,0.05555692427271955,0.05600756446509632
3937,0.055556761327311285,0.056007673977579026
3938,0.05555646247612696,0.05600750724244262
3939,0.055556288369650215,0.056007423239125095
3940,0.055556177485876074,0.056007427813926314
3941,0.05555609031234022,0.0560073895251784
3942,0.05555596483182749,0.056007284926258435
3943,0.05555572947467104,0.056007245189707566
3944,0.055555356592724085,0.056007108504802804
3945,0.05555525486071938,0.05600707471598109
3946,0.05555508355935237,0.05600706230433066
3947,0.055555030765723504,0.05600708642107561
3948,0.05555493571431499,0.056007009243441805
3949,0.05555485627743569,0.05600695754188175
3950,0.055554713551374674,0.056006874216962245
3951,0.055554597297891854,0.05600685492897127
3952,0.05555451430097993,0.05600686273800986
3953,0.05555434996813028,0.05600695880948934
3954,0.05555413949017669,0.05600698913610976
3955,0.05555406915228922,0.056006957069281674
3956,0.05555377593120554,0.05600698834246903
3957,0.055553565135298966,0.05600682765193193
3958,0.05555350872484264,0.0560068388866857
3959,0.055553286893030705,0.05600674023341813
3960,0.05555321379136594,0.05600672930814381
3961,0.055553144581241574,0.05600674715119235
3962,0.055553045242487734,0.056006741555792806
3963,0.05555285430552097,0.05600673409625305
3964,0.05555273398501437,0.05600665553715394
3965,0.055552584653600356,0.05600658981446604
3966,0.05555254504416688,0.056006570014479555
3967,0.05555244529202849,0.05600658988250678
3968,0.0555522962395555,0.05600681971858014
3969,0.05555226386345853,0.056006813359659825
3970,0.05555211020034909,0.056006732781082806
3971,0.05555197347174914,0.056006659964352744
3972,0.055551816618407614,0.05600659322751184
3973,0.055551610075899115,0.05600663396317851
3974,0.05555141551035137,0.05600658734113392
3975,0.05555138809567578,0.05600658765470571
3976,0.05555125929404938,0.05600653069779895
3977,0.05555122674756645,0.056006565013759294
3978,0.05555099780491277,0.05600651685480176
3979,0.05555086194935335,0.05600652088093621
3980,0.05555062543418229,0.056006539579805094
3981,0.05555038900457376,0.056006533935897475
3982,0.05555026882016594,0.0560065937278866
3983,0.05555009831334191,0.0560065776321509
3984,0.05555002492407309,0.0560064829382692
3985,0.05554975125123641,0.056006579001757734
3986,0.05554957450074995,0.0560065101568239
3987,0.05554954700840406,0.05600650960854213
3988,0.055549501527817374,0.05600650847443504
3989,0.055549349139808094,0.05600646103880495
3990,0.055549228257057215,0.05600637813880895
3991,0.05554909161226923,0.056006324760599455
3992,0.05554886674718465,0.056006325339289606
3993,0.05554865700612046,0.056006366588327
3994,0.0555484947774478,0.0560062778783641
3995,0.05554840824622347,0.05600629214146395
3996,0.05554814078135355,0.05600614194886359
3997,0.055548083770469284,0.05600612138345558
3998,0.05554790093734133,0.05600609134505151
3999,0.05554765922656133,0.05600599573682665
4000,0.05554761447550428,0.05600596715603298
4001,0.055547402409415414,0.056005949040695904
4002,0.055547307581038645,0.05600589009054127
4003,0.0555471411343903,0.05600598197343133
4004,0.05554695877051962,0.05600605157234493
4005,0.05554689137047627,0.056006042716835285
4006,0.0555468607352644,0.05600603643772233
4007,0.055546654030955885,0.056006014834697984
4008,0.055546464519765575,0.05600603391721758
4009,0.05554636899131795,0.05600602286946459
4010,0.0555463528742331,0.0560060228752048
4011,0.05554624926470715,0.05600612029948095
4012,0.05554612607953494,0.05600609334341932
4013,0.05554604230223951,0.056006160039456104
4014,0.055545867343978296,0.05600619524572134
4015,0.055545672092014775,0.05600620327243459
4016,0.05554563009451786,0.05600619214251768
4017,0.05554535208355332,0.05600601818913815
4018,0.055545280067123615,0.056006046304508846
4019,0.05554500739613994,0.056005782649290355
4020,0.05554490581100253,0.05600574771075253
4021,0.05554480552134895,0.0560057098959356
4022,0.05554449449607581,0.05600547798732054
4023,0.055544481934254396,0.056005472971907826
4024,0.05554432981148105,0.0560054046159206
4025,0.055544318074015935,0.05600540017825923
4026,0.05554426347982027,0.05600540059366563
4027,0.055544235224201384,0.05600541161090267
4028,0.05554420588453364,0.05600541237531312
4029,0.05554418953664526,0.05600541372767668
4030,0.05554414024224029,0.05600539011793527
4031,0.055543925369236906,0.056005470636000115
4032,0.055543885751475675,0.05600546186371927
4033,0.05554368691271525,0.056005434717246956
4034,0.055543636476498,0.05600545766873568
4035,0.05554356618816477,0.05600543104128271
4036,0.05554349505575068,0.056005455244763774
4037,0.05554339237402767,0.056005438405501484
4038,0.05554336783696532,0.05600544395691524
4039,0.05554325230426948,0.05600540703811952
4040,0.05554322549152977,0.056005399906255304
4041,0.055543098880278495,0.056005420830638815
4042,0.05554307827793081,0.05600541837456632
4043,0.055542926778948815,0.05600539575932919
4044,0.055542718982495624,0.056005380132471354
4045,0.055542512168426046,0.05600523943234408
4046,0.05554239617070547,0.0560052704306482
4047,0.055542261232135286,0.056005208811921
4048,0.055541960804982776,0.05600522741264579
4049,0.055541817337516335,0.0560052171215432
4050,0.05554166833643484,0.0560053058864486
4051,0.05554150297143001,0.05600519939937716
4052,0.05554139292712549,0.05600520556181705
4053,0.05554138890657885,0.05600520251325285
4054,0.055541383057718226,0.056005202243994336
4055,0.055541236471220244,0.05600524796477767
4056,0.05554109278914564,0.05600533043258701
4057,0.055540981608269216,0.056005289060980665
4058,0.055540819985750105,0.05600531166927489
4059,0.05554061376734566,0.05600536092511763
4060,0.05554050695161646,0.056005336599449285
4061,0.05554048088532008,0.05600534580546552
4062,0.055540423527867144,0.05600535182796483
4063,0.05554017852294539,0.05600528976614045
4064,0.055540075671143586,0.05600531183640902
4065,0.05554001634739121,0.05600530790561834
4066,0.055539887602583875,0.0560052335642124
4067,0.055539790169301315,0.05600519663601457
4068,0.05553975741937972,0.05600518290021559
4069,0.055539715101643995,0.0560051951735537
4070,0.05553947330276104,0.05600525018953276
4071,0.055539368897469264,0.0560052144302743
4072,0.05553923801273476,0.05600542047498105
4073,0.05553921439363855,0.05600542007509288
4074,0.05553913865005729,0.05600543535862911
4075,0.05553911536143369,0.05600544798811124
4076,0.05553904813853078,0.05600546391947598
4077,0.05553903138698261,0.056005463519328426
4078,0.055538978060511085,0.05600544365023848
4079,0.05553894079741923,0.0560054438234159
4080,0.055538908492203554,0.056005448614951506
4081,0.05553886175777726,0.05600544258290493
4082,0.05553871410981617,0.056005394455141286
4083,0.055538455076516585,0.056005327030150286
4084,0.055538241522882836,0.05600533569006438
4085,0.055538174756503696,0.05600542791219993
4086,0.05553799607367022,0.056005411724155144
4087,0.05553789480150422,0.05600544934501333
4088,0.055537657515911436,0.056005344306784985
4089,0.055537494696379926,0.05600538841983433
4090,0.05553715721396183,0.05600511140572473
4091,0.05553700299616523,0.05600510004322186
4092,0.05553690698764942,0.056005011226401426
4093,0.05553679369314963,0.05600498864996586
4094,0.055536776960829204,0.05600498379616725
4095,0.05553664793034296,0.05600492216570904
4096,0.055536614068408076,0.056004922008549465
4097,0.05553637032339995,0.056004857576018446
4098,0.05553635780484197,0.0560048609758165
4099,0.055536276296332565,0.056004818104219575
4100,0.05553625448262504,0.05600483852222659
4101,0.055536140524117726,0.05600479467466373
4102,0.05553597589844612,0.056004751919750975
4103,0.05553570878692599,0.056004858851481695
4104,0.055535575808909186,0.05600492855130915
4105,0.055535386157936184,0.05600480705932488
4106,0.0555351145618736,0.056004717675033254
4107,0.05553501129306696,0.05600470346769914
4108,0.05553483130720887,0.05600464005875388
4109,0.055534646587177855,0.05600447945684976
4110,0.055534639569855215,0.05600447836196779
4111,0.05553428111920193,0.05600399843046825
4112,0.05553415025432701,0.05600398001656879
4113,0.05553399040543678,0.0560039405577033
4114,0.0555338464596487,0.05600397474161251
4115,0.0555337148174948,0.05600398508983606
4116,0.055533483535001336,0.056003928314589516
4117,0.05553327810271801,0.05600395490632894
4118,0.05553313991052314,0.05600397332160616
4119,0.05553306344032711,0.05600399907526765
4120,0.055532888469952864,0.05600395696044746
4121,0.05553276293998764,0.05600392185915757
4122,0.05553273236759203,0.056003914167091974
4123,0.05553254176248275,0.056003900722839214
4124,0.05553239914264766,0.05600384757174446
4125,0.05553232097435458,0.05600379941814153
4126,0.0555321517787386,0.0560037314879678
4127,0.055532149140264116,0.05600373149418015
4128,0.05553210170954728,0.056003735032185684
4129,0.05553190869695369,0.05600362469070064
4130,0.05553188295735506,0.05600363499441339
4131,0.05553184173712055,0.056003602463528875
4132,0.055531662474749485,0.056003649796070996
4133,0.05553151903300839,0.056003639548050065
4134,0.0555313551960054,0.056003619030829586
4135,0.055531239965150594,0.05600367879572067
4136,0.05553096325814803,0.056003399890615646
4137,0.05553093624814175,0.05600339582383994
4138,0.05553077802546044,0.056003349107589175
4139,0.055530611731339226,0.05600332132682329
4140,0.055530486591612825,0.05600336686707048
4141,0.05553038485179426,0.05600337517275109
4142,0.0555302881817612,0.05600330864816288
4143,0.055530142407226785,0.056003291336554004
4144,0.055530140031856697,0.056003289526440056
4145,0.05552992168922583,0.05600314228479213
4146,0.055529742462510356,0.0560031528699121
4147,0.0555296287414913,0.05600319678157085
4148,0.055529453792555666,0.056003226948538445
4149,0.055529229086942876,0.05600321629764798
4150,0.055529050640763744,0.05600318120184101
4151,0.055529047294327366,0.05600318390479341
4152,0.055529043777727674,0.05600318565694349
4153,0.05552887782393106,0.05600334231989985
4154,0.055528859690871166,0.05600334299542976
4155,0.05552866942973189,0.05600325103645213
4156,0.05552841958217215,0.056003275290647206
4157,0.05552831675360166,0.056003163616096474
4158,0.055528137365104674,0.05600317014301981
4159,0.05552799920827849,0.056003161625246024
4160,0.05552777309222777,0.05600306065670601
4161,0.05552769466174095,0.0560030610431358
4162,0.055527500386625926,0.05600308026037964
4163,0.0555274590635442,0.05600312275035874
4164,0.05552741262283827,0.05600307816912708
4165,0.05552726402271287,0.05600307839961665
4166,0.05552724728246696,0.05600307853759103
4167,0.05552714167935273,0.05600309718482983
4168,0.05552713330377405,0.05600308712801118
4169,0.05552699712737491,0.056003086215595424
4170,0.05552697682284591,0.056003092617433546
4171,0.05552681617785929,0.05600305120602072
4172,0.05552665487167247,0.056002940434246404
4173,0.0555266022454501,0.056002917037674405
4174,0.05552645414166599,0.056003005301536034
4175,0.05552640229148345,0.05600302349940224
4176,0.055526228546513214,0.05600297988356068
4177,0.05552610551705935,0.056002963469705756
4178,0.05552596752447629,0.056002990351171913
4179,0.05552579143408183,0.056002970869165544
4180,0.05552569100417394,0.056002938095673256
4181,0.055525668777853567,0.056002906862932654
4182,0.055525441088744645,0.05600287223441196
4183,0.05552523098059125,0.05600281041821754
4184,0.055525059988590676,0.05600284358309912
4185,0.05552489598251293,0.0560028139501233
4186,0.055524871587814224,0.05600281519241882
4187,0.05552456237335344,0.05600279380450778
4188,0.05552446958291881,0.056002797562908414
4189,0.0555244600034241,0.05600280856035205
4190,0.055524148928052276,0.05600278368265895
4191,0.05552388491068678,0.05600268766512143
4192,0.055523811188388096,0.056002718317178034
4193,0.05552377074702432,0.05600273874551301
4194,0.05552355225367613,0.056002830776149405
4195,0.055523508754726364,0.05600286043958785
4196,0.05552340272871066,0.056002867967314136
4197,0.055523238917158955,0.056002867754149914
4198,0.05552317317844288,0.056002965334237924
4199,0.05552306835012387,0.0560029527833156
4200,0.055522989255781426,0.05600300433814481
4201,0.05552282822326438,0.056003055459952863
4202,0.05552259358476595,0.05600305094025865
4203,0.055522415757013964,0.05600299203569314
4204,0.05552230576281787,0.05600291868696057
4205,0.05552209032639497,0.056002838631794144
4206,0.05552198750450051,0.056002940368612676
4207,0.05552183508382936,0.0560028729956956
4208,0.055521728352524,0.05600289723538035
4209,0.05552169384227827,0.056002876492993854
4210,0.05552157046426809,0.05600283980752137
4211,0.055521562775127535,0.05600283810685858
4212,0.055521360240847126,0.05600283305112964
4213,0.05552123895517288,0.05600295692341482
4214,0.05552109210706049,0.056002953390934376
4215,0.05552090380351088,0.05600296097181737
4216,0.0555207518977986,0.0560029117343845
4217,0.05552069327965805,0.05600290026261094
4218,0.05552059465611425,0.056002886019744826
4219,0.05552053718789622,0.05600288366590023
4220,0.05552046831174438,0.05600290449564893
4221,0.055520448482882616,0.05600289775122646
4222,0.05552031879552798,0.056002921790841674
4223,0.0555202294971492,0.0560029705228394
4224,0.05552005921414005,0.05600296435165523
4225,0.05551988147245149,0.056002955277204926
4226,0.05551976540819757,0.05600293263897196
4227,0.05551966470726703,0.05600294387172962
4228,0.055519569775074926,0.056002937278260036
4229,0.05551937562547993,0.056002847958705845
4230,0.055519326374898134,0.05600285378845073
4231,0.0555191991054566,0.05600288523729179
4232,0.055519055982508246,0.056002904621516594
4233,0.0555189772237265,0.05600293461928835
4234,0.05551885234841265,0.056002943429704286
4235,0.05551881503278543,0.05600290506156271
4236,0.05551859258279282,0.05600283426238257
4237,0.05551847564329888,0.05600282197668851
4238,0.05551840188116757,0.05600282978375518
4239,0.055518182507416136,0.05600267888160317
4240,0.0555181129270362,0.05600264954092033
4241,0.05551809078455837,0.05600265083313333
4242,0.05551808259969849,0.05600265054486492
4243,0.05551806590583865,0.056002650458757436
4244,0.055517981468133006,0.056002632025224076
4245,0.05551763321626876,0.056002312350792734
4246,0.055517473483959065,0.05600233675652116
4247,0.05551721815239372,0.056002251785827274
4248,0.05551714426987348,0.056002267610239694
4249,0.05551701645983072,0.05600227730105268
4250,0.05551689381216495,0.05600227515752206
4251,0.055516738239523314,0.05600223818254694
4252,0.055516615539061856,0.056002203148011624
4253,0.05551639901232991,0.05600212098862009
4254,0.05551631025533666,0.05600213593668432
4255,0.05551613695127535,0.05600207542287229
4256,0.05551600443642343,0.05600195592440974
4257,0.05551585711515536,0.05600195173928815
4258,0.055515675684156905,0.056001986384100214
4259,0.055515639987820914,0.05600196746976608
4260,0.05551561308523532,0.05600197096152444
4261,0.05551546329555389,0.05600202553975943
4262,0.055515380458498326,0.0560020450527238
4263,0.055515200351476675,0.05600216651238247
4264,0.05551491657135062,0.05600218471350721
4265,0.05551471676137617,0.0560021177310551
4266,0.05551461687848399,0.05600213104104118
4267,0.05551440164371911,0.05600202063825731
4268,0.05551428549001938,0.05600205420078106
4269,0.05551403802195446,0.05600197848981232
4270,0.055514033784624765,0.05600197385798033
4271,0.055514012804153495,0.05600196059912545
4272,0.055513795047659846,0.05600195653370495
4273,0.05551378829613246,0.0560019540757678
4274,0.05551368146497859,0.056001946750104226
4275,0.05551365857148374,0.05600194269165118
4276,0.05551344214202911,0.05600194988920857
4277,0.05551324191332237,0.0560020136061183
4278,0.055512995875250014,0.0560019945169129
4279,0.05551280549613121,0.056002072316394313
4280,0.05551262662360685,0.056002038014156576
4281,0.05551244050866876,0.05600199280291188
4282,0.05551223785941088,0.05600198447222006
4283,0.05551206598890799,0.05600192445567
4284,0.05551183618861246,0.056001986573901694
4285,0.055511647638878836,0.0560019460962948
4286,0.05551146254994575,0.05600191405749415
4287,0.055511258874439,0.05600182228086672
4288,0.05551106039389906,0.05600184599132806
4289,0.055511052525733004,0.056001844831551524
4290,0.055510963209218445,0.05600183020131607
4291,0.05551067506160169,0.056001803550429864
4292,0.055510629737397565,0.05600181414887463
4293,0.05551035730332391,0.05600178416236777
4294,0.05551032287329024,0.05600179580632036
4295,0.055510150386342695,0.056001743020043175
4296,0.05551006646920939,0.056001750474497326
4297,0.05551003712193832,0.05600175052592263
4298,0.05551002527335366,0.05600175054794532
4299,0.055509898106665186,0.05600179128220783
4300,0.055509860054880296,0.05600177760196732
4301,0.05550965514606939,0.0560017599715121
4302,0.05550961894254843,0.05600178392930376
4303,0.055509614653307414,0.056001790043985186
4304,0.05550939628875739,0.05600175787148328
4305,0.055509352302271914,0.05600179837742419
4306,0.05550925530943831,0.056001794239791916
4307,0.05550922703899827,0.056001788898966946
4308,0.05550915973752647,0.05600183931233859
4309,0.055509043845825216,0.056001861145411176
4310,0.05550889846828754,0.056001679270978426
4311,0.05550871760732725,0.056001808741013126
4312,0.055508715577293824,0.05600181194467105
4313,0.055508684141435984,0.0560018142856885
4314,0.05550849982841524,0.05600181877123198
4315,0.055508439553311084,0.05600180864452155
4316,0.05550835113612593,0.056001750158950196
4317,0.055508231039274276,0.056001778233612944
4318,0.05550810335727802,0.056001723976357595
4319,0.055507999209835936,0.05600173072658401
4320,0.0555079860993534,0.05600172868793461
4321,0.05550794093700041,0.05600165062286572
4322,0.05550765494681552,0.05600163973908795
4323,0.055507424403363564,0.05600168327637828
4324,0.0555072701757957,0.05600164816665476
4325,0.05550702072960103,0.05600158780999463
4326,0.05550698548339801,0.056001597690095856
4327,0.05550666107722241,0.05600156056422184
4328,0.055506566125760486,0.0560015513070176
4329,0.05550644664521743,0.05600153432710158
4330,0.055506262815487775,0.05600151627735057
4331,0.055506167340852675,0.056001528950166274
4332,0.05550616257154922,0.05600153114668321
4333,0.05550601471565385,0.05600153197255376
4334,0.05550592065694549,0.05600154956943858
4335,0.05550587554338679,0.05600155152418449
4336,0.055505770162844824,0.056001678593110775
4337,0.05550574994120224,0.05600166879374932
4338,0.055505614487130796,0.05600167903833366
4339,0.0555055981194735,0.05600169368274291
4340,0.055505501526766254,0.05600173615428548
4341,0.055505280969504564,0.05600172628924934
4342,0.055505078333021374,0.05600168887843082
4343,0.05550489876166972,0.05600171223494587
4344,0.055504853885920115,0.05600171312917823
4345,0.05550466292679243,0.05600173893921172
4346,0.055504629966326484,0.056001736549115645
4347,0.055504469103955546,0.05600170284283758
4348,0.05550429045894437,0.05600187508670521
4349,0.055504165803518586,0.056001839489132045
4350,0.05550411249153373,0.056001828181099
4351,0.05550398815892816,0.05600177972402312
4352,0.05550380099452345,0.056001711925627126
4353,0.05550357278801376,0.05600140338533571
4354,0.0555035515254134,0.05600140099937158
4355,0.055503523352946914,0.056001428080019594
4356,0.0555033681422718,0.05600144026118998
4357,0.05550336624480722,0.05600143987055119
4358,0.05550331202201938,0.05600137524217756
4359,0.055503195639345596,0.05600135791100119
4360,0.05550311465732261,0.056001418258007384
4361,0.05550310371642463,0.056001420305857204
4362,0.05550290097441497,0.056001494809206485
4363,0.05550282508714722,0.05600152236944371
4364,0.05550275340979409,0.05600154533633745
4365,0.055502662634705734,0.05600149035856257
4366,0.05550263913335761,0.05600147335718208
4367,0.05550247684051582,0.05600136763982535
4368,0.055502398035406894,0.05600134588343806
4369,0.055502257259662076,0.05600138302583923
4370,0.05550223780065711,0.05600140189215732
4371,0.05550209590352414,0.05600139970335259
4372,0.05550203026799845,0.05600139234117686
4373,0.05550191102103082,0.056001392857926484
4374,0.05550166879453951,0.05600141821489256
4375,0.055501526283863976,0.056001369308652654
4376,0.055501465643687756,0.056001369703290664
4377,0.05550145253019769,0.056001372111335664
4378,0.055501398932984294,0.056001356954501105
4379,0.055501185668444496,0.056001334780534956
4380,0.05550097711775394,0.056001188517959766
4381,0.05550085028817096,0.056001194155957376
4382,0.055500700395563866,0.056001092560757686
4383,0.05550062548124386,0.0560010521442979
4384,0.05550053776054471,0.05600110331368069
4385,0.055500270354749116,0.056001024909548495
4386,0.05550001083250683,0.056001025189887206
4387,0.05549990111831892,0.05600109129075366
4388,0.05549985664407712,0.05600109910666118
4389,0.055499841365198525,0.05600110152397548
4390,0.05549968732693726,0.0560011410880642
4391,0.05549951454624871,0.05600117072806705
4392,0.055499321677240525,0.05600106292152399
4393,0.0554991500879226,0.05600094737422963
4394,0.05549899827810192,0.056000949759846465
4395,0.055498901378716596,0.05600097617382797
4396,0.055498695314204434,0.05600093303209015
4397,0.055498512018365906,0.05600100680205611
4398,0.05549826186059332,0.056000887485676706
4399,0.055498207151088275,0.0560008641444654
4400,0.05549807323359219,0.056000877013336524
4401,0.05549803662214125,0.05600084945534437
4402,0.05549791166949918,0.05600077880128501
4403,0.055497840689193965,0.05600076203974439
4404,0.05549780453964324,0.05600077259441384
4405,0.05549779464938124,0.056000769729414035
4406,0.055497653560070186,0.056000700973047185
4407,0.05549755130680422,0.056000687486992884
4408,0.05549732994923358,0.05600052328858845
4409,0.0554973030240364,0.056000525953124936
4410,0.0554971829271763,0.05600054521025384
4411,0.05549702397029132,0.05600056264630504
4412,0.05549694862260011,0.05600052970245337
4413,0.055496791612538295,0.056000479017185634
4414,0.05549671245873755,0.05600051105073337
4415,0.05549665801563466,0.056000481431278025
4416,0.05549659562252063,0.056000475201664686
4417,0.055496467648310725,0.056000403782472494
4418,0.05549641466649937,0.05600039775365869
4419,0.0554963076116369,0.056000424837061906
4420,0.05549616243482789,0.05600049541364661
4421,0.05549603811155904,0.05600042607495764
4422,0.05549599678598962,0.05600042715185953
4423,0.055495710816650605,0.05600047670357597
4424,0.05549559642023914,0.05600050440126785
4425,0.05549544745772595,0.05600062090852336
4426,0.055495338217534364,0.056000624630603915
4427,0.05549517317346764,0.05600060500249656
4428,0.05549494030766652,0.056000564648962
4429,0.05549485348304467,0.05600062376434752
4430,0.05549471154737791,0.056000604948121105
4431,0.05549467875892989,0.056000584656494094
4432,0.05549443734390309,0.05600054514675849
4433,0.05549428683157793,0.056000516801903225
4434,0.055494229696208555,0.056000510198484024
4435,0.05549388388159942,0.056000491471628194
4436,0.055493680049874664,0.0560004937379523
4437,0.055493537535398034,0.056000532469377765
4438,0.05549335348191719,0.056000579277112376
4439,0.055493312064623886,0.05600058508018902
4440,0.05549323055189972,0.056000566378202964
4441,0.05549314603731692,0.05600054909370435
4442,0.055493121354695814,0.05600055991414406
4443,0.05549303352931921,0.05600057373347735
4444,0.055492903349843685,0.0560005777250789
4445,0.05549274521302757,0.056000584318584755
4446,0.05549271317570201,0.05600058283665046
4447,0.05549247180927517,0.056000553568437875
4448,0.05549240760966119,0.05600056843281278
4449,0.05549220595392493,0.05600061409531312
4450,0.05549212046862573,0.056000607231797075
4451,0.05549195044542943,0.0560005408570535
4452,0.05549190656006795,0.05600053126048771
4453,0.055491686672621617,0.05600048686100062
4454,0.0554914948293997,0.0560004998244123
4455,0.055491385748566255,0.056000492742612804
4456,0.055491348331020984,0.05600048496121419
4457,0.05549116430968499,0.05600038458265162
4458,0.05549101508438227,0.05600034469423531
4459,0.05549074783898223,0.0560003797892244
4460,0.055490438832448294,0.05600007606050599
4461,0.055490319318479066,0.05600006949459772
4462,0.0554901308500917,0.056000097676007
4463,0.05548995446233948,0.05600013047733544
4464,0.05548981958696723,0.05600019663456448
4465,0.05548962765496294,0.05600002890972211
4466,0.05548941614570033,0.05600001018046171
4467,0.05548916890428366,0.05599993155545717
4468,0.055488980885970055,0.05599987560706429
4469,0.055488649276068426,0.055999976081092286
4470,0.05548853132195183,0.05600000573393626
4471,0.055488433198341396,0.05599999927393898
4472,0.05548841278421133,0.056000001036075324
4473,0.055488182800882094,0.05599994370101379
4474,0.05548816050793801,0.055999915830675664
4475,0.055488031338437695,0.05599993438062024
4476,0.05548780811519846,0.05600001869538872
4477,0.05548770353965421,0.05600002328901681
4478,0.05548764173668611,0.05600003879530062
4479,0.05548754734037378,0.05599993550705557
4480,0.05548737634193585,0.055999919367410736
4481,0.055487197874465134,0.05599989273524415
4482,0.05548714980005569,0.055999897200153526
4483,0.05548702320922465,0.055999891170799315
4484,0.05548684483433084,0.05599986460456957
4485,0.05548670420435798,0.05599986122133864
4486,0.05548661226223016,0.05599983444824992
4487,0.05548658070297707,0.0559998349169072
4488,0.05548647782069207,0.055999890851755434
4489,0.05548626181463168,0.05599961462594797
4490,0.05548612169269456,0.055999651584775365
4491,0.05548596784592834,0.0559995881019525
4492,0.055485857254780876,0.05599952869012322
4493,0.055485797341497,0.05599953023955466
4494,0.05548560903384688,0.05599945460721527
4495,0.05548544569944783,0.05599950333439633
4496,0.055485269305749284,0.055999382712074545
4497,0.05548511614355014,0.05599944781841791
4498,0.05548510321425847,0.05599946014099578
4499,0.05548504339602302,0.05599946593633494
4500,0.05548490435277987,0.05599940325647885
4501,0.05548489267698553,0.055999402329133655
4502,0.05548467831527377,0.055999417155537315
4503,0.055484488587081215,0.055999499182622
4504,0.05548447432361186,0.05599949013974935
4505,0.055484271093250395,0.055999478184140715
4506,0.05548422730604939,0.05599946644619481
4507,0.05548420146746779,0.05599946861586334
4508,0.05548400330836702,0.05599942261034041
4509,0.055483841667056055,0.05599937289394212
4510,0.05548382527641965,0.055999377233643975
4511,0.05548369268557101,0.05599925924860869
4512,0.05548354997670085,0.05599917694277079
4513,0.05548330652349284,0.055999147550677184
4514,0.05548315687274336,0.055999131523532066
4515,0.055482988868287786,0.05599908414127959
4516,0.05548297516284238,0.05599908063641763
4517,0.055482787352860524,0.05599903671059563
4518,0.05548266524534809,0.05599896250657318
4519,0.05548247664325956,0.055999039164512314
4520,0.055482308862427325,0.05599902754366605
4521,0.05548221282061798,0.05599896423492196
4522,0.05548212719740274,0.05599903250879503
4523,0.05548204516480252,0.05599907979200433
4524,0.05548201452294513,0.05599907772419683
4525,0.05548189701061769,0.055999010080535136
4526,0.05548182366224838,0.05599898266420469
4527,0.05548160306493453,0.0559988326198062
4528,0.05548144321492439,0.055998862538345115
4529,0.05548127816053744,0.05599884317917835
4530,0.055481148662014125,0.05599884019607704
4531,0.05548096402147293,0.05599882652750231
4532,0.05548090889509486,0.05599883618865559
4533,0.05548082934136016,0.055998792355437234
4534,0.0554806548658102,0.055998691624472755
4535,0.05548047417599789,0.055998614823457596
4536,0.0554802999520405,0.055998524258294866
4537,0.05548027624586068,0.05599852613973874
4538,0.055480120256450174,0.05599840685544206
4539,0.05547997914380595,0.0559984217937887
4540,0.055479682836998064,0.05599839796664271
4541,0.05547942569287746,0.05599837202563874
4542,0.055479422498516597,0.05599837160954709
4543,0.05547930097690764,0.05599838786665922
4544,0.055478855884893395,0.05599834506605902
4545,0.05547867801161035,0.05599837967271364
4546,0.05547858282177256,0.05599841715096228
4547,0.05547858146806046,0.05599841600208978
4548,0.05547836867504529,0.055998390950002655
4549,0.05547832383611805,0.05599838955263438
4550,0.05547826287270792,0.05599836890516514
4551,0.05547811761399875,0.05599839052495047
4552,0.05547809985004478,0.05599838844092755
4553,0.05547793741291334,0.055998342166605694
4554,0.05547784489120428,0.05599835260837911
4555,0.055477644552454644,0.05599834319393764
4556,0.055477362035759,0.055998276417584224
4557,0.05547731126162928,0.055998285219547535
4558,0.05547716826064683,0.055998262155990165
4559,0.055477009859852204,0.05599826369398389
4560,0.05547685662280847,0.05599824247506581
4561,0.05547662952236005,0.05599820767038937
4562,0.0554764809751595,0.05599818473158676
4563,0.055476478503815214,0.05599818453941375
4564,0.0554763249433614,0.05599812912234232
4565,0.055476165455719866,0.05599803760187386
4566,0.055476022793790124,0.0559980505434862
4567,0.055475833352327066,0.055998069613375175
4568,0.0554758054877874,0.05599802796267432
4569,0.055475763537826975,0.05599803729618729
4570,0.055475666860437575,0.055997885661957854
4571,0.05547563677387715,0.05599789658668947
4572,0.0554756226616462,0.055997906696188836
4573,0.05547553471884788,0.055997948284418536
4574,0.05547533986694516,0.05599792700165135
4575,0.055475277248365915,0.055997961768700213
4576,0.05547526503317069,0.05599797713634022
4577,0.05547516835815416,0.05599799235885293
4578,0.05547501983199309,0.055998006445813354
4579,0.055474865367390366,0.05599799622576665
4580,0.055474703341100606,0.05599806211062494
4581,0.05547454516339224,0.05599807409525706
4582,0.0554742832643453,0.05599835438593076
4583,0.05547408350799554,0.05599835998926891
4584,0.055474062872734535,0.05599836854083486
4585,0.05547404104035434,0.055998366465718256
4586,0.055474003978055166,0.05599837644186773
4587,0.055473889642360635,0.05599836249584415
4588,0.055473754990849146,0.05599835791395702
4589,0.05547375147294827,0.05599834912961892
4590,0.055473656356297536,0.05599827958021266
4591,0.055473567855583876,0.055998274155086354
4592,0.055473464676459264,0.05599827414506992
4593,0.05547333268231787,0.05599822612065484
4594,0.05547316857727744,0.055998233616465234
4595,0.055473017549399393,0.055998171672467664
4596,0.0554730036561817,0.05599817762380418
4597,0.05547288368409659,0.055998172524262736
4598,0.05547273272695548,0.05599813040486645
4599,0.05547257100543121,0.055998219612468536
4600,0.05547242482254601,0.05599824776463491
4601,0.0554722707158503,0.055998277592690396
4602,0.055472198989225265,0.05599835186800868
4603,0.05547210416533979,0.055998393948929914
4604,0.05547192014213241,0.05599821465866087
4605,0.05547179717833154,0.05599818097993317
4606,0.05547165471708475,0.055998198425069104
4607,0.055471440272632865,0.055998271916108226
4608,0.055471433269300784,0.05599826570913593
4609,0.05547142965399054,0.0559982612925124
4610,0.05547139379326888,0.055998238159419005
4611,0.05547136160747377,0.055998249015067274
4612,0.055471323340828806,0.055998245004535166
4613,0.0554712098985725,0.055998230535181846
4614,0.055471162417953225,0.055998210322720225
4615,0.05547091425749735,0.055998131951348305
4616,0.055470810483086545,0.0559980646326801
4617,0.0554706657045188,0.05599809213023428
4618,0.05547033320581323,0.05599773009119365
4619,0.0554701520286613,0.055997667984810304
4620,0.05547008995252338,0.05599767332734957
4621,0.05547002890191087,0.05599765042596284
4622,0.05546993573409722,0.05599768312535745
4623,0.05546970270098811,0.05599756170543575
4624,0.055469534389954625,0.0559975718963295
4625,0.055469454957921265,0.05599758005310136
4626,0.05546938003435479,0.05599762956528578
4627,0.05546917107793545,0.05599761280858079
4628,0.05546904809720703,0.055997539488211366
4629,0.05546900322297799,0.05599753340722156
4630,0.055469000689922214,0.055997534105375224
4631,0.05546899867570504,0.05599753336402418
4632,0.05546881663749864,0.05599758186892544
4633,0.05546860951696575,0.055997614807233455
4634,0.0554683324076937,0.05599749925795634
4635,0.05546815855177098,0.05599742923900473
4636,0.055468028399928974,0.055997421446125746
4637,0.0554679922244423,0.05599741949307874
4638,0.05546785805278898,0.05599743285807044
4639,0.05546760288732254,0.055997423519395975
4640,0.05546738074287691,0.0559973816275631
4641,0.055467161430177624,0.055997371301189716
4642,0.05546705466830262,0.0559973037094891
4643,0.05546694732571025,0.055997328732852555
4644,0.05546692934775293,0.055997335126191865
4645,0.055466865863687605,0.05599732974550935
4646,0.05546665435420677,0.05599720844172744
4647,0.0554665397174739,0.05599714280271352
4648,0.05546646477645574,0.055997203314293156
4649,0.05546632149575145,0.05599722217755435
4650,0.05546613135270681,0.055997099104915835
4651,0.055466105399069744,0.05599710553855974
4652,0.05546606572986407,0.055997110884011075
4653,0.055465892742986855,0.055997024294226004
4654,0.05546585506005255,0.05599702205343391
4655,0.05546578036423846,0.0559970065250578
4656,0.05546575650906925,0.055997005639605586
4657,0.05546569104550607,0.055997021263009976
4658,0.05546563951189765,0.05599704698654876
4659,0.05546556083698114,0.05599698192148115
4660,0.05546549417993934,0.05599697992225607
4661,0.05546536512130448,0.055996911478499355
4662,0.055465258889495585,0.05599693873756389
4663,0.055465152215090165,0.0559969853019783
4664,0.05546502536372646,0.055996909361944805
4665,0.055464953481941685,0.05599690565841404
4666,0.05546493818890055,0.05599689876132315
4667,0.05546491737577339,0.05599690001712153
4668,0.055464788001859056,0.055996833615682064
4669,0.055464558572367206,0.055996831425337554
4670,0.05546452804345619,0.055996823585310544
4671,0.05546449869351204,0.05599681506140491
4672,0.055464435258269905,0.05599677073507088
4673,0.05546419606479245,0.05599662404987173
4674,0.05546417386847224,0.05599661445999195
4675,0.05546401718360849,0.0559967066969925
4676,0.055463867275754974,0.05599661855221416
4677,0.05546378275992126,0.05599657537840525
4678,0.05546360489404212,0.055996630176767696
4679,0.05546353209244811,0.05599661192752847
4680,0.055463398953273006,0.055996615951081685
4681,0.05546316737435609,0.05599664950658627
4682,0.0554631591401393,0.05599664891193752
4683,0.055463055521152715,0.05599664668490575
4684,0.0554629729617322,0.055996657302738395
4685,0.055462877659567915,0.05599663616966735
4686,0.055462702550914934,0.05599661867239537
4687,0.055462512731261,0.055996747481344596
4688,0.055462395461319244,0.05599673089847617
4689,0.05546224217190647,0.055996688974080236
4690,0.055462229543231184,0.055996692994750144
4691,0.05546215705391853,0.055996658505049424
4692,0.05546210487207317,0.055996638225650736
4693,0.055461942192228976,0.055996517227689266
4694,0.05546175549084439,0.05599654347772786
4695,0.055461644498756624,0.05599654777558748
4696,0.05546152350346409,0.05599653306390303
4697,0.05546142484075349,0.05599654006264317
4698,0.05546119533387262,0.05599658072265623
4699,0.05546107376443064,0.05599661282621126
4700,0.05546100205056415,0.055996594801448654
4701,0.05546076371260036,0.05599659485933925
4702,0.05546063435926904,0.05599653977057724
4703,0.0554606193845856,0.05599653404184598
4704,0.055460430951782075,0.05599641271466489
4705,0.055460222082219325,0.0559964337355921
4706,0.05546001549057729,0.055996440795513185
4707,0.055459796616558386,0.0559963841994776
4708,0.05545976371073857,0.0559963885641754
4709,0.055459711863362994,0.055996343876127355
4710,0.05545960808318143,0.05599639104806693
4711,0.05545957740494719,0.055996338938856055
4712,0.05545949556495575,0.05599630036832016
4713,0.05545943824552205,0.05599629561019237
4714,0.055459302886995944,0.055996189389470104
4715,0.055459207989988844,0.05599624413061186
4716,0.055459064866915916,0.05599621932467047
4717,0.05545898735982312,0.055996168229787965
4718,0.055458977209280745,0.05599617164580739
4719,0.05545896256157797,0.05599618130558885
4720,0.0554586948169196,0.055996237484037766
4721,0.055458608280929474,0.0559962840433028
4722,0.05545847304739917,0.055996399792346586
4723,0.05545843705432536,0.055996395514525885
4724,0.05545840905103534,0.05599639495603254
4725,0.05545824538916578,0.05599637666331683
4726,0.05545806504802657,0.05599629160648002
4727,0.055457891493299515,0.05599624218911813
4728,0.05545780262475619,0.05599623000155364
4729,0.0554576442579064,0.05599618295757144
4730,0.05545741061541987,0.05599615664507675
4731,0.05545721661122974,0.05599620539451146
4732,0.05545712549412144,0.05599621179514019
4733,0.05545692466024436,0.055996124601585075
4734,0.05545684369900222,0.05599609649893578
4735,0.05545674477547408,0.05599616212240096
4736,0.05545655211615808,0.05599620308647528
4737,0.05545653822036414,0.05599619449224264
4738,0.05545642343905021,0.05599612590781092
4739,0.05545639886823143,0.05599612764158842
4740,0.05545635034968909,0.05599619897835364
4741,0.05545622019244431,0.05599627409204122
4742,0.05545608744299322,0.05599637601074608
4743,0.055455917689691506,0.05599632265572395
4744,0.055455836395529874,0.05599634457442004
4745,0.05545571825146576,0.055996308357837116
4746,0.055455623805173694,0.055996316662934004
4747,0.055455506772339666,0.05599630016333272
4748,0.055455453995666364,0.055996313705893724
4749,0.05545531057205987,0.055996247263408835
4750,0.055455156062791076,0.05599629329909052
4751,0.05545494511456276,0.05599626671288675
4752,0.05545469839272063,0.055996190432343024
4753,0.05545452308884518,0.05599615051043765
4754,0.055454331184148845,0.055996173602262216
4755,0.055454106673322484,0.055996236837322085
4756,0.05545403265673686,0.05599620688259544
4757,0.05545395349079992,0.055996184936938954
4758,0.05545353802504989,0.055995612398395754
4759,0.05545346314947888,0.05599560254545965
4760,0.055453449775799725,0.05599557940706006
4761,0.05545326948243271,0.05599550494614189
4762,0.05545316142249441,0.055995471533579
4763,0.05545280188030131,0.055995540806797715
4764,0.05545273184009507,0.05599556902008954
4765,0.05545235540602012,0.055995682826477045
4766,0.055452211299228504,0.05599563400741729
4767,0.05545211371478238,0.05599561405818792
4768,0.055451894951736025,0.05599567143002074
4769,0.05545188210128423,0.0559956669310295
4770,0.055451764301239735,0.05599580253615808
4771,0.055451660747873215,0.05599583832019529
4772,0.05545163801245569,0.05599583996777156
4773,0.05545136041430148,0.055995859502843234
4774,0.05545131077451423,0.055995856483997915
4775,0.05545128603917177,0.055995859631158856
4776,0.05545113609031199,0.055995832449706545
4777,0.05545111087237485,0.055995819986710216
4778,0.055451075497709765,0.05599583317170533
4779,0.05545105271578312,0.055995833292344206
4780,0.05545093385506393,0.05599580116911133
4781,0.05545068254952837,0.055995839074368656
4782,0.055450560408249965,0.05599581757476845
4783,0.055450461321347254,0.05599580947931164
4784,0.05545039899579304,0.05599577893787909
4785,0.05545031354799726,0.0559958119549903
4786,0.055450063288488664,0.05599580591376824
4787,0.05545004728009349,0.05599581165827793
4788,0.055449872820729766,0.055995786307448524
4789,0.05544981887579845,0.05599579760930238
4790,0.05544973139052074,0.05599578635078497
4791,0.055449600331453165,0.05599570954830743
4792,0.05544956072902244,0.055995659274910556
4793,0.055449559167278194,0.05599565976299042
4794,0.05544940183604786,0.05599564362432066
4795,0.05544910727910185,0.055995421449895874
4796,0.0554490260668324,0.05599542925420706
4797,0.05544888055145925,0.055995364203667936
4798,0.05544840813418897,0.055995430692970145
4799,0.05544832997375897,0.05599533761802426
4800,0.0554482631815528,0.05599534107243474
4801,0.055448068608715304,0.05599539492716803
4802,0.055447850373502854,0.0559953122219439
4803,0.055447747611669616,0.05599536425772957
4804,0.05544768169669462,0.05599534087663793
4805,0.05544742607163916,0.05599526894919261
4806,0.055447415011389986,0.055995275185284715
4807,0.05544722642245931,0.05599530307010198
4808,0.05544696529959239,0.0559951585424226
4809,0.05544696299575269,0.05599515858642805
4810,0.05544695044024964,0.05599516415223596
4811,0.055446846575191264,0.055995132392627156
4812,0.05544663693014734,0.05599503390825154
4813,0.05544640468120527,0.05599506129770743
4814,0.05544634250175942,0.05599503849262558
4815,0.055446240610411035,0.05599503336133086
4816,0.05544613686198465,0.05599503993759215
4817,0.055446080187325414,0.05599502525493668
4818,0.05544591060741643,0.055994983870695174
4819,0.05544578051981423,0.05599497628896676
4820,0.055445699002791046,0.05599495349365182
4821,0.05544552568732847,0.05599497968208823
4822,0.05544546435825434,0.05599490850887208
4823,0.055445340232318834,0.05599484511729529
4824,0.05544518341727966,0.05599480813414487
4825,0.055445012144335545,0.05599473651395973
4826,0.05544484498817436,0.0559948887273732
4827,0.05544468455447484,0.055994867662465364
4828,0.055444596328050856,0.055994900157752235
4829,0.05544454639348043,0.05599491673356959
4830,0.05544441917246099,0.05599492019833117
4831,0.05544422956554695,0.05599493180259578
4832,0.055444200996168876,0.05599492596850544
4833,0.05544413590633567,0.05599489710173701
4834,0.055444115811430016,0.05599491699044557
4835,0.05544407520853468,0.05599490094824518
4836,0.055443948683495406,0.055994872504010564
4837,0.05544383397011029,0.05599481313441042
4838,0.0554438288758694,0.05599481018237369
4839,0.0554436931481957,0.05599489571893982
4840,0.05544363102256812,0.05599483180558405
4841,0.05544351918491537,0.05599488285977858
4842,0.05544336549344566,0.05599498705829961
4843,0.05544330909886068,0.055994969677913
4844,0.05544306177414094,0.05599487403854115
4845,0.055442893436586274,0.0559949316775643
4846,0.055442814951823,0.05599494761597866
4847,0.05544272710306106,0.055994962398005846
4848,0.05544255935111168,0.05599499953298485
4849,0.05544245211909223,0.05599494866604962
4850,0.05544224533973735,0.055994852527935686
4851,0.055442036414705964,0.055994718385934124
4852,0.05544180038746478,0.055994629044781766
4853,0.0554417603278828,0.05599460836513371
4854,0.05544167002976386,0.05599466531778564
4855,0.055441553810030304,0.0559946494567945
4856,0.05544154306765747,0.05599464919235537
4857,0.0554415070576263,0.05599465311979243
4858,0.055441332355707175,0.05599456613295003
4859,0.05544121772053953,0.05599463327901025
4860,0.05544119110418557,0.05599464844974752
4861,0.05544118702875895,0.055994653935966136
4862,0.05544110878765313,0.05599465986197602
4863,0.055440972156698916,0.05599467841732518
4864,0.0554409368815924,0.05599465114115501
4865,0.05544092525593996,0.05599466130566059
4866,0.05544078102155275,0.05599454032441494
4867,0.05544058217670864,0.05599455145465484
4868,0.055440511938858,0.05599455695135937
4869,0.05544042041133951,0.05599461360895031
4870,0.055440375814206265,0.05599461127414038
4871,0.05544022722783839,0.05599458090506956
4872,0.055439967144261214,0.055994566527005005
4873,0.055439791063548335,0.055994414191048815
4874,0.0554396695858899,0.05599431602098117
4875,0.055439521910409996,0.0559944436620643
4876,0.055439459635330486,0.0559944503286386
4877,0.05543936658894341,0.05599440501185798
4878,0.055439251433666,0.0559944549728326
4879,0.05543913470678629,0.05599440171772328
4880,0.055439033419100774,0.05599444121900937
4881,0.05543896891531124,0.05599444338167133
4882,0.055438671532419895,0.055994533882784886
4883,0.05543846412041517,0.055994409582731136
4884,0.05543844778323543,0.05599440796023976
4885,0.05543838203253342,0.05599443479847165
4886,0.055438282172818924,0.05599442325869729
4887,0.055438119125494865,0.05599439110263813
4888,0.05543811593351121,0.05599439060525725
4889,0.05543797658819817,0.055994421502755985
4890,0.05543783347675961,0.05599443637795443
4891,0.055437653891655406,0.05599442131390635
4892,0.05543747503367591,0.055994427171540184
4893,0.05543744581628259,0.05599441890788744
4894,0.05543735609298471,0.05599447634547169
4895,0.05543729394489869,0.055994465555274056
4896,0.05543726583623554,0.05599444186274458
4897,0.05543716430157849,0.05599439794824584
4898,0.055437137136283225,0.05599439499645472
4899,0.05543711996922936,0.05599439578900362
4900,0.05543704545632877,0.055994306488487626
4901,0.05543683353388969,0.05599428989625725
4902,0.05543676293771878,0.05599427616959652
4903,0.055436598039303446,0.05599433163451144
4904,0.05543642872783815,0.05599423931953792
4905,0.055436173719087094,0.055994203818132506
4906,0.055436155493873526,0.05599420515427466
4907,0.055436036044819885,0.055994134266938125
4908,0.055435951222711624,0.05599411507349044
4909,0.055435827457175256,0.05599416487186449
4910,0.05543573072146274,0.055994165062676765
4911,0.05543557929654749,0.05599419172193343
4912,0.05543536269456778,0.055994152078606266
4913,0.055435203611606504,0.05599416252104718
4914,0.05543511626408899,0.05599423995027277
4915,0.05543508564256685,0.05599422772458091
4916,0.05543494870288998,0.05599410525682302
4917,0.05543476734165381,0.055994211604145985
4918,0.055434582703748056,0.05599424968346207
4919,0.05543451423590083,0.055994221199719856
4920,0.05543445980766161,0.05599424303807879
4921,0.055434405991959465,0.05599419989515763
4922,0.05543431206771193,0.05599418894749962
4923,0.05543423059105076,0.055994186547863256
4924,0.05543400268167537,0.05599416784050856
4925,0.05543387092342378,0.05599407863194854
4926,0.055433802197558536,0.05599406650233747
4927,0.055433616612187334,0.055994114369915776
4928,0.055433443376328426,0.05599408394161278
4929,0.05543316845601824,0.055994049691615574
4930,0.05543315853654484,0.055994062849343836
4931,0.05543304184674918,0.05599403177167062
4932,0.055432872833669225,0.05599394190458191
4933,0.05543271916656665,0.05599390578821655
4934,0.05543270068789119,0.0559938755598169
4935,0.05543249249265716,0.05599390332897446
4936,0.05543231918805023,0.05599393426818408
4937,0.055432092840183134,0.05599381302473454
4938,0.05543207704277537,0.05599381527391968
4939,0.05543188375420799,0.055993880601826196
4940,0.05543173692826688,0.05599399239551544
4941,0.055431728220566384,0.05599399249546281
4942,0.05543156696515745,0.05599399036001206
4943,0.05543146559293567,0.05599392278579666
4944,0.05543140961577503,0.05599392820630742
4945,0.055431247556717286,0.055993959816305644
4946,0.055431101033255055,0.055993868757668125
4947,0.055430972793912014,0.0559938086381602
4948,0.05543086702980627,0.05599381652186025
4949,0.055430810614888776,0.05599375972873276
4950,0.055430699986963664,0.05599377693361322
4951,0.055430669228634655,0.05599380704992909
4952,0.05543056793971987,0.055993708525003794
4953,0.05543035418312247,0.05599367084026915
4954,0.0554302706279649,0.05599365198340854
4955,0.055430220681800306,0.055993632274612425
4956,0.05543014766804686,0.05599362606996099
4957,0.05542998382388054,0.05599362792770801
4958,0.05542986996351299,0.05599370630252017
4959,0.055429704798766126,0.05599369987821038
4960,0.0554296965829894,0.05599369508356466
4961,0.05542963333953609,0.05599366972850268
4962,0.05542945669507291,0.055993602473825344
4963,0.055429377302017996,0.055993587198379866
4964,0.05542921147723092,0.05599363015930429
4965,0.05542905694246532,0.05599358780657613
4966,0.05542898071697951,0.05599356598448254
4967,0.055428768422517774,0.05599358705816995
4968,0.05542869322308891,0.0559936220182487
4969,0.05542864012777575,0.05599365671492134
4970,0.05542859136966489,0.05599365829488568
4971,0.055428514661259205,0.05599367029458131
4972,0.0554284855242811,0.05599367479823988
4973,0.05542845179898437,0.055993679280222905
4974,0.055428119581581725,0.05599337823942593
4975,0.055428009427931114,0.05599329023494392
4976,0.05542785757655177,0.05599330145821943
4977,0.05542783177840473,0.05599332442927853
4978,0.055427711069488864,0.05599333583804223
4979,0.05542769002903868,0.05599333309663261
4980,0.05542752640176742,0.05599335504296033
4981,0.055427339381684475,0.05599332385887035
4982,0.05542732244202593,0.055993322565953775
4983,0.055427291325824996,0.05599340737031977
4984,0.05542727070242864,0.05599340412826313
4985,0.055427132198745045,0.05599347134528054
4986,0.055426979845757424,0.05599349141578734
4987,0.055426851651032207,0.0559934527697257
4988,0.05542667381485163,0.05599347903211744
4989,0.0554265385243931,0.05599350170201874
4990,0.055426330334130594,0.05599344804143019
4991,0.05542630216647718,0.055993448916441785
4992,0.055426186891080524,0.05599343747687187
4993,0.055426101237285454,0.055993458035213065
4994,0.05542605670160336,0.05599345909579303
4995,0.055425836293918555,0.05599351289909041
4996,0.055425821848502387,0.055993520875597634
4997,0.05542561538123077,0.05599341312909445
4998,0.055425404432813095,0.05599336604488326
4999,0.05542540170153677,0.055993367218170116
5000,0.0554252678706746,0.05599340234681124
5001,0.05542511172012499,0.05599348583404524
5002,0.055424971835448915,0.055993471966195134
5003,0.05542474572043386,0.0559934725239639
5004,0.05542462898515761,0.05599343731730595
5005,0.05542456751843929,0.05599342112140765
5006,0.055424547665880876,0.05599342169000045
5007,0.05542438265839774,0.05599334677369249
5008,0.055424247916824126,0.055993332289241186
5009,0.05542394226658389,0.055993125497966076
5010,0.055423857273163554,0.05599314509270543
5011,0.05542381525155858,0.05599314676375286
5012,0.05542366107941978,0.05599310556601879
5013,0.05542361055610121,0.055993184496418685
5014,0.05542356162236892,0.05599323352798905
5015,0.05542352384280402,0.05599322625659464
5016,0.055423509370690724,0.0559932225157126
5017,0.05542341877188808,0.055993206383470905
5018,0.055423258760542944,0.05599317588002554
5019,0.05542323718833532,0.05599318489432159
5020,0.05542318223072761,0.05599317610882444
5021,0.05542306360178727,0.055993087632505205
5022,0.055422860395157675,0.055993143565776754
5023,0.0554226623856026,0.0559930397405272
5024,0.05542240154266896,0.05599291740894021
5025,0.05542227357204314,0.055993020992449155
5026,0.055422230446669024,0.05599304065041115
5027,0.0554222037641884,0.055993044816604845
5028,0.05542214233369087,0.05599303739910516
5029,0.0554220656618979,0.05599302296297353
5030,0.05542205823289647,0.055993024246442154
5031,0.055421905184469766,0.05599294865343303
5032,0.05542180403184237,0.05599296999236064
5033,0.05542171391648133,0.055992965562993616
5034,0.05542166872705339,0.0559929639482177
5035,0.05542142339923205,0.05599301277185827
5036,0.055421321107727434,0.05599301405523389
5037,0.05542123559935354,0.05599310438594716
5038,0.05542103909108958,0.05599306826552829
5039,0.05542074315972584,0.05599306341310424
5040,0.055420575566104316,0.0559931084754104
5041,0.055420473027520976,0.05599308998007296
5042,0.05542046922301141,0.05599308376404849
5043,0.055420299274605136,0.055993207305191015
5044,0.055420127447606674,0.05599317636102113
5045,0.05542004467434835,0.055993223737145666
5046,0.05542002474430089,0.055993243208741786
5047,0.0554198569658454,0.05599329025189531
5048,0.0554198056907885,0.055993257572976615
5049,0.0554197806354769,0.05599326490512896
5050,0.055419569442873066,0.05599326311866608
5051,0.05541941160121237,0.05599335108497983
5052,0.05541931382073183,0.05599333541999265
5053,0.05541923242463484,0.055993326817053476
5054,0.05541915956522008,0.05599332667527278
5055,0.05541915144202684,0.055993323525255836
5056,0.05541902226057024,0.05599334422836769
5057,0.0554189123311074,0.055993328566793274
5058,0.055418734550020846,0.0559933348166182
5059,0.055418601726788676,0.05599333446457093
5060,0.05541851923005108,0.055993343522358276
5061,0.055418317892560194,0.055993356701007024
5062,0.05541820959873735,0.055993362843865156
5063,0.05541808418322138,0.055993366700458465
5064,0.05541795108588106,0.05599334903563945
5065,0.05541780458079625,0.05599324917454666
5066,0.05541765674327188,0.055993243588374715
5067,0.055417478325223576,0.055993406807736255
5068,0.055417452941086146,0.05599340884373864
5069,0.055417252120226114,0.055993527255827714
5070,0.05541711865627547,0.055993483261116896
5071,0.05541710888841815,0.055993485394164697
5072,0.055416980277972684,0.05599344986388884
5073,0.05541673023691999,0.05599338229406899
5074,0.05541665079879613,0.05599343290192404
