0,0.16323833975417026,0.16342834079758234
1,0.15996957552994384,0.1601594082882689
2,0.156876577086408,0.15707242320434497
3,0.1538852947268696,0.15408230342651824
4,0.15096175477382703,0.15116237130076016
5,0.1480309165370818,0.14822946265224193
6,0.14528663233450523,0.1454851876718518
7,0.1427361178991661,0.14294090998086725
8,0.14006229853446725,0.1402637253821529
9,0.1375389162266928,0.1377446265863469
10,0.1351979376312268,0.13540091272095248
11,0.13283361120613307,0.13303586951078275
12,0.13059459993163205,0.1307881239280173
13,0.12817168370660345,0.1283622796170598
14,0.12586169917340384,0.12604799238964207
15,0.12367135803504203,0.12385805377483684
16,0.12161695263261765,0.12180615365241163
17,0.11950267699114386,0.11968561954661106
18,0.11750685886402094,0.11768591797730941
19,0.11555408096511642,0.1157299837726592
20,0.11359690420039914,0.1137761211749137
21,0.11181495427724011,0.11199309377268357
22,0.11007335891176215,0.11024918875562877
23,0.1083904788647158,0.10856222509645003
24,0.10676810766726845,0.106941672367886
25,0.10510234115586918,0.10527200687240815
26,0.10349903550109296,0.10367087455505142
27,0.10195930038170244,0.10212739060834135
28,0.1004683189501171,0.1006328741929875
29,0.09903791198795242,0.09920140492182354
30,0.09758616243663362,0.09774396567847614
31,0.0961859032023979,0.09633870610217996
32,0.09476561662237692,0.09491655967770186
33,0.09351275781048365,0.0936656120676176
34,0.09221837969578213,0.09236759874669692
35,0.09099560135379463,0.0911463232227632
36,0.08981406593899706,0.0899607959711612
37,0.08872080288422429,0.08886662758386911
38,0.08762715015634477,0.08776858363913442
39,0.08659858178805553,0.08673736840382798
40,0.08553150661778836,0.0856645014958009
41,0.08452739837126358,0.084656696915328
42,0.08354205491983939,0.0836645863340263
43,0.08260894612198394,0.08273266416404622
44,0.08168567440277927,0.0818047851820744
45,0.0808620687023496,0.08097815762728705
46,0.08000224179015569,0.08011507929512533
47,0.07918346302470833,0.0792940196762728
48,0.07839001585423287,0.07850007506331978
49,0.07763020340008053,0.07773623218690598
50,0.07686126861145712,0.07696653593709238
51,0.07621176862805076,0.07631308951158698
52,0.07553896511962788,0.0756369734471686
53,0.07483101444337213,0.07492742867782616
54,0.07418562184115424,0.07427797733363543
55,0.07354781010444367,0.07363657917169421
56,0.07291532458396005,0.07300175025461769
57,0.07232864500479647,0.07241142813786652
58,0.07179022701766453,0.07186957126462658
59,0.07128483395619056,0.07136172694259753
60,0.07079131898148835,0.07086605805627894
61,0.0702745686710905,0.07034634029789333
62,0.06982206858706339,0.06989161937472164
63,0.06936372280304488,0.06942881713987753
64,0.068889472613442,0.06895440318099336
65,0.0684310979499763,0.06849243430222425
66,0.06799627683677942,0.06805398345503892
67,0.06758893752355079,0.06764539320736407
68,0.06719886244956078,0.0672529859837572
69,0.06682425322362545,0.06687531258177364
70,0.06649960056839475,0.06654873626424593
71,0.06615221912194916,0.06620053872166465
72,0.06579565529929118,0.06584234266580741
73,0.06547700166365893,0.06551948198869369
74,0.06518944075340956,0.06523134129656331
75,0.06488733441193148,0.06492805647410654
76,0.06458528378090106,0.06462425602956667
77,0.06431224667433053,0.06434594319582379
78,0.06404849152298694,0.06407750019980933
79,0.06378913093799177,0.06381555788204475
80,0.06355826774209096,0.06358181835781627
81,0.0633130119598058,0.06333392532179222
82,0.06307842911500125,0.06309712658742161
83,0.06286836093273103,0.06288452480176249
84,0.06265548557119581,0.06267056572287921
85,0.06246054030306771,0.06247481644072873
86,0.06224452298801869,0.06225770833997657
87,0.06203461743397206,0.0620469882941139
88,0.06186406065015407,0.06187725402688913
89,0.0616709119593669,0.061682717603976756
90,0.061488005024954745,0.061498365066926394
91,0.06130558912303581,0.061314031057959406
92,0.061148542292926635,0.06115625655769289
93,0.06099382421571271,0.06100063520639911
94,0.060853519586207945,0.06085898700345361
95,0.06069886289173064,0.06070303930549726
96,0.060557319705006774,0.06055939627010052
97,0.06043266108209635,0.06043477293458855
98,0.06030234076287661,0.060302608988548535
99,0.06017089694744861,0.06016864070730317
100,0.06004931935462231,0.06004401714463772
101,0.05992814193317472,0.059920564355486955
102,0.05981872422935323,0.05980993955815115
103,0.059714507830272066,0.059704176030015536
104,0.059605889154816495,0.059593156946789655
105,0.059507211666389725,0.059493166108030786
106,0.059413937372967775,0.05939859780229304
107,0.05932505314097833,0.05930831474538585
108,0.05924578686594319,0.05922723875105372
109,0.05917082990707986,0.05915107152399136
110,0.059089993375510894,0.05907006261876243
111,0.05901739062872333,0.05899627779958431
112,0.05894237618164723,0.05892026062383662
113,0.05886534355690948,0.058841122677751684
114,0.05880251246036368,0.058778634699468334
115,0.05873484761163875,0.058710242177319696
116,0.058668214095253864,0.05864257517552629
117,0.058606945435480805,0.05858011226271065
118,0.05854655631620837,0.05851899149222443
119,0.05849687922589846,0.05846863288993893
120,0.05844041475483856,0.05841112030904468
121,0.05838386193126815,0.058353201115718456
122,0.058331771560459045,0.05830034589615333
123,0.05828711018178791,0.05825479365559408
124,0.058237334284436025,0.0582035819292763
125,0.05819220429163254,0.05815764941270215
126,0.05814795954822367,0.05811142756094252
127,0.05810412873130354,0.058066842061954074
128,0.05806201074756683,0.05802384398489382
129,0.05802779719361555,0.057989016685861684
130,0.05799384000011632,0.05795436504034197
131,0.057956281113751874,0.057917279758034235
132,0.05792151163590216,0.057883070583806234
133,0.05788866441194276,0.05784925175409318
134,0.05785697433331577,0.05781690089844208
135,0.05782580059261386,0.05778594535628726
136,0.05779556433907131,0.05775499642297202
137,0.05776966587692071,0.057727873916207144
138,0.057742309367676894,0.057699919158287594
139,0.05771455613677436,0.057671824932475545
140,0.05768625308702207,0.05764222604682809
141,0.057663632741618794,0.0576188032689531
142,0.0576413536270268,0.057596318109025525
143,0.05761679446276868,0.05757139960061387
144,0.0575932473337193,0.057547472110383795
145,0.05757232836854091,0.057525798788080985
146,0.05755040046564836,0.0575035557588667
147,0.05753116764022254,0.05748387778928236
148,0.057509430812416815,0.05746126630302446
149,0.057494558951902267,0.057446111990615716
150,0.057476027200494766,0.05742749749401663
151,0.05745798912112944,0.057409189446073004
152,0.057439577575978305,0.05739041054399756
153,0.05742214573455245,0.05737304956850389
154,0.0574086775734207,0.05735990483896624
155,0.05739234927924474,0.05734296319189899
156,0.05737627110015579,0.057326292429950076
157,0.05736119144457617,0.0573104405541577
158,0.05734414082801677,0.05729274713542871
159,0.05733017748249149,0.05727831073368621
160,0.057316899228843275,0.05726414401451151
161,0.057303773809802845,0.057251376748085864
162,0.05729264749281419,0.05723996121656749
163,0.05727930869694886,0.057226779797470116
164,0.05726740045627209,0.05721439141874275
165,0.05725387370807786,0.057200234927653235
166,0.05724104673492279,0.057187961785306024
167,0.05722797072723799,0.05717496578887606
168,0.05721589115283547,0.057162362151118334
169,0.05720382209097431,0.05715004126157835
170,0.05719292238324251,0.057138625329481676
171,0.057181556834837464,0.057126648932960364
172,0.05717094783366834,0.057115804690521584
173,0.057161796839490145,0.05710660038931131
174,0.057152548095851595,0.05709646716076508
175,0.05714273292964377,0.05708670536323267
176,0.057134419629773704,0.0570786776185286
177,0.057125217030184035,0.057068943615376594
178,0.05711649333874118,0.057060358107689446
179,0.05710797255396994,0.0570515597432825
180,0.05710040868384283,0.05704399402390147
181,0.057092040340163595,0.057035030232786985
182,0.05708495478836041,0.0570275285139527
183,0.05707654622446193,0.05701876589015104
184,0.057070404661261426,0.05701272271313934
185,0.05706478793710081,0.05700721728035247
186,0.057058770893400876,0.057000928264187345
187,0.05705329011688248,0.05699485605711786
188,0.05704542252839451,0.05698650844853999
189,0.05703900038587629,0.056979723020247244
190,0.05703139852042416,0.056972198347778745
191,0.05702492148778921,0.05696577403982831
192,0.05702021374822456,0.056960860825285176
193,0.05701404147269187,0.056954534743480514
194,0.0570097324913096,0.0569499003264613
195,0.057004735660072345,0.0569448741534779
196,0.05699939463498347,0.05693893844676754
197,0.05699487523126627,0.05693471218653126
198,0.05698877643870124,0.05692855214359759
199,0.05698422192723648,0.056924187391306086
200,0.056979142646126406,0.05691858216098495
201,0.05697537130912483,0.056914287370378576
202,0.056971189599473386,0.05690991365536957
203,0.056965278444211294,0.05690363623337068
204,0.05695845104044759,0.05689701810088335
205,0.05695197938261144,0.05689068087825406
206,0.05694749556055871,0.05688619657792208
207,0.05694160698438283,0.056880199268308555
208,0.05693677623695383,0.05687536029113038
209,0.056932208541659826,0.05687057410832707
210,0.05692803732731535,0.056866308939660624
211,0.05692354356643994,0.056861814499017095
212,0.056920095794674164,0.05685784119246401
213,0.05691657107659247,0.056854215749839905
214,0.056910737742784726,0.05684836612036752
215,0.056905320486888206,0.05684227281404518
216,0.05690067376131472,0.056837304654270886
217,0.05689724101512748,0.05683370817101489
218,0.05689335248247778,0.056829610146441195
219,0.05688848238986581,0.05682452553048845
220,0.05688596327317006,0.05682238865327102
221,0.0568816892338489,0.05681800381115107
222,0.05687640490784714,0.056812783356439335
223,0.05687349384882412,0.05680976834800605
224,0.056869099514617154,0.056806047782808615
225,0.05686637233565587,0.05680337003498378
226,0.05686155308742866,0.05679842135512185
227,0.05685756992357594,0.05679471665307725
228,0.05685245403996811,0.05678964923714533
229,0.05684825197905019,0.05678540642060066
230,0.05684475165167588,0.05678191549393527
231,0.05684059322440162,0.05677778672537956
232,0.05683744420602728,0.05677442079382529
233,0.05683516637208905,0.05677189247710098
234,0.05683227649810091,0.05676883966738619
235,0.05682927359745223,0.056765897924319034
236,0.05682692137595552,0.05676360102370914
237,0.05682240189985453,0.05675915363174439
238,0.05681876763064958,0.05675534163246023
239,0.05681472577242769,0.05675113157996864
240,0.05681179423753639,0.05674820154869402
241,0.05680787589488099,0.05674437847238154
242,0.05680448955594751,0.056740485456532444
243,0.05680153983462371,0.056737533299845024
244,0.056798167871514704,0.05673447395390607
245,0.05679613999520015,0.05673261192633395
246,0.05679397278923261,0.05673096316788154
247,0.056790600034257885,0.05672771851990792
248,0.05678764035122074,0.0567250495296101
249,0.056784783661334264,0.056722096561949396
250,0.05678263833199089,0.05672037945751725
251,0.05678065508831957,0.05671867957865544
252,0.056778832169601834,0.05671693963104194
253,0.05677618385396354,0.056714186914543704
254,0.056773619640950256,0.05671152205903325
255,0.05677220557186618,0.056710383744286004
256,0.05676932593807629,0.05670745987552578
257,0.056767769399831816,0.05670587142910324
258,0.05676506015592517,0.05670315712853658
259,0.05676194240754057,0.05670011221874292
260,0.05676029493245341,0.0566987599430256
261,0.056758632912729985,0.056697048424027285
262,0.05675587885449576,0.056694079866541146
263,0.05675451588562178,0.05669279123690949
264,0.05675293808304035,0.056691535166593865
265,0.05674989929820071,0.05668863056891892
266,0.05674791453178877,0.05668678198856473
267,0.05674530022036121,0.05668416108455676
268,0.05674254111977797,0.05668138774706584
269,0.05673992477960438,0.05667857245079817
270,0.056738007876024496,0.05667654747754935
271,0.056735458888266206,0.056674086485191906
272,0.05673370286707451,0.05667248647057876
273,0.056731659190838356,0.056670375654728725
274,0.056729276194701556,0.05666795136982993
275,0.05672642568533918,0.056665105239475044
276,0.056724020333141084,0.056662975619084684
277,0.0567213544345302,0.05666056012185408
278,0.05671891661134431,0.0566582255823271
279,0.0567148505119713,0.05665431794730395
280,0.05671252076962447,0.05665200868792634
281,0.056711364794866,0.056650839092985794
282,0.05670921849884794,0.056648535559110966
283,0.05670746265826996,0.05664658172272965
284,0.05670598380240513,0.056645165896325726
285,0.05670492389669075,0.056644486984643014
286,0.056702075641709586,0.056641771755285224
287,0.05670010754047203,0.05663971990464412
288,0.056698526318390986,0.056638342267943884
289,0.05669651202359103,0.05663663639171203
290,0.05669427453171653,0.05663442039486891
291,0.05669246386523216,0.05663336003451638
292,0.05668988629901031,0.05663085726231176
293,0.056687921949717744,0.05662898072403917
294,0.056685871348320774,0.05662720715827009
295,0.056684099113277174,0.056625476850500456
296,0.056682237089673855,0.05662361998044223
297,0.05668029931983508,0.05662212003863232
298,0.05667854830526657,0.05662048696726474
299,0.05667663256554449,0.05661847695584001
300,0.056675357496700544,0.05661737651563903
301,0.056673220771212,0.05661540914906899
302,0.056672178210588106,0.05661440804951697
303,0.056671210101098886,0.05661353166252443
304,0.05666990419132102,0.056612157290410456
305,0.05666836674456446,0.056610697015663805
306,0.056666132338698494,0.056608481202446284
307,0.05666413617200799,0.056606681163893245
308,0.056661643186112914,0.05660444088185662
309,0.05666057793291392,0.05660321769565097
310,0.05665864625736901,0.056601804542892445
311,0.05665714697185485,0.05660025106375989
312,0.05665582109285947,0.056599058325858556
313,0.056654942063604066,0.05659819874974517
314,0.05665355873024821,0.05659673011913666
315,0.05665232420765893,0.05659552000043984
316,0.056650697499896964,0.05659396460853679
317,0.05664946723736275,0.056592785988856545
318,0.05664778890576704,0.05659144411528771
319,0.05664595500116335,0.05658979864332988
320,0.05664361852431542,0.056587340406605256
321,0.05664256466153287,0.05658613383775968
322,0.056640537835317716,0.056583942119386964
323,0.056638579023771465,0.056582587289506
324,0.05663675281583621,0.056580872324709236
325,0.056634414157320116,0.056578388398833744
326,0.056633090508006335,0.05657722880509904
327,0.056631822361663316,0.056576134347215694
328,0.056630340918420216,0.05657468948853617
329,0.05662889057494145,0.05657341256107581
330,0.056627463121346366,0.05657206538298014
331,0.056625627411825356,0.05657027143848693
332,0.05662412212215684,0.056569195786392426
333,0.0566234164112739,0.05656872406149867
334,0.05662138307178428,0.05656703272289892
335,0.056620010298905114,0.05656615757285378
336,0.05661843060601517,0.056564440155152274
337,0.05661670476334011,0.05656310762931209
338,0.056615278376228956,0.05656185963678081
339,0.056613133814398586,0.05656012092847011
340,0.056611524648373955,0.056558432452406646
341,0.05661016623676411,0.056557156453802195
342,0.056609062141449125,0.05655603189651527
343,0.05660838099889342,0.05655572452955024
344,0.05660676155991883,0.05655420325785157
345,0.0566060595726978,0.056553733565559434
346,0.05660560726012586,0.056553397360432286
347,0.05660396336805257,0.05655200092786413
348,0.0566021196115518,0.05655042141277988
349,0.05660076856807071,0.05654897408952342
350,0.056599091651421865,0.05654740984047923
351,0.05659838358988004,0.0565466143494154
352,0.05659653897649311,0.056544795953479596
353,0.05659560086806283,0.0565442182594165
354,0.05659401921801904,0.056542849345769516
355,0.05659222207474858,0.05654107869430084
356,0.05659053936473945,0.0565393947946457
357,0.056588925519753364,0.05653808881209793
358,0.05658798106242229,0.056537028276759244
359,0.0565874992488625,0.056536949954592436
360,0.05658689065524615,0.056536440869596805
361,0.05658518211277507,0.056534934214852325
362,0.05658353346429276,0.05653331830808482
363,0.056582739074439906,0.0565326345461284
364,0.05658251976196504,0.05653242222082509
365,0.05658086644272506,0.05653105501474978
366,0.056579387438189924,0.05652954295528985
367,0.05657831135125507,0.05652856708571775
368,0.05657746911783188,0.056527853421090714
369,0.056576398764160346,0.05652650544045506
370,0.05657502003221366,0.05652528268211154
371,0.05657376328322084,0.05652447925904846
372,0.05657301079955119,0.0565236000191448
373,0.056571927224760475,0.05652251272922523
374,0.05657036307446824,0.05652111650595953
375,0.05656905360045125,0.05651973664513016
376,0.05656810191841356,0.05651910875317659
377,0.05656705692250055,0.05651824611446098
378,0.0565662565445108,0.05651751706290686
379,0.05656491598819614,0.056516423834025435
380,0.05656449559648266,0.056516175254450164
381,0.056563262935097065,0.05651485284687959
382,0.056562232906780356,0.05651412801787758
383,0.056561185649554445,0.056513240209700236
384,0.056560184858398796,0.056512459878066766
385,0.0565586787410472,0.05651102827600909
386,0.056556874587621146,0.05650923688029136
387,0.0565558766477595,0.05650820481859197
388,0.056554756032155436,0.056507407117929585
389,0.056553530189836505,0.05650645692965348
390,0.05655248741446141,0.05650543174344942
391,0.05655079545371676,0.05650358222579426
392,0.056548478861934266,0.05650210930040231
393,0.05654677788438102,0.05650057514991026
394,0.05654535275822847,0.05649913035762036
395,0.056543860163848735,0.056498035806281516
396,0.05654291485303256,0.056497150263800255
397,0.0565421984305747,0.0564969929033251
398,0.056541118208042786,0.05649609887438187
399,0.05654044770949316,0.056495663707321786
400,0.05654037107565974,0.056495716651150954
401,0.056539341863904344,0.0564948387951265
402,0.05653780727173042,0.056493209132234566
403,0.05653681959727212,0.05649242566923558
404,0.056535530015298194,0.05649112733633374
405,0.056534163328745925,0.056489984832830464
406,0.056532817069363306,0.05648873689712041
407,0.056532521451719504,0.05648861438473195
408,0.05653108072423267,0.056487433932610194
409,0.05653055338638804,0.05648681815954499
410,0.0565300993596077,0.056486490095717025
411,0.056529406554907284,0.0564860260603054
412,0.05652743790544113,0.056484875588658855
413,0.056525575506474385,0.05648287768412868
414,0.05652392622403919,0.056481249243892924
415,0.056523590849559865,0.056481019932658555
416,0.05652239717654833,0.056479981414821405
417,0.05652142072430379,0.05647905077880076
418,0.05652028603510795,0.05647800923030782
419,0.05651934476450151,0.05647723220999359
420,0.05651762166862994,0.05647588889096107
421,0.05651664381914634,0.05647489673146915
422,0.05651638365659497,0.056474741002975705
423,0.056515550136901016,0.056474195045820824
424,0.05651418941949539,0.05647275892468052
425,0.05651256425553729,0.05647129161145984
426,0.056510781094393954,0.05646954336323546
427,0.056510095352947785,0.05646894378400646
428,0.05650924269378471,0.056468404576540565
429,0.05650828991101544,0.05646794100074301
430,0.05650681126496277,0.056466453279445696
431,0.05650515107639536,0.05646480363887295
432,0.056503807228500576,0.05646349794775816
433,0.056502921243159844,0.05646278784421286
434,0.05650259009409578,0.05646252455410134
435,0.056501698982631604,0.056461852261634346
436,0.05650040152872373,0.05646067763045611
437,0.05649938981711034,0.05645990606787985
438,0.05649856128891085,0.05645901988788453
439,0.056497785430461085,0.05645828773650169
440,0.056497015367112303,0.056457289760099796
441,0.05649599528062027,0.05645656459847809
442,0.056495901960807025,0.05645655266970666
443,0.05649501064851459,0.05645591922380991
444,0.056494463649546856,0.056455288737555016
445,0.05649355976749345,0.056454472972455955
446,0.05649211221626057,0.056452881091828395
447,0.05649118414043725,0.05645227594717183
448,0.05649000614830221,0.05645102974099996
449,0.056489337253977714,0.05645048178833088
450,0.05648805426799857,0.0564494232876609
451,0.05648775733441377,0.05644930381446222
452,0.05648651112489485,0.056448044735488596
453,0.056485035693217944,0.056446902557048526
454,0.05648383630706632,0.05644565852203484
455,0.05648264595920503,0.05644509561305598
456,0.05648199072168767,0.05644489213310806
457,0.0564808640295316,0.056443888171197595
458,0.056480046347556774,0.05644321181721904
459,0.056479285847714784,0.0564425981361911
460,0.056478711646914814,0.05644205544739666
461,0.056477075826761945,0.056440524027553354
462,0.056475288351191595,0.05643861350790283
463,0.05647422229874841,0.056437497086559395
464,0.05647375512130772,0.05643713948848611
465,0.05647274998789076,0.056436418670349306
466,0.05647238692524274,0.0564361280488672
467,0.05647188215634889,0.05643577304681953
468,0.05647106261956517,0.05643506486879315
469,0.05647030613751058,0.056434604960997586
470,0.05647006155237382,0.05643440735028552
471,0.05646866713769864,0.05643328086908698
472,0.056468173629641884,0.056432806809444055
473,0.056466932985348176,0.056431899117083476
474,0.05646589463689351,0.056431022335454085
475,0.05646543076499847,0.05643074017542848
476,0.056464483965129014,0.05643036348945799
477,0.05646363285023352,0.05642957201190463
478,0.05646238507451795,0.056428227914813715
479,0.05646120425115069,0.05642706165712141
480,0.05646072787057847,0.05642675488054595
481,0.05645921436023254,0.056425138204592475
482,0.056458694429950086,0.056424757401416545
483,0.056458203677887,0.056424238070514665
484,0.056457410774650184,0.05642348987575997
485,0.056456048933019955,0.05642220810455823
486,0.056454809660922985,0.05642117349267846
487,0.05645430734476803,0.056420961555425794
488,0.056453230195223233,0.05641975058018499
489,0.05645200981342008,0.05641862055355634
490,0.056451424429778005,0.05641826891258134
491,0.05645075951576518,0.05641787932526585
492,0.05645050908374239,0.05641761912917832
493,0.0564499367486764,0.05641714122349125
494,0.05644918824574578,0.05641637349635533
495,0.05644826833740704,0.05641560392890999
496,0.056447762886168526,0.05641517985777614
497,0.05644686522276584,0.05641429934582346
498,0.05644594691459805,0.056413390318391446
499,0.056444086428476876,0.056411607114128404
500,0.056443577286758376,0.05641112725491073
501,0.056442954962465756,0.05641073984177716
502,0.056442304738046616,0.05641030701269128
503,0.05644180749553406,0.056409986544829815
504,0.05644007186257043,0.056408274298661014
505,0.05643955383334155,0.05640811538112014
506,0.05643876900223533,0.05640750928988955
507,0.056437450066336575,0.05640632250567203
508,0.056436130848969326,0.05640522774665731
509,0.056435771160400126,0.05640493184690715
510,0.05643476965971256,0.05640396409936211
511,0.05643391816484949,0.05640337780830257
512,0.05643288613108186,0.05640260104843359
513,0.05643154656757171,0.05640152816029505
514,0.05643028336711847,0.05640053478279993
515,0.05642975744824188,0.05639999884448959
516,0.05642854321556472,0.05639880699276583
517,0.0564276200964294,0.056398079464022484
518,0.0564269979277707,0.056397700879126794
519,0.0564260164798797,0.05639696420137292
520,0.056425161676191125,0.05639617132053203
521,0.056424291565920895,0.056395430934969334
522,0.05642333190001138,0.056394591906500674
523,0.05642273637079974,0.05639404775823704
524,0.05642251488223545,0.056393926447409364
525,0.05642171592109551,0.05639328441087975
526,0.056420947042596564,0.05639239512860906
527,0.056420521251429955,0.056392199904137096
528,0.0564198356766759,0.056391639474001824
529,0.05641917833675149,0.056391397393589386
530,0.05641812780876266,0.0563904380077588
531,0.05641698348905627,0.056389191752363725
532,0.05641622565708478,0.056388765223062944
533,0.056415087856790655,0.056387867451383966
534,0.056414702335185495,0.056387600113871617
535,0.056414086620792496,0.05638734422908071
536,0.05641326386075463,0.05638648854537
537,0.05641278694270824,0.056386268879957464
538,0.05641202516996968,0.05638575695561554
539,0.05641095491895834,0.056384953223906395
540,0.056410467475524605,0.05638471782054586
541,0.056409158410290955,0.05638356048809488
542,0.056408334263229686,0.05638277758633244
543,0.05640767180859928,0.05638230046802249
544,0.05640667758606734,0.05638150192060365
545,0.05640589418131443,0.056381029648836255
546,0.05640493995170721,0.056380121135030214
547,0.0564033418315358,0.05637866758969256
548,0.05640276895408111,0.056378118705702196
549,0.05640139486984573,0.05637685172314348
550,0.056401014936355735,0.05637659751801014
551,0.05640032856804798,0.05637623059816574
552,0.056399992895215564,0.056376071474635026
553,0.05639876718701536,0.056374856632173995
554,0.056397833546981246,0.05637417266980735
555,0.0563970460642912,0.056373463362902214
556,0.056396182777361886,0.056372629978395775
557,0.056395615241396545,0.056372353980760584
558,0.05639400630304101,0.05637095914200277
559,0.056392695969784315,0.056369913140401566
560,0.05639215719360452,0.05636930584861373
561,0.056391753514869414,0.05636901761924017
562,0.05639118311111186,0.05636858169284222
563,0.056390682247367076,0.05636822177737883
564,0.05638973073868716,0.05636774972333059
565,0.05638933431068869,0.05636764826688015
566,0.05638875470229145,0.05636722055169331
567,0.05638737984233178,0.05636600583222968
568,0.05638679056968553,0.056365854012230925
569,0.05638605735641488,0.0563654417292571
570,0.05638471819978178,0.05636415087243286
571,0.05638398793633983,0.05636360898741848
572,0.05638278006680596,0.05636282510861279
573,0.056382430998609824,0.05636234227806788
574,0.05638149601085776,0.05636159784766031
575,0.05638062846805958,0.0563607365252453
576,0.05638017325050422,0.0563603158202838
577,0.056379676032894906,0.056359930371796665
578,0.05637886475890777,0.0563592191563385
579,0.056378087316571804,0.05635857808420024
580,0.05637703324966393,0.056357589406461274
581,0.056376515121322926,0.0563571923088013
582,0.056376086299529476,0.056356907364549604
583,0.05637511039435709,0.05635632827635141
584,0.056374250138533796,0.056355534497842634
585,0.05637329999460781,0.056354805901808254
586,0.05637253679415429,0.05635438981579588
587,0.05637180737274178,0.05635370176768807
588,0.056371175802315765,0.05635331159797851
589,0.056370358560997674,0.056352331031819865
590,0.0563694528785358,0.056351359123119754
591,0.056369066166623946,0.056351230173019136
592,0.05636846289730345,0.05635068537161733
593,0.05636764546955436,0.05634989061346992
594,0.056367220661291115,0.05634963357296305
595,0.056366278070892534,0.05634909056083996
596,0.05636580088960366,0.056348703615722036
597,0.056364950205844866,0.05634801219935401
598,0.05636385969439341,0.056346915118071314
599,0.05636284748963951,0.05634640571563806
600,0.05636243414791145,0.05634605279908077
601,0.056361831599188346,0.05634566376920279
602,0.05636078273019001,0.05634452291960046
603,0.056360323122462905,0.056344173613828936
604,0.05635976168013018,0.056343734885090105
605,0.056359083051773375,0.056343125811442206
606,0.05635848171020243,0.0563426312246973
607,0.05635759561502474,0.05634203621959345
608,0.0563570924818929,0.05634169884284902
609,0.05635639625299427,0.05634099809899641
610,0.056355849275399175,0.056340445282829624
611,0.056355178718681946,0.05633953394712268
612,0.05635443580982774,0.056338904600699576
613,0.0563536217371191,0.05633830477044791
614,0.056352720144040115,0.0563375159491993
615,0.05635214043867543,0.05633699584713014
616,0.056350983389451666,0.05633592473942301
617,0.05635047521204681,0.05633572670055373
618,0.05634996997917825,0.05633548184472076
619,0.05634929066370221,0.05633450213010005
620,0.056348599603410536,0.0563339178469416
621,0.05634825290335408,0.05633356543041823
622,0.056347628393268775,0.0563332106254399
623,0.05634685679139734,0.056332456811683466
624,0.05634625837019974,0.056332130155561204
625,0.0563457262403548,0.056331719221231195
626,0.05634502844587117,0.056331083429170814
627,0.056344393961928405,0.0563307216501439
628,0.05634375122423516,0.05633028503989752
629,0.05634333427823047,0.05633019221066987
630,0.056342375678215005,0.05632926739204068
631,0.05634183160668754,0.05632875934160391
632,0.05634132257439089,0.056328329727590484
633,0.056341138569576975,0.05632822274879322
634,0.05634044146630843,0.0563274656390385
635,0.056339742645859024,0.05632711449065943
636,0.056338830690164585,0.05632632400756478
637,0.05633790258773675,0.056325375438785366
638,0.05633734590651704,0.056324988453180014
639,0.05633693345706555,0.05632478121398551
640,0.05633562961027682,0.05632367465966405
641,0.056335035093962954,0.056323475631001374
642,0.0563344668010087,0.056323224457857875
643,0.056333718657156376,0.05632263591994311
644,0.05633327495685655,0.056322433270806965
645,0.05633282080899799,0.05632251137982297
646,0.05633227901536401,0.056322134397599755
647,0.05633144666768768,0.056321444467422016
648,0.05633078278746288,0.05632093037386121
649,0.05632986108347202,0.05631998500719847
650,0.0563293048356194,0.05631990965067765
651,0.056328049528451045,0.05631876440750017
652,0.05632741441158299,0.0563181518025758
653,0.05632678872406169,0.05631764630386209
654,0.05632614497689162,0.05631700178323308
655,0.056325291706437755,0.05631623104443086
656,0.05632452876635452,0.05631555821104635
657,0.05632371763194543,0.05631485734683666
658,0.056322882390747314,0.05631409110996883
659,0.05632227873965258,0.05631376785484404
660,0.05632163086742006,0.05631337983172842
661,0.056320608129112056,0.056312350161871444
662,0.056320231994978806,0.056312046825371914
663,0.056319966614513196,0.05631184987128734
664,0.05631949201440365,0.05631138483787429
665,0.05631897800393018,0.05631088186618924
666,0.056318604043089096,0.05631066862243685
667,0.05631828500167874,0.05631037905383893
668,0.05631748517711302,0.05630974869877159
669,0.056317142738695154,0.05630938854222691
670,0.05631657663377503,0.056309035942899266
671,0.056315761406607046,0.05630853751849276
672,0.056315316275896074,0.056308093466495096
673,0.05631492692450528,0.056307765024771694
674,0.05631449189945779,0.056307381415865436
675,0.05631370906563157,0.056306779417393815
676,0.05631317344724996,0.05630656572361233
677,0.05631231145305877,0.056305681608638615
678,0.05631139994501172,0.056304905894625217
679,0.05631055308777936,0.05630401875200416
680,0.056309504771698125,0.05630326263688062
681,0.056308776293662294,0.056302721244195685
682,0.056308380350700474,0.05630252161952723
683,0.056308072780177645,0.056302221731735796
684,0.05630726128340658,0.05630161504117692
685,0.05630664270196983,0.05630131040650867
686,0.05630616955789343,0.056301078790576164
687,0.05630579944938058,0.05630067552200611
688,0.05630535482312109,0.056300324329634575
689,0.05630480184312374,0.05629979990884411
690,0.056304068486187187,0.05629915839515694
691,0.05630334874016343,0.056298624544788095
692,0.0563026505571366,0.05629815205639685
693,0.05630220652464282,0.05629784189743722
694,0.05630112686850109,0.056296662635504625
695,0.056300699465991554,0.056296301646133126
696,0.0562998901540529,0.05629579899405596
697,0.056299464282855025,0.056295416668985694
698,0.05629877183423009,0.0562948507878306
699,0.05629830228895199,0.05629471391754604
700,0.05629779527059948,0.05629407669810398
701,0.056296863838334585,0.05629329055966926
702,0.05629615126085268,0.056292625223724954
703,0.056295550762012384,0.05629244903748714
704,0.05629505358081408,0.05629214618367207
705,0.05629449413746129,0.05629161213888502
706,0.05629413358952732,0.05629111519763451
707,0.056293208070492304,0.05629047007590902
708,0.056292459299641974,0.056289836164036045
709,0.05629172570544432,0.05628907233956857
710,0.05629122825647354,0.056288631842209086
711,0.05629043344196919,0.056287795523876596
712,0.056289978814407414,0.05628743641079839
713,0.05628898638492166,0.05628668673110895
714,0.05628815702646508,0.05628596961114412
715,0.05628770833106459,0.056285774652063525
716,0.05628692799778433,0.05628519458506042
717,0.05628664518697306,0.056284945775407755
718,0.056285651611811476,0.056284205118355815
719,0.056285386689731425,0.05628399753366923
720,0.056285180520133885,0.05628386878909755
721,0.056284992808774914,0.056283797385678805
722,0.05628479417881389,0.056283757076103
723,0.056284108181361266,0.056283353873602976
724,0.05628378772401778,0.05628322460610459
725,0.05628322810953998,0.05628296060589004
726,0.056282621749646204,0.05628253191349218
727,0.05628184828005941,0.05628189047378589
728,0.05628098818262397,0.05628130081940124
729,0.056280552089516295,0.05628105966286173
730,0.05628018955797802,0.05628099370495404
731,0.05627953385684974,0.05628044764579412
732,0.05627895109952817,0.056279895405684476
733,0.056278581609489585,0.056279615951429586
734,0.056278164621920826,0.05627924271184228
735,0.05627753107685587,0.056278718350481274
736,0.05627677926695556,0.056278224139842736
737,0.05627633014736463,0.056277786989145914
738,0.0562750319404873,0.056276688673054985
739,0.056274240304074095,0.05627594740866848
740,0.056273229363535966,0.05627564541613862
741,0.056272581613983,0.05627513774349067
742,0.05627233913667486,0.056274948331774245
743,0.05627166577491057,0.05627427360138114
744,0.056271163834897074,0.056274166128152586
745,0.05627067818591128,0.05627357881146973
746,0.056269878604811197,0.0562728830381128
747,0.056269506934169856,0.05627249717774331
748,0.05626897248717173,0.056272206831131925
749,0.056268424179408305,0.05627176242080955
750,0.0562676544136285,0.056271111930433694
751,0.05626722555457614,0.05627064935681608
752,0.05626646648097848,0.056269851057381026
753,0.05626580726814754,0.056269283329181484
754,0.056265569939963636,0.05626905748486301
755,0.05626521436597832,0.056268962673181065
756,0.05626489014070293,0.056268840598765496
757,0.0562642101291631,0.056268379561004694
758,0.05626372761666423,0.056267945043828184
759,0.05626333823343404,0.056267741472777695
760,0.05626298286420364,0.056267388061782365
761,0.05626241871079989,0.0562668802442463
762,0.05626179088124294,0.05626675634035153
763,0.05626107033257145,0.05626637991040442
764,0.05626058734656713,0.05626606543733841
765,0.056260085246378176,0.056265731370522265
766,0.05625959644172583,0.05626555638026075
767,0.05625923778590886,0.056265331904764314
768,0.056258624871643056,0.05626478592275868
769,0.0562585003154593,0.056264738023721
770,0.056258002896501846,0.05626427569452343
771,0.056257546280966575,0.05626397748307646
772,0.056257210925555586,0.056263687867201394
773,0.05625692242477014,0.0562635450759924
774,0.05625644456917905,0.05626344878344542
775,0.05625568939659108,0.05626293643960474
776,0.056255335770647875,0.05626269969955565
777,0.05625462574744521,0.05626247504372446
778,0.05625418571724724,0.056262223439540154
779,0.05625387014345268,0.056262040332476594
780,0.056253527686088114,0.05626177985217033
781,0.056252964266146226,0.0562613401778884
782,0.05625272251996627,0.056261216662649285
783,0.05625220438178561,0.05626099696101274
784,0.05625165058433636,0.05626111247473728
785,0.05625106093505821,0.056260439563379894
786,0.05625029776905813,0.056259897159475374
787,0.05624978289159003,0.05625982679188566
788,0.05624971828094956,0.05625980415185996
789,0.056249322433400244,0.0562593904457613
790,0.05624858288269046,0.056258774334846884
791,0.0562485677727878,0.05625877262811257
792,0.056247990409936346,0.056258306917734646
793,0.05624756147496668,0.05625830830976621
794,0.056246829680317405,0.056257858497334244
795,0.056246379881702634,0.056257782713927396
796,0.056245911622281854,0.056257465426909264
797,0.056245206181265085,0.05625703582644423
798,0.056244939911885686,0.056256825997316476
799,0.05624471413298737,0.05625673563752427
800,0.056244340939137355,0.056256610787923836
801,0.056244088949372446,0.05625657092247893
802,0.05624342030520202,0.05625583408466051
803,0.05624246651324872,0.05625498353124367
804,0.05624180322267964,0.05625436716907172
805,0.056241671336624145,0.056254326675198515
806,0.05624140624540195,0.05625396481464551
807,0.05624076381222336,0.05625372090712906
808,0.056240261405510035,0.05625328568914164
809,0.05623968348601785,0.05625314815158506
810,0.05623931977048669,0.05625303642061695
811,0.056238734753296236,0.056252577046390806
812,0.05623842026541456,0.05625231536450918
813,0.056238012868827035,0.056252031891476525
814,0.05623743450435494,0.056251628478876575
815,0.05623657109316379,0.056250968119263126
816,0.05623623644523039,0.05625076428674849
817,0.056235871108254405,0.05625038676640679
818,0.056234487295228376,0.05624997319791954
819,0.05623426762247831,0.05624984476404255
820,0.05623385238295038,0.056249768362775586
821,0.05623352018374678,0.0562494556427935
822,0.05623273818025644,0.05624881207716358
823,0.056232436931640824,0.05624859447034667
824,0.05623220411790571,0.05624844295437593
825,0.05623200516059184,0.056248302685858204
826,0.05623181054125863,0.056248152211716966
827,0.05623110836205792,0.05624742859892961
828,0.056230755236840804,0.05624726046535415
829,0.056230365483320825,0.056247072998639895
830,0.056229608582465576,0.05624652294661906
831,0.056228995978140836,0.05624604005460731
832,0.056228560900702745,0.05624556908845996
833,0.056228006790190854,0.05624561981791171
834,0.05622770667370532,0.05624559226690084
835,0.05622708106861922,0.05624517653587511
836,0.05622599213402607,0.05624427212607307
837,0.05622565132944144,0.05624399601527699
838,0.056225606518129426,0.05624400576936154
839,0.056224528557285804,0.056243096388076425
840,0.05622412357781869,0.05624266867218913
841,0.05622395042103087,0.056242594912537004
842,0.05622330287203776,0.056242068589848926
843,0.056222982433564626,0.056241982550830336
844,0.05622255665231447,0.056241752954766314
845,0.05622215540444046,0.05624130759599724
846,0.05622185587262635,0.05624102747926633
847,0.0562215422681862,0.056240937938384535
848,0.056221436994102494,0.056240891291029174
849,0.056221132857934786,0.056240729243435005
850,0.056220652175001495,0.056240512995844545
851,0.05622009511706379,0.05624014798664411
852,0.0562198593718028,0.056239977903037794
853,0.05621970619502921,0.05623998649197569
854,0.05621928755493957,0.056239931845204476
855,0.056218674281141294,0.05623963650132272
856,0.05621766755406763,0.05623888396805043
857,0.056217154273885274,0.05623824610294708
858,0.05621685510537741,0.05623829537990681
859,0.05621671577856216,0.05623817240577682
860,0.05621625792521403,0.0562377428814369
861,0.05621595687118202,0.056237839297506906
862,0.056215207546713684,0.05623711124221513
863,0.05621489287015899,0.05623692518150192
864,0.05621429845417629,0.056236548613338745
865,0.05621376002566185,0.05623597882722226
866,0.05621374791758674,0.056235978526599166
867,0.05621313642377285,0.05623563400924638
868,0.056212853875152465,0.05623537747006229
869,0.05621272961100265,0.05623527710272539
870,0.05621224640363579,0.056235007558941556
871,0.05621172353685507,0.056234547863812
872,0.056211368491704605,0.05623436957177838
873,0.056210820974132485,0.056234021788637005
874,0.056210012113974625,0.056233314396010106
875,0.056209439760423516,0.056232815811849475
876,0.05620867552968749,0.05623196842471674
877,0.056208093189686684,0.056231373006677215
878,0.05620788199065694,0.056231202178266035
879,0.05620780651645882,0.056231243676350066
880,0.05620704433027947,0.05623067996192531
881,0.056206422063976885,0.056230080787540146
882,0.05620617020607745,0.05622989697665409
883,0.05620591494180123,0.05622978919317424
884,0.05620540913591055,0.056229660342819524
885,0.056205248110138877,0.05622963746516661
886,0.05620522901604154,0.05622965394095684
887,0.056204782406744494,0.05622916100532437
888,0.056204633111507224,0.056229095952272774
889,0.05620369947550676,0.056228173023317084
890,0.05620314624184403,0.05622787570610655
891,0.05620260208778282,0.05622743364215493
892,0.0562022283761232,0.05622707162557131
893,0.05620148438889359,0.056226357972914656
894,0.056201344998395956,0.05622625023395668
895,0.056201142978272396,0.05622607085264413
896,0.05620097301259989,0.0562260244957738
897,0.056200581068496236,0.056225795106690034
898,0.056199934715224976,0.05622541210332596
899,0.056199429719834215,0.056225042312728665
900,0.05619939969408643,0.05622505482095904
901,0.05619885145949708,0.05622466151837732
902,0.05619883699289508,0.056224661529307676
903,0.05619832301210224,0.056224178428389816
904,0.056197623312098995,0.056224103408156055
905,0.056197189564386664,0.05622389941792886
906,0.056196881890382404,0.05622391328713304
907,0.056196695531980465,0.05622376819859835
908,0.05619664956849439,0.05622373885632208
909,0.056196110302355606,0.056223389888399214
910,0.05619529026757292,0.0562228238614408
911,0.05619527714143592,0.05622282390500275
912,0.056195262720321625,0.05622282367651841
913,0.056195135716040234,0.05622276536632809
914,0.05619478187165908,0.05622265835891114
915,0.056194374589456024,0.05622245456329781
916,0.05619391445642018,0.05622207959278872
917,0.056193587986697956,0.05622191720827879
918,0.05619338543771751,0.056221880550311965
919,0.05619278522206561,0.05622134416669346
920,0.0561927669744318,0.05622136084092115
921,0.05619220043583808,0.05622081185893786
922,0.05619218665532912,0.056220811641716335
923,0.05619170012678829,0.05622053535282781
924,0.05619116770217102,0.056220177587660604
925,0.05619075347371116,0.056219900822112215
926,0.056190322897910754,0.05621968444643783
927,0.05619022717272715,0.056219665425648296
928,0.056189751607786276,0.05621946315381441
929,0.056189250194217236,0.05621901098659199
930,0.05618874882377469,0.05621845409938012
931,0.056188080195153554,0.05621794287551301
932,0.056187608386166196,0.05621758265140952
933,0.05618753668093568,0.05621758907261216
934,0.05618722515618965,0.05621745347288456
935,0.056187213930474385,0.05621745349403442
936,0.056186678924852865,0.056217043193890225
937,0.05618629237031655,0.05621677903456104
938,0.05618615993898213,0.056216705466539806
939,0.05618562199712682,0.05621616216967716
940,0.05618507953106392,0.056215683879690094
941,0.05618429105197995,0.05621494932335393
942,0.056184259213486104,0.0562149372293931
943,0.0561839883835268,0.05621479425560732
944,0.056183562578492566,0.05621470030304235
945,0.05618287686232818,0.05621416324104904
946,0.056182120151104256,0.056213685774293545
947,0.056181734290225965,0.056213464472419275
948,0.056181249418074376,0.05621303100904041
949,0.05618072934320236,0.05621253548485698
950,0.056180649178842926,0.05621253152145878
951,0.05618018144582468,0.05621225018434838
952,0.05617949658622463,0.05621183935971413
953,0.056179286064975485,0.05621169335030328
954,0.05617891764198522,0.05621146076546289
955,0.05617841630320017,0.05621090564641278
956,0.05617815590287989,0.05621086811334251
957,0.05617767773884301,0.056210437896163645
958,0.05617730075983725,0.05621025053550996
959,0.05617725142306341,0.05621024208571425
960,0.05617719159135294,0.05621024391031748
961,0.05617682410447246,0.056210019310536416
962,0.05617630730626788,0.056209764420526886
963,0.0561755721660116,0.05620915352421927
964,0.0561754093299918,0.05620907704337479
965,0.056174923267687644,0.056208806352927444
966,0.056174375719699694,0.0562085823721495
967,0.05617397145551848,0.05620842175373366
968,0.056173958971274356,0.05620842175383246
969,0.05617326686589078,0.05620787962126824
970,0.056172831631764945,0.056207610102029425
971,0.05617267550073207,0.05620744860564195
972,0.05617210976339281,0.05620707894561587
973,0.056171826319759414,0.05620683047604681
974,0.056171488333937855,0.05620641376336085
975,0.05617109802908242,0.05620647031126224
976,0.056170667175097125,0.056206355117631265
977,0.056170374520415685,0.056206273087201976
978,0.0561700822664896,0.056205966704845005
979,0.0561697667101683,0.05620588340700883
980,0.05616954486791443,0.05620591884010861
981,0.05616893491830948,0.05620590205385096
982,0.056168599590209076,0.05620565783238492
983,0.05616784934588829,0.056204846976425235
984,0.05616725819337841,0.05620445999451752
985,0.05616688257332136,0.056204555826855046
986,0.05616658589840512,0.056204475815301656
987,0.05616607063908062,0.056204148992246544
988,0.05616569131129189,0.05620392717094489
989,0.05616553323110722,0.05620382369689869
990,0.05616521270927458,0.056203808370182816
991,0.05616477080148604,0.05620348148569301
992,0.056164211897246005,0.05620309718822633
993,0.056163845540429955,0.05620280449960505
994,0.05616334637973346,0.056202620845459496
995,0.05616287392322709,0.05620234306814698
996,0.056162706915551815,0.05620227437550138
997,0.056162138581465015,0.05620197662433872
998,0.05616200048080215,0.05620184025043007
999,0.05616145652915463,0.056201398377291586
1000,0.056161413815144855,0.05620139443160456
1001,0.05616118333362168,0.056201264702893786
1002,0.05616057023827762,0.05620088549462391
1003,0.05616022596128302,0.05620078337345306
1004,0.0561600013413602,0.0562006904824978
1005,0.05615955087303246,0.056200240366803225
1006,0.05615915849664567,0.05619997871979772
1007,0.056159024545900584,0.05619994494138543
1008,0.056158976704882166,0.05619994487718352
1009,0.056158573071690976,0.05619952690264506
1010,0.05615797082462226,0.05619920239294804
1011,0.056157701114927405,0.05619910722474534
1012,0.056157070954777885,0.05619872570013338
1013,0.05615705529737572,0.05619874161741608
1014,0.056156892260463914,0.05619863952543983
1015,0.05615642028296681,0.0561983533801397
1016,0.0561559855099034,0.05619786843618813
1017,0.056155700039180856,0.05619764823807437
1018,0.0561552516433921,0.05619735098870476
1019,0.05615485920675684,0.056197057286256895
1020,0.05615426425011722,0.056196398880116204
1021,0.056153871720784856,0.05619620348275322
1022,0.056153708377167516,0.05619604341243992
1023,0.05615368102820986,0.05619604225469809
1024,0.05615336162362161,0.05619578676228147
1025,0.05615311679987964,0.056195634741681995
1026,0.056153101564107834,0.056195634757503304
1027,0.056152318602356775,0.05619501468121754
1028,0.056152021030041924,0.05619473515078387
1029,0.0561513985821301,0.05619415015418746
1030,0.05615138700859232,0.056194150220792966
1031,0.05615137096009442,0.056194150304200705
1032,0.05615133896674185,0.05619423407181091
1033,0.05615083415378,0.05619407362733754
1034,0.056150515101635205,0.056193932375851165
1035,0.05614998827445352,0.05619353608694824
1036,0.056149705370841005,0.05619353479210705
1037,0.05614932062473633,0.056193107691469
1038,0.05614878945871977,0.05619291149667714
1039,0.05614858946796167,0.05619282116855076
1040,0.05614823634835938,0.056192789563089644
1041,0.05614771119186063,0.05619281924916179
1042,0.056147189120236314,0.05619242503658686
1043,0.056146730161708486,0.05619213633568218
1044,0.05614667266846685,0.05619212998828877
1045,0.05614639502296983,0.05619222020881806
1046,0.0561461010597831,0.05619192182165894
1047,0.05614595128366395,0.05619189238233484
1048,0.056145777595355065,0.05619177214382975
1049,0.05614537389132346,0.05619157539005856
1050,0.05614497573353233,0.05619112211418788
1051,0.056144961218817534,0.056191122118704466
1052,0.05614474894030992,0.05619093888367839
1053,0.0561441574738206,0.05619038367374311
1054,0.05614414280774945,0.056190399155991895
1055,0.05614410516962591,0.0561904022623588
1056,0.05614375639987739,0.05619040016321346
1057,0.056143180154298186,0.05619000596029402
1058,0.05614309960201982,0.05618995938916595
1059,0.05614258128109078,0.05618956910685203
1060,0.056142549946548326,0.05618958134572432
1061,0.05614186938852104,0.05618904943470455
1062,0.05614165770493115,0.05618892770742121
1063,0.05614108799150827,0.05618864734092265
1064,0.05614042292255571,0.05618799090316099
1065,0.056140391045526886,0.056187995789916956
1066,0.05614020903374799,0.05618795521450927
1067,0.05613991175733365,0.05618780735990516
1068,0.05613926039426256,0.056187346844184916
1069,0.056138954658984566,0.056187234468076774
1070,0.05613882952355621,0.05618725845645548
1071,0.05613846488251833,0.056187113655903
1072,0.05613800701387685,0.056186707218810694
1073,0.056137691917660625,0.05618643112540774
1074,0.056137126142685935,0.05618605372940353
1075,0.05613704289118349,0.05618601185380144
1076,0.05613669024377216,0.05618571211189915
1077,0.05613654623851623,0.05618557102842019
1078,0.05613633840670513,0.05618546361078427
1079,0.056136099934933376,0.05618530323574392
1080,0.05613588935390712,0.056185269065077266
1081,0.056135145257018425,0.05618465547052309
1082,0.05613438032125789,0.05618406508666359
1083,0.056133864520607216,0.05618352839902968
1084,0.05613346400556741,0.056183155135096745
1085,0.05613328121842709,0.05618301529591812
1086,0.05613277192201717,0.056182865174118295
1087,0.05613196749114972,0.056182493238005546
1088,0.05613148029561396,0.056182171001440045
1089,0.05613084003207976,0.056181580366033906
1090,0.056130134326287516,0.056181036219867586
1091,0.056129685684223184,0.05618067140740198
1092,0.05612936685992057,0.05618066082752896
1093,0.0561293000767456,0.056180647344705584
1094,0.056129223539439145,0.05618060610277679
1095,0.0561286635136769,0.056180085812990256
1096,0.05612825448007683,0.05617975635528718
1097,0.05612772408015701,0.056179360781578216
1098,0.05612748418743416,0.05617917126734948
1099,0.05612706019720604,0.056179037566630195
1100,0.05612676966325804,0.056179009856630456
1101,0.05612634313405818,0.05617875859879583
1102,0.05612583570065103,0.056178424875578566
1103,0.05612555282739865,0.05617831284923
1104,0.05612516267216329,0.056178337597012615
1105,0.056124813900250994,0.05617790451354958
1106,0.05612473670901991,0.05617781833869113
1107,0.0561240521440763,0.056177776897566534
1108,0.05612394044254099,0.05617774011545019
1109,0.05612377359309814,0.05617762635645147
1110,0.05612344931268559,0.0561774066565873
1111,0.05612295409806811,0.056177043044133006
1112,0.05612260669145101,0.0561768937632782
1113,0.05612260068257788,0.056176893995485415
1114,0.056122106765182866,0.05617640241553194
1115,0.056121929275040866,0.05617633224777612
1116,0.056121825476618155,0.05617628394691679
1117,0.05612152687626269,0.056176197613942214
1118,0.05612137425093362,0.056176120387717556
1119,0.05612103125555276,0.056175941235371764
1120,0.05612062665167077,0.056175592926289784
1121,0.05612056827209799,0.05617556419625698
1122,0.05612026994664769,0.056175528025893345
1123,0.05611997635217985,0.05617536489341553
1124,0.056119625111373576,0.05617496967365432
1125,0.05611929852195736,0.05617489417069642
1126,0.0561187964641133,0.056174567930541604
1127,0.05611855925328692,0.05617426030109595
1128,0.056118172971677587,0.05617404356405372
1129,0.05611786334938322,0.05617383784335383
1130,0.0561177316710057,0.05617384744882465
1131,0.05611747506656074,0.05617361285910908
1132,0.05611712379772557,0.05617360023881711
1133,0.05611690510141762,0.05617340091775739
1134,0.056116643676485806,0.05617341320480258
1135,0.05611612328449581,0.05617295602730671
1136,0.0561158556790504,0.05617266750071949
1137,0.05611530673821556,0.056172131908663096
1138,0.05611500800175472,0.05617213204273484
1139,0.05611465099867035,0.056171933766683335
1140,0.05611460641287795,0.056171885599316504
1141,0.05611429421048358,0.05617164375411855
1142,0.056113998100719514,0.05617137316749406
1143,0.05611363386708843,0.05617096968879564
1144,0.05611310742716641,0.05617046264542666
1145,0.05611283588403702,0.0561701732673893
1146,0.05611252391448793,0.056169927388660765
1147,0.056111505086950356,0.056168923322477485
1148,0.05611120602273021,0.05616871039518791
1149,0.05611084926506428,0.05616844932580719
1150,0.05611044247537315,0.05616828226677487
1151,0.05611029218931809,0.056168271468152564
1152,0.056109991081180345,0.056168010460076294
1153,0.05610983275016118,0.05616798985365899
1154,0.0561096935645951,0.056167831452739354
1155,0.0561092172686124,0.05616747627547654
1156,0.05610883666890399,0.05616732786597218
1157,0.0561087799429762,0.05616730525004146
1158,0.05610858389489618,0.05616712095918681
1159,0.05610820272636675,0.056166855196631275
1160,0.056108186271550856,0.056166872502451184
1161,0.0561077328680183,0.056166719202934555
1162,0.05610731384060645,0.05616630681067358
1163,0.05610728987799071,0.05616630843208598
1164,0.056106963489225094,0.05616619222473678
1165,0.05610650360895563,0.056165754560456305
1166,0.056105878148237885,0.056165235944558654
1167,0.05610556703508432,0.05616523838664411
1168,0.05610524561203499,0.056165104623518515
1169,0.056104907304862076,0.05616490690637691
1170,0.056104610745028906,0.056164724845551135
1171,0.05610429177825088,0.05616466567779315
1172,0.056104122239274856,0.05616462674191272
1173,0.05610385771238627,0.056164556726546765
1174,0.056103454775998235,0.05616451496432782
1175,0.056103156257159906,0.056164362858944314
1176,0.05610311652218912,0.05616436667767707
1177,0.05610280778103264,0.05616406996351603
1178,0.05610246043276042,0.056163743687041634
1179,0.0561020392948487,0.05616350444460521
1180,0.05610156236194471,0.056163128321370104
1181,0.05610121351129373,0.05616285832779352
1182,0.05610101882185363,0.05616273231710763
1183,0.05610070932917658,0.056162483633661976
1184,0.05610053644562103,0.0561622483431678
1185,0.056100444280426646,0.05616227328820845
1186,0.05610005241647112,0.05616223902196564
1187,0.05609968920247265,0.05616210297649501
1188,0.05609947564989107,0.05616210608270119
1189,0.0560992731635568,0.05616201588445069
1190,0.05609905141822559,0.056161698598602136
1191,0.056098844735246366,0.0561616047497885
1192,0.05609823969314298,0.05616161834077025
1193,0.05609813203075623,0.05616154614725939
1194,0.056097928589441876,0.05616155629513875
1195,0.056097140222002136,0.0561608502232902
1196,0.05609645390915417,0.056160333894988
1197,0.05609622319222291,0.05616032350978568
1198,0.05609619385283024,0.0561603374061112
1199,0.05609572441744705,0.05616014798814013
1200,0.056095527757328414,0.05615998868956298
1201,0.05609515278375123,0.056159653088789424
1202,0.05609455375326607,0.05615916830436301
1203,0.05609432832242593,0.05615898920993496
1204,0.05609396098340617,0.056158661121102675
1205,0.056093755738908783,0.05615855035016167
1206,0.05609341276640806,0.05615829346790191
1207,0.0560931340543071,0.056158111763526385
1208,0.05609295899542217,0.056157916673905996
1209,0.0560928693019666,0.056157933925281
1210,0.05609241419108613,0.0561575731189358
1211,0.05609234645087752,0.056157548545609726
1212,0.05609211873453401,0.05615754644950587
1213,0.056091682425293374,0.056157402573677524
1214,0.056091433692170484,0.05615710393313415
1215,0.056091427633977176,0.05615710593375185
1216,0.056091376118070524,0.0561570888919866
1217,0.05609109926496931,0.056157122101647604
1218,0.0560907135958313,0.05615686554726459
1219,0.056090242270963625,0.05615661093726
1220,0.05609011044813267,0.05615644725252629
1221,0.05608988516705331,0.056156244844242496
1222,0.05608860564710202,0.05615551693659061
1223,0.05608844737859686,0.056155495948572776
1224,0.05608809081517284,0.056155232737356085
1225,0.05608804295865555,0.05615519122130204
1226,0.05608739727557723,0.05615470835135235
1227,0.056087070580253716,0.056154652806228195
1228,0.056086728611942575,0.056154495571340404
1229,0.05608644404607697,0.05615426916812563
1230,0.056086079379669876,0.056153992685924234
1231,0.05608581535374399,0.05615374356287496
1232,0.056085195253814855,0.05615328902668747
1233,0.05608498756488257,0.056153174137422046
1234,0.056084764696518276,0.056153058156441345
1235,0.05608462034903225,0.05615299066520576
1236,0.05608424444513117,0.056152780557613614
1237,0.056083979705060315,0.05615270541867896
1238,0.05608390092389679,0.056152686028586224
1239,0.056083807179743775,0.05615267287405061
1240,0.056083474825425104,0.056152454166089126
1241,0.05608339648905799,0.05615244728270527
1242,0.056083105806374545,0.05615223261519022
1243,0.05608264917866576,0.056151908065068125
1244,0.05608244035832048,0.05615185505562122
1245,0.05608222250130747,0.05615194474238134
1246,0.0560820003755249,0.05615199255704551
1247,0.05608157330716811,0.056151823638846174
1248,0.056081189704508254,0.05615172665702384
1249,0.05608112404078218,0.056151778418328725
1250,0.05608088362530999,0.05615161721550047
1251,0.05608086136453437,0.05615161733058424
1252,0.05608071234271639,0.05615163654112023
1253,0.056080369203322857,0.05615135869352917
1254,0.05608008004058608,0.05615122706693647
1255,0.05607973608631817,0.05615112476703033
1256,0.05607941488490145,0.0561511446622344
1257,0.05607909615897903,0.056150987046650905
1258,0.056078619577632396,0.056150538960612326
1259,0.05607832482586815,0.05615042936575596
1260,0.0560782188075976,0.056150347911432905
1261,0.0560779153895918,0.05615024603762747
1262,0.056077649625363206,0.05615014293963324
1263,0.05607751043582212,0.05615006053801892
1264,0.056077170535120076,0.05614978925340267
1265,0.05607679745322542,0.056149740782545615
1266,0.05607651099059405,0.05614944730347245
1267,0.05607578446375937,0.05614889966328682
1268,0.05607534658756458,0.05614858355833322
1269,0.05607522976293673,0.056148482139057966
1270,0.05607501185425494,0.05614828022874919
1271,0.05607473274454533,0.05614801150111829
1272,0.05607426167009395,0.056147606564733624
1273,0.056074061140717765,0.05614772565873321
1274,0.05607391939660152,0.05614761981978665
1275,0.056073551646362366,0.056147705290437784
1276,0.056073175210633895,0.05614754063619841
1277,0.0560730524611815,0.05614744693523488
1278,0.05607287455564001,0.05614740163374541
1279,0.05607284320013835,0.05614740148340668
1280,0.05607256463659323,0.05614726171362541
1281,0.05607223427586981,0.05614724796130382
1282,0.05607171399412941,0.05614690112877846
1283,0.056071196822185566,0.056146619578946906
1284,0.056070878655934575,0.056146509793537636
1285,0.05607053907807354,0.056146245696313456
1286,0.05607053013992666,0.0561462484194562
1287,0.05607038436493919,0.05614610087504616
1288,0.05607005390811138,0.056145823945711014
1289,0.05606992306377946,0.0561457720329052
1290,0.05606963302358954,0.0561457618231369
1291,0.05606945485085035,0.05614562268409339
1292,0.056069399196705505,0.0561456371071774
1293,0.05606901092715644,0.056145386533316605
1294,0.05606887944540753,0.05614526144918775
1295,0.0560686989729976,0.056145173122764326
1296,0.05606857122998312,0.05614515543359042
1297,0.05606841210654621,0.056145069691726224
1298,0.05606805202582923,0.05614478037013049
1299,0.05606778714743184,0.05614469780226019
1300,0.05606759820837544,0.05614472796735519
1301,0.05606753485892119,0.05614469714300555
1302,0.056067378889936105,0.05614467908670263
1303,0.05606716005433218,0.056144606458082856
1304,0.056066758051053336,0.05614455179076967
1305,0.05606649560102307,0.05614442722528832
1306,0.056065103423265726,0.0561434857190125
1307,0.056064754139981535,0.05614335748590081
1308,0.05606461382514888,0.05614328329137228
1309,0.056064462575679645,0.05614320212287308
1310,0.0560639771999834,0.056143189246048227
1311,0.05606394551710209,0.05614318734262107
1312,0.05606363994462501,0.0561428488185927
1313,0.05606338829327642,0.05614282415876555
1314,0.056063251691744906,0.0561427261304782
1315,0.05606320197037982,0.05614271974973282
1316,0.056062974780653266,0.056142729224490893
1317,0.05606273567099334,0.056142533851612934
1318,0.056062527833682596,0.056142340642439524
1319,0.05606226913724361,0.05614222148135444
1320,0.056062044230584966,0.0561421688956188
1321,0.056061819496770145,0.05614210276497918
1322,0.05606114685538103,0.05614164427399458
1323,0.05606092996391958,0.056141537468827114
1324,0.0560606416493723,0.05614155661546607
1325,0.056060513214263655,0.056141270163953434
1326,0.056060509002196425,0.056141269653554815
1327,0.0560602221563895,0.05614124586929187
1328,0.056059557341562226,0.05614089717228386
1329,0.056059370797270316,0.05614072221936957
1330,0.05605852560413624,0.056140061330358634
1331,0.05605825340577591,0.05614003254985446
1332,0.056057955038764276,0.056139965387208494
1333,0.05605767872911749,0.05613987261134918
1334,0.05605720441855304,0.05613956227572024
1335,0.05605691607389903,0.05613950534886223
1336,0.056056572045868364,0.05613933042326432
1337,0.05605631066601044,0.05613913206277923
1338,0.05605593556728088,0.05613874325279442
1339,0.05605573253884361,0.05613862473514648
1340,0.056055711619429384,0.0561386286082127
1341,0.05605540339463208,0.05613835426177697
1342,0.05605517543143492,0.056138238256857355
1343,0.056054786110832255,0.05613808089935176
1344,0.05605455297559156,0.05613812406272316
1345,0.056054532970622975,0.05613812346346191
1346,0.05605411578072519,0.05613789372435333
1347,0.056053589965804416,0.056137497395334066
1348,0.05605333922218574,0.056137375649323196
1349,0.05605319097256546,0.05613735621768022
1350,0.05605277583458555,0.056137275171220385
1351,0.056052487568904866,0.05613704757668454
1352,0.056052203465617206,0.056137047052262606
1353,0.056052120034177394,0.0561370115783226
1354,0.056051948033456575,0.056137016050324916
1355,0.056051686539043855,0.05613687960120568
1356,0.056051408772628986,0.056136947023967015
1357,0.056051017694106475,0.056136694664088514
1358,0.05605044027329914,0.05613612463076667
1359,0.05605023595721928,0.056135972646112156
1360,0.05604992179015196,0.05613576318774721
1361,0.05604990795910824,0.056135763222163286
1362,0.05604954886257374,0.056135549955856845
1363,0.0560495362797016,0.05613554944102854
1364,0.05604925158640249,0.05613529723176366
1365,0.05604924723138237,0.0561352977316112
1366,0.056049023259068714,0.05613500146270226
1367,0.0560486360434891,0.05613497626592429
1368,0.056048263206446326,0.056134685223604736
1369,0.056047993213590754,0.05613453886324587
1370,0.05604781514832075,0.05613448941488481
1371,0.05604758995256358,0.05613445336216765
1372,0.05604725483578879,0.05613434531011882
1373,0.05604687823168612,0.05613403659095001
1374,0.05604647256397816,0.05613375325992281
1375,0.056046350751822245,0.05613363754471496
1376,0.05604631374909332,0.05613364247481562
1377,0.05604588869342961,0.056133658919237314
1378,0.05604582903847812,0.05613360801520352
1379,0.056045487753979405,0.05613327793759045
1380,0.05604543588230885,0.05613328818666204
1381,0.05604513266315611,0.05613330845641858
1382,0.056045115421480836,0.05613330387559724
1383,0.0560447998118637,0.0561333932757388
1384,0.05604469601462279,0.056133375855915414
1385,0.056044516221162945,0.05613323215434259
1386,0.05604416500205157,0.056133042293019075
1387,0.056044092999012474,0.05613302156855446
1388,0.056043740085351144,0.056132873855276884
1389,0.056043575785847295,0.056132747089464245
1390,0.056043459769320285,0.056132715693432166
1391,0.05604315292885413,0.05613245382495762
1392,0.05604312114842437,0.05613244569891885
1393,0.056042944753427124,0.05613234146812752
1394,0.056042409865775855,0.05613181563461374
1395,0.05604198942313593,0.05613153326788416
1396,0.05604167907558477,0.05613147891019262
1397,0.05604141689005357,0.05613120205593153
1398,0.05604092347626363,0.05613078440188241
1399,0.05604068794327,0.05613076129414034
1400,0.056040375489611625,0.05613057281804265
1401,0.056040113101232865,0.0561305265324935
1402,0.05603928326597779,0.056129694181588946
1403,0.05603895805505316,0.05612953232570746
1404,0.05603867514008593,0.05612929351649827
1405,0.05603859055330268,0.056129203557914904
1406,0.05603835837739028,0.0561289737243126
1407,0.056038145097117596,0.056128937784399986
1408,0.05603804496612356,0.056128882102300916
1409,0.05603781690089544,0.05612868592107198
1410,0.056037789611916716,0.05612868375514994
1411,0.05603748671310971,0.056128412587368226
1412,0.05603722518854264,0.056128336947363786
1413,0.056036878891609,0.056128203533681045
1414,0.05603677716672158,0.056128160052926375
1415,0.056036698424255106,0.05612815644944274
1416,0.0560362142873937,0.05612778248624212
1417,0.05603588038729218,0.056127747982446165
1418,0.056035650033174726,0.05612776277073051
1419,0.05603518223703287,0.056127681563327786
1420,0.05603487061115323,0.05612742386587381
1421,0.05603486413577021,0.056127422561194185
1422,0.05603452355974646,0.05612722155104093
1423,0.056034218150293615,0.0561270767536456
1424,0.05603390582191723,0.05612682395393037
1425,0.056033601067583955,0.05612670303939588
1426,0.056033343976062355,0.05612674336089644
1427,0.05603309886463414,0.056126518988665046
1428,0.0560327254891053,0.056126187398729925
1429,0.05603248220619649,0.056126203543839535
1430,0.05603239511086807,0.05612614304169992
1431,0.05603194380081835,0.05612618150651263
1432,0.05603192297267635,0.05612618178245639
1433,0.05603156193255024,0.05612584875378611
1434,0.05603145039812579,0.0561258407966616
1435,0.056030966637203784,0.05612569743656133
1436,0.05603065707942215,0.05612574420100884
1437,0.056030578957107245,0.05612567133517106
1438,0.0560303294234246,0.056125550765202335
1439,0.0560297158850295,0.056125016890013
1440,0.05602930454536207,0.056125021754636246
1441,0.05602856232336603,0.056124541637935954
1442,0.05602830919090059,0.05612430901336561
1443,0.056028256119833565,0.05612429805816986
1444,0.056027939404822785,0.05612400723451544
1445,0.05602749886654811,0.05612396364599633
1446,0.0560273367679175,0.05612391441532711
1447,0.05602680439118283,0.05612346238272602
1448,0.05602668662189919,0.05612338076843203
1449,0.05602646137986407,0.05612339906194972
1450,0.05602642928581626,0.0561234034159568
1451,0.05602638244242368,0.056123392360163615
1452,0.05602622015387708,0.05612328757289429
1453,0.05602606769276199,0.05612329700250874
1454,0.05602599242306108,0.0561233466533566
1455,0.05602584338416715,0.05612328587431994
1456,0.05602567119564346,0.05612331386683738
1457,0.05602536425456928,0.056123341012185135
1458,0.05602506593483257,0.05612332924791162
1459,0.056024693538615486,0.05612295933342093
1460,0.056024058546928074,0.05612285168612619
1461,0.05602399867917548,0.05612285337359491
1462,0.05602387462864874,0.056122802417046376
1463,0.05602356493474704,0.05612277015370868
1464,0.05602311535008254,0.056122557119681775
1465,0.05602273709976438,0.05612238798548823
1466,0.05602241969274918,0.0561222614442713
1467,0.056022333568077086,0.056122239324242124
1468,0.056022188678920226,0.05612219850941112
1469,0.056021972264807325,0.056122153917989075
1470,0.056021720342464276,0.05612203091067471
1471,0.056021410124645565,0.056121904277681704
1472,0.05602120411538016,0.056121923473461566
1473,0.05602069485258914,0.056121636397506176
1474,0.05602053684735486,0.05612155978103418
1475,0.056020308293489536,0.056121416449653225
1476,0.05602004546390798,0.05612144452989776
1477,0.056020043549493574,0.05612144452580346
1478,0.05601972983781658,0.05612132103369367
1479,0.056019504598499616,0.05612128489971993
1480,0.05601926020291303,0.05612125270334891
1481,0.05601906996653609,0.0561211431687545
1482,0.05601894859162821,0.05612113671595337
1483,0.056018434986558764,0.05612082585411677
1484,0.05601817380508127,0.056120811298894534
1485,0.05601796287953042,0.05612075281796369
1486,0.0560177294052853,0.056120642457878206
1487,0.05601754241029697,0.05612065552536964
1488,0.056017469671257876,0.05612065503974034
1489,0.05601712759338071,0.05612029299010218
1490,0.05601680727233334,0.05612002519264851
1491,0.05601663672627007,0.05611979883681621
1492,0.05601646391608402,0.056119601430147895
1493,0.05601640660058552,0.05611960907317522
1494,0.05601636576367888,0.05611958213658867
1495,0.056016153035522695,0.05611937204723577
1496,0.056015868422650626,0.0561191751042496
1497,0.056015829786393884,0.056119158395011366
1498,0.05601493334208474,0.05611824506079203
1499,0.05601491562573911,0.05611824570867773
1500,0.05601475312615701,0.056118222574481604
1501,0.0560144038807377,0.05611824743243891
1502,0.056014065738903406,0.05611808416530808
1503,0.05601401244620237,0.05611808410824499
1504,0.05601387574133575,0.05611806639158703
1505,0.056013576249453696,0.056117939107000324
1506,0.056013483234117145,0.05611787059888099
1507,0.05601331157523945,0.05611784714224779
1508,0.05601318703471962,0.05611778043605642
1509,0.05601284468554473,0.05611751192490071
1510,0.05601283679040855,0.05611751224305016
1511,0.05601280369745882,0.05611751247735517
1512,0.056012516504906996,0.05611745032199042
1513,0.05601224367781326,0.05611728613844809
1514,0.05601222409644348,0.05611728607269268
1515,0.056011917952139605,0.0561171315677074
1516,0.05601167849466039,0.05611701732879474
1517,0.056011651522170844,0.05611698940469353
1518,0.0560114039015773,0.05611683664632528
1519,0.05601125500622532,0.05611684450047563
1520,0.05601086291117158,0.05611674678315162
1521,0.0560106323991748,0.05611669052085681
1522,0.056010349316853496,0.05611669913374302
1523,0.056010172657392804,0.05611670463840039
1524,0.05600984936527801,0.05611640960068639
1525,0.056008938641224214,0.05611600528115304
1526,0.0560086099801854,0.056115817050952574
1527,0.056008356998096566,0.056115823654181364
1528,0.05600832008554098,0.05611585388326823
1529,0.056007989702890094,0.05611565560061902
1530,0.056007730161353554,0.05611559343094186
1531,0.05600747299005647,0.05611544418802741
1532,0.056007289091783305,0.05611534936387056
1533,0.05600704012917209,0.0561151591944976
1534,0.056006974740226464,0.05611516417332279
1535,0.05600662869427863,0.05611502838468105
1536,0.05600627456958371,0.05611509997826588
1537,0.05600623387619733,0.05611509993711548
1538,0.05600620782231197,0.05611510470298585
1539,0.05600581724171133,0.05611494078498064
1540,0.05600580078450042,0.05611494299920172
1541,0.05600552708604117,0.05611482651848075
1542,0.05600509104188316,0.056114589640041956
1543,0.05600471818902085,0.056114362403879015
1544,0.05600447223146987,0.056114153102633235
1545,0.056004090339696125,0.05611419075285688
1546,0.05600388582411016,0.05611406995084879
1547,0.05600333119607734,0.056113524202560584
1548,0.05600306263070197,0.05611339973898509
1549,0.05600282179259652,0.056113474349306476
1550,0.05600260851089425,0.056113283228334886
1551,0.056002230124323545,0.05611322477069524
1552,0.056001965081114526,0.056112969066009516
1553,0.05600165945448678,0.0561129864095325
1554,0.0560013498189282,0.056112968490784856
1555,0.05600094256694901,0.05611284463492945
1556,0.05600089629060085,0.05611284795851572
1557,0.05600046236670886,0.056112790111607726
1558,0.05600024887339946,0.05611278791024516
1559,0.05599994824776432,0.05611252918724131
1560,0.055999559348080596,0.05611238235264976
1561,0.055999132666710756,0.056112038546300036
1562,0.05599884242736838,0.056111803271102635
1563,0.05599870214069077,0.05611166623763523
1564,0.05599833622048087,0.056111350061686695
1565,0.055998126489082395,0.05611118372282206
1566,0.05599785713168278,0.05611110116874842
1567,0.05599756834196169,0.05611116145756196
1568,0.05599752587156485,0.056111161233000285
1569,0.055997180569836456,0.05611123813511854
1570,0.055996687438396725,0.056110864063223215
1571,0.055996452235127205,0.056110768051452584
1572,0.05599581172770275,0.05611064509001828
1573,0.055995758163901906,0.05611065542229728
1574,0.05599575220295607,0.05611064686721427
1575,0.0559953729734845,0.056110539199667644
1576,0.055995018228840475,0.056110306820562825
1577,0.05599467544638144,0.05611006367434112
1578,0.055994441944437034,0.05610993982578876
1579,0.05599426836389695,0.0561097871792091
1580,0.05599413665053024,0.05610965775289549
1581,0.05599386628222057,0.056109493781426746
1582,0.05599363192667028,0.05610926172614879
1583,0.05599320970619132,0.05610937067842089
1584,0.05599286743922269,0.05610911391400705
1585,0.055992774472249006,0.056109069560269446
1586,0.0559925587932777,0.05610907719064122
1587,0.05599233348512636,0.0561088707070367
1588,0.05599227636921061,0.056108871785880865
1589,0.05599198382721493,0.05610880948981464
1590,0.055991677107338794,0.056108626389863483
1591,0.055991620918013865,0.05610861578216816
1592,0.05599138683488769,0.05610863032892108
1593,0.05599136101354751,0.05610863025162968
1594,0.05599115545270789,0.05610847269850358
1595,0.05599092872553927,0.05610824016658031
1596,0.05599080931282046,0.05610821006039041
1597,0.05599063890266709,0.056108156278759785
1598,0.05599039978432951,0.05610806940528436
1599,0.05599009920093861,0.05610781131787132
1600,0.055990018148388984,0.056107806759261566
1601,0.055989787097867554,0.05610782428815987
1602,0.05598952869229801,0.05610772941110592
1603,0.05598937479775343,0.056107723097059484
1604,0.05598926062646446,0.05610771775939758
1605,0.05598892153972969,0.05610732882251111
1606,0.05598886541805798,0.05610716508034462
1607,0.05598864152841027,0.05610706184795824
1608,0.05598835139684996,0.056106881143807026
1609,0.05598823838315731,0.05610679543908555
1610,0.0559875114306563,0.056106618786498315
1611,0.055987283180466835,0.056106442656136145
1612,0.055987028281811374,0.056106365218744236
1613,0.05598669514572118,0.056106127687666804
1614,0.05598645228470631,0.056105922263851325
1615,0.05598634184071912,0.05610587941615913
1616,0.0559863353218571,0.056105878844316635
1617,0.05598601576972464,0.05610582255233616
1618,0.05598572486715148,0.05610573795151288
1619,0.05598550623834344,0.056105604464892
1620,0.055985300166279096,0.0561054841364769
1621,0.055985032988094596,0.056105509519118434
1622,0.05598482343783958,0.056105416411320164
1623,0.05598463138802106,0.05610537073711584
1624,0.055984529795686216,0.056105389721365244
1625,0.0559841241460561,0.05610534862975968
1626,0.05598365969141342,0.05610499425163405
1627,0.05598348927649684,0.05610495720270763
1628,0.05598322690901252,0.05610479932394669
1629,0.05598291522730618,0.05610453247059597
1630,0.055982726497384956,0.056104511093674723
1631,0.05598222803611688,0.056104477531984616
1632,0.055982221658612996,0.05610447751361569
1633,0.05598191950993587,0.056104334965158764
1634,0.05598188140500346,0.05610433946665615
1635,0.05598160460954332,0.0561042152538405
1636,0.05598142934709879,0.056104036924389825
1637,0.05598104980665347,0.056103983566924434
1638,0.05598079567338533,0.05610393104929354
1639,0.05598052084674024,0.05610380368331733
1640,0.05598041118355013,0.05610370533179368
1641,0.05598002476328745,0.056103406140625964
1642,0.05597993542558179,0.05610338620806717
1643,0.05597977540852338,0.05610335571443477
1644,0.055979566540925466,0.056103335283471084
1645,0.05597943066689827,0.05610339415893682
1646,0.055979330762449035,0.05610342316093079
1647,0.055979062901436415,0.056103436605814815
1648,0.05597891349917428,0.056103424119002
1649,0.05597870648435688,0.056103318298297344
1650,0.055978400657749616,0.056103377990140764
1651,0.05597819386797808,0.05610337116593922
1652,0.055977913424193726,0.056103223934232845
1653,0.05597746323015917,0.05610311780415818
1654,0.055977305593046756,0.05610305096003239
1655,0.05597726288041572,0.05610302662749546
1656,0.05597716256668492,0.05610300539320163
1657,0.05597699165587528,0.05610295134049074
1658,0.05597697272218854,0.05610295323829208
1659,0.05597668027672601,0.05610282408294543
1660,0.055976298669178394,0.05610285464924002
1661,0.05597595299976032,0.056102744786583364
1662,0.055975846421257865,0.0561027302123346
1663,0.055975822057611826,0.05610273673446674
1664,0.0559755843720811,0.05610270961331465
1665,0.05597532252072919,0.056102438368860884
1666,0.05597524949639142,0.056102371776913525
1667,0.055975118438042766,0.05610230356353826
1668,0.055975096088094894,0.05610231676988704
1669,0.055974413637790085,0.056101830051010895
1670,0.05597397904208846,0.05610153915448468
1671,0.05597377099090798,0.05610145936542919
1672,0.05597366800394948,0.05610147572973016
1673,0.0559733535549961,0.0561012431790461
1674,0.055972966601933315,0.05610102158692914
1675,0.05597275615979458,0.056100981254805164
1676,0.05597274703314484,0.05610097841127584
1677,0.05597240398495554,0.056100927980667153
1678,0.055972170267806154,0.05610082891978337
1679,0.05597211780460051,0.056100815423457386
1680,0.05597178424594661,0.056100661216637475
1681,0.055971749613702965,0.05610065894654546
1682,0.05597162258829464,0.05610062000114671
1683,0.05597143323219328,0.05610054820689264
1684,0.05597115485891933,0.05610051507898073
1685,0.05597102240172288,0.05610046420559899
1686,0.055970879418914286,0.05610046543615242
1687,0.055970552039868886,0.05610038469006979
1688,0.055970334920712204,0.05610034886326474
1689,0.05597014229664185,0.05610018134787289
1690,0.0559698528800463,0.05610027526755175
1691,0.05596956838451597,0.05610006979302254
1692,0.05596931262868572,0.05610006529137691
1693,0.05596912602145922,0.05610001103857683
1694,0.05596886288418327,0.0560999027577029
1695,0.05596862503347344,0.05609963671076354
1696,0.055968238394199725,0.05609959170481328
1697,0.0559682065951451,0.056099578822740345
1698,0.05596784090879646,0.056099700664370006
1699,0.055967337264046915,0.05609949693888894
1700,0.0559670077395939,0.056099229159238165
1701,0.055966793864614686,0.056099112889772984
1702,0.055966683419445204,0.05609907778022846
1703,0.05596667848719956,0.05609907847396392
1704,0.05596662278502958,0.05609908175799473
1705,0.05596659172808074,0.05609908992630482
1706,0.055966362916298154,0.056099104916795275
1707,0.055966227283797715,0.05609917778087268
1708,0.05596609680891606,0.056099158742482017
1709,0.05596582424947013,0.05609890107782577
1710,0.055965585209689035,0.05609904888169463
1711,0.055965440512833114,0.05609890703121006
1712,0.05596497217420936,0.05609883037738944
1713,0.05596467527619568,0.05609875415167635
1714,0.05596429433957412,0.056098896279103284
1715,0.05596390177961836,0.05609854500803384
1716,0.05596348937721858,0.05609836702538471
1717,0.05596347046886283,0.056098367063381546
1718,0.05596299664881931,0.05609818549202462
1719,0.055962573824207405,0.056098021591648
1720,0.0559624477954259,0.056098031758477655
1721,0.05596212259444257,0.05609803772564523
1722,0.055961847794350955,0.05609790541956495
1723,0.055961688838893096,0.056097889003273796
1724,0.05596147721338412,0.056097621375820035
1725,0.05596129557533109,0.05609741703852656
1726,0.055960966281896646,0.0560971469845105
1727,0.05596077905346326,0.05609710313081052
1728,0.055960602491986984,0.05609712092560169
1729,0.05596047985535575,0.056097086519159206
1730,0.055960300411410424,0.05609698354929932
1731,0.05596024837489771,0.05609699977188581
1732,0.05595985811839055,0.05609681922424476
1733,0.05595933506368318,0.05609643989164012
1734,0.0559593294434377,0.05609644007432319
1735,0.05595916071034676,0.056096428111971054
1736,0.055959054492025505,0.0560963713969076
1737,0.05595881735622989,0.056096359886814814
1738,0.055958494199473734,0.05609599757847247
1739,0.05595834293855847,0.05609583588768279
1740,0.055958200362331546,0.056095796964556445
1741,0.05595808928191125,0.05609572223493048
1742,0.055957720212561526,0.05609540334229873
1743,0.055957582619823316,0.05609534632540189
1744,0.05595706800852404,0.05609540013859125
1745,0.0559568286897792,0.05609536281011978
1746,0.05595664613543879,0.0560953431518902
1747,0.05595642370257053,0.05609532299954931
1748,0.055956105050963885,0.0560951598241128
1749,0.05595599550599953,0.05609506418341398
1750,0.055955804669644386,0.0560950735187946
1751,0.055955752835384,0.05609506819267023
1752,0.05595546311562341,0.05609494281995529
1753,0.05595531803596069,0.05609482341671556
1754,0.0559550372016898,0.05609467712115281
1755,0.05595476235887194,0.05609435934851203
1756,0.055954591148420066,0.056094282852686195
1757,0.05595440238494859,0.0560941599680129
1758,0.055954126219098434,0.05609403279154232
1759,0.055954110424934145,0.05609401809118717
1760,0.05595407001398107,0.05609399426962176
1761,0.05595393287468375,0.05609388741304693
1762,0.05595382314187418,0.05609387785438909
1763,0.05595375590313374,0.056093816842736205
1764,0.05595344189393602,0.056093787081809184
1765,0.055953297733154425,0.05609370511764971
1766,0.05595315066366415,0.05609376463601752
1767,0.0559531248671936,0.05609376080888828
1768,0.05595312216046149,0.056093761535724936
1769,0.055952905365287825,0.056093689815186865
1770,0.05595244040821242,0.056093416654159116
1771,0.055952393984796074,0.056093431243775596
1772,0.05595209503359845,0.056093322798291836
1773,0.05595208174877808,0.05609332280983303
1774,0.055951946034701834,0.05609321778162179
1775,0.05595190559273768,0.05609319257961848
1776,0.05595184314844415,0.05609318328792827
1777,0.0559515132843186,0.0560931849664665
1778,0.05595138222080146,0.05609308323534706
1779,0.05595125114999673,0.05609310619607342
1780,0.055950951839447864,0.056092872968632496
1781,0.05595074225430534,0.05609289144502916
1782,0.05595065725750404,0.056092901633700454
1783,0.055950542691628045,0.05609284733713737
1784,0.05595020133057868,0.056092526467850984
1785,0.05595001880252635,0.05609248549060468
1786,0.05594974321581076,0.05609233865323671
1787,0.05594943873517337,0.056092097401528734
1788,0.055949236196645345,0.056092113602496316
1789,0.05594914749635988,0.05609213872263565
1790,0.05594890889772252,0.05609206621061554
1791,0.05594889436162666,0.05609206349902253
1792,0.055948594000064,0.05609200030557886
1793,0.05594823737429009,0.05609176645548706
1794,0.055948206021608674,0.05609176643547364
1795,0.05594818516358047,0.05609176641573593
1796,0.05594776196227294,0.05609165377871788
1797,0.05594769522477741,0.056091562406336316
1798,0.055947596004160625,0.05609157984734805
1799,0.05594743692935355,0.056091643483148414
1800,0.05594737466588096,0.05609164393892605
1801,0.05594719208454803,0.05609156239334787
1802,0.055947018568431414,0.0560915327368839
1803,0.05594698408319253,0.05609153354639939
1804,0.05594684487018334,0.05609146579094243
1805,0.055946485506104336,0.05609126907448252
1806,0.0559461928435495,0.05609134697201405
1807,0.05594615679174718,0.05609131760501193
1808,0.0559459749486801,0.056091284657772335
1809,0.05594564950163206,0.05609110658484449
1810,0.055945401295165925,0.05609095648080146
1811,0.0559452187563769,0.05609092696457573
1812,0.055944969323924426,0.05609080252601894
1813,0.055944784123956336,0.056090732240968735
1814,0.05594459660997122,0.056090590242980326
1815,0.055944526202494446,0.056090558115179864
1816,0.05594443872303035,0.056090501127863915
1817,0.05594425823321772,0.056090440020408916
1818,0.05594409896536443,0.0560904176127213
1819,0.05594381787192362,0.05609010071205657
1820,0.05594342469715392,0.056089777676249605
1821,0.0559433972989603,0.05608977202394811
1822,0.055943118683200094,0.05608965946550519
1823,0.055942884964043364,0.05608949191468197
1824,0.05594287914425967,0.056089493963057395
1825,0.05594266149424506,0.056089425518845167
1826,0.055942424035023496,0.05608920712982613
1827,0.05594233467533189,0.05608920723397506
1828,0.05594204413069339,0.056089052002430514
1829,0.05594182168324818,0.05608900166500931
1830,0.055941515948012534,0.056088892008122504
1831,0.055941506001001964,0.0560888773662406
1832,0.05594117942095945,0.056088593245288296
1833,0.05594091909365685,0.0560886400280049
1834,0.05594073168026086,0.056088590099121496
1835,0.055940438528219706,0.05608859400241585
1836,0.0559400293528825,0.056088349216738165
1837,0.05593989896394506,0.05608831364610396
1838,0.055939826862072606,0.05608830791203318
1839,0.05593948042865906,0.05608818232893606
1840,0.0559392616505445,0.0560879996484316
1841,0.05593915114517099,0.05608797697653034
1842,0.055938838300209785,0.05608781279604669
1843,0.05593860246728643,0.05608777506179715
1844,0.0559382938578151,0.056087757764833344
1845,0.05593812357692676,0.05608764814517086
1846,0.05593787050264121,0.05608760115312761
1847,0.05593765963250773,0.05608739737781076
1848,0.05593736998734281,0.056087280913274945
1849,0.05593650086048001,0.056087021332134994
1850,0.05593649558949453,0.0560870211661995
1851,0.05593619555707303,0.05608691589239627
1852,0.055935939542930926,0.056086793284049294
1853,0.05593584986804566,0.05608681691858095
1854,0.05593530817912894,0.05608633501354548
1855,0.055935072789348804,0.05608623043101039
1856,0.05593468164355311,0.05608593159049873
1857,0.05593450676240449,0.05608593885630475
1858,0.05593429909549564,0.056085819706580387
1859,0.05593409100483856,0.05608592944767059
1860,0.05593394232099266,0.05608578107305856
1861,0.0559337153374593,0.05608563165919578
1862,0.05593370082243303,0.056085631731855635
1863,0.05593366363989321,0.05608563378729955
1864,0.05593336070555857,0.056085483591416456
1865,0.055933088205041545,0.056085533056874325
1866,0.05593296844629345,0.05608548639893456
1867,0.05593245659861354,0.05608503211296055
1868,0.055932284845212274,0.05608499018364606
1869,0.055931952894861046,0.056084789274873974
1870,0.05593164833129064,0.05608458048825729
1871,0.055931530353513274,0.056084594688379376
1872,0.05593129224998941,0.05608451636085898
1873,0.05593120889998335,0.0560844824393594
1874,0.05593095351784682,0.056084258026566684
1875,0.05593061231075091,0.05608408330052531
1876,0.05593025300514964,0.056083947397238355
1877,0.05592994806504169,0.056083761475754404
1878,0.055929869859812825,0.05608378005108929
1879,0.055929803723620344,0.05608374819053074
1880,0.05592964000742324,0.05608373046387123
1881,0.05592958807494585,0.056083764470488705
1882,0.05592955041215818,0.056083801850694545
1883,0.05592944451973737,0.05608369792635811
1884,0.05592927233452321,0.05608365983873874
1885,0.055929075295076465,0.05608352748384061
1886,0.055928543425395945,0.056083192814126936
1887,0.055928397887592296,0.05608323320219027
1888,0.055928211240325806,0.05608328233262981
1889,0.05592801807156602,0.056083234368763224
1890,0.05592771230576459,0.05608308279501246
1891,0.055927563527156145,0.05608306246941909
1892,0.055927172287432526,0.05608276406278055
1893,0.0559270103065147,0.05608266371532693
1894,0.05592608267508427,0.05608222209225355
1895,0.055925831659529884,0.056082114598407014
1896,0.05592563327652212,0.056081927994338
1897,0.05592555157218204,0.056081911313496574
1898,0.05592531011218572,0.05608181405447972
1899,0.05592483223653788,0.056081693673421334
1900,0.05592453579521132,0.05608144750611779
1901,0.05592421731306539,0.05608146370451068
1902,0.05592395396230083,0.0560813483957631
1903,0.05592371323723931,0.05608131795426588
1904,0.055923338608912465,0.05608143938741553
1905,0.055923180883846416,0.05608140704972296
1906,0.05592315409832188,0.05608139003640322
1907,0.05592312371174523,0.05608139169614335
1908,0.05592279981269535,0.056081235147363996
1909,0.05592254938744249,0.05608108474245097
1910,0.055922139253439605,0.05608094330400851
1911,0.05592208926274798,0.056080924828974
1912,0.05592186295815516,0.056080838304093876
1913,0.055921547903453744,0.05608075383515425
1914,0.055921145638295554,0.056080463596107445
1915,0.055920872976369704,0.05608035001359147
1916,0.055920436945296026,0.05608023082855824
1917,0.055920277642621585,0.056080025617638904
1918,0.05592021701555654,0.05608002568627039
1919,0.05592001788306358,0.05607984784314966
1920,0.05591971211752488,0.05607981177319097
1921,0.05591951654642584,0.056079712322625506
1922,0.055919515588814694,0.056079712022008336
1923,0.05591931181558763,0.05607975704570557
1924,0.055919297422914294,0.05607975709789349
1925,0.055919293997698974,0.05607975524864426
1926,0.05591899922913511,0.056079514691848624
1927,0.055918943188532855,0.05607945868572493
1928,0.05591892042425233,0.05607946600669738
1929,0.05591870360185174,0.05607947831060976
1930,0.0559186001968232,0.05607945869930512
1931,0.055918529405908975,0.05607945905756079
1932,0.05591837197972846,0.05607936702280818
1933,0.05591815359094331,0.05607925549384483
1934,0.05591814607294752,0.05607925593261574
1935,0.055918112874793216,0.05607925757655888
1936,0.05591805582168322,0.056079260453573886
1937,0.0559176041976111,0.0560790039633357
1938,0.05591751764885984,0.056079021882527225
1939,0.05591731857003425,0.05607905605055886
1940,0.05591696263560646,0.05607881112739546
1941,0.055916888646216044,0.05607881006203732
1942,0.055916709495309996,0.056078687976470205
1943,0.0559164361788516,0.0560787016964899
1944,0.055916405512498185,0.05607868520000975
1945,0.055916005434310086,0.05607842436842671
1946,0.055915569984822576,0.056078012731440585
1947,0.05591536435589506,0.05607802977117383
1948,0.05591518319410264,0.056078054724478875
1949,0.05591518029719241,0.056078054733640526
1950,0.0559149026220976,0.056077825528432504
1951,0.05591448594720785,0.05607777954418869
1952,0.05591441079220389,0.05607771596218765
1953,0.05591430406520437,0.056077679662624946
1954,0.055914054088942323,0.05607768813649474
1955,0.05591360107620182,0.05607742780029223
1956,0.055913417871074816,0.056077384513886504
1957,0.055913415376347655,0.05607738377687732
1958,0.05591332762804842,0.05607736055628058
1959,0.055913092939771036,0.05607730933942554
1960,0.055912830906448364,0.05607722149684808
1961,0.05591239384487173,0.056076951811117264
1962,0.0559122645509947,0.056076970309572094
1963,0.05591223149538968,0.0560769666433845
1964,0.05591209305455676,0.056076963833515646
1965,0.055911699229732485,0.05607672145938562
1966,0.05591137106884746,0.05607651363586104
1967,0.055911234584747005,0.05607648095812398
1968,0.0559110573880374,0.0560764945166343
1969,0.0559109752963686,0.05607650569118596
1970,0.05591082007330221,0.056076582527222384
1971,0.055910648339223906,0.05607655569063055
1972,0.05591045231809055,0.05607643534102867
1973,0.055910269001704004,0.05607650074283732
1974,0.05591009711801388,0.05607654059557833
1975,0.05590985869441182,0.056076448936610825
1976,0.0559097105900986,0.05607639711816916
1977,0.05590964265252573,0.05607637070537741
1978,0.05590946624622635,0.056076384290988886
1979,0.05590931516564765,0.05607639495341422
1980,0.05590909487957668,0.056076327155950074
1981,0.055909014882360726,0.05607628188212151
1982,0.05590865299879718,0.05607584631121676
1983,0.05590835664395191,0.0560755409146837
1984,0.0559080935044238,0.05607549925431299
1985,0.055907888000170415,0.05607553022086059
1986,0.055907833670999024,0.05607545785237776
1987,0.055907597809878945,0.05607561679985702
1988,0.0559073808394366,0.05607565062126037
1989,0.05590700593373164,0.0560755667413859
1990,0.055906948307908946,0.05607556690149363
1991,0.055906798083042164,0.05607539369807519
1992,0.05590643858142427,0.05607516245956205
1993,0.05590624120526096,0.05607508288507207
1994,0.05590576054537169,0.0560746785646122
1995,0.055905403129022986,0.05607429568365998
1996,0.05590516988784597,0.05607422325078039
1997,0.055904792478660044,0.056073970727530405
1998,0.05590458666405483,0.05607388078937698
1999,0.055904538840049534,0.05607388033456198
2000,0.05590430779516704,0.05607361014735577
2001,0.05590391458030042,0.05607335973816911
2002,0.05590385921575746,0.05607335427937571
2003,0.055903568506470325,0.05607333865455636
2004,0.05590353920561856,0.056073340211350665
2005,0.05590343284099821,0.05607345181186254
2006,0.05590315476755589,0.05607334362564398
2007,0.05590308982148629,0.05607335984775746
2008,0.055902818034660906,0.05607309804458759
2009,0.055902665985009835,0.056072997715747856
2010,0.05590253653108457,0.056072859339989886
2011,0.05590216007849076,0.05607260993883568
2012,0.05590185208941378,0.05607241297400969
2013,0.05590133659795799,0.056072027587526004
2014,0.05590118481744135,0.05607194173108084
2015,0.05590105351589402,0.05607181220266489
2016,0.055900824908205894,0.056071662848569286
2017,0.05590058996878895,0.05607165906431323
2018,0.05590033437049125,0.05607173345231884
2019,0.055900061521622954,0.056071630103023025
2020,0.055899654117002665,0.05607141520277337
2021,0.05589963245848334,0.05607141524096824
2022,0.055899197100816846,0.05607140418788336
2023,0.05589891034244949,0.05607127447765224
2024,0.05589877317379008,0.05607122066500027
2025,0.05589831707272514,0.05607134315825459
2026,0.05589819165723426,0.056071333267740685
2027,0.055898157094196814,0.05607133613465504
2028,0.055897970212572645,0.05607134731708328
2029,0.05589772361504818,0.05607122652033546
2030,0.0558977154662891,0.05607122328102941
2031,0.055897574790561316,0.0560711325273825
2032,0.055897423676142206,0.0560710572575627
2033,0.05589723582395651,0.0560708966519056
2034,0.055897063813116134,0.056070872424992396
2035,0.05589675466407401,0.05607090735095241
2036,0.055896433938023564,0.05607082571136804
2037,0.05589612525983405,0.056070630444523234
2038,0.055895871665173055,0.056070562139253224
2039,0.05589569788667915,0.05607038603146574
2040,0.055895475134131685,0.05607030168893696
2041,0.05589521656415189,0.0560700627133325
2042,0.05589490682278778,0.056069838852825696
2043,0.05589481509091665,0.056069828014932946
2044,0.055894602934289085,0.05606981956347419
2045,0.05589444284588061,0.05606990394455477
2046,0.055894439453972516,0.05606989953953782
2047,0.055894233774422,0.056069802877317325
2048,0.05589390868926199,0.05606970954291764
2049,0.05589388483699361,0.05606970089455166
2050,0.055893787311683714,0.056069649074987814
2051,0.05589352333392852,0.056069588388893636
2052,0.05589335084726015,0.05606952511450408
2053,0.055893159203696266,0.05606950114762961
2054,0.05589291305974475,0.056069449073246104
2055,0.05589287083542159,0.056069435658107326
2056,0.055892744786484594,0.056069486627930834
2057,0.05589270199166036,0.056069486964647856
2058,0.0558924555280525,0.056069259123488
2059,0.05589211953420375,0.05606908713166835
2060,0.05589208038734684,0.0560690512878216
2061,0.05589206637079339,0.056069051679487385
2062,0.055891981692574935,0.056069006617492326
2063,0.055891735982338576,0.05606902397191283
2064,0.05589156090312198,0.056068891279994024
2065,0.05589154345059756,0.056068888777847346
2066,0.05589154117563285,0.0560688887868853
2067,0.05589150366927751,0.05606887993164881
2068,0.055891420927870306,0.05606883793959103
2069,0.05589111724351101,0.05606888842803811
2070,0.05589084019086036,0.056068633905786695
2071,0.055890625763353984,0.05606860310993729
2072,0.05589034063211265,0.05606839265854638
2073,0.05589011446590356,0.056068244355925265
2074,0.05588991171925829,0.05606829513777528
2075,0.05588983923985332,0.056068239378278165
2076,0.055889750031379797,0.056068177482786814
2077,0.05588966614326158,0.05606818019332996
2078,0.05588932499518835,0.05606814858749002
2079,0.0558889922277175,0.056068045660167196
2080,0.05588894932526921,0.056068007451418864
2081,0.05588889156996064,0.056068039319381056
2082,0.055888764760299255,0.05606796608138186
2083,0.055888704609781806,0.056067970403659635
2084,0.055888606935309816,0.05606786609285424
2085,0.055888415925794396,0.05606772509905594
2086,0.05588819348720429,0.056067622807238385
2087,0.05588808879695197,0.056067632527737235
2088,0.05588783402140198,0.05606744961407737
2089,0.055887767351776654,0.05606743677137312
2090,0.05588744841341819,0.056067362618197086
2091,0.05588729724774549,0.05606732237147939
2092,0.05588712470537625,0.05606725650469647
2093,0.0558868833997221,0.056067098829908985
2094,0.05588668517586483,0.0560670267588494
2095,0.055886655116396754,0.056067024063965624
2096,0.055886358344706434,0.056066981111385215
2097,0.05588617654141392,0.056066825202035105
2098,0.055886135981103445,0.0560667895531684
2099,0.055885911932305105,0.05606659703005896
2100,0.05588575590120003,0.056066570106356246
2101,0.055885481718983374,0.05606646670113172
2102,0.05588524514772831,0.056066206482299596
2103,0.055884988342080534,0.05606614124709449
2104,0.05588489879841392,0.05606615430051408
2105,0.05588462863167073,0.05606617064901946
2106,0.05588462094028882,0.056066170096774455
2107,0.05588436142444295,0.05606620464910651
2108,0.055884219541176186,0.05606626618462979
2109,0.055883825572903396,0.05606617140728787
2110,0.055883704807536676,0.05606615150772901
2111,0.05588361511064379,0.056066189481089886
2112,0.05588357316669514,0.0560662204391758
2113,0.05588338169650135,0.056066178215033735
2114,0.055883198298155315,0.0560661017342986
2115,0.05588301333781416,0.056066048781592555
2116,0.055882985863401076,0.0560660530172476
2117,0.05588275820361547,0.056066014217607395
2118,0.05588240705071672,0.05606583783598356
2119,0.05588233395171612,0.05606579059094435
2120,0.05588220384210029,0.056065746239190715
2121,0.055881869010431615,0.05606570982503228
2122,0.055881675277778146,0.05606572463047123
2123,0.05588149218697743,0.05606576676209048
2124,0.05588134580949134,0.05606580204734553
2125,0.05588120337649583,0.056065792109792435
2126,0.05588094260959213,0.05606574849414534
2127,0.055880725819287914,0.05606552569543534
2128,0.05588049260209592,0.05606539605633561
2129,0.055880160344361746,0.05606516571228735
2130,0.05587995291369912,0.05606498557607963
2131,0.05587972897620007,0.05606495979820448
2132,0.05587936608962068,0.05606491927180822
2133,0.05587926913865009,0.05606487453997328
2134,0.055879086978231886,0.05606476721990764
2135,0.05587887948213254,0.056064793855930606
2136,0.05587871168552423,0.05606472269138469
2137,0.055878552520581964,0.05606470077480597
2138,0.055878446147919814,0.0560647108425258
2139,0.05587831078981173,0.0560647365353311
2140,0.05587829179322072,0.05606472352949759
2141,0.05587824341551225,0.056064731643616895
2142,0.055878056457509886,0.05606465788324577
2143,0.055878018386685116,0.05606465797158444
2144,0.05587778973947837,0.056064517412662024
2145,0.055877638688949766,0.05606451524936283
2146,0.055877493204588374,0.05606453008871926
2147,0.055877180473237566,0.05606431458459429
2148,0.055876913992556676,0.056064231083145004
2149,0.055876865510342565,0.05606418736652749
2150,0.05587675554667754,0.05606412694473678
2151,0.0558767336685704,0.056064111613257674
2152,0.0558765210984788,0.056064092491148736
2153,0.05587622414152642,0.05606408228123058
2154,0.05587621012218233,0.05606408212972156
2155,0.05587594526670574,0.05606406116787969
2156,0.05587581083790371,0.05606399238536427
2157,0.0558754811204188,0.05606375378765033
2158,0.055875251825527925,0.056063636216127324
2159,0.05587499090310707,0.05606353247685755
2160,0.05587476314497362,0.05606342535446942
2161,0.05587453613735081,0.056063337757130995
2162,0.05587449133537244,0.05606334138924476
2163,0.055874477070253316,0.05606333344377048
2164,0.05587410860582578,0.056063351270815576
2165,0.05587396092153589,0.056063282396722196
2166,0.05587382314615601,0.056063258527245224
2167,0.05587362203418219,0.056063178853744275
2168,0.05587328935532628,0.05606294324178039
2169,0.055873091803704034,0.05606288127560241
2170,0.05587288220262198,0.05606274008945626
2171,0.055872703094684915,0.05606259426803739
2172,0.055872544320986935,0.05606244375230525
2173,0.05587222146513021,0.056062085144877566
2174,0.05587196430894327,0.05606186267503547
2175,0.055871813535852174,0.05606186746449122
2176,0.05587158148450472,0.05606184534388523
2177,0.055871472931222486,0.05606183028689189
2178,0.05587140949186359,0.05606182195044569
2179,0.055871389112260646,0.056061839831044756
2180,0.05587109915755965,0.05606187433570166
2181,0.0558710667046742,0.05606186894605798
2182,0.0558709599636148,0.05606192361039938
2183,0.05587093492478313,0.0560619149024404
2184,0.05587061616587506,0.05606189419318872
2185,0.05587058678036062,0.05606189122504046
2186,0.055870340969619424,0.056061701107836474
2187,0.05587007904033553,0.05606160666966977
2188,0.05586983672717799,0.05606150556613692
2189,0.05586979148751702,0.05606147393151845
2190,0.055869715754561865,0.056061382196088375
2191,0.055869568633226424,0.05606119480387149
2192,0.0558694281372664,0.0560610614812177
2193,0.05586919383084029,0.056060999660821974
2194,0.05586910317207652,0.056060981919494664
2195,0.05586902739127813,0.05606094168318653
2196,0.05586874726796261,0.0560608963991283
2197,0.05586849712363809,0.05606101279471216
2198,0.055868454558272954,0.056060996541548516
2199,0.05586827833969863,0.056060944576632556
2200,0.055868005363809835,0.05606080451832642
2201,0.05586779494535678,0.05606068852284692
2202,0.05586766257366555,0.05606067676667889
2203,0.05586737941791645,0.05606055164209793
2204,0.05586715894184936,0.056060463138257174
2205,0.05586682204470899,0.05606023689414704
2206,0.05586666250177448,0.056060237088777755
2207,0.05586658759951719,0.05606022663576812
2208,0.05586658549405526,0.05606022658248634
2209,0.05586641334596035,0.05606007040264705
2210,0.05586638722558068,0.05606007406860326
2211,0.05586614222187031,0.05605985167144849
2212,0.055865972406785064,0.05605990311806139
2213,0.055865905663260856,0.056059917383053624
2214,0.05586545601500437,0.05605953411757137
2215,0.05586503149698109,0.05605951513302158
2216,0.055864815077962274,0.05605940604087106
2217,0.055864581807996,0.056059266302211676
2218,0.0558642926742996,0.05605903685690048
2219,0.05586411509758639,0.05605892953058994
2220,0.05586385339213274,0.05605873038358461
2221,0.05586365035570791,0.05605862738315896
2222,0.055863582713631794,0.056058590368536665
2223,0.05586336529008466,0.05605841846631426
2224,0.0558632075610757,0.05605839129649481
2225,0.05586314510907064,0.05605839576323874
2226,0.055862852760697065,0.05605819742436253
2227,0.05586276568396797,0.056058115467972035
2228,0.055862536637614355,0.05605798901709082
2229,0.05586234562909366,0.056058018539900924
2230,0.055862314755546205,0.056058019544126536
2231,0.055862197754256694,0.056057851772841345
2232,0.05586209266908285,0.05605789027856116
2233,0.05586204493788548,0.05605788991574149
2234,0.05586185684961989,0.0560578200481937
2235,0.05586157451913568,0.05605785190320923
2236,0.055861324586072056,0.05605782701643214
2237,0.055861156287637374,0.05605771440771401
2238,0.05586075542841744,0.056057585670807666
2239,0.05586067932484262,0.05605751306318938
2240,0.055860399220582724,0.056057452960280287
2241,0.05586039016576909,0.05605744091306271
2242,0.05586022173015552,0.05605748629182106
2243,0.0558601072759284,0.056057542209056094
2244,0.05585973068130422,0.05605751932487027
2245,0.05585963090922218,0.056057623496330464
2246,0.0558594537822475,0.05605751513521582
2247,0.05585935351731039,0.05605748752775383
2248,0.05585930689512305,0.05605748428128751
2249,0.055858935661658206,0.056057280767087374
2250,0.05585859247384503,0.05605730545917286
2251,0.05585822286602557,0.05605707113440422
2252,0.055857932565337214,0.05605699755934847
2253,0.05585788787218846,0.056056957305878785
2254,0.05585775411643786,0.05605691720443165
2255,0.05585762630580469,0.05605696011611056
2256,0.05585752082547275,0.056056962672250826
2257,0.05585751323196086,0.056056962677170516
2258,0.05585739249127118,0.056056977978088396
2259,0.05585722890885416,0.05605693054434894
2260,0.05585705060908986,0.05605690808276511
2261,0.05585694015840078,0.05605689676542222
2262,0.05585689069076809,0.056056919614890025
2263,0.055856772178999564,0.056056906515586376
2264,0.05585648597472099,0.056056835681474605
2265,0.055856326025288935,0.05605677124762409
2266,0.0558561922062493,0.05605669352395447
2267,0.05585604888350597,0.05605674333746749
2268,0.05585557918864373,0.05605666996887737
2269,0.05585514242204948,0.0560563715499203
2270,0.05585496611381749,0.05605638981149844
2271,0.055854903840525695,0.05605638856043186
2272,0.055854886710293185,0.05605639221635906
2273,0.055854758616672,0.05605635736851169
2274,0.055854510381764914,0.05605619908182655
2275,0.05585439502814243,0.05605619748579629
2276,0.055854203415105705,0.056056169619358234
2277,0.055854032449843535,0.056056168468855555
2278,0.05585383418318288,0.05605624613426078
2279,0.055853710874346665,0.05605621127734098
2280,0.05585368313017943,0.056056210101757216
2281,0.05585352112295921,0.056056189054785065
2282,0.05585351242684619,0.05605618917058077
2283,0.05585347258564305,0.05605615231121855
2284,0.05585332431429418,0.05605613260145301
2285,0.055853314768669574,0.05605612658657066
2286,0.05585327496404551,0.056056069760224495
2287,0.055853193148456146,0.0560560050400705
2288,0.05585287542447882,0.05605579184124427
2289,0.05585283423311235,0.056055782812306935
2290,0.055852767755307134,0.05605570951770001
2291,0.05585275908304723,0.0560557054168384
2292,0.05585268622526964,0.05605568201106259
2293,0.055852386707621,0.0560555807726829
2294,0.05585229501466303,0.05605548592792938
2295,0.055852202933840536,0.05605547042411775
2296,0.05585216815997537,0.05605547312807834
2297,0.05585210550640838,0.05605541996646364
2298,0.055852083043123044,0.05605543209610986
2299,0.055852006582492494,0.05605539510134067
2300,0.05585174258291329,0.05605533300368512
2301,0.05585143290364127,0.05605523798660163
2302,0.05585121130152224,0.05605521809021209
2303,0.05585112935465319,0.056055171487965585
2304,0.055850834717640886,0.05605497530374988
2305,0.05585062764333631,0.056054845252506355
2306,0.05585034850201323,0.05605478368109338
2307,0.055850250012310095,0.0560547778742399
2308,0.055850189119507614,0.05605480632944507
2309,0.05584998877696725,0.05605468001278522
2310,0.05584978801024669,0.056054608773219605
2311,0.055849768742146366,0.05605461220044421
2312,0.05584975230271399,0.0560546119573059
2313,0.05584972087689728,0.056054591139918744
2314,0.055849449375289795,0.056054517999581006
2315,0.055849118925275554,0.0560543696190201
2316,0.055848793403009696,0.056054046305207064
2317,0.05584858190033148,0.0560540038474985
2318,0.05584834223436378,0.05605402688379822
2319,0.0558481274351932,0.056053991803388326
2320,0.05584810542675831,0.056054002346465515
2321,0.055847960316320173,0.05605391260501421
2322,0.05584767455046178,0.056053672112990206
2323,0.05584745140382511,0.0560536492479265
2324,0.05584736485872346,0.05605365679228629
2325,0.05584718179189796,0.056053672158208306
2326,0.05584691264412539,0.05605366024271731
2327,0.05584678108170001,0.056053522637743824
2328,0.05584671068551979,0.05605347063521892
2329,0.05584665701234949,0.05605345975065465
2330,0.055846593657213194,0.05605343852824369
2331,0.05584638250477382,0.0560533789909654
2332,0.05584617535116896,0.056053345427641656
2333,0.05584601185625133,0.05605330617172688
2334,0.0558457045298765,0.05605332194043988
2335,0.055845417389070354,0.056053241947665554
2336,0.05584524892377629,0.056053274610640635
2337,0.0558450912042053,0.0560532508961757
2338,0.05584493424798152,0.056053320148402946
2339,0.055844775882318703,0.05605326140062141
2340,0.05584468193113494,0.05605323257421563
2341,0.05584453770347431,0.056053232317685976
2342,0.05584428770228834,0.056053078663002874
2343,0.055844151210008665,0.05605288997697119
2344,0.055844075210374336,0.056052901039258446
2345,0.05584391669378576,0.05605289471056317
2346,0.055843909295663574,0.056052890513464446
2347,0.05584368621165472,0.05605282042553021
2348,0.055843637269851094,0.056052828112088636
2349,0.0558434269102652,0.05605275739043818
2350,0.05584323987815115,0.05605257658076751
2351,0.055843225154913315,0.05605257683499353
2352,0.0558429950556,0.05605255144159863
2353,0.055842721198101915,0.0560523460622745
2354,0.055842436602506575,0.05605226631360678
2355,0.055842368302315794,0.056052267419617975
2356,0.05584213005130882,0.05605225717581181
2357,0.05584190631242343,0.05605224201869555
2358,0.055841893276046474,0.056052241898751645
2359,0.05584177845990833,0.056052244994861514
2360,0.05584144789015007,0.05605222514940826
2361,0.055841340986992186,0.05605216404613201
2362,0.05584106059047924,0.05605203753838896
2363,0.0558408963298401,0.05605205135585135
2364,0.05584074554863173,0.056052092169434506
2365,0.055840722520008226,0.05605211070069504
2366,0.055840615107097015,0.05605211058818773
2367,0.05584052743340616,0.05605222843406785
2368,0.05584029831187464,0.05605214571358537
2369,0.05584004380462124,0.05605215176515954
2370,0.05584001679068518,0.05605215094559382
2371,0.055839870462491586,0.056052192580473344
2372,0.05583960304385502,0.05605212156895565
2373,0.055839429466251464,0.056052092652756416
2374,0.05583920846241313,0.05605201917837134
2375,0.055839042672945545,0.05605191625651242
2376,0.05583885426717893,0.05605177820154153
2377,0.05583870940660758,0.05605175498861096
2378,0.05583833770687743,0.056051713625930956
2379,0.055838267359910695,0.056051718838217
2380,0.05583801949013324,0.05605161581163662
2381,0.05583797906418298,0.056051611408427085
2382,0.055837746055033305,0.05605156355762401
2383,0.0558375299480552,0.05605150782787976
2384,0.05583738233986991,0.05605123719029988
2385,0.055837193968487735,0.056051230353278136
2386,0.05583696460689353,0.05605123442949785
2387,0.055836771981895565,0.05605120593192816
2388,0.05583665740804023,0.05605117708650081
2389,0.05583641715495502,0.05605113294461854
2390,0.05583637331457967,0.05605112253576541
2391,0.0558361336751075,0.05605097177147171
2392,0.05583610196980824,0.05605093028109155
2393,0.055835941832831665,0.05605080783044868
2394,0.055835816230048546,0.05605081483178807
2395,0.05583573029934475,0.056050801137905434
2396,0.0558354593931419,0.05605072050782347
2397,0.05583507047236179,0.05605049022121347
2398,0.05583496968309189,0.05605047878627922
2399,0.055834718467128924,0.056050537370096805
2400,0.05583470375989736,0.05605054078403622
2401,0.05583462974587464,0.05605043028133738
2402,0.05583444861242692,0.05605037863695394
2403,0.0558344056968012,0.056050393428364965
2404,0.055834386412010786,0.0560503968409608
2405,0.05583414923653902,0.05605030707026126
2406,0.05583384991831018,0.05605024570234278
2407,0.05583382375206142,0.05605025272395654
2408,0.05583378541007561,0.05605023406022498
2409,0.05583347513120476,0.056050090462852184
2410,0.05583315547342004,0.05605013372563143
2411,0.05583299297096489,0.056050126578701565
2412,0.05583278348058568,0.05604991903055835
2413,0.055832545684363584,0.05604995736009354
2414,0.0558323651854427,0.05604990015289563
2415,0.05583217512380006,0.05604988702954826
2416,0.05583185287327156,0.05604990844007501
2417,0.05583180912271791,0.05604993155210109
2418,0.055831555605902625,0.05604984488914788
2419,0.055831424615398494,0.05604997553602581
2420,0.05583111052193253,0.05604994670982473
2421,0.05583087361754983,0.056049842920326734
2422,0.05583063714741642,0.05604984785900024
2423,0.055830609397812814,0.05604985823298663
2424,0.05583056704742816,0.0560498424070055
2425,0.055830294360862565,0.05604977319548813
2426,0.05583016708435969,0.05604967924708032
2427,0.05582969982536899,0.05604936583568842
2428,0.05582968539829803,0.05604936750150741
2429,0.055829612229892106,0.05604935295293404
2430,0.05582951257182786,0.056049348019401576
2431,0.05582943820120813,0.05604939446509718
2432,0.055829339095886533,0.05604940175692719
2433,0.05582928255608011,0.0560494049410222
2434,0.05582913299823825,0.056049398596798625
2435,0.055828610459019386,0.05604903887279793
2436,0.05582847370052397,0.05604905125421477
2437,0.055828461164132925,0.05604905262417336
2438,0.05582823810651,0.05604893942786155
2439,0.05582801848860896,0.0560487559681911
2440,0.05582772553751466,0.05604866902141207
2441,0.055827508027730614,0.05604859778669163
2442,0.05582733176820093,0.05604847216133608
2443,0.0558271036236863,0.056048328302680146
2444,0.05582702896173176,0.05604834314227588
2445,0.05582700376066637,0.0560483437398251
2446,0.05582695893271697,0.05604833545951294
2447,0.05582671759406001,0.05604815050956662
2448,0.05582648914616319,0.056048139771183836
2449,0.0558264154876146,0.05604817190828844
2450,0.05582623465033685,0.0560481063934403
2451,0.05582600972598949,0.05604815074996877
2452,0.055825917992203336,0.05604824091260995
2453,0.05582591534202627,0.05604824094393985
2454,0.0558257625051913,0.056048253105130307
2455,0.05582571676642312,0.056048252815092944
2456,0.05582566210265228,0.05604824163963031
2457,0.055825525647482103,0.056048140669022944
2458,0.05582540653539495,0.05604813081700215
2459,0.05582518138899091,0.056048119673833115
2460,0.0558248396603704,0.05604793654634725
2461,0.05582463265396548,0.05604799456234574
2462,0.05582446616080728,0.05604803128057414
2463,0.05582428948041092,0.05604799283873071
2464,0.055824168886119775,0.05604795547337672
2465,0.055823969767528264,0.05604800806978362
2466,0.05582375753855617,0.05604806169010212
2467,0.055823594766763095,0.05604801598795623
2468,0.05582332428953695,0.0560479032186188
2469,0.05582321216063481,0.056047849507830906
2470,0.05582307976093026,0.05604788642617355
2471,0.0558230123808028,0.05604786480456875
2472,0.05582282381996585,0.05604772721131551
2473,0.05582276512318626,0.05604768364308378
2474,0.05582260958795277,0.056047599918575684
2475,0.055822421972292736,0.05604747473215891
2476,0.055822193579653304,0.05604730933046146
2477,0.055821975852629824,0.056047301357771404
2478,0.055821881410175966,0.05604736355927974
2479,0.055821540838225686,0.05604706440415129
2480,0.05582117019375082,0.05604676519905241
2481,0.05582108646886268,0.0560467559058175
2482,0.05582104261908193,0.056046754880214406
2483,0.05582101034411221,0.05604672030179588
2484,0.05582085118151816,0.056046643908498055
2485,0.0558207505604077,0.05604665264222995
2486,0.055820563861009836,0.0560466035564068
2487,0.05582042122924989,0.056046551394034694
2488,0.055820174673336206,0.05604634668273311
2489,0.05582015031398381,0.05604634422829031
2490,0.05581988660087913,0.056046359636994156
2491,0.0558190434363538,0.056045848416205676
2492,0.05581901515688652,0.05604585309214418
2493,0.05581890332415266,0.05604585812531964
2494,0.055818594123519694,0.05604577913191023
2495,0.05581840543830592,0.056045735410929456
2496,0.05581835461785502,0.056045720719024514
2497,0.055818013003895724,0.05604562589191955
2498,0.055817920595840745,0.05604559261619304
2499,0.055817721133325136,0.056045428866920974
2500,0.055817475885976846,0.056045337361056775
2501,0.05581747203993284,0.05604533794127535
2502,0.0558173173782572,0.056045229742303894
2503,0.055817270032210965,0.05604522471348212
2504,0.05581720536488697,0.05604522855343425
2505,0.05581718172404285,0.05604522814190293
2506,0.055817165123132145,0.05604523304866815
2507,0.05581688679060759,0.05604520289826328
2508,0.05581687110623948,0.05604521637476501
2509,0.05581653243501994,0.05604506346499079
2510,0.05581649950014966,0.056045057071843665
2511,0.05581629224599173,0.05604512680153691
2512,0.055816069763310355,0.05604510691822
2513,0.055815788441488795,0.0560450787604121
2514,0.05581555163137497,0.056045064232552566
2515,0.05581547160166289,0.05604510269942625
2516,0.05581506734379707,0.05604474966700418
2517,0.05581499114467514,0.05604477707980092
2518,0.05581490842905017,0.05604477602401905
2519,0.05581485332512192,0.05604482028208861
2520,0.055814766467943235,0.056044691557931584
2521,0.05581460426528557,0.056044714763577246
2522,0.05581454294978496,0.05604469895009515
2523,0.055814362121629296,0.05604462224961069
2524,0.05581408392411965,0.05604453919899443
2525,0.055814022325347774,0.056044582175323966
2526,0.055813946627767834,0.056044573629916036
2527,0.055813836442792315,0.05604451198973907
2528,0.05581354522308304,0.056044333521538016
2529,0.05581333910511066,0.05604425797432114
2530,0.05581317168591065,0.05604415957464177
2531,0.05581316002046821,0.05604415668842513
2532,0.05581303304146422,0.056044200857448746
2533,0.055813015765580544,0.0560442043590576
2534,0.055812823820486815,0.05604405376030452
2535,0.05581265771340944,0.05604410263096511
2536,0.055812539064233904,0.05604412867611312
2537,0.05581253175896726,0.056044136896333634
2538,0.05581231737097452,0.05604403559658462
2539,0.05581214629511288,0.05604391021238155
2540,0.055811864378441295,0.05604379020078022
2541,0.055811800710827905,0.05604377910318417
2542,0.05581161174904327,0.056043781920204386
2543,0.055811510155448954,0.05604376809716192
2544,0.05581139841233084,0.056043708553629355
2545,0.05581123102499421,0.056043613532278845
2546,0.055810988614783855,0.05604345057580139
2547,0.05581095224320448,0.056043430897180065
2548,0.05581062274034893,0.056043494322573696
2549,0.055810501241322426,0.056043433942946766
2550,0.055810253684294354,0.056043407495359486
2551,0.05581023290010871,0.05604340170003054
2552,0.055810126853339345,0.05604332835007289
2553,0.05580989265707649,0.05604328522219689
2554,0.055809866673701684,0.0560432788276153
2555,0.0558098377331192,0.05604329464871521
2556,0.0558096823163993,0.05604321177229023
2557,0.055809334486610504,0.056043004295085526
2558,0.055809111789144265,0.05604278877551191
2559,0.055808957735694394,0.05604263995795379
2560,0.05580878548896648,0.05604250306919809
2561,0.0558085820233833,0.05604244477477193
2562,0.055808519594613706,0.05604248883589928
2563,0.05580850279101296,0.056042489739084635
2564,0.05580836262046618,0.056042392015122004
2565,0.055808300039122696,0.0560424282661525
2566,0.05580825152676751,0.056042392995258906
2567,0.05580794446019764,0.05604247709884486
2568,0.05580772109489738,0.05604247990481073
2569,0.055807477637877204,0.056042464627195976
2570,0.05580747175363765,0.0560424609436509
2571,0.05580733179202621,0.05604251314402761
2572,0.05580710963616092,0.05604234321455099
2573,0.055806417259778446,0.056042237719782534
2574,0.05580640311300642,0.05604223736058469
2575,0.05580616874488728,0.05604228254936692
2576,0.05580567065455856,0.05604199183839679
2577,0.05580563168182764,0.0560420000931008
2578,0.05580542761457073,0.05604194154222481
2579,0.05580528935138006,0.05604195194001427
2580,0.055805251801361394,0.05604194487246567
2581,0.0558050746042748,0.05604197429801511
2582,0.055804916193706436,0.05604195359798946
2583,0.05580487713489417,0.056041956888265
2584,0.05580467110952221,0.056041802659000634
2585,0.055804440214088744,0.05604183493084071
2586,0.055804372309797595,0.05604192924717798
2587,0.05580435440473598,0.05604192677628887
2588,0.05580415462902421,0.05604179687996069
2589,0.055804141893908685,0.056041792033312186
2590,0.055803836737898654,0.056041593899142234
2591,0.05580374083707168,0.05604160515477327
2592,0.05580369985738265,0.05604160670251907
2593,0.05580368604285078,0.05604160582774649
2594,0.05580355608490133,0.05604168335148424
2595,0.05580339880613405,0.05604165675465004
2596,0.0558033607820306,0.056041662894339435
2597,0.05580305580313863,0.05604166009435466
2598,0.05580293781499798,0.05604163919701327
2599,0.0558028019852433,0.05604159532643506
2600,0.05580261204352103,0.056041560417890005
2601,0.055802461165000546,0.05604154960313152
2602,0.055802375516623016,0.05604151257408225
2603,0.05580217698069116,0.05604144796127707
2604,0.055801988853911196,0.05604142557552365
2605,0.05580184967194454,0.05604141742460759
2606,0.05580183490175368,0.056041405056973165
2607,0.05580182091915075,0.05604135631973254
2608,0.05580158550240868,0.05604123086442894
2609,0.05580156936485484,0.056041232942908095
2610,0.055801553552892465,0.056041233135993414
2611,0.055801466234453985,0.05604123935174407
2612,0.055801289211442756,0.05604115758381495
2613,0.05580127226763572,0.05604116274900536
2614,0.05580097842522188,0.05604105145764449
2615,0.055800883246247164,0.05604109400897695
2616,0.05580078043391781,0.05604113256419219
2617,0.055800683022473346,0.056041097452383636
2618,0.05580041607296236,0.0560408679654281
2619,0.05580036500916676,0.05604087076857545
2620,0.055800171450149476,0.0560408445572279
2621,0.05579984316601387,0.056040697908067066
2622,0.05579970225908686,0.05604064682888901
2623,0.0557996694707932,0.056040664978592544
2624,0.05579945230221743,0.056040559305387996
2625,0.055799269052250904,0.05604053433406266
2626,0.05579916600750754,0.05604050795348947
2627,0.055799059367187404,0.05604051026375855
2628,0.055798515991557426,0.05603997664040251
2629,0.05579829233551685,0.05604003986509082
2630,0.055797991239468,0.05603990255428296
2631,0.05579782061567034,0.05603976022220882
2632,0.05579778876587617,0.05603975449302611
2633,0.05579763314156125,0.056039925180901146
2634,0.05579746893742238,0.056039823301581165
2635,0.055797392944646855,0.05603983054411587
2636,0.0557970479913761,0.056039829291502564
2637,0.05579683088346133,0.056039791322473706
2638,0.055796672669671275,0.056039753690506025
2639,0.055796663488335466,0.05603975279647291
2640,0.05579652254598043,0.05603974028748617
2641,0.0557964516905157,0.05603976831624583
2642,0.055796441543039386,0.05603976711570023
2643,0.05579621341530982,0.0560397057051866
2644,0.05579594942170862,0.056039654515454125
2645,0.05579565133797133,0.056039559279884396
2646,0.055795571850856894,0.05603952002326575
2647,0.05579547159852563,0.056039490271896676
2648,0.05579539332606847,0.0560394917951818
2649,0.05579518342530451,0.05603941113406056
2650,0.05579495297990127,0.056039408101521714
2651,0.055794830566896055,0.05603941213540672
2652,0.05579464773201309,0.05603936238723815
2653,0.05579447983115078,0.056039315733961315
2654,0.05579432431763335,0.056039140265152915
2655,0.05579361088353205,0.05603873321005843
2656,0.05579326187937695,0.0560384435764062
2657,0.05579308828873378,0.05603841141332155
2658,0.05579279367090813,0.056038291457496184
2659,0.05579278488254489,0.05603829123062864
2660,0.05579274415513989,0.05603828617283578
2661,0.05579266666025021,0.05603824511617089
2662,0.055792382785431124,0.056038338167748176
2663,0.05579215720743813,0.05603815592548145
2664,0.05579193770527074,0.0560381664162501
2665,0.05579168506158578,0.05603811679061531
2666,0.05579156146293728,0.05603810265526887
2667,0.055791197504492136,0.05603790690493743
2668,0.05579102926599634,0.05603778182661565
2669,0.05579091152755464,0.056037749775775816
2670,0.055790901484374114,0.05603774617831467
2671,0.055790816781882996,0.056037778755115925
2672,0.05579075385151199,0.05603781119579078
2673,0.055790579973641896,0.05603788876627215
2674,0.05579051158605593,0.056037888486018796
2675,0.055790290988590084,0.05603792060727352
2676,0.05578962017734332,0.056037739652971964
2677,0.05578956456659313,0.05603779513536208
2678,0.055789454764205514,0.05603785252720692
2679,0.055789208336691855,0.056037765695046475
2680,0.05578899783448542,0.05603763112762162
2681,0.055788883129409605,0.056037566277843516
2682,0.05578887191596611,0.05603756154618596
2683,0.05578853085879489,0.05603738429939387
2684,0.055788106051961564,0.05603710178233115
2685,0.05578786215651847,0.056036950610299
2686,0.055787706522941405,0.05603694940692741
2687,0.05578748320330783,0.056036818508550884
2688,0.05578739315557932,0.05603680350434944
2689,0.05578704760250393,0.05603683168763001
2690,0.05578673442766697,0.05603673618018996
2691,0.05578665705206085,0.056036737835801306
2692,0.05578638045947432,0.05603655284357142
2693,0.055786347656742355,0.05603655016468526
2694,0.05578624086264787,0.056036553268532636
2695,0.05578621744796682,0.056036556622008744
2696,0.05578603138185541,0.05603631446210778
2697,0.05578579756769739,0.05603633511024323
2698,0.055785696774994696,0.0560363215254016
2699,0.055785486257303486,0.05603623871793582
2700,0.0557854630355555,0.05603622043318418
2701,0.05578542217938233,0.05603620500418636
2702,0.05578516309871151,0.056036139361746194
2703,0.0557849744263175,0.05603605883584808
2704,0.05578495629507356,0.056036078970857724
2705,0.05578484866155278,0.05603608263043818
2706,0.055784788569458774,0.05603608413322759
2707,0.05578459920263573,0.05603606921619161
2708,0.05578437611737192,0.05603599417476831
2709,0.055784179259070255,0.05603608841169696
2710,0.05578404642188128,0.05603598787287269
2711,0.055784038853118174,0.056035992217590425
2712,0.05578402269124554,0.056035971200146965
2713,0.055783940041894846,0.05603597087497207
2714,0.05578391970707507,0.05603597087538681
2715,0.05578364100498751,0.05603593590080997
2716,0.05578326581433044,0.056035864875709884
2717,0.055782922286068584,0.05603553957667352
2718,0.055782702578397986,0.056035491205126735
2719,0.05578262233684511,0.05603544514084252
2720,0.05578260332463446,0.05603544506587784
2721,0.05578253396263575,0.05603548508915706
2722,0.055782314872396994,0.056035360700752275
2723,0.05578214514137997,0.056035333717225494
2724,0.05578199660546122,0.056035202793683195
2725,0.055781977604628226,0.05603521885232984
2726,0.05578182865725794,0.056035166489101895
2727,0.05578177950535709,0.056035114705162294
2728,0.05578142433295595,0.0560348051325713
2729,0.055781394559193086,0.05603480973245075
2730,0.05578125362643963,0.056034890645388934
2731,0.05578119759565335,0.05603492497937192
2732,0.05578093394564347,0.056034863731162766
2733,0.05578067935187841,0.05603475617069114
2734,0.05578066955624486,0.05603477164581514
2735,0.05578052706603713,0.05603483751884501
2736,0.05578009332476968,0.056034494564104
2737,0.05577989324710424,0.056034406262271415
2738,0.055779832535642226,0.05603442247753616
2739,0.05577961031636283,0.05603418576281393
2740,0.05577945906616836,0.056034213384175656
2741,0.05577911012029999,0.05603416553018946
2742,0.05577888019646391,0.05603419381943212
2743,0.05577863410816654,0.05603409428379786
2744,0.055778242864528337,0.056034048967144826
2745,0.05577804853633574,0.056033969869931956
2746,0.05577795268621419,0.05603392265674362
2747,0.055777758079168335,0.056033771896919805
2748,0.05577772248953917,0.05603372544399424
2749,0.05577765888884706,0.05603371356387618
2750,0.055777549153825434,0.056033700649622126
2751,0.055777280577544386,0.056033691916110795
2752,0.055777186632312674,0.056033701011365684
2753,0.05577717043749248,0.056033701139478594
2754,0.05577704859341093,0.056033716083875654
2755,0.05577687755112087,0.056033607384848735
2756,0.055776647515514595,0.0560334407926152
2757,0.05577654278020139,0.056033413660735325
2758,0.05577626384817744,0.05603328848037757
2759,0.05577607369081242,0.05603314345052218
2760,0.05577536910478216,0.05603296610126597
2761,0.05577529089018988,0.056032958441383854
2762,0.055775059885064655,0.05603276368794347
2763,0.05577505282509562,0.056032758104804334
2764,0.0557748973627741,0.056032672392658384
2765,0.055774776922732805,0.056032586284122686
2766,0.05577458162371721,0.0560325878204237
2767,0.05577447246248646,0.05603262086953588
2768,0.05577436437460664,0.05603259415484885
2769,0.055774293082319654,0.056032569994924175
2770,0.05577425943836322,0.056032565662926755
2771,0.05577400170202854,0.05603253332375805
2772,0.05577384022983601,0.05603237759911144
2773,0.05577378759821661,0.056032341397962086
2774,0.05577351980474566,0.05603235237833532
2775,0.05577335342218096,0.05603221127300791
2776,0.05577317738761236,0.05603218518590913
2777,0.05577291728809634,0.05603219876999008
2778,0.05577290838710371,0.056032199146473644
2779,0.05577273127480774,0.056032158489181014
2780,0.05577269014254603,0.05603216353465411
2781,0.05577265451569283,0.05603216251048947
2782,0.055772642906950914,0.056032160503444756
2783,0.05577258846759236,0.05603214521952484
2784,0.05577233283107954,0.05603212218669513
2785,0.05577222944371756,0.05603207782845523
2786,0.05577216397047162,0.056032093970300435
2787,0.05577207202642266,0.05603215642097162
2788,0.05577192247532232,0.05603210270078
2789,0.05577159727652701,0.056031850359553846
2790,0.055771518799902164,0.05603184245815027
2791,0.05577143270882965,0.05603174526628957
2792,0.055771193796395585,0.05603181194935011
2793,0.055771174340718356,0.0560317800138899
2794,0.05577115963896756,0.05603177617424463
2795,0.0557710956330456,0.056031778305743477
2796,0.0557710346614088,0.05603170823088924
2797,0.055770934768981616,0.05603161790660361
2798,0.05577071416750441,0.05603148151168156
2799,0.05577052758951385,0.05603138775473935
2800,0.05577051607274844,0.056031390991547914
2801,0.05577029346234489,0.05603138258399261
2802,0.05576992595768626,0.05603140992661031
2803,0.055769775611615544,0.05603138604363698
2804,0.055769581416293755,0.056031145219621235
2805,0.05576949641017391,0.05603118433668427
2806,0.055769322322566726,0.056031129468546395
2807,0.05576920353000495,0.05603118350866411
2808,0.055769010862395475,0.05603098694974874
2809,0.05576879709739457,0.05603093050606526
2810,0.05576864753316085,0.056030827437449804
2811,0.05576844717126939,0.05603068469274151
2812,0.05576827513424381,0.05603065957452253
2813,0.05576824929551489,0.056030674235063756
2814,0.05576803950796405,0.05603073065290572
2815,0.05576796396357342,0.05603074072544822
2816,0.055767927362356404,0.056030740122327304
2817,0.05576792360534022,0.056030740116824344
2818,0.055767660342131056,0.05603045864568639
2819,0.055767646189606494,0.05603046014758058
2820,0.05576738496841701,0.056030504361041324
2821,0.055767254198158554,0.0560305458018488
2822,0.055767240962370304,0.0560305482565349
2823,0.05576713978204558,0.05603057647111588
2824,0.0557669306100576,0.05603033920156346
2825,0.0557667615333294,0.05603025041646636
2826,0.05576664913695246,0.05603028431724946
2827,0.05576657768809506,0.056030285283618725
2828,0.05576636887193952,0.0560302177972951
2829,0.05576621517956112,0.056030091971790506
2830,0.05576605750030336,0.05603006512828649
2831,0.055765965962787205,0.056030082854901
2832,0.05576587943699276,0.05602998469015241
2833,0.05576568461039605,0.05602993923503627
2834,0.0557656651025028,0.05602993974540177
2835,0.0557656260928826,0.056029943829282905
2836,0.05576551214751701,0.056029983374060774
2837,0.05576529760057888,0.05602984664811593
2838,0.05576524381235473,0.056029835097646134
2839,0.055765082597673675,0.05602987752123752
2840,0.055765065968278155,0.0560298703196924
2841,0.055765050383572025,0.056029870899111614
2842,0.055764953863364046,0.05602998764328956
2843,0.05576474771788201,0.0560299173954111
2844,0.05576472653519262,0.05602990707474948
2845,0.055764604227218205,0.05602988705416698
2846,0.05576456339048793,0.05602987973476595
2847,0.05576446078140446,0.05603000411632244
2848,0.05576420462652432,0.05602990242118187
2849,0.05576415054031925,0.05602989467666908
2850,0.055764080929813595,0.05602984612804847
2851,0.055763861914162036,0.0560299043065106
2852,0.055763779482071014,0.05602990044413022
2853,0.055763771491324235,0.05602989849497221
2854,0.0557637267643451,0.05602989936466919
2855,0.055763666953199724,0.05602993545723765
2856,0.055763392814876786,0.05602980602665707
2857,0.05576298476904559,0.056029878989158774
2858,0.05576281804645491,0.05602980302206869
2859,0.05576271717991837,0.056029787114656913
2860,0.0557626850720909,0.056029815987294666
2861,0.055762417977217406,0.05602976004120815
2862,0.05576231495575551,0.056029677532504256
2863,0.05576228819831531,0.05602968577173055
2864,0.05576198036093628,0.05602968451277239
2865,0.05576187004100332,0.05602956041246493
2866,0.05576172748517852,0.05602955891667703
2867,0.055761587860840345,0.05602952541616214
2868,0.05576145332895326,0.05602955868217342
2869,0.05576140175100789,0.05602953224038738
2870,0.05576120236198728,0.056029543507798235
2871,0.055760891206498256,0.05602937716902828
2872,0.055760729469101517,0.0560292724339745
2873,0.05576038051705138,0.05602907115099679
2874,0.05576033412082691,0.05602908202701174
2875,0.0557600222771818,0.05602903353088022
2876,0.05575980364642548,0.056028965167398644
2877,0.055759545214202524,0.05602893548357082
2878,0.055759429475663876,0.056028881393280244
2879,0.055759244517718666,0.056028808616129744
2880,0.05575917260773737,0.056028794420443125
2881,0.05575898586282151,0.056028818779863675
2882,0.055758606819258566,0.05602844130853447
2883,0.05575845100670193,0.056028389897003726
2884,0.05575832563613529,0.056028412891552665
2885,0.05575826797291286,0.0560282938450546
2886,0.05575819540634531,0.056028246835472834
2887,0.05575798269581534,0.05602817533098861
2888,0.055757776483752276,0.05602822295982633
2889,0.055757614356401114,0.05602809172300264
2890,0.055757396345652695,0.0560280136569261
2891,0.05575718050533347,0.056027880759308805
2892,0.055757172794902235,0.05602788529592307
2893,0.0557571320421733,0.05602789865735009
2894,0.05575699380988808,0.05602773217933943
2895,0.05575676741382322,0.05602785630682615
2896,0.05575669941841178,0.05602794116563368
2897,0.05575662520244242,0.05602795841659595
2898,0.05575650761418401,0.056027923204950564
2899,0.0557564426990626,0.05602790138774401
2900,0.05575642597499399,0.05602789604398385
2901,0.055756341183988006,0.05602793593588883
2902,0.05575606747563083,0.05602796247863435
2903,0.05575580726439617,0.056028001034668866
2904,0.055755636317336404,0.05602787797006102
2905,0.055755413709445714,0.056027884217511384
2906,0.055755092690407335,0.05602764978444702
2907,0.05575508515709022,0.056027656541306724
2908,0.05575496330382059,0.056027682730787454
2909,0.05575475935572891,0.056027598978953465
2910,0.05575461757811928,0.05602760391234206
2911,0.05575460421913931,0.056027603623482
2912,0.05575460283144897,0.05602759963019119
2913,0.05575454278509252,0.056027594362455455
2914,0.05575453008158398,0.05602759148258892
2915,0.05575438220086844,0.056027593966930855
2916,0.055754361806026734,0.056027596788185995
2917,0.05575415010525852,0.056027612722988306
2918,0.05575398522101796,0.056027551844496086
2919,0.05575379621350927,0.05602743355276803
2920,0.055753785351207376,0.056027439275419096
2921,0.05575322640948019,0.05602719917720632
2922,0.055753207669713374,0.05602719614120737
2923,0.05575296943926893,0.05602724044417279
2924,0.05575280141997333,0.05602732274955604
2925,0.05575276678261244,0.05602739254243593
2926,0.05575272815502449,0.056027387643836725
2927,0.05575251462984875,0.0560273129511099
2928,0.05575213405619396,0.05602688272829394
2929,0.0557520389341733,0.056026870549007665
2930,0.055752037631676486,0.056026867271692336
2931,0.05575179325685726,0.05602671027890134
2932,0.05575164806070287,0.05602668713176079
2933,0.0557515991822096,0.05602672895409534
2934,0.05575135538057129,0.056026552695108416
2935,0.05575121341984314,0.056026455004076554
2936,0.055751119844148565,0.05602648665340374
2937,0.055750973747450534,0.056026451482892835
2938,0.05575090548972474,0.05602638094119329
2939,0.05575087906286138,0.056026375039193936
2940,0.055750694391601144,0.05602633843999136
2941,0.05575034790613388,0.05602635519329896
2942,0.05575015806907887,0.05602632964411823
2943,0.05574998167760184,0.056026356014762
2944,0.055749968178679665,0.056026364055606445
2945,0.05574967687606979,0.05602631385708572
2946,0.055749442052246245,0.056026533672515824
2947,0.055749153264357997,0.05602642309610442
2948,0.05574898926449906,0.056026396046989425
2949,0.05574879382900065,0.05602653329954766
2950,0.0557487863929948,0.0560265365677849
2951,0.05574862508707366,0.05602651145217818
2952,0.05574858787347091,0.05602651215663457
2953,0.0557483948021094,0.0560263305353467
2954,0.05574821629053451,0.05602629653632833
2955,0.055748132419884446,0.056026321299277274
2956,0.05574748442468203,0.05602622819756184
2957,0.0557474416811674,0.05602623204647568
2958,0.05574717269102427,0.05602621809542682
2959,0.05574702205463994,0.05602624284782913
2960,0.05574681851744062,0.05602616050775273
2961,0.05574681090234201,0.05602615769700572
2962,0.05574679984712068,0.056026158129604015
2963,0.055746557439321276,0.05602589417478815
2964,0.055746408472199284,0.05602581453187182
2965,0.05574624003250192,0.05602586107594895
2966,0.05574602709033276,0.0560257605043963
2967,0.055745901975601704,0.05602568454739042
2968,0.05574563847474411,0.056025603890020266
2969,0.0557454089465868,0.05602543968733253
2970,0.05574524954036131,0.05602538393253279
2971,0.05574522546999116,0.0560253768639153
2972,0.05574509538211113,0.05602531397378632
2973,0.05574497047291533,0.05602532115132535
2974,0.05574483507797755,0.056025261985678906
2975,0.05574460483600821,0.05602529863886539
2976,0.05574448487469377,0.05602529606575997
2977,0.05574443063249697,0.0560252802241065
2978,0.055744396929877586,0.056025285984259834
2979,0.055744348537850034,0.056025221268792474
2980,0.05574433133409126,0.05602522041467121
2981,0.055744279520023206,0.056025230435860676
2982,0.055743999411054894,0.05602502861814594
2983,0.055743931052458576,0.05602500685618674
2984,0.05574368924679995,0.05602492419682523
2985,0.055743582866098706,0.05602490326083958
2986,0.05574340104105833,0.056024868043526375
2987,0.055743328491169794,0.056024866998491914
2988,0.05574330587384997,0.05602487464096127
2989,0.05574323012895269,0.05602483590793904
2990,0.05574302562856142,0.05602484032749139
2991,0.05574286632424128,0.05602477510376236
2992,0.0557428394192403,0.05602478094661957
2993,0.05574262813392591,0.05602470901035568
2994,0.055742419699243165,0.05602474524859196
2995,0.05574231776034967,0.056024721099669036
2996,0.0557422840275856,0.05602471247204673
2997,0.055742232114329014,0.05602472324555565
2998,0.05574219247534009,0.05602471757976445
2999,0.05574203353030075,0.05602470989953011
3000,0.05574189651869775,0.05602471304854024
3001,0.05574181840910731,0.05602471414462807
3002,0.055741764426113706,0.056024722313458473
3003,0.055741649071977435,0.05602473523250548
3004,0.055741551890621285,0.05602474332707296
3005,0.055741532256043703,0.056024739813860316
3006,0.0557413769821331,0.05602466972586673
3007,0.05574128823738858,0.056024589078953545
3008,0.055741277007163643,0.05602458941008389
3009,0.055741166205683215,0.056024549744560635
3010,0.05574113460161551,0.05602456335019491
3011,0.05574083699798895,0.05602457661674718
3012,0.05574078458897223,0.05602456017040826
3013,0.05574049491328726,0.056024435999477776
3014,0.055740300986821284,0.056024353401229236
3015,0.05574029075175288,0.056024353155491056
3016,0.05574006686388767,0.05602433141966721
3017,0.05574003305712237,0.05602433050687039
3018,0.0557399963817858,0.05602437718530109
3019,0.05573990074683725,0.05602442266284537
3020,0.05573977973999641,0.05602441412576911
3021,0.05573960496719428,0.05602444543209735
3022,0.055739394878562665,0.056024442709427635
3023,0.055738893157607015,0.05602431817768798
3024,0.05573883311978738,0.05602429817653394
3025,0.055738646593622966,0.05602416258658021
3026,0.05573832232195137,0.056023946926715945
3027,0.05573816571632689,0.05602385425284477
3028,0.05573815536501339,0.0560238527719489
3029,0.055738120859110486,0.05602387941450622
3030,0.0557378800762653,0.05602379140471125
3031,0.05573785385336853,0.05602377620541562
3032,0.05573779932581145,0.05602376144497435
3033,0.05573779395193106,0.05602375715462815
3034,0.05573755132302315,0.0560236072250167
3035,0.05573738042020922,0.05602353551555259
3036,0.05573729036478609,0.05602343509965692
3037,0.05573722737013326,0.05602343465244985
3038,0.05573698620381373,0.05602329739547578
3039,0.05573682075049677,0.05602319073819588
3040,0.055736679380076835,0.05602306707476134
3041,0.05573649466652961,0.056023032766203566
3042,0.05573631008152153,0.056022880201780506
3043,0.055736232940116454,0.056022898383470514
3044,0.055736060770502534,0.0560230220890381
3045,0.05573589738290479,0.056023061052089845
3046,0.05573587741880407,0.05602306151695156
3047,0.05573565656325362,0.056023063505936777
3048,0.055735481559040734,0.05602308153531156
3049,0.0557354737243114,0.05602308538509684
3050,0.055735209206193945,0.056023022150826336
3051,0.055735082181754506,0.0560229981313001
3052,0.05573494895659928,0.05602300429778774
3053,0.055734943577809386,0.05602300128288073
3054,0.055734621798560036,0.056022851359587324
3055,0.055734603085920105,0.05602285115582631
3056,0.055734579150081634,0.056022863311672805
3057,0.0557345766744659,0.056022864058016486
3058,0.05573443864061253,0.05602282638724013
3059,0.05573419287887774,0.05602276074266294
3060,0.05573395563077667,0.056022523777034164
3061,0.05573388495328004,0.05602249564793753
3062,0.05573364499359723,0.0560224309031338
3063,0.055733368900537324,0.056022278217658726
3064,0.05573310604524261,0.05602218736826327
3065,0.05573297159387469,0.056022138934576055
3066,0.05573294551429039,0.05602213495278805
3067,0.055732705350154316,0.05602215496714776
3068,0.05573240887907271,0.05602202414791043
3069,0.05573229796048084,0.05602195180890842
3070,0.055732261073458106,0.05602195203984626
3071,0.055732009081305094,0.05602197300686887
3072,0.055731841512920835,0.056021927835786814
3073,0.0557317610079782,0.05602192539888629
3074,0.05573158907069718,0.05602190313162574
3075,0.05573137373778586,0.05602169477150282
3076,0.05573124217792064,0.05602162669813685
3077,0.055731203570312915,0.05602157737519664
3078,0.05573097270818855,0.05602145675285961
3079,0.055730845742245655,0.05602152481404894
3080,0.05573064120605513,0.05602160920483522
3081,0.05573063009603463,0.0560216097550236
3082,0.05573061230472397,0.05602160866246787
3083,0.05573046000131759,0.05602152244746131
3084,0.055730332411130075,0.05602156744657378
3085,0.05573013615412221,0.05602148098402134
3086,0.055729940240946935,0.05602146922542614
3087,0.055729931058170326,0.0560214661537326
3088,0.05572973825246364,0.056021361080927645
3089,0.055729532718686935,0.05602134597999627
3090,0.05572942691280376,0.05602134932805269
3091,0.05572923095433455,0.05602123824919901
3092,0.055729159354950014,0.0560212294952405
3093,0.055729144422126835,0.056021226218252514
3094,0.05572900459293433,0.056021244786346965
3095,0.05572883942013337,0.0560210437788483
3096,0.05572855508099379,0.05602096834323642
3097,0.055728539750052444,0.05602096382420115
3098,0.0557282496280617,0.0560208119060536
3099,0.05572815459698642,0.056020825308888
3100,0.05572799381603357,0.056020773181949916
3101,0.05572794374398499,0.056020728834529555
3102,0.05572783576425306,0.05602074525546815
3103,0.05572777213375869,0.056020757085463085
3104,0.05572754469092392,0.056020786270027906
3105,0.05572721005228354,0.05602074560119408
3106,0.05572702361384159,0.05602081206888259
3107,0.055726860463080105,0.056020883186496145
3108,0.055726697357578264,0.05602091858454483
3109,0.055726560412452185,0.056020797019542545
3110,0.055726408383647036,0.056020748464439316
3111,0.055726198826242405,0.05602084017633452
3112,0.05572611161307404,0.05602087589962979
3113,0.0557260745007248,0.05602087509910096
3114,0.055725908575469565,0.05602095329206769
3115,0.055725689889899836,0.05602089062652965
3116,0.0557256651456991,0.05602088311512107
3117,0.05572563094432719,0.05602087540426806
3118,0.05572559412570845,0.056020847092445786
3119,0.05572554852080714,0.056020840257566686
3120,0.05572541326301188,0.05602072801573816
3121,0.05572538412621324,0.05602070662509275
3122,0.05572531873311112,0.056020708460147325
3123,0.055725080806400235,0.05602062166118651
3124,0.05572489960458999,0.05602052025069294
3125,0.05572471238672457,0.056020486745835464
3126,0.055724589137704394,0.05602039935107646
3127,0.055724428415191735,0.056020439048802294
3128,0.05572434373063731,0.05602036127390768
3129,0.0557241142579978,0.056020270490427564
3130,0.0557240102088308,0.05602028047058588
3131,0.05572375382173862,0.05601994772721793
3132,0.05572364529637612,0.05601990802425071
3133,0.055723530076112276,0.056019910279148426
3134,0.05572334434005959,0.05601978593161757
3135,0.05572333051610649,0.05601978170514122
3136,0.05572330847074837,0.05601979074780138
3137,0.055723054431934586,0.05601960793143629
3138,0.05572282233060986,0.05601962565485821
3139,0.05572271649210003,0.05601954072917445
3140,0.05572270118046485,0.05601954289010606
3141,0.05572247516270843,0.05601943150192901
3142,0.055722324985767256,0.056019376022424114
3143,0.055722184451174765,0.056019417463090096
3144,0.055721911326981295,0.0560194226280762
3145,0.055721909764416294,0.05601941826246026
3146,0.05572166123451399,0.05601925735494118
3147,0.055721464588829345,0.05601920871534149
3148,0.05572141101593193,0.05601914768990073
3149,0.05572126502020447,0.056019139092363356
3150,0.055721205539899454,0.056019089044827795
3151,0.055721195184197755,0.056019094593650336
3152,0.05572102183246495,0.056018993119031725
3153,0.05572073557902903,0.056018791826995415
3154,0.05572059569258217,0.056018738229336736
3155,0.05572044527194302,0.056018680202717684
3156,0.05572041869319737,0.056018694879454024
3157,0.05572025540662441,0.0560186517270273
3158,0.05572023874983598,0.05601865197804142
3159,0.055720064894379764,0.056018682915347735
3160,0.05572004347783223,0.056018708956836555
3161,0.055719921536843416,0.056018700869191744
3162,0.05571982161131749,0.05601865937033315
3163,0.05571980354154016,0.05601864926580652
3164,0.05571962436592787,0.05601859783011001
3165,0.055719456800712865,0.056018629338585556
3166,0.055719290011879245,0.056018602259250254
3167,0.055719261480513524,0.056018599574928156
3168,0.05571905186118528,0.05601855601139603
3169,0.05571870622128041,0.05601831137229035
3170,0.05571855113255856,0.056018175348757436
3171,0.05571848456032184,0.05601817762070976
3172,0.05571832552334975,0.056018136576858724
3173,0.055718176694652406,0.05601810557594776
3174,0.055718143163837705,0.05601808286100348
3175,0.05571812264751663,0.056018088324974714
3176,0.05571799629982491,0.056018170833087334
3177,0.055717849109167356,0.056018096658414195
3178,0.05571783341097373,0.05601808448537954
3179,0.055717780566912775,0.05601812108436384
3180,0.055717602972151864,0.056018124768257814
3181,0.055717452661227136,0.05601798003818314
3182,0.055717270132409756,0.056017972419268466
3183,0.055717241272102425,0.05601796053683409
3184,0.055716783206829754,0.056018044844804125
3185,0.05571677148003349,0.056018044468167646
3186,0.05571657456688644,0.05601793745518402
3187,0.055716469675361695,0.0560179347098455
3188,0.05571628013094876,0.056017955925661805
3189,0.05571601415005099,0.05601780034209529
3190,0.05571597508132121,0.05601780091067701
3191,0.05571587564644573,0.05601781123873984
3192,0.05571580102072439,0.05601775012349187
3193,0.055715755527959404,0.05601776292494722
3194,0.05571554793607293,0.056017700145009175
3195,0.05571553313151729,0.056017701048273916
3196,0.05571535794160023,0.05601777045654069
3197,0.055715197814941136,0.05601776472202565
3198,0.05571504048437075,0.056017761499185324
3199,0.055714883223415106,0.05601760989448386
3200,0.05571477734235013,0.05601760944728257
3201,0.0557146038734091,0.05601753355644476
3202,0.05571456966253968,0.056017489273244445
3203,0.05571448598847799,0.056017524500627386
3204,0.05571433211351678,0.05601750914042006
3205,0.05571427865580126,0.05601750629924679
3206,0.05571422517575496,0.056017493104688745
3207,0.0557140808569393,0.05601742917164026
3208,0.05571386227277675,0.056017496710680084
3209,0.05571381535505227,0.05601749996604457
3210,0.05571380155993787,0.05601750004377294
3211,0.0557136716328554,0.05601747637202361
3212,0.055713463411524604,0.05601731249489334
3213,0.05571346054952558,0.056017312793894644
3214,0.05571344749891777,0.05601730919990558
3215,0.05571339099528022,0.05601724977497155
3216,0.05571315524717078,0.05601727647981301
3217,0.055713010138204906,0.05601717121931857
3218,0.055712755965136106,0.056017086616391466
3219,0.05571257711085947,0.05601710302178596
3220,0.05571249730494062,0.05601715284692424
3221,0.0557124747822118,0.05601715289709736
3222,0.05571246546445085,0.05601715555610776
3223,0.05571236120835283,0.05601719761142855
3224,0.05571171362060758,0.05601652986106478
3225,0.05571152396200949,0.056016450260163296
3226,0.055711415735020337,0.0560164408931233
3227,0.055711221858529024,0.05601640654858304
3228,0.0557112093281181,0.05601640626067594
3229,0.05571096864473053,0.056016190738833876
3230,0.05571072383686594,0.05601620011589069
3231,0.055710486770453406,0.05601597141491264
3232,0.055710300572256934,0.05601586937173456
3233,0.05571017868427592,0.056015759443253356
3234,0.05571006695007627,0.056015745034470286
3235,0.055710039429875076,0.056015706590454496
3236,0.05570958602120653,0.05601535061099037
3237,0.055709534713521726,0.056015309386351235
3238,0.055709286200307906,0.05601536198768507
3239,0.055709104199508634,0.05601544392269167
3240,0.055708893231044054,0.05601544088620457
3241,0.05570878517976597,0.05601537545224468
3242,0.05570875787611429,0.05601532871068543
3243,0.05570873358388935,0.056015324683347974
3244,0.05570872131493174,0.05601532433790105
3245,0.055708401925276804,0.05601543706754198
3246,0.05570820024450317,0.05601541446580332
3247,0.05570815376300105,0.05601535731078283
3248,0.055708110848635646,0.056015331242416616
3249,0.055708029625084726,0.05601535645401082
3250,0.055707753869837194,0.0560152167752625
3251,0.05570761035960123,0.056015206575287496
3252,0.0557073609311475,0.05601521374692149
3253,0.055707172481651586,0.056015056881144415
3254,0.055707147348977734,0.05601505422761599
3255,0.055706870905983974,0.056015172188991116
3256,0.055706739286951204,0.05601516797332769
3257,0.055706720106433,0.056015155781994
3258,0.05570648368836717,0.05601514385509518
3259,0.055706475993173576,0.05601514369002343
3260,0.055706141366622955,0.05601527996394985
3261,0.055706111330837464,0.05601528101837586
3262,0.05570608934620022,0.05601527464860198
3263,0.055705977297106565,0.05601512717466624
3264,0.05570575070136778,0.05601503371669146
3265,0.05570567987466557,0.05601498273946053
3266,0.05570567825534434,0.05601498380153229
3267,0.0557054931367478,0.056014795009064075
3268,0.05570531215104057,0.05601462401479286
3269,0.055705279734019494,0.056014602819507084
3270,0.05570520791296412,0.056014599768280424
3271,0.055705200537804415,0.056014599277200226
3272,0.05570502725826808,0.056014646652378056
3273,0.05570478727905267,0.056014588107791245
3274,0.055704779436101096,0.05601458810691125
3275,0.055704549939359534,0.056014541824042224
3276,0.05570445108447902,0.05601452663932477
3277,0.05570423869771836,0.05601444577832118
3278,0.055704121281392766,0.05601444285388287
3279,0.05570396115331558,0.05601438839189247
3280,0.05570382679690909,0.056014270017977846
3281,0.055703719488543475,0.0560142143545379
3282,0.05570361457851109,0.05601422041854564
3283,0.05570340316959318,0.05601421148961668
3284,0.05570314362570388,0.05601419289818342
3285,0.055703110411950134,0.05601419364828122
3286,0.05570308451407446,0.05601416154099244
3287,0.055702966704124605,0.05601415817642102
3288,0.055702754245664045,0.05601420307985561
3289,0.05570260584393273,0.05601417326850516
3290,0.05570245467551238,0.0560142157365709
3291,0.05570225871027995,0.05601403826119673
3292,0.05570199999878533,0.05601393701623799
3293,0.05570195645529098,0.056013869406464155
3294,0.0557017348796596,0.05601379087914078
3295,0.055701680440476284,0.056013761560703604
3296,0.055701648858694726,0.05601372411543932
3297,0.055701450340190944,0.05601372558813782
3298,0.05570138326394398,0.05601370624370398
3299,0.05570137742549264,0.056013696191784056
3300,0.055701136540541124,0.05601366562915232
3301,0.055700991236298604,0.05601367809852093
3302,0.05570093159993947,0.056013638509408534
3303,0.05570091115018397,0.05601364032997132
3304,0.05570077927078638,0.05601353158851806
3305,0.05570076520044545,0.05601352277361857
3306,0.0557004624067241,0.056013335723025394
3307,0.05570044189168957,0.056013349037642934
3308,0.055700331980799246,0.056013345828184194
3309,0.05570018243989369,0.05601319511878329
3310,0.05569999843594903,0.056013109936708216
3311,0.055699862999755156,0.05601311119118479
3312,0.055699717101373,0.05601313821822969
3313,0.05569957763198768,0.05601317632819207
3314,0.055699475699580954,0.056013181587045324
3315,0.055699439847571246,0.05601319236313406
3316,0.05569924067202598,0.05601320324099252
3317,0.0556990370032375,0.05601320909172811
3318,0.05569888790495478,0.05601320992879074
3319,0.05569886547841468,0.05601320979249719
3320,0.05569867010199692,0.05601320295451426
3321,0.055698360037650836,0.05601303516155162
3322,0.055698304776121685,0.05601299243247924
3323,0.05569802405000352,0.05601304215488185
3324,0.055697864981811104,0.05601299045365403
3325,0.05569774021664193,0.05601302649815405
3326,0.055697627341197514,0.05601298472477257
3327,0.05569741081209395,0.05601301982420429
3328,0.05569733614923426,0.056012978489979666
3329,0.055697308403048304,0.05601296213899037
3330,0.05569709024217972,0.056012895890445745
3331,0.055696937501465205,0.05601276152162707
3332,0.05569680301900736,0.056012677018435396
3333,0.055696585643267134,0.05601267063300828
3334,0.05569644991845977,0.05601265085600934
3335,0.05569625465559999,0.056012487849543685
3336,0.055696124076449895,0.05601247160974802
3337,0.05569604896392865,0.05601243087559342
3338,0.055695676502312864,0.05601247615210194
3339,0.05569532630323009,0.05601242511398798
3340,0.05569521169133481,0.05601240458655198
3341,0.05569506911050233,0.05601235603910697
3342,0.05569491761434511,0.05601232136825843
3343,0.05569466175684444,0.05601220601236778
3344,0.055694615078457015,0.056012235966257075
3345,0.05569460084970427,0.0560122329791121
3346,0.05569423214926083,0.05601195546034055
3347,0.05569417098555898,0.05601194720364135
3348,0.055693982014267736,0.05601187283804022
3349,0.05569388180545893,0.056011877551814235
3350,0.05569362990955738,0.056011758377891754
3351,0.055693616364927236,0.056011763357062566
3352,0.055693398249585885,0.05601170314906585
3353,0.05569330101853659,0.056011665058771774
3354,0.05569323763463861,0.05601168864925907
3355,0.05569321343365501,0.056011718423997735
3356,0.05569316659961959,0.05601170125810658
3357,0.055693062193993365,0.056011715137839875
3358,0.055693044346646195,0.05601171455058219
3359,0.05569277694357047,0.056011565172704406
3360,0.055692650368258094,0.05601152045403407
3361,0.055692548040185544,0.05601159216918815
3362,0.05569239482768641,0.05601150179146446
3363,0.0556922533695627,0.056011486573224904
3364,0.055691976142195294,0.05601151171981861
3365,0.05569171636194164,0.0560114040130297
3366,0.055691526551814904,0.05601135426914455
3367,0.0556912959898377,0.05601132899937769
3368,0.055691099129363576,0.05601139367588656
3369,0.0556910074382208,0.05601141810072977
3370,0.0556907049672747,0.056011332322389536
3371,0.055690548200062806,0.056011229455630626
3372,0.055690313409653955,0.05601113038379842
3373,0.055690206713796424,0.056011087406292875
3374,0.05569019652123574,0.056011083273230865
3375,0.05568998323639947,0.056011157393978515
3376,0.05568997371710569,0.05601116288775629
3377,0.055689858944649805,0.05601109757185445
3378,0.055689825988980264,0.05601109305987589
3379,0.05568973745543643,0.05601107843824383
3380,0.05568960352913532,0.056011009538486575
3381,0.05568957483743664,0.05601100064779052
3382,0.05568945874815387,0.05601102010702459
3383,0.05568936266607402,0.05601091359091129
3384,0.055689215702531554,0.056010822753924945
3385,0.0556889916751836,0.05601075202252203
3386,0.055688930445029323,0.05601070564001522
3387,0.055688910200229445,0.05601070694178702
3388,0.05568875903239756,0.056010611693758185
3389,0.05568864750468734,0.056010591244059396
3390,0.05568858481313369,0.05601061508331128
3391,0.05568855450909185,0.0560106133567832
3392,0.05568835088718386,0.05601058621173985
3393,0.055688340865227164,0.0560105943674399
3394,0.05568827038544763,0.05601056682556363
3395,0.05568811822810279,0.05601056848191221
3396,0.055688110021100024,0.05601055838718996
3397,0.05568795104139453,0.056010462995981856
3398,0.05568789376135847,0.05601047204546838
3399,0.05568775268606875,0.05601044470890583
3400,0.055687691558747456,0.05601045427947911
3401,0.055687546466341,0.05601047864514472
3402,0.05568742171418702,0.05601048261455365
3403,0.0556874128563465,0.05601048065251477
3404,0.05568722893264519,0.05601035731631716
3405,0.05568701710677364,0.05601036382785661
3406,0.05568681824751509,0.05601061986532191
3407,0.05568681674859798,0.056010619868448366
3408,0.055686683399165555,0.05601059726478899
3409,0.055686522127067484,0.05601058128613785
3410,0.05568642142313844,0.05601060067890722
3411,0.05568638169722914,0.05601061629130895
3412,0.05568621010106039,0.05601045311082294
3413,0.05568616337162242,0.05601042740949985
3414,0.055686004913079894,0.05601048305545005
3415,0.055685904378817735,0.05601048819172388
3416,0.05568571988074884,0.05601055242572499
3417,0.05568561226531906,0.05601053561786838
3418,0.05568559856229074,0.0560105321096023
3419,0.055685440436423386,0.056010576223755944
3420,0.055685334953391265,0.056010590506248986
3421,0.055685321740625814,0.05601059038793795
3422,0.055685315024190774,0.05601059409451974
3423,0.0556852332555828,0.05601057382140097
3424,0.055685097312427365,0.05601057620737047
3425,0.05568490203924709,0.05601044651985947
3426,0.055684849148096294,0.0560104527143723
3427,0.055684685245349336,0.05601045339687875
3428,0.05568461559522789,0.05601052228113311
3429,0.05568435723539435,0.0560104900017239
3430,0.055684202388544116,0.056010395664326584
3431,0.05568395464738233,0.05601045837376142
3432,0.05568378767660026,0.05601041849209943
3433,0.05568365049593381,0.05601031478034914
3434,0.055683609991330624,0.05601031898675011
3435,0.05568346352869203,0.05601023854348996
3436,0.05568323482011881,0.056010152460538885
3437,0.05568319728806224,0.056010134661163107
3438,0.055683159297620466,0.056010122028570634
3439,0.05568299242802422,0.05601013463348341
3440,0.055682906724447354,0.05601013773592232
3441,0.055682767276891094,0.05601008690692821
3442,0.0556827513521658,0.056010062286541935
3443,0.055682750412387044,0.05601005960910674
3444,0.05568273150990441,0.05601006493809324
3445,0.055682508375521994,0.056009989228282236
3446,0.0556823185553526,0.05600988785517386
3447,0.05568229653261078,0.05600988325862168
3448,0.05568220220375988,0.05600987803583438
3449,0.05568208247018951,0.05600989876469583
3450,0.05568185450127689,0.05600982641327538
3451,0.05568170919471584,0.05600987224545009
3452,0.05568151950556619,0.05600984861916544
3453,0.05568149194271127,0.05600983706887119
3454,0.05568136003748006,0.056009779617356086
3455,0.05568127810379703,0.05600974049491487
3456,0.05568115177358765,0.056009673144661355
3457,0.05568095967709047,0.056009642267632276
3458,0.055680930269207354,0.0560096542893135
3459,0.05568082765099889,0.056009695948637694
3460,0.05568079470281013,0.05600967136581758
3461,0.05568067631475894,0.05600961168627643
3462,0.05568064884487478,0.05600960039132967
3463,0.055680468319340294,0.05600958855264822
3464,0.05568033609335942,0.056009414640239216
3465,0.05568032617555314,0.05600941464183615
3466,0.05568020023850959,0.056009371986869706
3467,0.055680095128572187,0.05600933598317597
3468,0.055680008255523925,0.056009268139906455
3469,0.055679842532506386,0.05600925908353217
3470,0.055679812754797664,0.05600925101083437
3471,0.05567979585748389,0.05600925272705318
3472,0.05567977485623103,0.05600925275402579
3473,0.05567966151022728,0.056009416501376065
3474,0.05567965709359568,0.056009416353746476
3475,0.05567947053788053,0.05600934408395074
3476,0.05567930575173303,0.05600941835482272
3477,0.05567924620766634,0.05600945434493764
3478,0.05567915337826,0.0560094674969363
3479,0.05567911135672839,0.056009467902753705
3480,0.055679075863868534,0.056009443815862134
3481,0.05567895440264339,0.056009402655044525
3482,0.055678892889658764,0.05600940410743521
3483,0.05567875594449815,0.05600945759636903
3484,0.055678740685585836,0.056009425195918526
3485,0.05567856056545283,0.05600948643877291
3486,0.05567846827344164,0.05600945026989949
3487,0.055678341086727305,0.0560095011938169
3488,0.0556781888618455,0.05600935312965218
3489,0.0556779099743994,0.05600921844226444
3490,0.055677823773905094,0.056009185289795885
3491,0.05567767971227412,0.05600907615016908
3492,0.05567749854320766,0.056009086819978224
3493,0.05567748929754985,0.056009089347349696
3494,0.05567746627966704,0.056009097648942185
3495,0.055677354028500985,0.05600907966529601
3496,0.055677138533348214,0.05600912628531459
3497,0.055677105977906816,0.05600913551407368
3498,0.05567686428253803,0.056009064104195136
3499,0.05567670859351496,0.056009010922383425
3500,0.05567659911981616,0.05600903054362633
3501,0.05567637126949556,0.05600896817897132
3502,0.0556762205612007,0.05600899888455292
3503,0.05567621701746478,0.05600899908381698
3504,0.05567611101106696,0.056008888388871934
3505,0.055676020958218955,0.05600894495274219
3506,0.05567590483865033,0.05600892307254894
3507,0.05567580874593229,0.056008936914762254
3508,0.05567560978231323,0.05600869613064617
3509,0.055675497896782986,0.05600865167631089
3510,0.05567548944838197,0.05600864820611997
3511,0.055675484599528334,0.05600864595638437
3512,0.05567536931011771,0.056008635145106817
3513,0.055675195510451976,0.05600855176032588
3514,0.05567505320915429,0.05600845143629495
3515,0.05567491499370222,0.056008461252351954
3516,0.05567484682979847,0.056008484966099455
3517,0.05567468403134171,0.056008482732506026
3518,0.05567462854179905,0.05600847145594188
3519,0.05567454567158332,0.05600847721193586
3520,0.055674353947118026,0.05600842361203898
3521,0.05567432509061497,0.05600841310946822
3522,0.05567425368236192,0.05600844547786845
3523,0.055674202683411174,0.05600840240688405
3524,0.055674129471753264,0.05600845882441353
3525,0.055674015970387805,0.0560084505462445
3526,0.05567384378127142,0.05600829664982874
3527,0.05567383473726639,0.05600829706961629
3528,0.05567376179848584,0.05600827231486137
3529,0.05567366679498617,0.05600829388235724
3530,0.05567357475641661,0.05600829523443616
3531,0.05567341782485419,0.05600816483711689
3532,0.05567341121224786,0.05600816237991346
3533,0.055673227729032444,0.0560081165960274
3534,0.055673142127385465,0.05600810218687646
3535,0.05567255405993413,0.0560080265355499
3536,0.0556724467982741,0.05600804885074804
3537,0.05567229978490358,0.05600807307958604
3538,0.05567225142495573,0.05600805329779565
3539,0.05567223534968802,0.05600805445182245
3540,0.05567208361437463,0.056008099378823846
3541,0.0556719377131521,0.05600800467000692
3542,0.05567184549754537,0.05600803022110014
3543,0.05567178685410263,0.056008044243053154
3544,0.05567158360156016,0.056007976582242325
3545,0.05567149328407524,0.056007936150608624
3546,0.05567146374751933,0.056007933761783424
3547,0.05567121451482194,0.05600787487814121
3548,0.055671157274530675,0.05600786114960588
3549,0.05567110383295153,0.05600784481924885
3550,0.055670807700627135,0.05600795892343221
3551,0.055670600499908636,0.05600792754855787
3552,0.05567043439618528,0.05600793826782448
3553,0.05567028377471859,0.056007861749203545
3554,0.055670131016693644,0.05600779794810698
3555,0.05566998530699824,0.05600776789767417
3556,0.055669812431207444,0.05600777255424171
3557,0.05566970065803769,0.05600771811930279
3558,0.055669677720637155,0.05600771817948438
3559,0.05566965026696428,0.056007717135942554
3560,0.05566947113697703,0.05600769826783752
3561,0.05566940214795269,0.05600772573604528
3562,0.055669285354257816,0.056007727265901905
3563,0.05566922783275077,0.0560077197882081
3564,0.05566915321175468,0.0560077217310427
3565,0.055669129392955694,0.05600772405396875
3566,0.05566910103053311,0.056007735997502986
3567,0.05566904664228508,0.05600767538824357
3568,0.055668881978810064,0.05600761121614934
3569,0.05566844980838597,0.056007595026799896
3570,0.055668210204810185,0.05600753923045998
3571,0.05566807117239915,0.05600754384465865
3572,0.05566791163531404,0.05600751092885946
3573,0.055667759788873256,0.0560075375848713
3574,0.05566764429536654,0.05600749751478038
3575,0.055667327264237676,0.056007539176312154
3576,0.055667291465336464,0.056007548376571126
3577,0.05566712268699316,0.05600745736139822
3578,0.05566692392025648,0.05600739479273311
3579,0.05566677619295643,0.056007321528683325
3580,0.05566672592689846,0.05600729460848208
3581,0.055666631068332306,0.05600721807264158
3582,0.05566651569683359,0.05600721721286945
3583,0.05566627519950705,0.05600717375456616
3584,0.055666192571768566,0.056007187271244964
3585,0.05566603127835145,0.05600711468589279
3586,0.05566580341403451,0.056007170907401295
3587,0.055665611844147936,0.056007040177843775
3588,0.055665605532408874,0.056007039815814945
3589,0.05566559516760011,0.056007041964655536
3590,0.05566558178283505,0.056007041887599765
3591,0.055665567762479,0.05600704194530353
3592,0.05566545776552797,0.05600701590030545
3593,0.05566544227834499,0.05600701724537809
3594,0.05566528309720753,0.056007019372847765
3595,0.05566528168939804,0.05600701937391343
3596,0.05566525619049125,0.05600702565968835
3597,0.055665112708078564,0.056006881234702585
3598,0.0556650946309523,0.05600688840944433
3599,0.05566505421091889,0.056006839724377165
3600,0.055664895728304145,0.05600686835129966
3601,0.05566469025141923,0.05600687019438046
3602,0.05566447915110677,0.05600669085084087
3603,0.05566429721181433,0.05600665270776503
3604,0.05566421216655446,0.05600669426248649
3605,0.055664198744003406,0.056006668912072434
3606,0.05566403236446206,0.056006660314620677
3607,0.05566386571851573,0.05600675619771084
3608,0.05566381954952875,0.05600673863169594
3609,0.055663710592717984,0.056006657989270396
3610,0.0556636103000195,0.05600665284037561
3611,0.05566342278547517,0.056006629932811386
3612,0.05566327151045722,0.05600661763818097
3613,0.055663102393958275,0.05600663533757566
3614,0.05566295188213013,0.05600667143988181
3615,0.05566279867968882,0.05600662370316643
3616,0.05566271809034995,0.056006730256383266
3617,0.05566252074293998,0.05600667682469893
3618,0.055662246892825354,0.056006581955491866
3619,0.05566223106057382,0.05600657997811015
3620,0.055662063504222266,0.056006598987199306
3621,0.055661973497565895,0.05600657993764337
3622,0.05566171385126993,0.0560064487313886
3623,0.05566155593467108,0.056006350282508915
3624,0.05566135944713511,0.05600624323826823
3625,0.055661149903997315,0.0560061127956975
3626,0.05566113417272968,0.05600611500493889
3627,0.05566110756012245,0.0560061009463758
3628,0.05566100862810164,0.056006080019850364
3629,0.05566085021825138,0.05600607566823866
3630,0.05566084331739877,0.05600607571483436
3631,0.0556606587273651,0.05600606908026647
3632,0.055660637001793814,0.05600606853653118
3633,0.055660601686615276,0.05600609354917605
3634,0.05566045688923554,0.05600609898709768
3635,0.05566032831057261,0.056006151228394085
3636,0.05566010989519618,0.05600612048131042
3637,0.05565998021380387,0.056006131971037
3638,0.05565997176973106,0.05600612916167124
3639,0.055659683641452115,0.05600627723817209
3640,0.055659378051651824,0.05600603859576193
3641,0.05565920552128646,0.05600614312785729
3642,0.05565909016752571,0.056006105004428014
3643,0.05565897716163358,0.05600595984133077
3644,0.05565886965235588,0.056005917907101035
3645,0.0556586195111186,0.05600571101298467
3646,0.05565844478883443,0.056005515943227474
3647,0.05565842525489674,0.05600552010284476
3648,0.055658305307332005,0.056005560238018504
3649,0.0556580152530204,0.056005509615361423
3650,0.05565794511693847,0.05600552844338889
3651,0.055657943528872475,0.05600552892417531
3652,0.05565772695230342,0.056005514968337076
3653,0.0556576520405819,0.05600552505131912
3654,0.05565748711203064,0.05600560065467588
3655,0.05565720601809937,0.05600552263648963
3656,0.055657170569652074,0.05600548480950146
3657,0.05565698001268686,0.056005457903856797
3658,0.055656775532512255,0.056005281683928695
3659,0.0556567572085854,0.05600528421897979
3660,0.05565667990217368,0.05600525739740609
3661,0.05565657412553666,0.05600525674829376
3662,0.05565656863818107,0.05600525410759414
3663,0.05565650722818569,0.056005291848946946
3664,0.05565641645933773,0.05600531583242082
3665,0.055656215040696004,0.05600530372049238
3666,0.055656114814660554,0.05600527644861977
3667,0.055655999122315114,0.05600520429028649
3668,0.05565591198757081,0.05600523893907908
3669,0.05565569008009304,0.05600520079071467
3670,0.05565560860681785,0.05600518987399507
3671,0.055655435362177055,0.05600519325718105
3672,0.05565528727009733,0.05600517835479846
3673,0.055655125819947464,0.056005127690218606
3674,0.05565510434739375,0.056005120727219526
3675,0.05565497401230356,0.05600498469348122
3676,0.05565493986026265,0.05600498568979068
3677,0.05565493293727487,0.05600498678257346
3678,0.055654900227078336,0.05600498232576695
3679,0.05565478858846209,0.05600497918167129
3680,0.0556547166836219,0.056004939737868596
3681,0.055654544901218725,0.05600500657593257
3682,0.05565449094812228,0.05600501352861427
3683,0.055654297346605694,0.05600499067565301
3684,0.0556540324007462,0.05600499992284371
3685,0.055653815753053004,0.056005060186928676
3686,0.05565365316102158,0.05600501283271066
3687,0.05565356331035585,0.05600497738876908
3688,0.05565351308818212,0.056004979820682
3689,0.05565333931662597,0.056005001815269594
3690,0.05565327020593747,0.05600499756141219
3691,0.055653254672063286,0.05600501874812947
3692,0.05565313317330766,0.05600502914322092
3693,0.055653005591663314,0.05600498316296979
3694,0.05565294233596788,0.05600498413012833
3695,0.0556527838859542,0.056005035485921326
3696,0.05565250848036217,0.05600502781318407
3697,0.05565222773595599,0.056004938677452126
3698,0.05565215620934561,0.05600493266336384
3699,0.055651893836590825,0.05600498337806122
3700,0.05565180436302982,0.056004976867303866
3701,0.05565177764496521,0.05600496126225022
3702,0.05565172174581124,0.05600498257533895
3703,0.055651533013850236,0.05600510294214166
3704,0.05565136974010494,0.056005111662210734
3705,0.05565135308561427,0.056005122507546926
3706,0.05565128945275132,0.056005076929116465
3707,0.05565121795800211,0.05600511780002793
3708,0.05565113147071932,0.0560050994800465
3709,0.055650946353388554,0.05600500718937488
3710,0.05565076066283515,0.05600473642143322
3711,0.05565073518721449,0.05600472590383565
3712,0.05565063284365573,0.05600470133716986
3713,0.05565048161578815,0.05600466637348982
3714,0.055650348439950814,0.05600464763668215
3715,0.05565020365019892,0.056004724849742976
3716,0.05564998329923492,0.05600452538064146
3717,0.05564979966490941,0.05600445146976355
3718,0.05564968239008804,0.0560045974433955
3719,0.05564962832262886,0.05600457103088338
3720,0.055649428947333136,0.056004620276526876
3721,0.0556494067889195,0.05600462173213654
3722,0.05564937681686718,0.05600464751207644
3723,0.05564927516379843,0.056004602049295776
3724,0.05564923103544491,0.05600463321861167
3725,0.0556490013777832,0.05600455404991831
3726,0.05564878800227933,0.056004472323111024
3727,0.05564865432436673,0.05600439872848745
3728,0.055648508522748504,0.056004449532594716
3729,0.055648503522590084,0.056004450806555556
3730,0.055648345206146144,0.05600435997073236
3731,0.05564806662748832,0.05600442251348784
3732,0.05564798803232489,0.056004423671497314
3733,0.05564773890907867,0.05600441025457628
3734,0.05564753742668919,0.05600427995638123
3735,0.05564735800234097,0.05600431544868323
3736,0.055647284734488905,0.056004312860174855
3737,0.05564706588302507,0.05600431806018017
3738,0.05564701127862179,0.05600433012695162
3739,0.05564683361192488,0.05600418990843715
3740,0.05564680846206164,0.05600417437797804
3741,0.05564657680538876,0.05600417639503319
3742,0.05564649121574596,0.05600419151840788
3743,0.055646247353621,0.05600422396924643
3744,0.05564610639272594,0.056004220957405995
3745,0.055646065053655394,0.056004220848063294
3746,0.05564604770140752,0.05600422052127519
3747,0.05564587591539097,0.05600426317367482
3748,0.055645675035739944,0.0560042416900665
3749,0.05564565171360543,0.056004245550721546
3750,0.05564544317322212,0.05600422053655423
3751,0.05564538460050742,0.05600425052696316
3752,0.05564537319615387,0.05600425173932872
3753,0.05564535370546576,0.056004252022591156
3754,0.05564515545967206,0.056004328035112405
3755,0.055645071143190714,0.05600429522444366
3756,0.055644902781653384,0.0560044474409449
3757,0.055644850752640224,0.05600443384451141
3758,0.055644713412891754,0.05600437433423691
3759,0.055644655800780866,0.05600436814864371
3760,0.05564453243035178,0.05600435803552149
3761,0.055644408957582485,0.05600441872997479
3762,0.055644400849896164,0.0560044187538224
3763,0.05564427359213663,0.05600447370547033
3764,0.0556440865840855,0.056004486493445284
3765,0.05564405801240134,0.0560044929509605
3766,0.0556440294648889,0.05600449269786133
3767,0.05564373828975925,0.05600450250297743
3768,0.05564348352479001,0.056004506411943655
3769,0.0556434143399035,0.05600452548475359
3770,0.05564323183042341,0.056004557665136054
3771,0.05564322912261454,0.056004557701400726
3772,0.05564319506598478,0.05600454677104342
3773,0.055643027621319806,0.05600449874965597
3774,0.05564291011642286,0.05600454919023596
3775,0.055642729335590425,0.05600451488963674
3776,0.05564272777968805,0.05600451509339392
3777,0.05564245692191441,0.0560043662698892
3778,0.055642233949304426,0.056004308511864595
3779,0.055642100974992996,0.056004351653305695
3780,0.055641881836052454,0.056004277142239565
3781,0.05564187749291524,0.056004275054348004
3782,0.055641670184245255,0.05600420548280195
3783,0.055641594159645084,0.056004217653928316
3784,0.05564147768157802,0.05600418526331018
3785,0.05564126935748329,0.05600411793255528
3786,0.05564078868686889,0.05600402507071349
3787,0.055640713481076534,0.056004033029306614
3788,0.05564055960722006,0.056004044424151384
3789,0.05564048011869531,0.05600403516461077
3790,0.0556404481607803,0.05600403718420441
3791,0.055640384734071575,0.05600398181835256
3792,0.05564022588398832,0.056003859723731425
3793,0.05564000842945721,0.0560037513200836
3794,0.05563997140994467,0.05600375188359214
3795,0.05563976748654808,0.056003600438962194
3796,0.05563956566918166,0.05600340849617218
3797,0.055639435857737646,0.05600343056292668
3798,0.05563935859002176,0.056003404477839615
3799,0.05563913299296992,0.05600344721649292
3800,0.0556390544431054,0.056003430092216054
3801,0.0556387872595212,0.05600339538019312
3802,0.055638529204114766,0.05600313887231981
3803,0.05563844472419265,0.05600314034980682
3804,0.05563838183034198,0.05600312577410662
3805,0.055638354899330805,0.05600312350775104
3806,0.05563832815447838,0.056003123335793485
3807,0.055638275064354835,0.05600313274471339
3808,0.0556381462446975,0.05600308549377287
3809,0.0556381274596972,0.05600308741262933
3810,0.055638071198627126,0.05600310362702494
3811,0.055638067132936064,0.05600310209912788
3812,0.0556379003411563,0.05600308736015856
3813,0.05563782040933555,0.05600311167201776
3814,0.05563768636199018,0.05600310392554211
3815,0.0556376763816621,0.05600310461659604
3816,0.05563767209335334,0.05600309994423593
3817,0.055637466542957086,0.05600314305883163
3818,0.055637462517148635,0.0560031430458785
3819,0.05563726637572349,0.05600315761054726
3820,0.05563721148307289,0.05600312166590305
3821,0.05563701445226342,0.05600308766975338
3822,0.055636961753093926,0.056003061497673125
3823,0.055636911767366425,0.05600309943724024
3824,0.055636854756532156,0.05600309891018211
3825,0.05563670643344396,0.056003049929443514
3826,0.05563654748407092,0.0560030444068778
3827,0.05563649738827839,0.05600301434061681
3828,0.05563634973778758,0.05600294905284043
3829,0.0556362641143224,0.056002954264987165
3830,0.05563610481327632,0.056002948900944184
3831,0.05563605782207411,0.05600293454330435
3832,0.05563588431649327,0.056002807080403595
3833,0.05563582542988988,0.05600280777682117
3834,0.05563561825543695,0.056002692326511845
3835,0.05563560223977374,0.056002708532305795
3836,0.05563557257204511,0.056002708921772636
3837,0.05563535924575645,0.056002640578881616
3838,0.05563522532310953,0.05600262010617388
3839,0.055635105783240234,0.05600263869179692
3840,0.05563506584300849,0.056002613525843056
3841,0.05563492495356725,0.05600267648049327
3842,0.055634788287763505,0.05600264241335127
3843,0.05563466628124881,0.056002662938795404
3844,0.055634501348363,0.056002629600391346
3845,0.055634385635818004,0.05600252946651045
3846,0.05563436370084103,0.05600251422042956
3847,0.05563423864039034,0.05600258127861446
3848,0.05563409746310983,0.056002586458576885
3849,0.0556340826243207,0.05600258741690192
3850,0.05563388196005898,0.056002339573214203
3851,0.0556337829014054,0.05600234779177259
3852,0.05563373080313608,0.05600234074583477
3853,0.05563350279650107,0.05600224281492332
3854,0.05563335902319873,0.05600221098273848
3855,0.05563318057129612,0.05600229618247124
3856,0.055633009732813855,0.056002240386309195
3857,0.05563298387785814,0.05600223941117847
3858,0.05563296416179416,0.05600222643146125
3859,0.05563275799787567,0.0560022582991737
3860,0.055632663224880065,0.05600224057028898
3861,0.05563242608542122,0.05600229135938238
3862,0.05563230423449895,0.056002373439582254
3863,0.0556322884451075,0.05600237320202366
3864,0.055632184635093215,0.05600240208564079
3865,0.05563214197955645,0.056002432697619633
3866,0.05563210852976955,0.05600246187483671
3867,0.05563201772145281,0.05600245769202352
3868,0.055632007867221646,0.056002462142492236
3869,0.05563185130429425,0.056002314699427326
3870,0.05563183022204467,0.056002317077605605
3871,0.05563182197617107,0.05600231647792443
3872,0.05563171475540863,0.05600230680040623
3873,0.05563155308679158,0.05600225639141734
3874,0.055631374536042486,0.05600221252644703
3875,0.055631258267249004,0.05600224741680051
3876,0.05563103851374558,0.056002294769871376
3877,0.0556310242348707,0.05600229768460005
3878,0.055630776253856415,0.05600223362126301
3879,0.05563058600244086,0.05600230105693516
3880,0.05563057593114273,0.05600230063316043
3881,0.055630468583260616,0.0560022886530534
3882,0.05563037456216592,0.056002334522229635
3883,0.05563035597432159,0.05600232891351422
3884,0.055630171403696645,0.05600235286172252
3885,0.05563013368031405,0.05600235925306836
3886,0.0556299876520979,0.05600231030108213
3887,0.05562979072354782,0.056002172579471064
3888,0.05562960555090302,0.05600212616123145
3889,0.055629419491544874,0.05600213430849203
3890,0.0556292368208515,0.05600207252757357
3891,0.055629096286702207,0.056001973364054144
3892,0.0556287950703928,0.05600181208899897
3893,0.055628665810259596,0.05600175213935447
3894,0.05562863631345465,0.05600175207450539
3895,0.05562837972989202,0.056001686572392975
3896,0.05562818119714353,0.05600152039050909
3897,0.055628079252629865,0.05600143347356025
3898,0.05562795973000408,0.056001377234974344
3899,0.05562780627329144,0.05600134115179846
3900,0.05562774878407359,0.05600135428924097
3901,0.05562760864108267,0.05600132435426076
3902,0.0556275335653704,0.056001367087110315
3903,0.05562744936665442,0.05600130190787731
3904,0.055627393204432794,0.056001322438307494
3905,0.0556272674639654,0.05600144254219217
3906,0.05562719200391939,0.05600142974108345
3907,0.055627037599552474,0.05600148951584051
3908,0.055626826138486934,0.05600143589154319
3909,0.05562670066016434,0.056001460531210745
3910,0.05562653304260619,0.05600160680388789
3911,0.05562636956359634,0.05600152236343195
3912,0.05562634833222009,0.05600153537390989
3913,0.055626154605854725,0.056001326237391534
3914,0.05562613126416649,0.05600130693962014
3915,0.05562608870374623,0.05600128883425782
3916,0.05562601682445732,0.056001204806606114
3917,0.05562590156857059,0.05600117232420223
3918,0.055625825091144894,0.056001146828928455
3919,0.05562570766006241,0.05600110091777827
3920,0.05562547060124896,0.05600107446377828
3921,0.055625438986778825,0.05600107469778579
3922,0.05562538613668779,0.056001063930022896
3923,0.055625354854884054,0.056001049426875706
3924,0.055625180092311904,0.05600085663751275
3925,0.055625038593649576,0.056000897369575864
3926,0.05562496953977603,0.05600085600014814
3927,0.05562496673512209,0.05600085551286399
3928,0.05562474790780909,0.05600077053973893
3929,0.05562464736100013,0.05600086279918669
3930,0.05562457210876959,0.05600086890720162
3931,0.05562447297512363,0.05600077620634632
3932,0.05562435167078444,0.05600074470890808
3933,0.055624296773688825,0.05600071449061301
3934,0.055624109628570326,0.05600077547118446
3935,0.055623899511748606,0.0560007302585726
3936,0.055623870837349564,0.056000713764442454
3937,0.055623726679232745,0.05600063733214939
3938,0.055623704780335466,0.05600064147743999
3939,0.05562356089575092,0.05600066496509748
3940,0.055623318830978354,0.056000625028292825
3941,0.05562316116424959,0.05600060151375605
3942,0.05562311537238251,0.056000601595608115
3943,0.05562302342152043,0.056000594765268495
3944,0.055622750631684724,0.05600046001140984
3945,0.05562268798120935,0.05600049980997816
3946,0.055622443232969644,0.056000363948023955
3947,0.055622389693751426,0.05600036142262956
3948,0.05562237436888309,0.056000362421462606
3949,0.05562222717681454,0.056000378557805965
3950,0.05562221999605417,0.056000378377894226
3951,0.05562215085316356,0.05600033884277486
3952,0.05562188684225242,0.056000110520683856
3953,0.05562173646852819,0.05599999918610033
3954,0.05562159572636542,0.055999941101463745
3955,0.055621423513466876,0.05599985408829215
3956,0.05562129308136208,0.05599992715314963
3957,0.05562127972612606,0.05599992045148821
3958,0.0556211891436155,0.055999848524085113
3959,0.055621173149582225,0.05599985923237649
3960,0.05562110609173635,0.0559998608767103
3961,0.055621088049576765,0.05599985339819322
3962,0.05562090934082656,0.05599974927539338
3963,0.05562089834225735,0.055999749877830025
3964,0.05562072752610464,0.05599973338125897
3965,0.05562059937461286,0.0559997056578189
3966,0.055620563110745765,0.05599969686668608
3967,0.05562046846578917,0.055999702282884194
3968,0.05562044985845163,0.05599970400757557
3969,0.05562024548007401,0.05599959695256025
3970,0.0556202399109699,0.055999602077853934
3971,0.05562017899612561,0.05599964591099356
3972,0.0556200869072644,0.055999576771969935
3973,0.05562005941909378,0.05599964243544021
3974,0.05561992045624987,0.05599966975379093
3975,0.05561988367975831,0.05599966921731444
3976,0.055619865548838285,0.055999669322801725
3977,0.05561976255758417,0.05599965703337992
3978,0.055619517925894923,0.05599962675257205
3979,0.0556194030824774,0.05599961450375175
3980,0.055619281693955296,0.05599960513367332
3981,0.055619054523572284,0.05599954275460643
3982,0.05561892698951267,0.055999583107486706
3983,0.05561871803446134,0.05599962957645668
3984,0.05561870172888101,0.05599964091267439
3985,0.05561847129739723,0.0559995895530749
3986,0.055618445358876466,0.055999595679786816
3987,0.05561833282300087,0.055999621668706805
3988,0.055618328794222856,0.05599962422629531
3989,0.055618144753009774,0.0559996345712383
3990,0.05561808228852755,0.05599971044159452
3991,0.05561784379910712,0.05599966601775259
3992,0.05561771432463562,0.055999718065193396
3993,0.055617681192791917,0.05599971693763777
3994,0.05561760342725605,0.05599972336997071
3995,0.055617310907771056,0.05599948039676545
3996,0.05561727011760139,0.055999487956093
3997,0.05561712860715082,0.055999359337383384
3998,0.05561688703495621,0.0559992589878859
3999,0.05561661487211232,0.05599928503332779
4000,0.055616473895083236,0.055999260587426616
4001,0.055616379862901605,0.05599925858558812
4002,0.055616255544571336,0.05599925895427771
4003,0.055616228131288435,0.05599928303979526
4004,0.055616067987199674,0.05599925745750471
4005,0.055616059374095445,0.05599926078795604
4006,0.055616040554503275,0.05599926301669933
4007,0.05561594899763001,0.055999258906621274
4008,0.055615901789156034,0.05599924023750125
4009,0.05561587798058145,0.05599923271929194
4010,0.055615800068601964,0.05599916992209103
4011,0.05561577115524431,0.055999152920021285
4012,0.05561575373050982,0.05599915067656101
4013,0.05561569813363567,0.05599912212181786
4014,0.05561567783576846,0.05599912649285189
4015,0.05561559883027568,0.055999122147898185
4016,0.05561544459862569,0.05599905059121695
4017,0.055615323016280464,0.055999065247343556
4018,0.05561509862030111,0.05599892553623012
4019,0.055615016053107466,0.0559989296854136
4020,0.05561492557542607,0.05599886119194011
4021,0.0556147305639056,0.05599882033796784
4022,0.05561458819330976,0.055998786363563646
4023,0.055614585493757224,0.055998782968112705
4024,0.055614538196283606,0.055998775070556214
4025,0.05561443902884887,0.05599869672925966
4026,0.055614190481051526,0.05599856433883665
4027,0.05561417735380239,0.055998564353201226
4028,0.05561406915754217,0.05599853511065185
4029,0.05561385559739857,0.05599845314415102
4030,0.055613688549441834,0.05599845527872572
4031,0.0556135092673629,0.055998585797511415
4032,0.05561337213653578,0.055998593001775045
4033,0.05561318041927475,0.05599850955978294
4034,0.05561302332904756,0.05599855178536931
4035,0.05561296907230462,0.05599848192212924
4036,0.055612728066049236,0.05599851891823358
4037,0.05561272500325588,0.05599851830691566
4038,0.05561264523576387,0.055998492690132406
4039,0.05561261445886703,0.055998491346258734
4040,0.05561260356776475,0.055998490488185344
4041,0.05561245050350586,0.05599854954303508
4042,0.05561236703574941,0.055998515363695905
4043,0.05561225858211387,0.05599849549907745
4044,0.055612185335446714,0.05599855543375674
4045,0.055612124525964604,0.055998567689171094
4046,0.05561211728562737,0.05599856519092681
4047,0.05561204131050697,0.05599852185251177
4048,0.05561183635650096,0.05599872088347676
4049,0.055611722784541136,0.05599870784773215
4050,0.055611667306220997,0.05599871051765317
4051,0.055611542481244905,0.05599862848325811
4052,0.055611347902153926,0.05599878582807559
4053,0.055611239540328566,0.055998761605164774
4054,0.05561119313497692,0.055998794285661076
4055,0.055610935417681424,0.05599888177719932
4056,0.055610793149629245,0.055998779115873275
4057,0.05561070691467847,0.055998770680909
4058,0.055610492657585935,0.0559987403731153
4059,0.055610454176535616,0.05599873619478769
4060,0.05561040731601705,0.05599875508895338
4061,0.055610397672876795,0.05599875704496772
4062,0.055610374276794876,0.05599875323330736
4063,0.05561023848285269,0.055998748148332014
4064,0.05561005998153953,0.055998651313169154
4065,0.05560995978316112,0.055998720501885604
4066,0.055609958370146435,0.0559987172508143
4067,0.05560995559651103,0.05599871722517244
4068,0.05560990619576059,0.05599872267872948
4069,0.05560988635646343,0.05599871794718396
4070,0.055609712536573076,0.05599871550915477
4071,0.055609483693413495,0.05599862469150534
4072,0.05560927060487632,0.055998548235152955
4073,0.055609014275847524,0.05599854856437168
4074,0.055608833373688715,0.05599846712341775
4075,0.05560878827156297,0.05599846776315783
4076,0.05560857043433879,0.05599845204133363
4077,0.05560850242926429,0.055998458447536655
4078,0.05560838584191152,0.05599847170401977
4079,0.055608294950509465,0.05599846114249061
4080,0.05560812481037857,0.055998351479136024
4081,0.05560803256729138,0.05599839500970684
4082,0.05560797999772007,0.05599838865381184
4083,0.05560790151069144,0.05599842015083069
4084,0.05560787769882702,0.05599843093563209
4085,0.05560772037770506,0.05599839511720157
4086,0.055607710622529324,0.05599839464657902
4087,0.055607603138313276,0.05599838438783308
4088,0.05560756519106952,0.055998385178397704
4089,0.05560746026428169,0.0559984227618673
4090,0.05560726295950003,0.05599835702009268
4091,0.05560724600001318,0.0559983437895533
4092,0.0556070655269598,0.05599839901211732
4093,0.05560696740799941,0.055998382481035454
4094,0.05560691975318614,0.05599839334407023
4095,0.05560670459510016,0.05599844242725261
4096,0.055606670374992055,0.05599844654540882
4097,0.055606668716884175,0.05599844654696009
4098,0.05560664245321954,0.05599844657809602
4099,0.05560662294507705,0.05599844808395038
4100,0.05560643525505,0.05599850587148902
4101,0.055606201878593546,0.05599839555388415
4102,0.055606153625111794,0.05599840047628737
4103,0.05560607665788722,0.0559983606828676
4104,0.05560575481884099,0.055998106988484876
4105,0.05560572167195784,0.055998103845188434
4106,0.05560552801990438,0.05599804329745318
4107,0.05560512146664295,0.055997986865702155
4108,0.05560501965407343,0.055998081406981856
4109,0.05560496844344504,0.055998101155825174
4110,0.05560486091249725,0.05599813067187564
4111,0.05560463867289796,0.0559979989423499
4112,0.05560449811159704,0.055997946168033635
4113,0.05560435100446402,0.05599782455917152
4114,0.05560428194356352,0.05599782386686562
4115,0.05560423849483902,0.055997844602931085
4116,0.055604132641218475,0.05599781539930686
4117,0.055604000013142446,0.0559978325491798
4118,0.05560396637969408,0.05599783144146592
4119,0.05560369701829992,0.05599784363370521
4120,0.05560368420256574,0.05599784149401089
4121,0.0556034632133561,0.05599775724668523
4122,0.055603447369135944,0.055997761664219735
4123,0.05560342322942688,0.05599777668014986
4124,0.05560339253326334,0.05599776253498501
4125,0.055603307934524636,0.05599771755351861
4126,0.05560311054023049,0.05599764215015754
4127,0.055603057087591334,0.055997651637713086
4128,0.05560301253631942,0.05599763433458028
4129,0.05560299431074571,0.05599761516928579
4130,0.05560285244708922,0.0559975633597133
4131,0.05560263998604491,0.05599746035256477
4132,0.055602545025481,0.05599745110907445
4133,0.05560253397954733,0.0559974291473857
4134,0.055602404392781815,0.05599738118868059
4135,0.05560239767751693,0.05599738178367508
4136,0.05560225567842391,0.05599737842448833
4137,0.05560213008372924,0.055997287574053374
4138,0.05560198815778144,0.0559972970264935
4139,0.055601970623888865,0.05599730605358837
4140,0.05560188631996766,0.055997281175341446
4141,0.055601710773850975,0.05599723080300735
4142,0.055601540623822734,0.055997143372268625
4143,0.0556013433730943,0.055997134067645574
4144,0.055601325193034935,0.05599713677314578
4145,0.05560131784164489,0.055997136775013265
4146,0.0556012217910062,0.05599714364264642
4147,0.05560120642934407,0.05599714199446454
4148,0.05560118097330815,0.05599713091943803
4149,0.05560115642075584,0.05599712743390103
4150,0.05560112686743033,0.05599714481206773
4151,0.05560100442762739,0.05599713453908169
4152,0.05560084056674751,0.055997006051291716
4153,0.055600729342279755,0.05599697167687422
4154,0.05560068664903687,0.05599694563687529
4155,0.05560054686245655,0.05599694000731733
4156,0.055600396159968105,0.05599683686935088
4157,0.05560032934290603,0.055996812650385294
4158,0.055600131341131676,0.05599672633437686
4159,0.055600062083718614,0.05599670406145254
4160,0.055599922473174385,0.0559967227576942
4161,0.055599740685926984,0.05599669696458813
4162,0.05559950814356092,0.05599662758591457
4163,0.05559942089227505,0.055996642775691795
4164,0.05559940523890294,0.05599663873115991
4165,0.055599389369410585,0.0559966295440191
4166,0.0555992893151651,0.055996553980991036
4167,0.05559916487160249,0.05599650944440414
4168,0.05559911102129869,0.05599652178869974
4169,0.05559899882257979,0.055996603921671356
4170,0.05559885487614642,0.05599657803552539
4171,0.055598736020336346,0.055996532662026775
4172,0.0555986353127849,0.055996515895571385
4173,0.05559861994322398,0.055996514317596925
4174,0.05559860591515261,0.05599651336811454
4175,0.055598570459444205,0.05599648527770784
4176,0.05559836700594042,0.055996470156502026
4177,0.055598356356084025,0.05599646787802175
4178,0.05559829400213649,0.05599644708900674
4179,0.05559822417154187,0.05599648463111989
4180,0.05559816418640704,0.055996505283185005
4181,0.05559805371285783,0.05599647985269395
4182,0.05559785117314866,0.05599649441481527
4183,0.05559783227480514,0.05599649045734269
4184,0.05559764023422309,0.055996454839416475
4185,0.0555976241227669,0.055996451034193935
4186,0.05559739836542481,0.05599642388851655
4187,0.05559733957660534,0.05599641956371214
4188,0.05559722019844643,0.05599639687692336
4189,0.05559706682708663,0.05599642044529548
4190,0.055596956849781054,0.05599641778921297
4191,0.05559674597032972,0.0559964297312793
4192,0.05559666642432686,0.05599644001315489
4193,0.05559664980450206,0.05599643835781049
4194,0.05559656484237384,0.055996362051673555
4195,0.05559638210928748,0.0559963318575235
4196,0.05559607527479792,0.05599633064501261
4197,0.055596068541268515,0.05599632426538313
4198,0.05559600522873475,0.05599630161977928
4199,0.05559591482578559,0.055996280633979344
4200,0.05559577457084869,0.05599620633875896
4201,0.05559565329644608,0.055996301801493814
4202,0.055595626804405114,0.05599631596393831
4203,0.055595453094239,0.055996332962686864
4204,0.05559530379126405,0.055996216438698045
4205,0.05559521825087969,0.055996272682965205
4206,0.05559520522961216,0.055996264952645806
4207,0.05559491729977384,0.05599624502445002
4208,0.055594861898116334,0.05599630345679361
4209,0.05559477248248886,0.05599628003305412
4210,0.05559456710782555,0.055996248477323034
4211,0.055594465424750536,0.05599624236637434
4212,0.055594433510666244,0.05599622697467753
4213,0.05559429722447774,0.055996159355285756
4214,0.055594169306282824,0.05599608963977192
4215,0.055594161643827404,0.05599609419288671
4216,0.0555939555777606,0.055996065631758525
4217,0.05559394606005292,0.05599606624359711
4218,0.0555938391008667,0.05599614839781336
4219,0.05559383060597826,0.055996148939567024
4220,0.05559367835238975,0.055996088902943865
4221,0.05559361968654354,0.05599604296682066
4222,0.05559361411814553,0.055996041359850375
4223,0.05559343751164891,0.05599613991439756
4224,0.05559338975346839,0.05599609816827376
4225,0.05559337493819297,0.05599609817210931
4226,0.05559327437861569,0.055996022003878744
4227,0.05559311543529518,0.05599598790650084
4228,0.05559301062156928,0.055995981102457265
4229,0.05559286921025703,0.055996047140005376
4230,0.05559264851835646,0.05599602241418688
4231,0.05559261702924985,0.05599603214775748
4232,0.05559259006475105,0.05599602760798956
4233,0.055592493236874825,0.05599599988911048
4234,0.05559233847436061,0.055996067884083005
4235,0.05559227314806169,0.05599603428319218
4236,0.055592212142027815,0.05599600654015644
4237,0.05559218575271472,0.05599599857682284
4238,0.05559211924432649,0.055995953682522394
4239,0.055592097360407995,0.055995948017332535
4240,0.055591939386508284,0.05599592241684627
4241,0.05559177136837422,0.05599586459081299
4242,0.05559156507784959,0.05599585548661474
4243,0.05559146914309479,0.05599587235448643
4244,0.055591319449526215,0.05599586596373775
4245,0.05559122914758173,0.055995865615579274
4246,0.05559120189133255,0.055995822506073344
4247,0.05559116878569297,0.05599579336181192
4248,0.05559111317604421,0.05599579606409399
4249,0.05559103166035868,0.05599583929211349
4250,0.05559081946368769,0.05599583425769142
4251,0.05559068098305691,0.05599579930054516
4252,0.05559057206792943,0.05599579132050911
4253,0.055590508873402375,0.05599581756518761
4254,0.05559037204972192,0.05599574886678079
4255,0.05559035477725236,0.05599574432715348
4256,0.055590330278159114,0.05599574320042277
4257,0.05559027087277799,0.05599576992691728
4258,0.05559008521040512,0.05599571997194067
4259,0.055590045716449446,0.055995707395565864
4260,0.055589998924577756,0.05599571479658814
4261,0.0555898645228917,0.05599566944662599
4262,0.055589831922850955,0.055995658545097464
4263,0.05558962244510353,0.055995591809801196
4264,0.05558955695623347,0.055995578559946003
4265,0.055589381009913424,0.05599562873186999
4266,0.05558919895045593,0.05599552330640106
4267,0.05558895422438212,0.05599556276025773
4268,0.05558878296016087,0.05599558769723356
4269,0.055588643977195276,0.05599564349155871
4270,0.05558846260255208,0.05599558771549922
4271,0.05558844844240825,0.05599558899951206
4272,0.055588334823921504,0.05599556981914481
4273,0.05558822201145594,0.0559955094151515
4274,0.05558797783200898,0.05599546753611704
4275,0.0555877991561092,0.055995437929101215
4276,0.05558773016323249,0.055995423469308865
4277,0.055587546162953826,0.05599541981573113
4278,0.05558752270623434,0.05599537945077872
4279,0.05558740566948781,0.05599533661448234
4280,0.055587225003467286,0.055995210503154355
4281,0.055587063319194295,0.055995202706319094
4282,0.05558695677197121,0.05599517754189971
4283,0.05558677428887029,0.05599523914966814
4284,0.05558654308789535,0.055995063731814336
4285,0.05558643475049563,0.0559950087923918
4286,0.055586416742472375,0.05599500772064494
4287,0.05558641502359823,0.0559950082195974
4288,0.05558624049614633,0.05599503085915562
4289,0.05558616088201769,0.0559950533991162
4290,0.055585960062885305,0.055994936875699515
4291,0.05558586179273288,0.055994868963947585
4292,0.05558583860940464,0.055994872289051846
4293,0.05558583146085355,0.05599487240494606
4294,0.05558566461077489,0.05599480876986707
4295,0.05558558658393436,0.05599479824410941
4296,0.05558541653467321,0.05599476243758928
4297,0.05558535642813491,0.05599473613440337
4298,0.05558516660464861,0.055994584748874164
4299,0.05558496167768573,0.055994591903142675
4300,0.05558488196195221,0.05599462384496875
4301,0.055584878679971375,0.055994623084493184
4302,0.05558473879027891,0.05599463780095775
4303,0.05558458011391261,0.055994585963064065
4304,0.05558439183965118,0.055994555228763024
4305,0.05558418538885631,0.055994614450635326
4306,0.055584119671700336,0.05599464154783497
4307,0.05558401568867646,0.05599470901434383
4308,0.05558391134418684,0.055994694396705035
4309,0.05558372055145584,0.05599471953635282
4310,0.055583709450964,0.05599471884961978
4311,0.05558366383635936,0.055994714144648176
4312,0.05558364329944861,0.05599467601976946
4313,0.05558353478314709,0.055994713822201614
4314,0.0555834797441547,0.05599468314147956
4315,0.055583329420212366,0.05599459866724155
4316,0.05558314872809921,0.05599470794276931
4317,0.05558301454878453,0.05599469957268543
4318,0.05558274678871887,0.05599468339981335
4319,0.055582599626887344,0.055994676197583707
4320,0.055582429795937055,0.055994714051701484
4321,0.055582325384744516,0.05599475642903838
4322,0.05558212667943267,0.055994767216382864
4323,0.055581964079174935,0.055994818279997235
4324,0.0555818376936123,0.05599483217546913
4325,0.055581809350044094,0.05599483193554168
4326,0.05558143156577192,0.055994509298120915
4327,0.055581428741590305,0.05599450930003857
4328,0.05558129203376135,0.05599447243344401
4329,0.055581248600604725,0.055994444887784225
4330,0.05558119991547342,0.05599445640869409
4331,0.05558108780581649,0.055994438725855876
4332,0.05558103337677449,0.05599442584615009
4333,0.0555809538001128,0.05599440399185626
4334,0.05558076946052936,0.05599431553525398
4335,0.0555805955012956,0.05599436305921308
4336,0.05558056973306872,0.055994378779025904
4337,0.05558055799560462,0.055994378791480316
4338,0.055580504824631796,0.0559943967403316
4339,0.05558047351177701,0.05599440242930627
4340,0.055580412504941,0.05599436455889279
4341,0.05558022271370011,0.055994342786106065
4342,0.05558005793197563,0.055994253133314284
4343,0.05557989825388115,0.05599416012872514
4344,0.0555798271298469,0.055994203531840536
4345,0.05557978033403495,0.055994240316534535
4346,0.05557976376917083,0.05599423980647817
4347,0.055579729869666555,0.055994250380234534
4348,0.05557963667971761,0.05599422009862786
4349,0.05557962580193018,0.05599422076744876
4350,0.05557939115722056,0.05599408946098385
4351,0.05557930160000761,0.055994107998019294
4352,0.055579155788345345,0.055994075085010475
4353,0.055578986502183576,0.05599395204177283
4354,0.0555789807939832,0.05599395228106449
4355,0.05557870564016027,0.05599374420474618
4356,0.05557869179327978,0.05599375788118739
4357,0.05557856868403246,0.055993818961590155
4358,0.055578514710781284,0.05599374945838014
4359,0.05557850838065453,0.05599375145802628
4360,0.05557844855670657,0.055993755490157275
4361,0.055578307069109885,0.05599372731418865
4362,0.05557825672777637,0.055993729564793815
4363,0.05557810358315386,0.05599367736215976
4364,0.05557796440170659,0.0559936672216334
4365,0.055577787782000204,0.05599370069178156
4366,0.055577769701401554,0.05599368781376412
4367,0.05557771627588855,0.05599369486630685
4368,0.0555775044480138,0.05599354273881973
4369,0.05557734124526926,0.05599349389797897
4370,0.055577335709490736,0.05599348778959665
4371,0.05557733413969153,0.05599348709863597
4372,0.05557723220364695,0.0559935367298872
4373,0.05557706902686138,0.055993471905737745
4374,0.05557702728145142,0.0559934663360378
4375,0.0555770078382076,0.055993465870330966
4376,0.05557695895320555,0.05599346030620954
4377,0.05557694769590344,0.05599345638787703
4378,0.05557683910184765,0.05599349474463645
4379,0.05557674159076338,0.05599340969408006
4380,0.05557669356139595,0.05599340194272849
4381,0.05557666799924469,0.055993398824076925
4382,0.05557664865119662,0.05599339080467949
4383,0.05557648955494483,0.05599337066952638
4384,0.05557647934710789,0.05599337269685586
4385,0.05557622766518668,0.05599326163839758
4386,0.055576110180605445,0.05599324201358445
4387,0.055575932838437744,0.055993193669607644
4388,0.05557585781321399,0.05599321747454057
4389,0.05557568297261338,0.05599323996728913
4390,0.05557550653239206,0.05599323356188544
4391,0.055575412614452424,0.055993143045478144
4392,0.05557520365402657,0.05599306023883962
4393,0.05557510828511831,0.05599310659962804
4394,0.055574861658823124,0.0559930570377252
4395,0.05557473294137182,0.05599302828744735
4396,0.055574707563423795,0.05599302925274144
4397,0.05557459416265226,0.05599309367637443
4398,0.055574468948898385,0.055993044941392414
4399,0.055574350687600006,0.05599306112808668
4400,0.05557434165205796,0.05599305724036814
4401,0.055574276533391705,0.05599308180029533
4402,0.05557406493451404,0.05599296915297863
4403,0.05557402634280613,0.05599297339657
4404,0.05557402414982659,0.05599297168975523
4405,0.0555738481783003,0.05599303248646851
4406,0.05557368479945027,0.05599298215908962
4407,0.0555736547886212,0.05599300108651203
4408,0.055573541217464106,0.05599301905593181
4409,0.05557350981648036,0.055993020049164864
4410,0.05557340774975101,0.05599299013255857
4411,0.05557325885971268,0.05599298570325412
4412,0.05557308337676999,0.0559929426677668
4413,0.055572925071405314,0.055992933295443845
4414,0.05557289432135061,0.05599287976628234
4415,0.055572645467438585,0.05599289366874105
4416,0.05557251867678885,0.055992869195378034
4417,0.05557228327141274,0.05599274718970427
4418,0.055572136543386205,0.05599273716012777
4419,0.05557211344806297,0.05599274250120794
4420,0.05557204633789965,0.05599272248624835
4421,0.05557203285110519,0.055992727204171214
4422,0.055571830460786426,0.055992675779762364
4423,0.055571805638382606,0.05599268562292595
4424,0.05557179713249636,0.05599268053849692
4425,0.05557154130600188,0.05599258908764325
4426,0.055571368897969986,0.05599260895759744
4427,0.05557136206444614,0.05599260366110398
4428,0.05557132015022347,0.05599259463958527
4429,0.05557130184871906,0.055992577895311244
4430,0.05557123450407855,0.05599254518581876
4431,0.05557113701349338,0.05599274070313291
4432,0.055571074340058396,0.05599272687944223
4433,0.05557090620224309,0.05599263436772648
4434,0.055570761412895193,0.0559926434747226
4435,0.05557056281272494,0.05599259445462945
4436,0.055570377318399436,0.05599260417577261
4437,0.05557024045903979,0.05599263155780335
4438,0.05557014679551615,0.05599264597164827
4439,0.05557004328470351,0.05599261930144128
4440,0.055569753712696214,0.05599239405074595
4441,0.05556947788269124,0.05599217120972589
4442,0.05556939200773208,0.05599220723051559
4443,0.055569357447107344,0.055992202482636734
4444,0.055569235083198144,0.05599220898353298
4445,0.055569013881856956,0.05599219776308749
4446,0.05556886799256124,0.05599210174700169
4447,0.05556868291748389,0.055992160665460936
4448,0.05556860467635316,0.05599215662065535
4449,0.055568369398863504,0.055992149397413676
4450,0.055568205848969224,0.05599205019134632
4451,0.055568061155023704,0.055992030577723374
4452,0.05556791252318063,0.05599200389317426
4453,0.05556770965423744,0.05599189899116742
4454,0.05556770102227301,0.055991902754737845
4455,0.05556761282935329,0.05599182786186042
4456,0.05556747943032262,0.055991727639416775
4457,0.05556743018470494,0.05599173842355086
4458,0.055567384250042866,0.055991733839594354
4459,0.0555671533761454,0.05599165889152316
4460,0.05556695845960526,0.05599174981087631
4461,0.05556691707150585,0.05599175987650787
4462,0.05556680658693814,0.05599178126818529
4463,0.0555667477048314,0.05599178835221006
4464,0.05556666072669152,0.05599181906955184
4465,0.05556657600180619,0.05599181495054909
4466,0.055566407551311224,0.055991767622495386
4467,0.05556624327636798,0.05599181142472933
4468,0.055566169241784764,0.05599180723407279
4469,0.05556616197734249,0.05599180790503387
4470,0.05556615183500833,0.05599180083242537
4471,0.055566125491999775,0.05599179227391165
4472,0.05556595399594613,0.055991817854479986
4473,0.055565834556079496,0.055991733549159796
4474,0.055565796172059166,0.05599171841515889
4475,0.055565648462206595,0.055991649542275784
4476,0.055565422339983864,0.0559917063178448
4477,0.05556516482365088,0.05599167467394762
4478,0.055564987768218985,0.055991611358279014
4479,0.05556484306000457,0.055991565950671306
4480,0.05556481074151292,0.055991533802223895
4481,0.05556468847220267,0.05599142408589838
4482,0.05556459517786693,0.05599141035779408
4483,0.05556444974244041,0.055991352192665
4484,0.05556440412603718,0.05599135866103008
4485,0.05556438005572416,0.055991359403920284
4486,0.055564267370839,0.055991290054723565
4487,0.0555641173134846,0.055991260167856854
4488,0.05556410447675745,0.05599126164071062
4489,0.05556406714474658,0.0559912678176493
4490,0.055563878781767016,0.05599125989527955
4491,0.05556379499796168,0.05599127007311222
4492,0.05556370239288229,0.05599132074368599
4493,0.055563698106882414,0.05599132075627186
4494,0.055563538548655776,0.055991343605764965
4495,0.05556331203128884,0.05599132930341313
4496,0.055563262426666434,0.05599130850086989
4497,0.05556323095642662,0.05599131583354619
4498,0.0555631463059813,0.05599132769710755
4499,0.055562968893669226,0.05599130823770241
4500,0.055562763274706294,0.05599128365797516
4501,0.055562509939987105,0.05599120666111261
4502,0.05556237217566913,0.05599123534829949
4503,0.055562357063387004,0.05599123827280362
4504,0.05556222358105538,0.05599123820761439
4505,0.05556202043545083,0.055991162048211696
4506,0.055561918146004904,0.0559911026789558
4507,0.055561789303021795,0.0559911972313854
4508,0.055561603822994916,0.055991231645996474
4509,0.055561448581221806,0.05599120315744939
4510,0.055561231831260986,0.05599121544823407
4511,0.055561138311678804,0.055991213449073485
4512,0.05556106363197517,0.055991249851693216
4513,0.05556102739535847,0.055991255020684444
4514,0.05556087699155947,0.05599127956969163
4515,0.055560702156174264,0.05599127810037485
4516,0.05556064255143437,0.055991283613066774
4517,0.0555605026588534,0.05599128613115445
4518,0.05556047929691296,0.0559912872218345
4519,0.05556031159567852,0.0559912683397957
4520,0.05556015317395526,0.05599116891426343
4521,0.05556009787697418,0.055991204660204595
4522,0.05555993860113028,0.055991145138052936
4523,0.055559826562610076,0.05599118448561966
4524,0.05555962451539377,0.05599115093357256
4525,0.05555957511586195,0.05599114953130706
4526,0.0555595627214101,0.05599114862502875
4527,0.05555954128072962,0.0559911542813938
4528,0.05555944505122937,0.05599109224746286
4529,0.05555926559177549,0.05599098146412358
4530,0.0555592516989534,0.05599098666227408
4531,0.0555592268518602,0.05599097380613097
4532,0.05555911102940526,0.05599096680408383
4533,0.055559074559136716,0.05599097351230539
4534,0.055559064252600064,0.05599097905677063
4535,0.05555904004693743,0.055991005758020906
4536,0.05555876194216658,0.05599073899680348
4537,0.05555860252456465,0.05599067383485414
4538,0.05555847038968286,0.0559907130053176
4539,0.05555827080185587,0.055990757868323596
4540,0.055558266514647556,0.055990754175264494
4541,0.05555812199754576,0.05599059388943671
4542,0.05555812103684622,0.055990594564186355
4543,0.05555806501758542,0.055990567250631375
4544,0.05555796713124038,0.05599059742815827
4545,0.05555793894021946,0.05599057181487203
4546,0.05555792061266758,0.055990571378433295
4547,0.05555776201241264,0.0559904227154517
4548,0.05555771159576018,0.05599038815205447
4549,0.05555765955764048,0.0559904036992649
4550,0.055557650169675905,0.05599040705218521
4551,0.05555763968929505,0.05599040111589023
4552,0.0555575518294716,0.05599045788936099
4553,0.05555743749929775,0.05599043790629139
4554,0.05555732321954876,0.05599047108778846
4555,0.05555711805021057,0.055990414541064466
4556,0.05555686933176751,0.05599030995226682
4557,0.055556857062743846,0.0559903121797323
4558,0.055556774496111024,0.055990271167067646
4559,0.0555566876795239,0.05599022142350108
4560,0.0555566521365913,0.05599020950828209
4561,0.055556641550267336,0.0559902090006384
4562,0.05555634336938287,0.055990030387704386
4563,0.05555619928304892,0.055990174368866275
4564,0.05555617610521862,0.05599017510484803
4565,0.05555607359202957,0.055990084832403815
4566,0.055555865065276995,0.05599010967989439
4567,0.055555675855831425,0.05599006885584159
4568,0.05555564172741614,0.055990078838561566
4569,0.05555555465874468,0.055990058692352615
4570,0.05555545519478107,0.05599003098850469
4571,0.05555543892567441,0.055990032657764296
4572,0.05555543271804331,0.05599002464265276
4573,0.05555536743557934,0.05599002700690993
4574,0.05555521954935907,0.0559900541360413
4575,0.05555521769157545,0.055990054757019715
4576,0.05555508420661239,0.05599006310692293
4577,0.055554876003952904,0.05598994738210546
4578,0.055554682365852946,0.055990007086491114
4579,0.05555452498412158,0.05598995459842043
4580,0.055554516896016794,0.055989951700048564
4581,0.05555449154248272,0.05598992850634404
4582,0.05555429623582157,0.05598973952340295
4583,0.0555542710372806,0.05598972848341764
4584,0.05555415220144857,0.05598965554145536
4585,0.055553967430622644,0.05598956995123667
4586,0.05555392428018146,0.055989579478048605
4587,0.05555375881828973,0.055989638058048324
4588,0.05555372517726585,0.05598964674514048
4589,0.05555372173295443,0.05598964901054739
4590,0.05555363894092402,0.05598959616511787
4591,0.055553464985545,0.05598974139969417
4592,0.05555329779332442,0.0559897996972005
4593,0.05555290037422639,0.05598940934047522
4594,0.05555269918754241,0.05598971069216848
4595,0.05555263911919523,0.055989626207772356
4596,0.05555251816586675,0.055989611486918923
4597,0.05555219929722025,0.05598938331831291
4598,0.05555218127766283,0.05598938332213802
4599,0.0555521286812406,0.055989374586273
4600,0.05555193821468899,0.055989378100353836
4601,0.055551816884136934,0.05598933804250084
4602,0.05555171842526649,0.05598933154417136
4603,0.05555163784659565,0.05598938796476305
4604,0.055551605030613106,0.055989395744199526
4605,0.05555159616912267,0.055989390731978755
4606,0.05555152041126212,0.055989436639705015
4607,0.05555147369050366,0.0559894237303415
4608,0.05555130553033181,0.05598943203387993
4609,0.05555117438918698,0.05598943008868364
4610,0.05555111819710678,0.05598943938766387
4611,0.05555109050159209,0.055989415147997025
4612,0.05555107894296043,0.05598941110632067
4613,0.055550944720408085,0.05598943527015254
4614,0.05555080669169347,0.0559893542637082
4615,0.055550621351373806,0.05598935364996293
4616,0.05555042171670404,0.055989338033938615
4617,0.05555038598319197,0.055989348274616484
4618,0.055550370632210584,0.0559893517696228
4619,0.05555032754688053,0.05598936617355103
4620,0.05555027970694704,0.0559893776516865
4621,0.05555010292245114,0.05598934489829519
4622,0.05554993746109545,0.0559893733768145
4623,0.05554980730187991,0.055989384119374506
4624,0.05554980004159108,0.05598938636536734
4625,0.05554976674333751,0.05598940353973584
4626,0.05554967873513049,0.05598943765321132
4627,0.05554966488062827,0.05598944034981777
4628,0.0555496187049793,0.055989449546962326
4629,0.055549510182420214,0.055989541784558186
4630,0.05554940188059613,0.055989489669821965
4631,0.055549333314097775,0.05598955587563573
4632,0.05554924412233509,0.05598952408897229
4633,0.05554907092717582,0.0559895685786409
4634,0.05554900943630133,0.055989541309232296
4635,0.055548915088984685,0.0559895644723002
4636,0.05554890474921876,0.05598956045775076
4637,0.05554879989544396,0.0559896163622907
4638,0.0555487834962043,0.055989616464194106
4639,0.0555487692262703,0.05598961724969641
4640,0.05554869014917125,0.05598969177275455
4641,0.05554863163484322,0.05598969027868241
4642,0.05554858825011811,0.05598971693000515
4643,0.055548548734965335,0.05598971267145264
4644,0.05554831561558063,0.055989795617911745
4645,0.055548277377304764,0.05598984413207846
4646,0.05554825607208079,0.05598984665550723
4647,0.055548115283931075,0.055989751704481026
4648,0.0555480345005441,0.0559897419019569
4649,0.05554803130101627,0.05598974254131192
4650,0.05554798963144435,0.05598977588220339
4651,0.0555479770226114,0.055989768010192176
4652,0.055547886381976566,0.055989792680679926
