0,0.16300855832267627,0.16318741331594497
1,0.1597760334489163,0.1599542805714595
2,0.15672230973264203,0.15689646062498824
3,0.15356951721694354,0.15374123512256033
4,0.15062151034639792,0.15079591154849883
5,0.14765961364723879,0.1478317081573164
6,0.14472240005098416,0.14489036711593434
7,0.14197074824280795,0.1421309980892322
8,0.13935088056814007,0.1395105455796856
9,0.1367019259910575,0.13685924639819397
10,0.13412476283145836,0.13427945592758667
11,0.13155860670398348,0.1317082120049592
12,0.12909656840620146,0.12924391564540252
13,0.12665231913312608,0.12679426032703534
14,0.12430228027620689,0.1244423442482215
15,0.12212462136417401,0.1222658580417381
16,0.11989883532417106,0.12003524245289443
17,0.11781735409732587,0.11795429898834024
18,0.11573940435478504,0.1158701154657755
19,0.11376260005469288,0.1138923048043681
20,0.1117699621460148,0.11189761850804016
21,0.10988952884893165,0.11001678651145817
22,0.10811951527586706,0.10824224898449374
23,0.10636859274996503,0.10649267291440966
24,0.1046596762508962,0.10478231327475834
25,0.1030113397405775,0.10313290769248594
26,0.10137488100772926,0.10149264084210273
27,0.09985276131843412,0.09996788878574359
28,0.09834737776480396,0.09846025731439287
29,0.09688250394939865,0.09699128972850031
30,0.09549540394528819,0.09559826129809475
31,0.09420941006768517,0.09430989547920587
32,0.0928892037660682,0.09298729463202948
33,0.09157687890000829,0.09167104734629343
34,0.09031888557962078,0.09041404917917996
35,0.08915643385829086,0.08925004142405019
36,0.087975678532481,0.08806993172472338
37,0.0868404420826524,0.08693415131658655
38,0.08577000925447835,0.08586434487081084
39,0.08470345157628979,0.08479702893682653
40,0.08369393675068187,0.08378864389906461
41,0.08267596774346023,0.08277082277232978
42,0.08175450123153521,0.0818457253299946
43,0.0808322588673207,0.08092321659819907
44,0.07996917955450006,0.08005793950392631
45,0.07913217626944334,0.07921788290931592
46,0.07832753383517227,0.07841165661721371
47,0.07750882895457599,0.07758900852921718
48,0.07674572844159806,0.07681918550491197
49,0.0760059031088666,0.07607838330843636
50,0.07533145743870956,0.07540227560563406
51,0.07466177562379311,0.07473116548505303
52,0.07398656595486545,0.07405184439227785
53,0.07333845453973262,0.07340360615231856
54,0.07275765800798159,0.07282110561590077
55,0.0721436068702099,0.07220424549979493
56,0.07156914473600005,0.07162650628015292
57,0.07099435584667416,0.07105019897176415
58,0.07047092904023526,0.07052242997552614
59,0.06995971679762647,0.07000651038856595
60,0.0694642087531528,0.06951228596608837
61,0.06897539403574296,0.06902199826365407
62,0.06850134340666211,0.0685463942526282
63,0.06810189278627175,0.0681461671337527
64,0.06766274334242615,0.06770296918068092
65,0.06726415274444209,0.0673036689924009
66,0.06686147339621301,0.06689801856244854
67,0.0664598709027111,0.06649341249527191
68,0.06610516735647376,0.0661340062004726
69,0.06575750644844681,0.0657835234758064
70,0.06543807725552446,0.06546384526189523
71,0.06511848228827975,0.06514327207944086
72,0.06480661454981537,0.06483052948596323
73,0.06450613085465877,0.06452836085205982
74,0.06420816034522268,0.0642302224382306
75,0.06392932401981644,0.06395141901141702
76,0.0636693635750777,0.06369041859132277
77,0.06342360554223404,0.06344166231787632
78,0.06316011831961588,0.06317766232371008
79,0.06289235884074758,0.06290706716298407
80,0.0626570907956171,0.06267121055535677
81,0.06243385634069222,0.06244629091377408
82,0.06223021228693433,0.062242879704657215
83,0.06203354131222581,0.062042735242469275
84,0.061842413475962706,0.061850268440736475
85,0.06166672392089476,0.06167244155765219
86,0.06147964295640369,0.061484451626033464
87,0.06130477360353117,0.061309103275397896
88,0.061125576743050844,0.06112816529774749
89,0.060955289168033895,0.06095636025778031
90,0.06079476519621757,0.060795107368981874
91,0.06063633066616621,0.06063476050002312
92,0.0604833046762763,0.0604803421497272
93,0.06035022830384365,0.06034479498639597
94,0.060207610300827316,0.06020030512614057
95,0.06007655942434594,0.060066618967487995
96,0.05995341859724967,0.0599430918631
97,0.05983012011835617,0.05981839759247977
98,0.05971608820179258,0.05970459202177396
99,0.059603206880156044,0.05959043203391573
100,0.05950013968776201,0.05948705574753729
101,0.05939641884836029,0.05938078826369433
102,0.059302017001091084,0.05928637886343861
103,0.05920853838525172,0.059192004667400294
104,0.05912239173786986,0.05910611017266397
105,0.0590422301119877,0.05902525581144527
106,0.05896232100124903,0.0589455291817004
107,0.058883299216687474,0.058864614330575736
108,0.05881253144151748,0.05879137598364754
109,0.058736197228938275,0.05871393627651917
110,0.05866835188732717,0.058644420062466944
111,0.05859584198505097,0.058571092026725995
112,0.058528293839798226,0.058502806031689676
113,0.05846627112718351,0.05844071005718165
114,0.05840613895769014,0.058378385673384596
115,0.058348125500386774,0.058320128602156594
116,0.05828990642840098,0.05826040583520659
117,0.0582387826655324,0.05820853907001737
118,0.05818720740046754,0.05815544513016196
119,0.058138788905350965,0.05810628498044181
120,0.058091559661058244,0.05805820847665422
121,0.058046214439519794,0.05801327851675918
122,0.05800006268183783,0.05796486001027105
123,0.05795839486770211,0.057921812278720786
124,0.05791722442059133,0.05787908540957539
125,0.057878960322888036,0.05783980919739037
126,0.057841429763201585,0.05780124452616869
127,0.05780645018336615,0.057765846125693916
128,0.05777101222432204,0.057729415206397454
129,0.05773749775298307,0.05769530613295639
130,0.05770331343976532,0.05766033494494932
131,0.057675428446846325,0.05763173966355199
132,0.05764988514643708,0.05760508429771291
133,0.05762190155009943,0.05757662740410952
134,0.05759600112762102,0.05754997714022059
135,0.05756832470193266,0.05752231981336225
136,0.05754087053701989,0.05749448567597766
137,0.0575159488608026,0.05746898241158758
138,0.057496294525733724,0.057448901162501266
139,0.05747234106341585,0.05742447410877745
140,0.057451585363942105,0.05740390497241762
141,0.057431313248571585,0.057383542153050554
142,0.05741183657609422,0.057363305582240766
143,0.05738927881455625,0.0573398636333092
144,0.05736990736615463,0.05732030041317302
145,0.057349860164021355,0.05729965896358008
146,0.0573298309282626,0.05728014344399657
147,0.05731280657766107,0.05726290851099493
148,0.057294436098566597,0.057243764413054635
149,0.057276878811751086,0.057226476444679375
150,0.057261566321644045,0.057210951580917276
151,0.057245007196565494,0.057193984340830645
152,0.05722903643282318,0.0571781593197591
153,0.05721528596829828,0.05716398328397305
154,0.057200510617323494,0.05714888073993246
155,0.05718647418046473,0.057134368055799606
156,0.05717266776272275,0.05712006006872657
157,0.057162722699528115,0.05710987545058725
158,0.05714832705252411,0.05709623200885611
159,0.05713696430040562,0.057084534143497304
160,0.05712562324043138,0.057073462257467684
161,0.05711326798793597,0.057060607440688665
162,0.05710419962797194,0.057051539618867546
163,0.057093298670115554,0.05704070644092908
164,0.05708373377401246,0.05703081571877466
165,0.05707263813284777,0.05701951358063572
166,0.05706198798000038,0.05700887016687944
167,0.05705227242214701,0.0569988713443426
168,0.05704253184935574,0.05698908250390525
169,0.05703380978990711,0.05698007392085016
170,0.05702464971315243,0.05697062849976391
171,0.05701598645930195,0.056962062928721
172,0.0570068374653029,0.05695277474346204
173,0.05699822748843227,0.05694381224809917
174,0.05699068747604644,0.056936408396755685
175,0.05698165052273103,0.056928229417713486
176,0.05697323511398282,0.05692004058416917
177,0.056965159301109555,0.05691147823025693
178,0.05695699770826279,0.0569032192468911
179,0.05695038201823116,0.05689639837412913
180,0.056942940484138005,0.056889026077113804
181,0.05693598470578573,0.05688208724333891
182,0.05693038238065465,0.05687668473983263
183,0.05692394465713183,0.05687021659634084
184,0.05691806690811531,0.05686448505445375
185,0.05691183368835812,0.056858122307469575
186,0.05690479913188055,0.056851104104695176
187,0.05690019995546943,0.056846665090764054
188,0.05689504386129037,0.056841612559658874
189,0.056890658421783834,0.05683752385425387
190,0.05688527774661004,0.056831983462293914
191,0.056879740169959725,0.05682648583992313
192,0.05687335246505023,0.05682095990105959
193,0.056867921745830975,0.05681568044706665
194,0.0568630336450675,0.0568105400916789
195,0.05685722175960137,0.056805096500656745
196,0.056853367231617186,0.0568012668545127
197,0.0568491331179195,0.05679699980041941
198,0.056842668458849235,0.05679114677195891
199,0.056838764877310814,0.05678733989112745
200,0.05683426324571926,0.056782992258655074
201,0.056829575472143054,0.05677802623412349
202,0.05682577648552325,0.056774459168145136
203,0.0568200925325254,0.05676913277226222
204,0.05681507801407263,0.05676418775807655
205,0.0568101257654384,0.05675900777771781
206,0.056806059705784055,0.0567548299053047
207,0.05680282030971898,0.05675166383745675
208,0.056797585729263446,0.056746392486827946
209,0.05679472313434282,0.0567435356333075
210,0.0567903956307381,0.05673923931373478
211,0.05678572970172041,0.05673485500033283
212,0.05678223219359374,0.05673140497078727
213,0.05677876162899513,0.05672815420040245
214,0.05677528154543744,0.05672484573812495
215,0.0567722855043759,0.056722081018117126
216,0.05676736407093138,0.05671761496350035
217,0.05676544589078933,0.05671585022620579
218,0.056762201683010625,0.05671248735826318
219,0.056757995248231094,0.056708135303986856
220,0.05675386645705314,0.056703903450600744
221,0.05675079251272677,0.056700987210131
222,0.05674830741402047,0.0566988230760197
223,0.05674361771017883,0.05669441362653707
224,0.056740119789898215,0.0566909498693105
225,0.05673734927560646,0.05668848717872159
226,0.05673478760659994,0.05668619298101708
227,0.05673240649617032,0.05668404734181257
228,0.05672868295997295,0.05668048848312463
229,0.05672620909788854,0.05667796939988815
230,0.05672403996806174,0.056675869472933314
231,0.05672056338766125,0.05667226907574953
232,0.05671738427191261,0.05666928900454835
233,0.05671351973845238,0.05666569699545271
234,0.056709086512506474,0.056661443696106206
235,0.05670552597671503,0.05665857964745145
236,0.0567028053009602,0.05665594748829164
237,0.05670007159333587,0.05665344396104052
238,0.056697997982642814,0.05665163542460146
239,0.0566961338653285,0.05665009617329493
240,0.056693368759268836,0.056647619205277965
241,0.05669122474092443,0.056645412670504394
242,0.056688803763111,0.05664313637149832
243,0.05668640352804645,0.05664128867845167
244,0.05668271703013196,0.05663759276131788
245,0.05668009119430149,0.05663519169537838
246,0.05667693572974375,0.056631995329917396
247,0.05667522888549684,0.056630376044510246
248,0.05667254549168247,0.056627965392491764
249,0.056670560868908676,0.05662574283334186
250,0.05666832945721672,0.0566236843143757
251,0.056666168079538344,0.05662210867503574
252,0.056664797253429294,0.05662083047939551
253,0.05666296962652818,0.056619155101779034
254,0.05665951813782684,0.05661651377905443
255,0.056658070164611885,0.056615537720419745
256,0.05665530257680246,0.05661262833777553
257,0.05665206213070925,0.056609865231615604
258,0.056648813943289224,0.056606595447169325
259,0.05664701099057835,0.05660507071162121
260,0.05664541456119033,0.05660347302626968
261,0.05664420603119896,0.05660253832927665
262,0.056640995443048535,0.05659939321880111
263,0.05663916072973517,0.05659765076904046
264,0.05663766861911964,0.05659651571392786
265,0.05663539439434011,0.056594621304857845
266,0.05663274202313478,0.05659189924821304
267,0.05663102656719254,0.0565903350493752
268,0.056629010442193324,0.05658824663793266
269,0.056624583345133206,0.05658356596599346
270,0.05662196833001132,0.05658119854178569
271,0.05661984178680489,0.05657915482600108
272,0.056618130929124155,0.056577437783237476
273,0.056614489879662964,0.056574675835330025
274,0.056612887775824274,0.056573272411853504
275,0.05661152550664289,0.05657212155270646
276,0.05660931374954557,0.056570100545165376
277,0.056606972158792464,0.05656816780555589
278,0.056606216285989545,0.05656764026261971
279,0.05660458135146719,0.056566243132837084
280,0.05660329445626757,0.056565330886322644
281,0.05660121248328189,0.05656370480777613
282,0.05659961334223421,0.05656226078321725
283,0.056597693258867605,0.05656073688722977
284,0.05659677965062602,0.05655990328030129
285,0.05659442947120106,0.05655766795448406
286,0.05659194392432321,0.0565557964168692
287,0.05659034564467768,0.05655439044388576
288,0.056588953016610835,0.05655320203997035
289,0.05658721402205101,0.05655187293595345
290,0.056585789951144515,0.056550596438867465
291,0.05658409888740376,0.05654900838340154
292,0.056581849354033556,0.05654714971986606
293,0.056580563638174326,0.05654619352056487
294,0.05657841437943487,0.05654442317976792
295,0.05657662703414277,0.056542837755608505
296,0.05657500557328231,0.05654151534858195
297,0.056573526485912386,0.05653990911033639
298,0.056572035175065816,0.05653855886425696
299,0.056568610999128,0.05653605616791582
300,0.05656705087745489,0.056534591174966134
301,0.05656561202753263,0.05653351550169377
302,0.056564298787661685,0.05653227500726825
303,0.05656275987584485,0.05653102344690396
304,0.05656016265694024,0.05652883889075606
305,0.05655853052384755,0.05652716508341367
306,0.056557716065482294,0.0565265913418063
307,0.05655575209402803,0.05652497015508926
308,0.0565548258976638,0.05652412119547886
309,0.05655314634328767,0.05652262190568071
310,0.056552037828013095,0.05652212980861358
311,0.056550585750220844,0.05652071691240929
312,0.05654959744046106,0.05651971839997032
313,0.05654805884487629,0.0565188339711176
314,0.056545357109834916,0.056516152104455264
315,0.056543985254157964,0.056514880094299585
316,0.05654063663653543,0.05651157616800021
317,0.056537767315476606,0.05650900948284125
318,0.056536876603611105,0.05650819598306111
319,0.05653551063259472,0.05650658137933705
320,0.05653349465089228,0.0565050391230081
321,0.05653232060238593,0.05650417030038756
322,0.05653046371568598,0.05650241539483352
323,0.05652913275019944,0.056501312658783276
324,0.05652716564605757,0.05649950482019936
325,0.05652522498283538,0.05649780416677138
326,0.05652318696912266,0.056495899935481
327,0.05652237152220006,0.05649525103195321
328,0.05652057260166851,0.056493615920512226
329,0.05651757788149465,0.056490748140307
330,0.056516493189257284,0.05648976590696651
331,0.056515386825933996,0.056489067007542706
332,0.05651373647979509,0.05648763852810819
333,0.056512646610634015,0.05648695939228204
334,0.0565112619252966,0.05648625077251162
335,0.0565094845692179,0.056484859785105264
336,0.05650841927125388,0.056483894720370784
337,0.0565052643476146,0.05648185364363875
338,0.05650401773073268,0.05648089267074721
339,0.05650362769240655,0.05648054890391482
340,0.056502254063545754,0.056479182128684455
341,0.05650109814139216,0.056478380314927024
342,0.05650104000976878,0.05647836770928675
343,0.05649815606834204,0.056476112423230765
344,0.0564974148957243,0.056475527594402025
345,0.05649609678038979,0.05647444715020452
346,0.05649482237858664,0.056473653449708845
347,0.056492659805170244,0.056471869041347295
348,0.056491427290407306,0.056471027389924676
349,0.0564902384992557,0.05647020942349848
350,0.056488639403599744,0.05646883585111655
351,0.056487013550755576,0.05646719295215873
352,0.05648612537495523,0.05646614826770728
353,0.05648500645977426,0.05646558209054014
354,0.05648297409738748,0.05646363880266296
355,0.05648186476690919,0.05646246599410461
356,0.056480961927329626,0.05646174355595034
357,0.05648002853392554,0.056460979210843816
358,0.056477693023449585,0.05645904851150625
359,0.05647635604441383,0.05645797607412972
360,0.0564751989779511,0.05645701192436407
361,0.056474213035263184,0.05645612717355884
362,0.0564722981186768,0.05645442844363982
363,0.05647156238652225,0.05645369367751552
364,0.056469979325979025,0.05645251887036888
365,0.05646778957314653,0.05645038774869804
366,0.056466830922306574,0.0564496126185696
367,0.05646602290756873,0.05644889088571686
368,0.05646462102153141,0.05644791771591051
369,0.0564632523232016,0.05644662368524617
370,0.05646191659852673,0.05644566144925617
371,0.05645992561445779,0.056443867340635036
372,0.05645834576752905,0.05644238588758554
373,0.056457175762662355,0.05644190406627002
374,0.05645627215197404,0.05644133820237281
375,0.05645504948951692,0.056440370369018625
376,0.05645446302346085,0.05643992773795959
377,0.056453253378624,0.05643908228844764
378,0.056452234963698694,0.05643844315254458
379,0.05645105123661083,0.056437691101920345
380,0.05644954389444222,0.05643614814378869
381,0.05644773146113278,0.056434503783163475
382,0.056446822878945424,0.05643398046462797
383,0.05644578191556266,0.05643320585752655
384,0.05644411077307128,0.05643172106437202
385,0.05644189484003449,0.05642979544366534
386,0.05644074208375743,0.05642881679506155
387,0.056439612037874,0.056427893599558916
388,0.05643721992415549,0.05642600330922944
389,0.05643590239055974,0.05642502246382944
390,0.056434822082543475,0.05642418256450361
391,0.05643417183885275,0.056423735976429155
392,0.05643290726617582,0.05642305454110936
393,0.05643083253023137,0.05642142397710918
394,0.05643028147659442,0.05642119849117041
395,0.0564293788042567,0.056420864106032066
396,0.05642855321826202,0.05642013215124696
397,0.05642742728968649,0.05641921420727206
398,0.05642657016743741,0.056418505727075526
399,0.05642542966304213,0.05641735590132176
400,0.05642416759958854,0.056416621405668485
401,0.05642207533667868,0.0564151299941817
402,0.056420798658351916,0.05641418188488047
403,0.05641890960702308,0.05641268983354893
404,0.05641842955476809,0.056412342654543826
405,0.056417432887005126,0.056411684812437995
406,0.056416306569731574,0.05641097521597358
407,0.056415398032584094,0.05641025101833555
408,0.05641461939969904,0.05640962812038438
409,0.056413315341739635,0.05640879414938906
410,0.05641242666075739,0.05640790928968646
411,0.05641183689011964,0.056407437789009335
412,0.05641117494688119,0.056406845958756384
413,0.05641043541779528,0.05640647163858077
414,0.056408457093583136,0.05640558044262958
415,0.05640790636899413,0.05640507448212539
416,0.056406711872915585,0.05640423936142801
417,0.05640502984241041,0.05640277401848644
418,0.056404516362158506,0.0564025067456952
419,0.05640388543424728,0.056402003301022643
420,0.056403081198010005,0.05640196334352923
421,0.05640182237059092,0.056400890553509136
422,0.056400887836299034,0.056400085835209786
423,0.05639921903123254,0.05639848544474047
424,0.05639764864461821,0.05639740608557407
425,0.05639710968056927,0.056397055271185895
426,0.05639537888239042,0.056395878795166776
427,0.05639478173592313,0.05639537683051698
428,0.05639348474757356,0.056394090640767794
429,0.05639268110330979,0.05639348850295066
430,0.05639094820676667,0.05639220993566766
431,0.05639028658842391,0.05639169839684853
432,0.05638943694015989,0.056390953018088934
433,0.05638862238394395,0.0563903757094988
434,0.05638778957446128,0.05638997686157992
435,0.05638644476864041,0.056388871746771964
436,0.05638521454223937,0.0563881822629659
437,0.056384294761834215,0.05638737322492601
438,0.056383083003679876,0.05638647831052126
439,0.056381679075538704,0.05638530678360936
440,0.05638030421534997,0.05638404992195033
441,0.05637945515740669,0.056383382969570336
442,0.05637867013972112,0.05638271671497586
443,0.05637781042176479,0.056382119401498294
444,0.05637697349245044,0.056381468078517176
445,0.05637517132140767,0.056379963455609645
446,0.056373557797390776,0.05637859852186653
447,0.05637346803639348,0.056378519109426234
448,0.05637225871822557,0.056377813854445284
449,0.05637035885660152,0.056376208793084304
450,0.05636946755696818,0.056375558862634526
451,0.056368735078967676,0.05637496150325374
452,0.0563678750758643,0.05637432216762404
453,0.05636673917080453,0.05637348845054127
454,0.05636613981056124,0.05637321108783269
455,0.05636566173761343,0.05637297735103805
456,0.056364629331714794,0.056372170129552486
457,0.05636349821458259,0.056371538913135705
458,0.05636192212313579,0.0563703286656188
459,0.05636072363012406,0.05636938412279552
460,0.056360128530934465,0.05636894378328658
461,0.05635880574209559,0.056367923009786484
462,0.0563572343249125,0.056366522347579266
463,0.05635600781697154,0.056365507977195015
464,0.05635514722835691,0.05636481432335928
465,0.05635398975512991,0.05636371593529917
466,0.05635306999227088,0.056363093927052875
467,0.05635189769760384,0.056362287186085706
468,0.056350949048029765,0.05636196476127719
469,0.05634992539261513,0.056361327715970494
470,0.0563492556189655,0.0563608625745649
471,0.05634826912626941,0.05636029559140505
472,0.0563476316133254,0.05635988907558296
473,0.05634638663028032,0.05635905911129822
474,0.05634543108804981,0.0563583602869735
475,0.0563444711100012,0.05635792246901322
476,0.05634323650852793,0.056356804220915845
477,0.056341870568076866,0.0563559035131549
478,0.056341325718442574,0.05635552880524947
479,0.05634071745707981,0.05635514218271413
480,0.0563401840116522,0.05635480862450224
481,0.05633893387239252,0.05635368512663909
482,0.05633749561577549,0.056352756048725514
483,0.05633668148953965,0.05635228958483828
484,0.056335993204599956,0.05635170993459318
485,0.05633490814088434,0.05635085756490869
486,0.05633396166328682,0.05635030333887167
487,0.056333164708944616,0.05634971161903593
488,0.05633219697256415,0.05634906831820502
489,0.05633080555566214,0.056348042732447166
490,0.05633022650584896,0.0563477479408749
491,0.0563292905930928,0.05634690336779933
492,0.05632831619594053,0.05634612043907688
493,0.05632717503162328,0.05634504936744172
494,0.056326388833028034,0.05634448723596591
495,0.05632508023934052,0.0563434404576262
496,0.05632385882964157,0.056342636371207296
497,0.0563226903719373,0.056341512820065665
498,0.05632186935457673,0.0563409530303205
499,0.05632088511745257,0.056340111445050155
500,0.0563202710087692,0.05633954801151202
501,0.056319465989474425,0.056338909182136
502,0.05631816159899253,0.05633786625645773
503,0.05631752024561912,0.0563376885951514
504,0.05631747782150205,0.05633763125672587
505,0.056315929009125,0.05633637402579427
506,0.05631469494450032,0.056335264275020655
507,0.05631403016322304,0.0563348632242889
508,0.05631316214022211,0.056334275101872555
509,0.05631205876282577,0.056333259894582405
510,0.0563105729703084,0.05633188193854835
511,0.05630987672675041,0.05633148981504875
512,0.05630911612560431,0.05633100253529649
513,0.05630823721288273,0.05633040631403553
514,0.056307456697962666,0.05632985280482468
515,0.05630584827925611,0.056328435035752564
516,0.05630496906354193,0.056327731193538386
517,0.05630408574555432,0.0563274819792921
518,0.05630245704940358,0.056325773778785365
519,0.056301927075516546,0.05632520746530127
520,0.05630108171014419,0.05632471417487045
521,0.056300219049852746,0.05632466565366312
522,0.056299114177719656,0.056323674354390396
523,0.056298463236375024,0.05632322326908191
524,0.05629726124838308,0.056322313552525316
525,0.05629647490404091,0.05632178504807627
526,0.05629549422974929,0.0563209423138936
527,0.056293844893135464,0.05631995559404685
528,0.056292978487250234,0.056319436339164405
529,0.05629229463173697,0.05631884865392945
530,0.056291342408153165,0.05631838639155181
531,0.05629043680529379,0.05631762658526771
532,0.05628981648555976,0.0563174816640367
533,0.056288237610285244,0.05631604032511187
534,0.05628706484687264,0.05631529242286523
535,0.05628622577414363,0.056314878060580914
536,0.05628569406085048,0.05631476937695348
537,0.05628437401707389,0.05631380577040479
538,0.056283524329693614,0.05631313978431609
539,0.056282813416996584,0.05631242180709151
540,0.056282172732187954,0.056312188648116254
541,0.056281176323078184,0.05631147945366884
542,0.05628026519480263,0.05631079302968542
543,0.05627971202536587,0.056310581659391415
544,0.056278738871271584,0.05631030443769569
545,0.056277810660118846,0.056309305359968094
546,0.05627693438650092,0.05630839106820336
547,0.05627589909369368,0.056307606775346054
548,0.05627506730938681,0.056307347132743615
549,0.05627379590233449,0.05630622628387739
550,0.056272978782621566,0.05630586473823542
551,0.05627226605718468,0.05630524136540347
552,0.056271379842603296,0.056304676451325614
553,0.05627072634639476,0.056304100440132114
554,0.056269622737553024,0.05630319631137905
555,0.05626861681321166,0.05630243804150622
556,0.05626793570199331,0.05630203050864539
557,0.056267578806018466,0.05630185361574686
558,0.0562671496146059,0.05630176508240933
559,0.056266623563211084,0.056301603370720536
560,0.05626570838020468,0.05630102045943351
561,0.05626475104670663,0.05630025993164385
562,0.05626373845272356,0.056300076378788616
563,0.05626245208296596,0.05629884390007477
564,0.056261261554399034,0.05629804303081754
565,0.05626033648867498,0.05629733427987326
566,0.05625890261657725,0.056296345541331734
567,0.05625798114413829,0.05629556489454425
568,0.05625727797110101,0.05629517162656221
569,0.05625642448461278,0.056294654398047005
570,0.05625552101480651,0.05629384371440495
571,0.05625445842561111,0.05629322314934343
572,0.056253353565301534,0.05629235203348031
573,0.05625263185095783,0.05629169418624571
574,0.05625198514185577,0.05629114616486292
575,0.05625115894716238,0.056290521625411635
576,0.05625074096368791,0.05629036700111869
577,0.05624985460212692,0.05628963736480086
578,0.05624907708666136,0.05628903641490968
579,0.056248274274423325,0.05628841240504967
580,0.05624653727245928,0.05628756837418579
581,0.056245680511100696,0.05628701414030336
582,0.056244317880283036,0.05628583162336867
583,0.056243282301342686,0.0562852631170169
584,0.05624208084433665,0.056284708912424
585,0.056241119001469934,0.05628397953804612
586,0.05623999085222073,0.05628304948798828
587,0.05623938515409332,0.05628290758138302
588,0.05623901846374867,0.05628273047768588
589,0.056238120411730694,0.05628219806397231
590,0.05623731415897221,0.05628177233843588
591,0.05623614468054368,0.056280773272717875
592,0.05623508321740484,0.05628001820702803
593,0.05623465975787929,0.056279946406003645
594,0.056234026151632845,0.05627938999455215
595,0.056232685512730425,0.05627820718672568
596,0.05623232614258478,0.056277880380624166
597,0.0562307574563654,0.05627669985113135
598,0.05623020940009227,0.0562765279657921
599,0.056229502351828456,0.05627592111830104
600,0.05622882291127307,0.05627544809832804
601,0.056228122414705095,0.05627477689236195
602,0.05622734016155611,0.05627408103027568
603,0.056226543713152666,0.056273516013823535
604,0.05622499003062606,0.05627226865648913
605,0.05622395164019929,0.05627161444820549
606,0.05622322748538437,0.05627108925205536
607,0.056222110962812114,0.05627062727564648
608,0.05622142677082805,0.05626998328390399
609,0.056220574327738616,0.05626938087936103
610,0.05621962470582786,0.056268960860192396
611,0.056218424224486654,0.0562677341807963
612,0.056217071207853256,0.05626692494955239
613,0.05621604618889784,0.05626601519461966
614,0.05621548200154618,0.05626604520628275
615,0.056214545429361495,0.056265514810359546
616,0.05621374904986668,0.05626486855349957
617,0.056212274865100095,0.05626401527733175
618,0.05621087305137246,0.05626288482592976
619,0.05621037858757639,0.056262892615962755
620,0.05620973236568682,0.0562623243056107
621,0.05620928284023099,0.056262110436873666
622,0.056208105922844816,0.05626136080006197
623,0.056207381715687225,0.0562611163469001
624,0.05620637164455964,0.05626024645881716
625,0.05620579041547657,0.05625997133701053
626,0.05620492174593992,0.056259416489070804
627,0.05620353983369322,0.056258172502373485
628,0.05620195851422687,0.05625727577898302
629,0.05620101451924001,0.05625687800193379
630,0.05620061490759147,0.056256622520347015
631,0.05620019198703587,0.05625647630782173
632,0.05619926981307137,0.05625579529555577
633,0.05619816802164508,0.056254673993812614
634,0.05619771797994971,0.05625427790130518
635,0.05619722622902837,0.056254272425037805
636,0.056196596783110245,0.0562538457701184
637,0.056195931430141725,0.05625352519052949
638,0.056195332830720854,0.05625326632432292
639,0.056194293165453636,0.0562522948665082
640,0.05619340942073348,0.05625158525485028
641,0.05619276177643954,0.056251355568902414
642,0.05619203271158406,0.05625114976902392
643,0.05619121539085802,0.0562504841578785
644,0.05619047866792996,0.056250183130570335
645,0.056189298661976195,0.05624929650125751
646,0.05618816298979094,0.056248441325078925
647,0.05618732238207318,0.056247690818502095
648,0.05618699355283614,0.05624749908979988
649,0.0561855038194093,0.05624610945169687
650,0.056184798370489834,0.05624584681214593
651,0.05618385933442981,0.056245605619092434
652,0.05618268819926497,0.05624465007853903
653,0.05618169301312699,0.05624395338780219
654,0.05618084647605554,0.05624325128634007
655,0.056180239741753145,0.0562427149461468
656,0.05617948891770219,0.05624214099705031
657,0.056179030869600056,0.05624225857128383
658,0.05617811733366188,0.05624158324672671
659,0.05617729022684253,0.05624123891335284
660,0.056176473920607976,0.05624088340781186
661,0.056175895190785634,0.05624077391693674
662,0.056175384306920866,0.05624060897884559
663,0.05617504022001133,0.05624035320538616
664,0.056173914646046375,0.056239479685195715
665,0.0561730620476442,0.05623897462015025
666,0.056172050555622806,0.056238119749803646
667,0.05617126861804752,0.05623740084854691
668,0.056169995768929046,0.05623658679334959
669,0.05616890889154416,0.05623577024606369
670,0.05616809279234754,0.056235291577933395
671,0.0561670774069775,0.056234636143586
672,0.05616655392063109,0.056234762079664456
673,0.05616575838633756,0.05623429621189055
674,0.056165372383557226,0.05623405480482006
675,0.056165050152872,0.05623389220566205
676,0.05616369778988049,0.05623280799234266
677,0.056162979386543466,0.05623247405771777
678,0.05616203769707914,0.056231864269216725
679,0.05616134772918903,0.05623115285949832
680,0.056160260018449266,0.056230619623451245
681,0.056159497058498216,0.05623034266606281
682,0.05615916709969733,0.056230173456976444
683,0.05615838981927133,0.05622969230881936
684,0.05615721150027937,0.05622906610916842
685,0.05615672854702505,0.05622895022081769
686,0.0561560813932559,0.05622838727198603
687,0.05615504308195807,0.05622758066708706
688,0.05615443745297118,0.056227684748036154
689,0.05615316028961667,0.056226610173072365
690,0.05615199151948539,0.05622545977117182
691,0.05615092633302702,0.056224355883518824
692,0.05614990648588988,0.05622362847397058
693,0.05614926347686217,0.056223371986612106
694,0.05614892305997921,0.05622296249072217
695,0.05614784997537107,0.05622214655543235
696,0.0561470981830558,0.056221672384013543
697,0.05614642006481439,0.056221188615686105
698,0.056145464368357954,0.056220370637751704
699,0.05614508293819293,0.05621994478878017
700,0.05614449893205654,0.056219746027771716
701,0.05614385909669026,0.05621925628162777
702,0.05614335715166942,0.0562191644696553
703,0.056143018228119075,0.056218884974379074
704,0.056142350120844446,0.056218455352557074
705,0.05614196088490771,0.05621828872649668
706,0.056141181343786255,0.056217747085211316
707,0.05614049580401261,0.05621772047950013
708,0.056139717892274385,0.05621718288047928
709,0.05613887594629752,0.056216742935297916
710,0.05613832829578279,0.056216264457629284
711,0.056137762639530256,0.056216036199705985
712,0.056136767710037706,0.05621542121889679
713,0.05613558947536208,0.056214825955036685
714,0.05613504131211552,0.05621464454866147
715,0.05613440240456133,0.05621457809706101
716,0.0561334108541786,0.05621405900614651
717,0.056132976722244675,0.05621386913439225
718,0.0561326209249735,0.05621382333393814
719,0.05613200237882435,0.05621328933910835
720,0.056131326963726566,0.05621290854652324
721,0.05613064853300157,0.056212566185858126
722,0.05612961465311707,0.05621173251956092
723,0.056129108991699435,0.056211314423545454
724,0.05612838925867639,0.05621075160965103
725,0.05612789692828181,0.05621041183398134
726,0.056127112855604004,0.05620985499176056
727,0.05612679617204434,0.056209654580843454
728,0.05612624511254397,0.05620967405461943
729,0.056125569835156944,0.05620902152573136
730,0.05612485067385834,0.056208274873025904
731,0.05612420264945196,0.056207916169554194
732,0.05612356222206539,0.05620768471976101
733,0.05612289185393111,0.05620713759709297
734,0.05612242793536985,0.05620682853076512
735,0.05612208516603595,0.05620659384176683
736,0.05612182327837916,0.05620644849869562
737,0.05612143689431845,0.05620614038828282
738,0.056120786465961636,0.05620563333420108
739,0.056120002984107686,0.05620523025039246
740,0.05611963147814861,0.05620495520126299
741,0.0561188320974841,0.05620442081243382
742,0.05611809546189501,0.05620388858870299
743,0.056117619655864176,0.05620346840120019
744,0.056117295772584605,0.056203346251670346
745,0.056116734092049834,0.05620278198760296
746,0.056115952148461004,0.05620228953702862
747,0.0561153888188556,0.056202305244715714
748,0.056115020191216114,0.05620208444464337
749,0.05611425370988539,0.056201885809139755
750,0.05611383900256315,0.05620170407432992
751,0.05611331940217551,0.05620131823657653
752,0.05611258405990333,0.0562007915783017
753,0.056111549739152076,0.056199987629740766
754,0.056110671475534175,0.056199021871064056
755,0.05611005941503493,0.056198725377866576
756,0.05610968366456296,0.05619849902107726
757,0.05610924510705385,0.05619857920563675
758,0.05610862188376146,0.05619832864972079
759,0.05610766798049865,0.05619765978388069
760,0.05610735783047532,0.05619753865860479
761,0.05610699238458039,0.0561972819078562
762,0.05610666650153145,0.05619708261695619
763,0.05610576851168247,0.0561965045008737
764,0.056104691033249596,0.056195902476321336
765,0.05610435730885488,0.05619574262438371
766,0.0561034359938693,0.05619542821912755
767,0.05610290181110757,0.05619529655984471
768,0.05610228265415773,0.056194979573830364
769,0.05610177448421369,0.05619474924291797
770,0.056100975125910356,0.05619438025913861
771,0.05610042750308938,0.05619416128532542
772,0.05609994005780405,0.056193656825274094
773,0.056099234978232396,0.05619329902323123
774,0.05609904311481198,0.056193190093857065
775,0.05609858141474155,0.05619315139681927
776,0.05609786936900542,0.05619268590081984
777,0.05609743225166176,0.05619226951435563
778,0.05609721061840652,0.05619221095068346
779,0.05609674153227027,0.05619194404156093
780,0.05609653878391446,0.056191800416555325
781,0.056095716375922776,0.05619114213917529
782,0.05609505972572275,0.05619045480177891
783,0.05609442603919803,0.05619014364323456
784,0.05609388257692617,0.05618989429660947
785,0.05609339435993528,0.05618979797162642
786,0.05609254653316639,0.056189230197573437
787,0.05609184880260937,0.056188721129683525
788,0.056091317333761916,0.05618836818528646
789,0.056090602130758324,0.056187861367538186
790,0.056090165527403285,0.0561876029312006
791,0.056089927859792915,0.056187547163302744
792,0.05608916402118899,0.056186987314234924
793,0.05608855027497026,0.05618665537246971
794,0.05608759843906488,0.05618624475324663
795,0.056087041794013165,0.05618601736304036
796,0.056086588859253744,0.056185883296629886
797,0.0560861037296259,0.05618558753491232
798,0.05608575031447489,0.05618544920752126
799,0.056085327810895994,0.05618525953966615
800,0.05608479996476179,0.056184897095090156
801,0.056084210296665056,0.05618438528566644
802,0.05608368920932726,0.05618422777292873
803,0.056083373959585334,0.05618404220241416
804,0.05608283344871228,0.05618366024695578
805,0.05608240517455205,0.056183511098920606
806,0.05608204232786567,0.056183323168881236
807,0.0560816990970978,0.05618317551775949
808,0.05608129276041038,0.05618277909695298
809,0.05608075242910718,0.05618267663511282
810,0.05608041806831996,0.05618251812969844
811,0.056079893685725905,0.056182036366152675
812,0.05607909186334446,0.05618165923856653
813,0.05607881625083568,0.056181699056356525
814,0.05607826686963181,0.056181506846910215
815,0.05607816872917523,0.05618142079422019
816,0.05607796561151817,0.05618129935888247
817,0.056077303681091775,0.056180873633473336
818,0.05607723760206492,0.056180860493125144
819,0.056076070690637,0.05618024444840844
820,0.056075407404337786,0.05617987636533984
821,0.05607487877430838,0.05617948407009822
822,0.05607430250521121,0.05617900632051267
823,0.05607351581560825,0.0561789622897699
824,0.05607318574976477,0.05617874485523642
825,0.05607266554285329,0.05617819573616583
826,0.0560718662309418,0.05617764441445655
827,0.056071696759576226,0.05617758004784819
828,0.05607138242984266,0.05617744795891716
829,0.05607078318703777,0.056177053476641155
830,0.056070443328266384,0.05617678702276893
831,0.05606996388291573,0.056176682502653404
832,0.056069606968983984,0.0561765235365802
833,0.056069583845149755,0.056176528452682166
834,0.05606899583190522,0.05617604969707072
835,0.05606811180785634,0.05617545800134591
836,0.05606725962241296,0.05617505024365198
837,0.05606672128990634,0.05617476382599368
838,0.056066176731529596,0.05617459056416782
839,0.056065880793905065,0.056174462998760916
840,0.056065746356060306,0.056174326347459835
841,0.05606508326865596,0.05617384521103373
842,0.05606461395773093,0.05617388640074193
843,0.05606402649562372,0.05617331429926597
844,0.056063550048186174,0.056172835619393256
845,0.05606269743522837,0.056172219749229486
846,0.05606223669685415,0.05617208453506515
847,0.05606192468286675,0.05617197749533377
848,0.05606124560821514,0.05617156795306997
849,0.05606119491238692,0.05617158446572969
850,0.05606041035293503,0.05617122595031952
851,0.056060014169056156,0.056171017626686894
852,0.05605941053057924,0.056170778086394056
853,0.05605900148093954,0.056170581901622704
854,0.05605838304867931,0.05617035288746071
855,0.05605778631426285,0.05617012307475672
856,0.0560575344869944,0.056170045575811345
857,0.0560568580354777,0.05616961043898606
858,0.05605617031267949,0.056169106030762174
859,0.05605573418527873,0.056169189583685976
860,0.05605518152551721,0.05616876358582844
861,0.0560545281894168,0.056168318287074616
862,0.05605410931362516,0.056168193992751934
863,0.05605364879988788,0.0561677986410965
864,0.056053282594380555,0.056167532445312605
865,0.05605261923892082,0.056167181882460754
866,0.05605223488026328,0.05616723504297466
867,0.05605170590849114,0.056166838908212696
868,0.05605117714715005,0.0561665003273001
869,0.05605049880964593,0.05616609976268817
870,0.05605026260568004,0.05616600374729192
871,0.0560499192132351,0.0561656582524394
872,0.056049660956270134,0.05616562320284297
873,0.05604930814110398,0.05616547344507996
874,0.056048787118649225,0.05616511650301728
875,0.05604850867247819,0.05616489915881634
876,0.05604818018828093,0.05616474070213466
877,0.056047574951064175,0.05616431510201211
878,0.05604708420710779,0.05616408399511125
879,0.05604675078982226,0.05616385696070941
880,0.056046149523663755,0.056163575664631725
881,0.056045883734247695,0.056163455403729724
882,0.05604541675816094,0.05616309419126972
883,0.056045248079585205,0.0561630639845781
884,0.05604511628450334,0.0561629945467126
885,0.05604439056478892,0.05616238652029348
886,0.056044030665232836,0.05616232456913375
887,0.05604363833275691,0.05616219870825396
888,0.05604337163970885,0.05616206800269385
889,0.056043019488758054,0.056161873869286505
890,0.05604288343068479,0.05616187813105707
891,0.05604267694193968,0.056161764649450815
892,0.05604253772307919,0.056161664021066794
893,0.05604241773471047,0.05616156238186483
894,0.056042163957462345,0.05616152777472654
895,0.056041864460663046,0.0561613352254601
896,0.05604146340317774,0.056160986699460416
897,0.05604129400178532,0.05616094629257878
898,0.056041179645313556,0.05616094610361115
899,0.0560406940197006,0.0561606736289318
900,0.056040294587772196,0.056160341185197686
901,0.056039767960456656,0.0561598296031523
902,0.05603938922879555,0.05615961539333224
903,0.05603886011462873,0.05615929700010605
904,0.0560383029036927,0.05615924460959025
905,0.056038028801917,0.05615914257413104
906,0.05603744495494086,0.05615869558823853
907,0.05603732531495499,0.05615859227504814
908,0.056037100403708566,0.056158582526611094
909,0.05603662354977026,0.056158250046341715
910,0.056036295711470875,0.05615817909322627
911,0.05603609041293799,0.0561579901931276
912,0.05603505567131524,0.05615707840569837
913,0.05603467276466083,0.05615673090713507
914,0.05603419151022892,0.056156589112993115
915,0.05603330009520725,0.05615641590976283
916,0.05603313642871665,0.05615627258781422
917,0.056032958449823374,0.056156249005142246
918,0.05603254353417676,0.05615622711723945
919,0.05603228692142251,0.05615611294859428
920,0.056032082096175516,0.05615603923135492
921,0.05603163099108929,0.05615590316289134
922,0.056031202856222866,0.05615560318046771
923,0.056030746921482945,0.056155395327128765
924,0.05603020516632304,0.056155008235659915
925,0.05602931323440716,0.05615439911220836
926,0.05602916215109197,0.056154343716669074
927,0.05602899960964029,0.05615430147279451
928,0.05602858472197302,0.05615420326319575
929,0.05602844865530827,0.05615417562370755
930,0.05602780979112616,0.056153901649487484
931,0.05602711943404117,0.05615344727905793
932,0.05602643403142455,0.056152955966442264
933,0.05602603848214243,0.0561526479349406
934,0.056025562275267504,0.0561524689027575
935,0.056025143582895676,0.05615219611944119
936,0.05602412642448389,0.05615195591527814
937,0.05602365200729697,0.056151697315634526
938,0.056023353652071305,0.05615173675525221
939,0.05602310109046897,0.056151497382610924
940,0.0560225309471907,0.05615151544011371
941,0.05602209596665252,0.05615129845747278
942,0.05602189292226544,0.056151333625589245
943,0.05602131077692035,0.05615081556340476
944,0.05602086261092022,0.05615041518905586
945,0.056020706620922234,0.056150351241351204
946,0.056020436745428566,0.05615011813669023
947,0.05601999984215206,0.05615010796790921
948,0.05601988003301825,0.056150024649565075
949,0.05601950971280094,0.05614984710002191
950,0.05601917752084705,0.056149551504681455
951,0.056019056559012105,0.05614955130388541
952,0.05601902488286902,0.05614955308825813
953,0.05601832346695351,0.05614932833572819
954,0.05601783262376661,0.056149106741019084
955,0.05601746789820881,0.05614906838602023
956,0.056016861632670896,0.0561487973773224
957,0.05601663370004385,0.05614866260789758
958,0.056016297261848834,0.05614864558726958
959,0.056015907459862686,0.0561483101802581
960,0.056015827802242325,0.05614831330186446
961,0.05601558270901476,0.05614825210004726
962,0.056015358996555215,0.056148129863337747
963,0.056014818628829365,0.05614778729885824
964,0.0560143799628724,0.05614748514177485
965,0.05601389916533969,0.05614718705897586
966,0.05601323808259299,0.05614688102676135
967,0.05601235411126778,0.05614654569450652
968,0.05601203078341139,0.056146373019476316
969,0.056011588331927945,0.0561462612091877
970,0.056011107757850814,0.056146321875095176
971,0.05601069251603822,0.05614603679346901
972,0.056010292080602084,0.056145751651524176
973,0.05600985163534743,0.05614539355565186
974,0.05600924372181307,0.05614520067018415
975,0.0560085879229957,0.05614477917265237
976,0.05600821372050395,0.05614454586138461
977,0.05600805672225737,0.05614442759658263
978,0.056007948005335144,0.05614431410367772
979,0.0560074590065203,0.05614421195945991
980,0.056007223661156014,0.056144184403498595
981,0.05600670071690483,0.056143715670676365
982,0.0560061776772179,0.05614327878952189
983,0.05600605330090207,0.056143133513136295
984,0.056005866616130065,0.056142983584545184
985,0.05600570665390053,0.0561429754161333
986,0.056005139534040425,0.056142614721761394
987,0.05600482119931386,0.056142530336323035
988,0.05600390181321769,0.05614201407139256
989,0.0560035383181361,0.05614189842945606
990,0.05600310322204309,0.05614172552123882
991,0.05600261343794915,0.05614156874282341
992,0.05600177192861424,0.056141106599110445
993,0.05600147288195716,0.05614087189934252
994,0.05600060361898546,0.05614080512593495
995,0.05600011819586508,0.05614053985815021
996,0.0560000586161515,0.056140536458662196
997,0.055999542373609504,0.056140202035493476
998,0.055999148182767876,0.056139819483482185
999,0.05599875898263311,0.05613952016597499
1000,0.05599863886667511,0.05613948309900744
1001,0.055998291520308406,0.056139444513477695
1002,0.05599783384522508,0.05613955335283494
1003,0.05599766875770207,0.05613948021833094
1004,0.055997204136152494,0.056139529663535144
1005,0.055996634193598,0.05613928124023819
1006,0.05599628660227367,0.05613900510367737
1007,0.055995789215523305,0.05613882483382091
1008,0.055995162060134364,0.05613830499381719
1009,0.055994709655976284,0.0561380328808024
1010,0.05599432869617761,0.05613802698599167
1011,0.05599395949608976,0.05613789972790111
1012,0.05599342915759284,0.056137531326436424
1013,0.05599282063454175,0.05613699114221543
1014,0.05599235338910667,0.05613683389619816
1015,0.0559915985997524,0.0561365253425934
1016,0.05599128400028673,0.05613631040433762
1017,0.05599113437344008,0.05613629652522179
1018,0.05599107509575799,0.05613630040489096
1019,0.055990621910241345,0.056136166878444915
1020,0.05598996334888929,0.056135840100453784
1021,0.05598947041004138,0.05613562100402471
1022,0.05598936795047796,0.05613559828163698
1023,0.05598862531659857,0.05613518605361152
1024,0.05598826464389628,0.056135082671131355
1025,0.05598824950223837,0.05613508259892716
1026,0.05598778099093713,0.0561347649565134
1027,0.05598744279507983,0.056134526989082785
1028,0.055986802742374824,0.05613425537750334
1029,0.055986552361265346,0.056134200676031726
1030,0.05598626985457342,0.0561339559251742
1031,0.055985757162640086,0.05613354927256428
1032,0.055985456057466326,0.05613351895068493
1033,0.05598490660994156,0.05613341216074142
1034,0.05598450200144101,0.05613328672391139
1035,0.05598415367052212,0.056133349424975984
1036,0.055983745947054554,0.05613321742526987
1037,0.05598328494366845,0.056133026296936825
1038,0.05598296335693226,0.05613297196390631
1039,0.05598244453387228,0.05613276568221906
1040,0.05598219178472431,0.056132627607328935
1041,0.05598158773346918,0.05613256945589531
1042,0.05598083684343875,0.056132044679855615
1043,0.0559803755715854,0.05613171231390262
1044,0.05598017573085453,0.05613164393022469
1045,0.05597992011864205,0.05613161170181789
1046,0.055979348533083846,0.056131412387776344
1047,0.05597896775021865,0.05613137479888042
1048,0.05597841868219209,0.05613097357388132
1049,0.055977972108547776,0.05613093296399035
1050,0.05597732827321962,0.056130470965718875
1051,0.055976999074827664,0.05613027039218349
1052,0.05597636407507469,0.05612987653591006
1053,0.0559760888866666,0.0561296196682318
1054,0.055975812157346434,0.056129411486235195
1055,0.05597515339630274,0.05612913386362958
1056,0.055974514085082534,0.05612862197846228
1057,0.05597438096734882,0.05612854374931621
1058,0.055973856838490176,0.05612828068229163
1059,0.055973475010565196,0.05612806475619344
1060,0.05597301594078501,0.0561279372049476
1061,0.05597228270459462,0.05612773675107563
1062,0.05597175989926839,0.056127704790240665
1063,0.055971273017331805,0.056127553306759316
1064,0.055970845451972034,0.05612728091593665
1065,0.055970415269060984,0.05612686935934275
1066,0.05597019566407244,0.056126734199092
1067,0.05596983946295894,0.05612638744775982
1068,0.055969541290752364,0.0561264113161159
1069,0.05596927157008636,0.056126200705664465
1070,0.055969080143980214,0.05612620722725332
1071,0.05596843018903565,0.0561256579170459
1072,0.05596822554414339,0.05612556768539407
1073,0.055967849152385334,0.056125270634774245
1074,0.05596751387212549,0.0561250526286951
1075,0.05596708087564483,0.056124610597918304
1076,0.0559665648868046,0.05612426709521821
1077,0.05596598554337913,0.056123855268406485
1078,0.055965866401811254,0.056123776877678506
1079,0.0559657763147183,0.05612376367880714
1080,0.05596539763290157,0.05612354838661131
1081,0.055965133325569766,0.05612340482447592
1082,0.05596484520968037,0.05612324664730331
1083,0.05596442331199835,0.05612292995727743
1084,0.05596394878119749,0.05612290698189515
1085,0.05596360388538691,0.05612283257419162
1086,0.0559632205949214,0.056122790647369886
1087,0.05596284959013526,0.056122572363958054
1088,0.05596280018938249,0.05612264418880195
1089,0.05596230221049144,0.05612246274565756
1090,0.055961839034674575,0.056122323962217446
1091,0.0559614683530894,0.056122182714166455
1092,0.05596115768871,0.05612194927396773
1093,0.05596083787394388,0.05612200995950731
1094,0.055960611898764376,0.05612197980837674
1095,0.05596056719408736,0.056121928397231034
1096,0.05596022103190107,0.056121595326264255
1097,0.0559597108806226,0.056121156410766364
1098,0.055959612292253366,0.05612113300443318
1099,0.05595903808488502,0.056121193539241415
1100,0.05595872245132589,0.05612114475131322
1101,0.055958368311164616,0.05612105779471452
1102,0.055957763628756936,0.056120741968326095
1103,0.05595754245145123,0.05612070360290386
1104,0.055957315268286976,0.05612058737872861
1105,0.055956940278094516,0.05612045455840575
1106,0.05595650363366782,0.05612019032913374
1107,0.05595566238048969,0.05611987202444034
1108,0.05595511241151578,0.056119675089792494
1109,0.05595476321253653,0.05611959263082374
1110,0.05595449771056219,0.05611955136704272
1111,0.05595426367029761,0.05611957483945122
1112,0.0559541243526595,0.05611948890733877
1113,0.05595385577042987,0.05611934665691062
1114,0.05595336323118202,0.056119176396909144
1115,0.05595289468511724,0.05611876665316872
1116,0.055952471031455446,0.05611859748406859
1117,0.055952403416457394,0.056118612584783054
1118,0.0559521466118118,0.056118544413661396
1119,0.05595208947022485,0.05611851068102887
1120,0.055951698299902916,0.05611836387229632
1121,0.05595105052461057,0.056117861804740495
1122,0.0559507977871151,0.056117758545185685
1123,0.055950233237331275,0.056117399916833115
1124,0.055949585964108345,0.05611670088690488
1125,0.05594903037186216,0.056116533007231253
1126,0.05594877963315428,0.05611634754389042
1127,0.0559486096157044,0.05611632925905351
1128,0.05594808109394449,0.05611607424853479
1129,0.055947726522502204,0.05611593731280195
1130,0.05594747868677209,0.05611565087597667
1131,0.055947441807627875,0.05611565272804224
1132,0.05594708174992493,0.056115352494591826
1133,0.05594666293349356,0.056115190659366744
1134,0.05594602081281163,0.05611513875428317
1135,0.05594568286208695,0.056115082576954446
1136,0.05594528612596252,0.05611481281060209
1137,0.055945108344538974,0.05611477796859738
1138,0.05594474886298901,0.05611470475640633
1139,0.055944323465292795,0.05611436236425877
1140,0.05594347186622231,0.0561139077827033
1141,0.05594335760684251,0.056113774731988836
1142,0.05594293325277656,0.05611361775042657
1143,0.055942835071162426,0.056113545958130784
1144,0.055942498727159465,0.056113342168651915
1145,0.0559420558521146,0.05611330346169962
1146,0.055941504528215405,0.056112909117277204
1147,0.05594132777507411,0.05611282744129214
1148,0.05594126118938098,0.05611279761098911
1149,0.05594055099625947,0.05611240535666045
1150,0.05594024882689392,0.05611228966658562
1151,0.055940185776506515,0.056112322081806394
1152,0.055939960107328844,0.05611222792128824
1153,0.055939488765391905,0.05611176448716416
1154,0.05593918709136527,0.05611171626425392
1155,0.05593896439035836,0.05611155511268981
1156,0.05593869251183767,0.05611142513251946
1157,0.05593846873927589,0.05611139168814218
1158,0.05593787501338935,0.05611102997635843
1159,0.055936882540654174,0.05611038072442267
1160,0.05593640864968986,0.056110357918821296
1161,0.05593616949948696,0.05611025644908098
1162,0.05593574518351005,0.05611008275978388
1163,0.05593528785838933,0.056109829904155556
1164,0.05593492894887701,0.056109693158469635
1165,0.055934419558165596,0.05610923873312044
1166,0.055934170134452434,0.056109082729994035
1167,0.05593385617177057,0.0561089730106248
1168,0.055933389758000995,0.056108812371271535
1169,0.055932809739738486,0.056108307584382296
1170,0.05593251203365589,0.05610814873447327
1171,0.055932138004894875,0.056107905354379144
1172,0.05593191317870485,0.056107742731237864
1173,0.05593154964861216,0.05610772523276405
1174,0.05593107424627492,0.05610745055740562
1175,0.055930410824293696,0.05610725108654838
1176,0.055929451539399835,0.05610649116160798
1177,0.05592904485829479,0.05610628609736575
1178,0.05592855304224508,0.056105986886756706
1179,0.05592846276031695,0.056105905106211496
1180,0.055928067971492385,0.056105811887766505
1181,0.05592769109711321,0.0561055538472363
1182,0.055927164756785525,0.05610543870126535
1183,0.05592673997171839,0.05610500462540927
1184,0.055926270026356015,0.05610491777292788
1185,0.05592581920088281,0.05610450467621899
1186,0.05592523365598027,0.05610436675645499
1187,0.05592501220299942,0.056104438439655624
1188,0.055924190949239415,0.05610361076767951
1189,0.05592409179503067,0.05610360022533436
1190,0.0559237298944516,0.056103417725601866
1191,0.0559236870336458,0.05610341888286851
1192,0.05592321472339456,0.05610342262566119
1193,0.055923031851328284,0.05610333785525162
1194,0.055922847251626946,0.05610322369584682
1195,0.055922373964433926,0.05610301548933689
1196,0.05592190870197161,0.05610285987001247
1197,0.05592126096101544,0.05610275235007515
1198,0.05592063300697346,0.056102313110317534
1199,0.05592031331026852,0.0561019540417044
1200,0.05592009591733681,0.0561018402048498
1201,0.05591950660806841,0.056101616305707674
1202,0.05591919857846957,0.056101370621423466
1203,0.05591890236053262,0.05610140320189364
1204,0.055918800371117426,0.05610135328328829
1205,0.05591815484262831,0.05610080428524448
1206,0.05591769283718106,0.05610048356972774
1207,0.055917257974961936,0.0561001854007726
1208,0.055917066827044996,0.05610020020616826
1209,0.055916796559585695,0.056100015476047316
1210,0.05591643047842648,0.05609991843590437
1211,0.055916130113529375,0.05609962723369128
1212,0.055915807309033824,0.05609958829056566
1213,0.05591534505858658,0.05609961365815879
1214,0.05591499051673239,0.056099518420173064
1215,0.055914756096979684,0.05609931086296389
1216,0.05591408491399601,0.05609895337124746
1217,0.05591371476625045,0.0560986208942925
1218,0.05591358896855887,0.056098637521731616
1219,0.055913373919283874,0.05609854210323552
1220,0.05591330940864542,0.05609855111298245
1221,0.05591312790507427,0.056098397183432736
1222,0.055912635232454384,0.056098360157306265
1223,0.0559122676159953,0.05609822096875283
1224,0.05591163064482294,0.05609816210901341
1225,0.05591125240194424,0.05609807114406495
1226,0.05591084527173428,0.05609791579192067
1227,0.055910444006337746,0.05609757786118602
1228,0.05591011239233426,0.05609756111797336
1229,0.055909535968647214,0.05609725270116797
1230,0.055909133873647945,0.0560971946565302
1231,0.0559085548475667,0.05609656055464403
1232,0.05590811026497711,0.05609635024618785
1233,0.05590751719621633,0.05609591820210633
1234,0.05590744863318095,0.056095923469440895
1235,0.05590721008194755,0.05609585682670683
1236,0.05590652621294984,0.05609553590429076
1237,0.05590620166190604,0.056095378456052204
1238,0.05590577225130558,0.05609527211379742
1239,0.05590544631894243,0.05609506166985797
1240,0.05590527139882363,0.05609500501362947
1241,0.05590491170666195,0.0560949323225267
1242,0.05590453069907542,0.05609482857700711
1243,0.05590422298823257,0.05609455051207115
1244,0.05590389899191225,0.05609452471728177
1245,0.055903721073815735,0.05609436933361338
1246,0.05590286152814724,0.056093913311420045
1247,0.055902760875212065,0.056093931791342484
1248,0.05590260315999088,0.05609389426507834
1249,0.05590226355819265,0.05609383091344465
1250,0.055902228812579544,0.05609383970477222
1251,0.05590200528682077,0.056093868089920944
1252,0.055901669762230176,0.05609390233958439
1253,0.05590112509202333,0.05609386485565633
1254,0.05590024089313615,0.05609350410085983
1255,0.05589981378225722,0.05609323441016615
1256,0.05589966778821747,0.056093214459174305
1257,0.05589952826510262,0.056093116418447796
1258,0.05589910010047981,0.056093082900046776
1259,0.05589849527624843,0.05609319553903886
1260,0.055898084171442,0.05609310680684495
1261,0.05589785763933189,0.05609303933685903
1262,0.05589697185574472,0.0560928068243084
1263,0.05589635401569793,0.05609282809099739
1264,0.05589608691931391,0.05609252388401349
1265,0.05589563234061016,0.05609210436948572
1266,0.05589560005697553,0.05609210306819928
1267,0.05589541992710745,0.056092044556683034
1268,0.05589515671131311,0.056091954758995956
1269,0.055895111134442885,0.056091923240478965
1270,0.055894721898330266,0.056091733762935206
1271,0.0558941919969346,0.05609172843580159
1272,0.05589392263774315,0.05609145901541101
1273,0.055893725345115296,0.05609141334913677
1274,0.05589324181327607,0.056091280414545176
1275,0.05589275879071151,0.056091174105997677
1276,0.05589208121795863,0.05609078421624832
1277,0.05589159291464609,0.05609072333410454
1278,0.055891119358453166,0.05609053425514071
1279,0.05589065224107256,0.056090569189200405
1280,0.05589009470643407,0.056090251179974696
1281,0.05589003833186652,0.05609017365774887
1282,0.05588959657063437,0.05608990567061586
1283,0.055889086962452705,0.056089694700719554
1284,0.055888993663805404,0.05608968056965515
1285,0.055888647688413506,0.05608964659353613
1286,0.05588814943258306,0.05608950738698428
1287,0.05588771559619539,0.056089475531284426
1288,0.05588766984839767,0.05608947552764599
1289,0.055887257337917266,0.05608939642978887
1290,0.05588663720553266,0.056088998558711536
1291,0.055886291006025046,0.05608881966928373
1292,0.05588598127511845,0.05608860693383003
1293,0.05588563402093009,0.056088409489889225
1294,0.055885192539870336,0.05608837496477985
1295,0.055885050197551,0.05608839084537087
1296,0.05588485859831586,0.05608836193999258
1297,0.05588453432202876,0.05608823515700836
1298,0.05588390559133853,0.056087922611254906
1299,0.05588348046825317,0.056087637990439504
1300,0.05588328541107432,0.056087636296200866
1301,0.05588288823259276,0.056087565422958605
1302,0.055882236359808414,0.05608745991615262
1303,0.05588168577091198,0.056087080523889166
1304,0.055881327744467996,0.056086977300011824
1305,0.055880810416742435,0.05608675765108791
1306,0.05588054670405272,0.056086551191336514
1307,0.05588021771320395,0.05608655872427023
1308,0.05587978896464665,0.05608684484549897
1309,0.055879266051103535,0.056086606593929514
1310,0.05587878253871895,0.05608640555657937
1311,0.055878577254325754,0.05608634761390446
1312,0.05587809498905363,0.05608615442487842
1313,0.05587792393940001,0.05608616374783489
1314,0.0558774318886236,0.05608595562631257
1315,0.055877393918306095,0.05608595691257146
1316,0.05587697312684473,0.056085878320942154
1317,0.05587643172198263,0.0560857847379767
1318,0.05587605435694533,0.056085702708416875
1319,0.05587592748222075,0.05608564919907756
1320,0.05587577743103128,0.05608560315137221
1321,0.055875451575257765,0.0560853366291576
1322,0.0558748196142417,0.056085072075484216
1323,0.05587449792508882,0.0560850306358362
1324,0.05587409337545159,0.05608493954992838
1325,0.055873979817025424,0.0560848210163759
1326,0.05587355924911061,0.05608473404619002
1327,0.05587318297552176,0.05608467233595329
1328,0.05587289683772083,0.05608470007706933
1329,0.055872832826986955,0.05608470127220804
1330,0.05587244515970295,0.056084404085178924
1331,0.05587199347838661,0.05608413114962419
1332,0.05587189121461535,0.05608403478995393
1333,0.055871802873771866,0.05608404537537918
1334,0.05587141267626529,0.05608400447728226
1335,0.05587092114807468,0.05608396843788136
1336,0.05587056906286112,0.05608399772410735
1337,0.05587015810996229,0.05608367099496301
1338,0.05586970677488747,0.056083586848975825
1339,0.05586961851236013,0.05608356196788391
1340,0.05586961401013481,0.05608356197159399
1341,0.05586917011650551,0.056083374088240406
1342,0.05586863964239964,0.05608331636793922
1343,0.05586821675748408,0.05608326036073871
1344,0.055868096607464585,0.05608326184170596
1345,0.05586768743499403,0.056083068955582786
1346,0.055867456745558056,0.056082933435360034
1347,0.055867244452484095,0.05608291864195201
1348,0.05586712654305639,0.05608291904143332
1349,0.05586686866570318,0.05608271023107945
1350,0.05586661264094376,0.05608281256453244
1351,0.05586639207360079,0.05608267808711359
1352,0.055866158002097446,0.056082582956198626
1353,0.05586568623159056,0.05608247494380932
1354,0.05586563513133566,0.056082489706393734
1355,0.05586530306986969,0.05608247464207903
1356,0.055864944874216005,0.05608245910120076
1357,0.055864653862499516,0.05608226965885297
1358,0.05586453356592095,0.056082267221954425
1359,0.0558641276675473,0.05608195328390483
1360,0.055864078648795064,0.056081953044267815
1361,0.05586367551056922,0.056081816200309526
1362,0.05586327553892748,0.05608154709675787
1363,0.05586274604537332,0.0560812393986919
1364,0.05586222889956034,0.0560813730739396
1365,0.0558619107404552,0.05608132692786624
1366,0.055861575582606654,0.056081063522947394
1367,0.05586118891157001,0.056080968550433014
1368,0.05586098930297827,0.056080962889936414
1369,0.05586094695417152,0.056080961878672834
1370,0.05586073745258904,0.05608077724988826
1371,0.05586022779034712,0.0560806983275585
1372,0.05585969728560893,0.056080296391822756
1373,0.055859692550562334,0.05608029639218182
1374,0.05585913339582884,0.05608023619862084
1375,0.05585911221666172,0.05608022220809728
1376,0.0558583063768081,0.05607949621907748
1377,0.05585788657520722,0.05607925879977953
1378,0.055857656687365066,0.056079187135898725
1379,0.05585730619282917,0.05607911789759528
1380,0.055856985146490554,0.05607898743566394
1381,0.05585679343010427,0.05607896606158057
1382,0.05585678940916842,0.05607896606505185
1383,0.05585659381736218,0.056078920548197596
1384,0.05585614535148032,0.05607862990618337
1385,0.05585574773531981,0.05607853628702563
1386,0.055855522582766756,0.056078444505473314
1387,0.05585531091111456,0.056078428590440675
1388,0.05585517620481634,0.05607837904159253
1389,0.05585469138656148,0.05607822751914436
1390,0.05585460718565331,0.0560782590818877
1391,0.05585399547356212,0.056077996671699756
1392,0.05585378998353081,0.05607799324737135
1393,0.055853451433302066,0.05607785382817769
1394,0.05585321717904137,0.05607764126866165
1395,0.05585286608142926,0.05607753972237049
1396,0.055852390475196,0.05607740568542421
1397,0.05585210286153684,0.05607735004385452
1398,0.055851779324619724,0.056077123124355054
1399,0.05585112760651187,0.05607666929766158
1400,0.05585072672140385,0.056076536596544886
1401,0.05585016985855675,0.0560762365451814
1402,0.05585010138607219,0.05607623892651837
1403,0.05584985847126041,0.056076201303674356
1404,0.05584949015292644,0.05607635851138201
1405,0.055849176887508525,0.05607625805025545
1406,0.055849157850885775,0.056076237491059715
1407,0.05584888444708729,0.056076149838069494
1408,0.05584876169652367,0.05607610219582085
1409,0.0558483513611446,0.05607590078596971
1410,0.05584815480872144,0.056075746893693545
1411,0.05584752254318393,0.05607550439518134
1412,0.055847144172118675,0.05607536393805553
1413,0.05584687819642557,0.05607529707050023
1414,0.055846522742334835,0.05607522601349054
1415,0.055846280197479246,0.05607523092649215
1416,0.055845820870343836,0.05607504582356169
1417,0.05584541571106157,0.05607494999582558
1418,0.05584498235533074,0.056074905368413724
1419,0.055844719517664024,0.05607490640369465
1420,0.05584447180455461,0.056074914120074246
1421,0.055844033326119036,0.056074824879439024
1422,0.055843728665607696,0.056074752859764966
1423,0.05584363520027294,0.056074751523776736
1424,0.05584322752903785,0.05607454279884279
1425,0.055842673123599994,0.05607428882244823
1426,0.055842247951039675,0.05607406317733777
1427,0.05584207299907053,0.05607393302505246
1428,0.05584188104080839,0.05607389362497951
1429,0.05584147905147577,0.05607383466982932
1430,0.05584119275855583,0.05607368799705196
1431,0.05584089813237836,0.05607355473509016
1432,0.055840294817617424,0.05607349072841171
1433,0.0558402444686394,0.056073488722567615
1434,0.05583981374028796,0.05607344794257612
1435,0.055839342688940655,0.0560734304378805
1436,0.05583896127441346,0.05607338045561281
1437,0.055838815030292,0.056073283413556156
1438,0.05583863645627557,0.05607332076716205
1439,0.055838539549853426,0.05607330638836866
1440,0.05583840108617565,0.056073212701132524
1441,0.05583836555607888,0.05607322519879768
1442,0.055837769181544684,0.056072800877152815
1443,0.05583751451806137,0.05607276004741545
1444,0.05583719591219437,0.056072715934962
1445,0.05583685067153497,0.05607265427625549
1446,0.055836447136853,0.05607248599438282
1447,0.055836138788954943,0.05607232756905741
1448,0.05583576638045969,0.05607226972604235
1449,0.055835712788075906,0.056072273087217614
1450,0.05583549414904801,0.05607219317790734
1451,0.05583533862485765,0.05607212566596489
1452,0.05583492112387259,0.05607187945135738
1453,0.05583449771500649,0.05607159817087997
1454,0.05583412640675786,0.05607139681678588
1455,0.05583404782529246,0.056071351770190764
1456,0.05583362643821983,0.05607136114396035
1457,0.055833227946896616,0.05607122077732208
1458,0.05583308183986438,0.05607119000251712
1459,0.05583272055147331,0.05607112348898882
1460,0.055832302550909825,0.05607099622240102
1461,0.05583186648300944,0.056071007520079603
1462,0.05583161172099598,0.056070780495938506
1463,0.05583118932818788,0.056070674092257994
1464,0.05583070307314797,0.056070639311942574
1465,0.055830411733566225,0.05607052478964499
1466,0.055829729493235315,0.0560701526555795
1467,0.05582963827351124,0.05607015815889387
1468,0.05582928993824267,0.056070209948860264
1469,0.055829210531392004,0.056070211056819065
1470,0.05582918132777634,0.056070219057121576
1471,0.055829082371575196,0.056070110904274585
1472,0.05582875253876032,0.056069947646533225
1473,0.05582834099275651,0.056069614467633
1474,0.05582775158236636,0.056069431988434705
1475,0.05582770265996798,0.05606942822638802
1476,0.05582732022383206,0.05606944129621824
1477,0.055827021220546814,0.05606922715801108
1478,0.05582695485763775,0.05606923540423855
1479,0.05582666794668708,0.05606889593922473
1480,0.055826325379154475,0.05606899895724315
1481,0.0558261619293435,0.056068920688375594
1482,0.05582587649164026,0.05606876353514014
1483,0.055825610465683004,0.05606858442638055
1484,0.05582518101810908,0.056068504617585335
1485,0.055824578497967285,0.05606804470144928
1486,0.05582427911784633,0.056067978522610445
1487,0.05582389328243592,0.05606770523033802
1488,0.05582373724044342,0.056067700225420056
1489,0.055823466820246116,0.05606767249946023
1490,0.055823099660681975,0.056067537154242106
1491,0.05582243773909658,0.0560674425321921
1492,0.05582191434101949,0.05606730341816415
1493,0.055821331878359505,0.056067136217851206
1494,0.055821120524088844,0.056067183853784106
1495,0.055820901087099764,0.05606715726309736
1496,0.05582054793151772,0.05606696648656821
1497,0.05581989013169782,0.05606629739504501
1498,0.055819552710979846,0.05606594965190432
1499,0.05581954338864469,0.0560659488611263
1500,0.05581953284064957,0.056065949887329464
1501,0.05581888153139999,0.05606578730442962
1502,0.0558187436021511,0.05606566798353859
1503,0.05581839865347418,0.056065503543767374
1504,0.0558180391283069,0.05606544311160088
1505,0.05581758408711569,0.05606566608185668
1506,0.0558172737576403,0.0560656502074747
1507,0.05581696333958246,0.05606541173996685
1508,0.05581678325437726,0.05606533889399243
1509,0.05581646617991011,0.05606515086950756
1510,0.05581614876909975,0.05606518741135833
1511,0.055815773068558804,0.05606493820324304
1512,0.055815694359938994,0.0560648750497336
1513,0.055815339509680505,0.05606478410095894
1514,0.0558149333470867,0.05606475044019623
1515,0.05581469435591138,0.056064663163717166
1516,0.05581373280064529,0.05606458938634115
1517,0.05581340677244957,0.05606444196160071
1518,0.055813043692109716,0.05606439055721432
1519,0.0558126179824163,0.05606432836078861
1520,0.05581226620695506,0.056064184187966284
1521,0.055812040805078074,0.056064047723427546
1522,0.055811737146971276,0.05606402150738486
1523,0.05581140462048438,0.056063926271413086
1524,0.05581097683544478,0.05606381858177141
1525,0.055810673430257994,0.05606365779047064
1526,0.055810139582695914,0.05606378891329779
1527,0.05580949029737745,0.05606323877686537
1528,0.055809222796760136,0.056063216048295714
1529,0.055808965229261126,0.0560630925495623
1530,0.05580867796636988,0.05606301903635357
1531,0.055808602730215,0.05606300957242344
1532,0.0558084975459123,0.05606302076634003
1533,0.055808105661663485,0.056062965073235736
1534,0.0558078372599459,0.056062989278398825
1535,0.055807499282045724,0.056062692348682046
1536,0.055806999400830545,0.056062282633356504
1537,0.05580668994800125,0.05606225101161536
1538,0.05580635983895571,0.05606219229208212
1539,0.05580602892849389,0.056062237391321455
1540,0.05580559331139856,0.05606200204718964
1541,0.055805517561885024,0.05606203257753128
1542,0.0558054265020709,0.056062040959308966
1543,0.055805176959496744,0.05606201441552243
1544,0.055805022410637214,0.056061988813063686
1545,0.05580499762202417,0.056061990297766956
1546,0.05580460325267387,0.05606201021897571
1547,0.0558040774761717,0.05606146527774585
1548,0.05580360285039714,0.056061472556621125
1549,0.05580317340817076,0.05606128095627283
1550,0.05580284764697237,0.056061136961539665
1551,0.05580231193959294,0.05606095580462409
1552,0.0558020578398377,0.05606106008666954
1553,0.05580182482715476,0.05606106697900836
1554,0.05580175329889805,0.05606100987527697
1555,0.055801142807848564,0.05606065141985854
1556,0.05580063333149693,0.05606026452266603
1557,0.05580022938485454,0.056060285259205686
1558,0.055800004435946966,0.05606020687455402
1559,0.05579979127068841,0.05606021991742099
1560,0.055799480398622855,0.056059952788529294
1561,0.05579908215333498,0.05605993207695424
1562,0.05579903701476003,0.05605991580316503
1563,0.05579871556890576,0.05605965827546704
1564,0.05579832940287575,0.05605934266060183
1565,0.055797973720641894,0.05605912896880994
1566,0.05579779126257627,0.056059123760167306
1567,0.05579753005514436,0.05605897727494658
1568,0.05579708061731749,0.05605904643969807
1569,0.05579671556589254,0.05605900060993233
1570,0.05579665883945549,0.056058982493394485
1571,0.05579626531996619,0.056059011002091444
1572,0.05579586560462321,0.05605899701705431
1573,0.05579559711230846,0.056058972775568254
1574,0.055795191188359274,0.05605891869835535
1575,0.055794864094452876,0.0560587444624795
1576,0.05579483909110156,0.05605874593911276
1577,0.05579455297428438,0.05605854433869736
1578,0.05579425084202792,0.05605842225005389
1579,0.055794174175789454,0.05605842312398663
1580,0.055793635574832,0.05605810325969761
1581,0.05579333658155813,0.05605811833972878
1582,0.0557928168818403,0.05605794907335353
1583,0.055792478769247464,0.056058015977103165
1584,0.05579221045549642,0.0560579590205061
1585,0.05579215001619574,0.0560579326079253
1586,0.055791984107578144,0.0560578148002333
1587,0.05579189449526038,0.0560577837804346
1588,0.05579154864209138,0.056057550839594565
1589,0.055791180798713924,0.05605737843646349
1590,0.05579073319512176,0.056057383936241996
1591,0.055790506174020066,0.05605743949324744
1592,0.05579025031178419,0.05605734262084048
1593,0.055789889455484715,0.056057175412812243
1594,0.05578940216873399,0.05605694867022998
1595,0.055789358001180886,0.05605694603091337
1596,0.05578909189801181,0.056056860836897086
1597,0.05578893629033444,0.05605677549650887
1598,0.05578870863287523,0.056056663245535474
1599,0.05578848981105699,0.056056665009935815
1600,0.055788060012488774,0.05605655363633735
1601,0.05578793289848698,0.056056502129489184
1602,0.05578774663901216,0.05605650944462283
1603,0.05578773931040383,0.05605650997708356
1604,0.055787715500373036,0.05605651028188098
1605,0.055787180150498064,0.05605630909211697
1606,0.05578674724106175,0.05605619746484081
1607,0.05578641749603391,0.056056327847805315
1608,0.05578635231228127,0.05605628452991131
1609,0.05578598972366401,0.05605605251942066
1610,0.055785637113549426,0.056055952000544994
1611,0.05578545460603838,0.0560558554075075
1612,0.05578533419165645,0.05605583139127538
1613,0.055784888274398356,0.05605566647433965
1614,0.05578449036397715,0.05605549812588957
1615,0.05578395866704894,0.05605538273272316
1616,0.05578364637229487,0.05605519476727873
1617,0.055783084528609576,0.05605507159008109
1618,0.05578256741964348,0.05605508692257179
1619,0.05578216105686053,0.05605505953319526
1620,0.055781978339589894,0.05605494688757596
1621,0.05578165398447862,0.056054702967619774
1622,0.05578159093620005,0.05605470111856047
1623,0.0557814426605041,0.05605466227891163
1624,0.05578112905991087,0.056054678852287626
1625,0.055780816348239365,0.0560547099068902
1626,0.05578062329391107,0.05605461079479503
1627,0.05578029895361444,0.056054554845254796
1628,0.05577998100886214,0.056054378249664014
1629,0.05577995948531351,0.05605438686427146
1630,0.05577975396270075,0.0560542094720754
1631,0.055779632603946736,0.05605410866874466
1632,0.055779543152293054,0.05605412255830641
1633,0.055779130575463236,0.05605370209723315
1634,0.05577873079507826,0.05605354510451002
1635,0.05577826396441982,0.05605326000455191
1636,0.055777981634607524,0.05605325182140288
1637,0.0557776655380485,0.056053214229900276
1638,0.05577731620995866,0.056053058147807436
1639,0.05577727253439408,0.05605305571708552
1640,0.05577678936525541,0.056052950437015255
1641,0.05577646278081847,0.056052669126624335
1642,0.055776293688419236,0.056052641786769504
1643,0.055775939849085764,0.056052637345231034
1644,0.05577593006982858,0.05605263736259594
1645,0.05577546353607492,0.05605224704070828
1646,0.05577519030500496,0.05605214052053622
1647,0.05577516026001648,0.05605214980599386
1648,0.05577494870963249,0.056052077866286645
1649,0.05577460053585792,0.0560521793871853
1650,0.05577453048538627,0.05605219814021709
1651,0.05577415691020594,0.05605227403214274
1652,0.05577390893651204,0.05605211999881885
1653,0.055773612596355784,0.05605195699029051
1654,0.055773276111448895,0.05605182620486349
1655,0.05577315725950643,0.05605186054173037
1656,0.055772943342154345,0.0560517207924198
1657,0.05577247719356656,0.056051463356756315
1658,0.05577214845087176,0.05605142192052139
1659,0.055771997555145246,0.05605135850641875
1660,0.055771761544270985,0.05605127494363939
1661,0.05577127031321447,0.05605130905498853
1662,0.05577110006490997,0.05605126201294377
1663,0.05577076902965092,0.056051120983910706
1664,0.055770389253025014,0.05605098944433514
1665,0.055770044044593105,0.05605099703434395
1666,0.05576937270257298,0.05605064372064292
1667,0.055769319306772966,0.056050645408988874
1668,0.05576903751847061,0.056050544454014986
1669,0.05576876657142464,0.05605031769664098
1670,0.05576873664328467,0.05605031509554741
1671,0.05576809336044607,0.05605018427270683
1672,0.05576756963839172,0.056050063646600486
1673,0.05576752373463495,0.05605005901249591
1674,0.05576680393231841,0.0560492663265869
1675,0.05576646510189747,0.056049118114581985
1676,0.05576601581122847,0.05604897868924971
1677,0.05576574935500264,0.05604879835572652
1678,0.055765481119523126,0.05604860349830656
1679,0.05576493783760636,0.05604858821994863
1680,0.05576467103551324,0.05604856100656491
1681,0.05576447416818284,0.056048525912196785
1682,0.055764077834314446,0.05604838528636159
1683,0.05576361594544686,0.056048467211710036
1684,0.05576357314292004,0.05604844804138346
1685,0.05576313515643883,0.05604832489671508
1686,0.05576306600004003,0.05604831437099605
1687,0.0557628703864766,0.056048300205303256
1688,0.0557625386399762,0.05604829293086323
1689,0.05576223819406966,0.056048387278171456
1690,0.05576197135555249,0.05604825072471387
1691,0.055761749647998626,0.05604815153912778
1692,0.0557614439546944,0.05604800884520489
1693,0.055761047806600024,0.05604797361937843
1694,0.05576068840851268,0.05604776567132795
1695,0.05576034080426864,0.05604758219383288
1696,0.05575967071816755,0.056047221715576974
1697,0.05575958033287844,0.0560472208776971
1698,0.05575915005618792,0.056047042046276585
1699,0.05575883293034215,0.05604702659251249
1700,0.055758475202102656,0.056046892482765266
1701,0.055758182662891585,0.056046891259820396
1702,0.055758172310389244,0.05604689166103834
1703,0.05575785268612121,0.056047000001166004
1704,0.05575766251843679,0.05604698456427207
1705,0.05575717852185293,0.05604670796518842
1706,0.055756824202968736,0.056046633450571384
1707,0.05575631691542779,0.05604629266816885
1708,0.055756282107977895,0.056046293254780305
1709,0.05575586263429378,0.056046387667909946
1710,0.05575580948235349,0.056046397334428406
1711,0.055755452096348385,0.05604627734033156
1712,0.0557554327854396,0.0560462773463119
1713,0.05575517520477447,0.05604622708807413
1714,0.05575475132421445,0.056046243518249925
1715,0.05575442471888739,0.05604635028761981
1716,0.0557540212642483,0.05604632771031736
1717,0.055753579786314546,0.056046238732954896
1718,0.055753459923659425,0.05604625206081157
1719,0.05575310340510868,0.056046193724716316
1720,0.05575284432342736,0.05604608920475933
1721,0.05575245618260628,0.056045897132297844
1722,0.05575215424821489,0.05604585153576594
1723,0.05575213442216298,0.05604585149782788
1724,0.055751602596533514,0.056045585970348935
1725,0.05575117900286689,0.056045327413563516
1726,0.05575115807653968,0.05604532614704102
1727,0.055751007135524354,0.05604522782063697
1728,0.055751003870798586,0.05604523030291312
1729,0.055750548818460526,0.056045095985604594
1730,0.05575048308015779,0.05604508528406018
1731,0.055749952255314754,0.05604502595128875
1732,0.05574956786109824,0.05604476582449668
1733,0.05574926505751707,0.05604479530583436
1734,0.0557488166900265,0.05604455783158481
1735,0.0557485427679494,0.0560445532820922
1736,0.05574848532675663,0.05604454297752434
1737,0.05574844568458164,0.05604455436504066
1738,0.05574816336598034,0.056044501190916106
1739,0.05574761649752331,0.05604433798280045
1740,0.0557474405504963,0.05604434887649231
1741,0.05574701306563764,0.05604422870515563
1742,0.05574648960053029,0.05604398882632944
1743,0.055746376922241436,0.05604388859987279
1744,0.05574607540173116,0.056043825511834934
1745,0.05574584630157915,0.05604366905160091
1746,0.0557455530806539,0.05604365267022693
1747,0.055745256638794476,0.05604351966528033
1748,0.055744795828840996,0.056043282344385666
1749,0.05574454236889303,0.05604327262757904
1750,0.055744378732687054,0.05604319611531435
1751,0.055744129457520025,0.05604313589174355
1752,0.055744126786868874,0.05604313589233607
1753,0.055743866592757874,0.05604312501148517
1754,0.055743591570375874,0.05604308866338083
1755,0.05574320356451655,0.05604309784052439
1756,0.05574281741512711,0.056042940406750966
1757,0.05574253975861928,0.05604304154256756
1758,0.05574216310885555,0.05604296027748919
1759,0.0557418338162411,0.05604278919094624
1760,0.05574172161152892,0.05604274389698111
1761,0.05574125888965496,0.05604268611454006
1762,0.05574119173155366,0.0560426830277021
1763,0.055740431714608636,0.0560419290116917
1764,0.05574034945522663,0.05604190328280768
1765,0.055739928028507225,0.05604178910318899
1766,0.055739695163387865,0.05604174671160014
1767,0.055739492209515705,0.05604175090220245
1768,0.055739034432518146,0.056041799914426316
1769,0.055738965142942035,0.056041771361632665
1770,0.05573845681999095,0.05604163123976244
1771,0.05573840846878429,0.05604165801901627
1772,0.05573804232536391,0.056041259847892426
1773,0.0557379958367732,0.05604126827587502
1774,0.0557374802879553,0.05604088670667428
1775,0.05573711608903129,0.05604085971217997
1776,0.05573709241820335,0.0560408484401212
1777,0.05573690796943298,0.056040741878200795
1778,0.05573680167007041,0.05604076533708614
1779,0.05573671250933179,0.056040766651575126
1780,0.055736438208453004,0.05604077380046272
1781,0.055736014961696924,0.05604056517238619
1782,0.0557358556402975,0.056040475365652875
1783,0.05573577808659848,0.056040491836688015
1784,0.05573569193744599,0.05604053779390907
1785,0.055735434076636406,0.056040525640303915
1786,0.05573507521381928,0.05604043684890336
1787,0.0557346836230782,0.05604038069986283
1788,0.05573430318548111,0.05604045599509502
1789,0.05573391341458767,0.0560404124843365
1790,0.05573346503460187,0.05604025282581918
1791,0.05573316288286261,0.056040076909318
1792,0.05573294530949381,0.056040023299877055
1793,0.055732493333555594,0.05604011205087485
1794,0.055732209638421994,0.056040021523898254
1795,0.05573177870125716,0.056039831092772656
1796,0.05573143162666187,0.05603981287816101
1797,0.055731241517286506,0.05603987476377234
1798,0.05573093601871894,0.05603980428624951
1799,0.05573053694172607,0.05603952452640146
1800,0.055730170097373445,0.0560394747918527
1801,0.055729842344597734,0.05603948980762676
1802,0.05572946588204555,0.056039330809708014
1803,0.05572900441271795,0.05603920001641515
1804,0.05572867046112078,0.056039023735092404
1805,0.0557284588554501,0.05603897578551146
1806,0.05572811219916229,0.056038926255177944
1807,0.05572797610602389,0.056038891208685056
1808,0.05572766071569576,0.05603886037126441
1809,0.055727591318043494,0.05603884519398889
1810,0.05572717824617884,0.056038861415786935
1811,0.055726935937438396,0.056038853524781315
1812,0.05572653393240413,0.05603880829532264
1813,0.05572609720127507,0.05603888095116285
1814,0.05572581082512501,0.056038764623027496
1815,0.055725533880396416,0.05603868553341852
1816,0.055725210931632845,0.05603858562867679
1817,0.05572471971714178,0.05603854424969564
1818,0.05572426033977264,0.056038376471351875
1819,0.0557239363804929,0.05603802215214131
1820,0.055723547817047324,0.05603797396219354
1821,0.05572317318056191,0.0560381306777306
1822,0.05572280033549697,0.056038043615955636
1823,0.055722407787562774,0.056037741430821644
1824,0.05572212239609956,0.05603780167646152
1825,0.05572175569138538,0.05603755535934125
1826,0.05572143641081815,0.05603760783260361
1827,0.055721311620230966,0.056037620174849076
1828,0.055720926243067,0.05603768182209227
1829,0.05572079399636135,0.05603757930601444
1830,0.05572046810305411,0.056037431756904885
1831,0.05572016362087842,0.05603748690798298
1832,0.0557200972904083,0.05603748570705599
1833,0.05571981096771792,0.056037419228159566
1834,0.055719424401858196,0.05603728393118181
1835,0.05571904916256818,0.056037262238590395
1836,0.05571858910157918,0.056037103709941825
1837,0.055718179080026034,0.05603696810566807
1838,0.05571792859821493,0.056036802838291155
1839,0.05571790891467724,0.05603680080274468
1840,0.055717592127861156,0.05603660858108879
1841,0.05571743739102814,0.05603661448786415
1842,0.055717146482322726,0.05603657480976139
1843,0.05571671708558904,0.056036423170973244
1844,0.05571639316396796,0.05603635504385808
1845,0.05571633940238722,0.05603634763766918
1846,0.05571596125412808,0.05603629009579844
1847,0.055715712815382804,0.0560362928845486
1848,0.0557156220177334,0.05603629071777324
1849,0.05571532534681833,0.056036213661478734
1850,0.05571529806563909,0.0560362128360122
1851,0.05571505151653049,0.056036056792710016
1852,0.05571451904647478,0.05603601290395056
1853,0.05571442900970432,0.05603597766928738
1854,0.055714373713343424,0.05603596597356706
1855,0.05571411485971598,0.05603579989541628
1856,0.05571399560813887,0.05603580960650406
1857,0.055713665297317055,0.05603560347034793
1858,0.05571341073569893,0.05603533592909939
1859,0.055712958610145996,0.05603517305026995
1860,0.055712679843437814,0.05603518666842004
1861,0.05571223842218028,0.05603510574361289
1862,0.0557120285156593,0.05603498680390191
1863,0.05571165407738653,0.056034967492284184
1864,0.0557111962130871,0.056034895867287375
1865,0.05571094160226999,0.05603486180358611
1866,0.0557109003716107,0.05603486337896291
1867,0.05571060335892266,0.056034887248053944
1868,0.05571035219348997,0.05603479694247228
1869,0.055709972734763566,0.05603481370151782
1870,0.05570989675977586,0.05603481286736607
1871,0.05570924818537113,0.056034667326503064
1872,0.05570901567223456,0.0560345793550845
1873,0.05570894076401977,0.05603459335267947
1874,0.055708539773983205,0.05603461206329655
1875,0.05570835434512262,0.05603451480256678
1876,0.05570802222077819,0.056034382277267925
1877,0.05570794601240899,0.05603433030710639
1878,0.05570766925738054,0.05603432165681439
1879,0.05570763726371631,0.05603432377081391
1880,0.05570744140665669,0.05603430158138629
1881,0.05570686497896855,0.05603419629176216
1882,0.055706599948573125,0.05603426931395643
1883,0.05570637870137138,0.05603421392079675
1884,0.055706375639351324,0.0560342153068155
1885,0.055706062118243596,0.05603419224130523
1886,0.05570596745431614,0.056034204008421185
1887,0.05570575148556026,0.05603407739617087
1888,0.05570545463448691,0.05603392166562442
1889,0.05570541553978867,0.056033920436080256
1890,0.055705056797795104,0.05603373298285795
1891,0.0557047979178367,0.05603371099923096
1892,0.05570445603341523,0.05603366145914741
1893,0.055704432453834135,0.05603365681434747
1894,0.05570405645508512,0.05603368028018045
1895,0.055703879043341384,0.05603368316712255
1896,0.055703553395404705,0.05603370698859253
1897,0.05570350617051719,0.056033716923507934
1898,0.055702942414116545,0.05603363479416913
1899,0.055702674501143336,0.05603339888192619
1900,0.055702278672100834,0.05603307520285018
1901,0.05570190313394716,0.056033127927287915
1902,0.05570150990483223,0.056032959856217104
1903,0.05570124077249806,0.05603303534886606
1904,0.05570123272210249,0.05603303534558208
1905,0.05570099521177749,0.056032884866201234
1906,0.05570066012629578,0.05603277342077786
1907,0.05570046988385754,0.05603276876058374
1908,0.05570003915901605,0.05603271378765198
1909,0.05569970591355833,0.05603253899356794
1910,0.05569931228806171,0.05603259069893987
1911,0.05569900644373626,0.05603260542186533
1912,0.055698793106689265,0.056032586375784954
1913,0.055698479603679435,0.05603261832227175
1914,0.055698314871928764,0.056032596424870004
1915,0.055698047506839446,0.056032482190591655
1916,0.05569772882409059,0.05603243284210939
1917,0.055697400482769145,0.056032465672308296
1918,0.05569702316536483,0.056032424791870275
1919,0.05569672064564373,0.056032297473699554
1920,0.055696510327671055,0.056032222639095124
1921,0.055696148568664436,0.05603214886055442
1922,0.05569566569630673,0.05603210005937528
1923,0.05569535841477971,0.05603212783610926
1924,0.055695134004433794,0.05603212098018585
1925,0.05569465188450641,0.05603189956664857
1926,0.05569437682251551,0.05603179069593217
1927,0.05569391996777117,0.05603179107121721
1928,0.055693678084330976,0.05603163932845724
1929,0.05569343334414287,0.05603155999055909
1930,0.055693101036283846,0.05603152115793761
1931,0.055692992934440674,0.056031500200728744
1932,0.0556926815166829,0.056031401483452564
1933,0.05569227174810535,0.05603149659035725
1934,0.055692181366041475,0.056031452878078675
1935,0.05569196541267833,0.056031391833219216
1936,0.05569189262273055,0.05603137853334833
1937,0.055691577857296455,0.05603144073560385
1938,0.05569123011434133,0.05603131157286184
1939,0.05569088714695764,0.05603125694473189
1940,0.05569082128737627,0.0560312575509415
1941,0.05569049868535411,0.05603101674254893
1942,0.055690229612383124,0.056031062037784074
1943,0.05568993069264726,0.05603098727601953
1944,0.05568966426221217,0.056030861331947804
1945,0.055689440033605604,0.0560307614141686
1946,0.0556890710270525,0.05603081372357543
1947,0.055689020936541316,0.056030802536373187
1948,0.05568876091222363,0.05603063293104431
1949,0.05568842717024983,0.05603059415852626
1950,0.055688105223699956,0.056030565610640376
1951,0.055687897900376745,0.056030466100721335
1952,0.055687615811771674,0.05603048476842638
1953,0.055687439117692625,0.05603037600603265
1954,0.05568722532063726,0.056030439560087957
1955,0.05568684260216747,0.05603041058411797
1956,0.055686771457572844,0.05603041964432982
1957,0.05568670890124479,0.05603039028125238
1958,0.055686263058537445,0.0560301503583764
1959,0.055685887362862965,0.056030060639821196
1960,0.05568551279589665,0.05602995074729653
1961,0.055685045506952205,0.05602960364012268
1962,0.05568470618828213,0.05602963944153343
1963,0.05568466487721965,0.05602964452851369
1964,0.05568436534202348,0.056029632323299834
1965,0.055684025589946486,0.05602951070162344
1966,0.05568391823004924,0.05602945599477547
1967,0.05568344806462025,0.05602907989472704
1968,0.05568309036658829,0.05602906770874965
1969,0.05568306932277318,0.05602906169617394
1970,0.05568270236287081,0.05602893086037622
1971,0.05568237767494164,0.056028905000890604
1972,0.05568211223424025,0.056028712288704256
1973,0.05568183072394732,0.05602875504908647
1974,0.05568179804946914,0.056028792480602836
1975,0.05568155802541,0.05602868157445752
1976,0.05568113406938207,0.056028509998790714
1977,0.055680842324372024,0.0560284258065274
1978,0.05568058834397023,0.05602824302697891
1979,0.0556804253730491,0.0560281356999147
1980,0.05568024096303798,0.05602813856200762
1981,0.0556802185957637,0.05602813978860716
1982,0.05568004708758434,0.05602808573666145
1983,0.05568002039424935,0.05602807525514474
1984,0.05567977933729667,0.05602798948835461
1985,0.05567971986152841,0.05602802521309928
1986,0.05567933450196564,0.056027705205279166
1987,0.05567928772867625,0.05602772668324195
1988,0.05567921152348458,0.05602774974262998
1989,0.055678688282902455,0.05602764430762581
1990,0.05567839143336051,0.05602763950188283
1991,0.05567799866194163,0.05602766868620314
1992,0.05567761290996981,0.05602745593219543
1993,0.05567717458078339,0.05602739077837045
1994,0.055677023899950454,0.05602741390254685
1995,0.05567690922842255,0.05602730838747457
1996,0.05567677450037804,0.05602736204355919
1997,0.05567643222748863,0.05602722023575187
1998,0.05567616356717931,0.056027080901149384
1999,0.05567599365995741,0.056027052659351075
2000,0.05567581030886347,0.05602692438174912
2001,0.05567553170150827,0.05602683325109738
2002,0.05567519304540184,0.05602666598490084
2003,0.05567477604199714,0.056026782498407576
2004,0.0556740040304148,0.056026781878824906
2005,0.05567380940945108,0.05602684609401131
2006,0.05567335645234411,0.056026558992320744
2007,0.05567335101979452,0.05602655899326323
2008,0.05567300274679813,0.05602646314605757
2009,0.05567268463041879,0.05602621715070285
2010,0.05567236206537343,0.05602616631501872
2011,0.05567217910057794,0.056026126932951496
2012,0.055671983791539655,0.056025996361049456
2013,0.055671762899408485,0.05602598672831317
2014,0.055671738381678895,0.05602598056393344
2015,0.055671364519508174,0.05602594273917056
2016,0.05567093589677145,0.056025531996707484
2017,0.0556705724877235,0.0560255375925473
2018,0.055670229594388124,0.056025257631058825
2019,0.05567003514303464,0.05602526577027633
2020,0.05566973505613815,0.05602519722629035
2021,0.05566963638541341,0.05602522124204268
2022,0.05566936300098755,0.056025111007159546
2023,0.05566929450874352,0.05602512461431401
2024,0.05566906454810833,0.05602502690588347
2025,0.05566876208093958,0.05602512737917662
2026,0.05566870299963243,0.056025164658053885
2027,0.05566847427795388,0.05602501562421521
2028,0.05566793104551965,0.05602490663944452
2029,0.055667437248292345,0.05602459631720491
2030,0.05566710153365996,0.05602434883085713
2031,0.055667006989067104,0.05602434679186342
2032,0.05566677904050901,0.05602432761039926
2033,0.055666604545347095,0.056024099621214594
2034,0.05566625769522749,0.056023860989657115
2035,0.055665911827777075,0.05602376203952183
2036,0.05566578508992421,0.056023694653942795
2037,0.05566537426630598,0.05602374975277662
2038,0.05566536091564481,0.05602373981539334
2039,0.05566484008881783,0.056023756507852844
2040,0.05566449969435802,0.05602364280893471
2041,0.05566422533705633,0.056023698561484
2042,0.05566408291158673,0.05602360652136782
2043,0.05566384195553948,0.056023683648097164
2044,0.0556634924562233,0.05602386982378198
2045,0.05566320332995849,0.05602395995758688
2046,0.05566310475423381,0.056023920558510285
2047,0.055662582902062316,0.056023711034966645
2048,0.05566233256520588,0.05602352058923905
2049,0.055662327884236064,0.05602352010714771
2050,0.055661862813890434,0.0560235306061252
2051,0.05566169350923867,0.0560235026916969
2052,0.055661439167789956,0.05602342007935721
2053,0.05566133446613187,0.05602333511060765
2054,0.055661122276539944,0.056023209161694634
2055,0.05566107671993094,0.05602320426914775
2056,0.05566074978465755,0.0560231488807732
2057,0.055660410299830834,0.05602294948472514
2058,0.05566003501966727,0.0560228690657615
2059,0.05565970981224293,0.056022843412611496
2060,0.055659245634423815,0.05602284714754439
2061,0.05565902691675882,0.05602270291236287
2062,0.05565869672345258,0.056022747721548125
2063,0.05565828808384196,0.056022684042698535
2064,0.05565823692128343,0.056022684483876185
2065,0.05565767348615542,0.05602262686900864
2066,0.05565737243866,0.05602270467594385
2067,0.05565708306760772,0.05602262692280998
2068,0.055656684017938905,0.05602239125502101
2069,0.055656603466329745,0.05602235752543627
2070,0.05565640900572448,0.05602231774750693
2071,0.055656100122280464,0.05602221887248223
2072,0.05565583611260872,0.056022120609254156
2073,0.05565552779928274,0.05602203890077983
2074,0.05565517722919465,0.05602191813354252
2075,0.055655114320180776,0.05602193277866843
2076,0.05565474866337304,0.056021799978951646
2077,0.05565448664272709,0.05602194039610155
2078,0.05565404841620952,0.056022031729263205
2079,0.05565367732513841,0.05602197956204573
2080,0.055653492350762536,0.05602192257343731
2081,0.05565323467026077,0.056021902482800354
2082,0.055652905360005736,0.056021972571138945
2083,0.0556525721019773,0.05602192934032178
2084,0.055652475902019334,0.05602195610165357
2085,0.05565216233597132,0.05602192818026394
2086,0.05565166161977491,0.056021828377286656
2087,0.05565130864699844,0.05602169633754039
2088,0.05565104495799125,0.056021835927704364
2089,0.05565072094855191,0.056021694567391096
2090,0.05565057651389313,0.05602168598125819
2091,0.05565034575264094,0.05602168974137854
2092,0.055650258201447665,0.0560216920146258
2093,0.055649792960713394,0.05602166760548167
2094,0.0556496654335777,0.056021696269852476
2095,0.05564944797347496,0.056021625539173815
2096,0.05564908707881487,0.05602162609030738
2097,0.055648813670669164,0.056021733926921495
2098,0.05564860820116012,0.05602171263780892
2099,0.055648170317605335,0.0560214445954482
2100,0.05564785438194161,0.05602121150357251
2101,0.0556476610686541,0.056021156826912895
2102,0.05564754022384667,0.05602113358819348
2103,0.055647192737754994,0.05602103935875976
2104,0.05564685976182082,0.0560209376886336
2105,0.055646424952254595,0.05602048635014875
2106,0.055646260241305465,0.05602047359313979
2107,0.05564591155082731,0.05602044962966991
2108,0.05564572580285084,0.056020406364033284
2109,0.055645717899042144,0.056020405109180986
2110,0.05564570143689613,0.0560204057800667
2111,0.055645576621009864,0.05602035432171334
2112,0.055645359908289796,0.05602031212978227
2113,0.05564516269321475,0.056020445984113224
2114,0.055644909171987576,0.05602030424611913
2115,0.05564476338639665,0.056020288298910086
2116,0.05564467365841422,0.056020233002786066
2117,0.05564435754906031,0.056020212767250555
2118,0.05564379068990932,0.05601997571721663
2119,0.05564356416247553,0.05601997096766807
2120,0.0556431312397612,0.05601973526602089
2121,0.05564292481746226,0.05601981218398702
2122,0.05564272363242731,0.05601984094894413
2123,0.05564237321405892,0.05601975766409699
2124,0.05564209294803017,0.05601979420674478
2125,0.05564181742117782,0.05601967515066481
2126,0.05564154659703233,0.05601967942682163
2127,0.055641179741223144,0.05601967953116645
2128,0.05564093883110752,0.05601972746647584
2129,0.05564057675704953,0.05601971649969064
2130,0.0556404230543613,0.05601963936032212
2131,0.055640235057456223,0.05601971906062625
2132,0.05563996928231267,0.05601964990067109
2133,0.05563946564817487,0.05601965584207358
2134,0.05563910727954345,0.056019619765860146
2135,0.05563894532025194,0.056019654567478205
2136,0.05563863456125135,0.05601967860279651
2137,0.05563828283731061,0.056019616452587406
2138,0.0556382285339317,0.05601962534249344
2139,0.05563803755828481,0.056019579958145965
2140,0.05563790065849845,0.056019545842160304
2141,0.05563779400262209,0.05601953278169859
2142,0.05563768627678778,0.05601954200645464
2143,0.05563754699414582,0.05601951128402035
2144,0.05563714651248416,0.0560194006088933
2145,0.055636724292249036,0.05601907150530754
2146,0.05563671075150995,0.05601907287549125
2147,0.055636436726063415,0.05601913917314782
2148,0.05563610562412233,0.05601914767686262
2149,0.055635738132556026,0.05601901337507831
2150,0.05563568931750983,0.05601903600770093
2151,0.055635543909641996,0.05601893962094887
2152,0.055635217763866984,0.05601910475320618
2153,0.05563510169894524,0.05601895833625404
2154,0.05563491501247451,0.05601888271438429
2155,0.055634584611772744,0.05601889132232774
2156,0.05563428560342101,0.0560189096599609
2157,0.05563395660022887,0.05601881107101875
2158,0.05563354978631308,0.05601843096644409
2159,0.05563332885558668,0.056018445551716305
2160,0.055632975299828406,0.056018255168776766
2161,0.05563291142357467,0.05601825866529675
2162,0.055632432381537256,0.05601806942888006
2163,0.055632001837881986,0.05601781557941164
2164,0.055631644211336526,0.05601778033502457
2165,0.055631589010060524,0.056017758823316166
2166,0.05563133197376316,0.05601770649338625
2167,0.055630914153335265,0.05601763921237189
2168,0.05563068792274407,0.056017744277402054
2169,0.05563023731220615,0.0560174690087722
2170,0.05562998667511165,0.05601736825254619
2171,0.05562980424472875,0.05601741983141394
2172,0.055629528165263536,0.05601743410774523
2173,0.05562941676098132,0.056017445722613635
2174,0.05562923869035497,0.05601746265974256
2175,0.055629163610330136,0.05601747469161145
2176,0.055629009229082635,0.056017450040988334
2177,0.05562887675789699,0.056017451484113426
2178,0.05562850929980339,0.05601750527048856
2179,0.055628207363341585,0.05601759454866746
2180,0.05562787437530776,0.05601758959208036
2181,0.055627706786497554,0.05601757025492992
2182,0.05562761815748221,0.05601745769792974
2183,0.05562705894548728,0.056017258657063924
2184,0.055626615995254536,0.056017100314878186
2185,0.05562626509736116,0.056016661176443466
2186,0.05562598658430883,0.05601658568159431
2187,0.055625598292041174,0.05601655844516954
2188,0.05562545572449561,0.056016583900686805
2189,0.05562535477246651,0.056016584509819965
2190,0.055625328408298036,0.05601658198615915
2191,0.055625171699720845,0.056016641068402435
2192,0.05562488373772674,0.05601648806277089
2193,0.055624803724556214,0.056016488941876934
2194,0.05562448918345573,0.056016448249846085
2195,0.05562398419913999,0.05601636993916602
2196,0.055623891529601115,0.056016316094723864
2197,0.05562352716653252,0.05601627484275309
2198,0.05562327123594378,0.05601625419951834
2199,0.05562307609532264,0.05601628484468909
2200,0.055622908342265895,0.05601627035839736
2201,0.05562256332074539,0.056016271918036
2202,0.055622295938642555,0.056016132132028315
2203,0.05562198321402634,0.056016035844703944
2204,0.05562164272781933,0.0560160492638156
2205,0.05562111563493722,0.05601569190972144
2206,0.05562092619174902,0.05601558963475099
2207,0.05562066141408665,0.05601557237898235
2208,0.05562025181674992,0.05601528225677767
2209,0.05562008875410547,0.05601524308446098
2210,0.055619907272678494,0.05601518588795032
2211,0.05561967741741645,0.05601515747165007
2212,0.055619448319957084,0.05601509902338548
2213,0.05561914566367422,0.056015176159895215
2214,0.05561874487548959,0.056015014916592824
2215,0.05561852096138122,0.056015004599442426
2216,0.055618101210406036,0.05601510131776112
2217,0.055617883456062944,0.05601514940380939
2218,0.05561773970689987,0.056015128198394444
2219,0.055617599147580604,0.056015133700778194
2220,0.055617331618158836,0.056015013793388545
2221,0.0556170961593206,0.05601498774539956
2222,0.05561686040920658,0.05601492453725233
2223,0.05561651083608941,0.056015042671761654
2224,0.055616185394960244,0.05601517592269193
2225,0.05561581353631464,0.05601480519623065
2226,0.05561554054020733,0.05601471432845928
2227,0.055615049703881814,0.05601421769888536
2228,0.05561466810533116,0.05601417203101623
2229,0.05561429258957832,0.05601411269473742
2230,0.05561394352410794,0.05601412309672031
2231,0.05561360122926406,0.0560140112003071
2232,0.05561326346443502,0.05601399211428526
2233,0.055613015755436326,0.05601411578889093
2234,0.05561266382075328,0.056014115704204746
2235,0.055612458318019906,0.05601404336432153
2236,0.05561218456891776,0.05601408420121163
2237,0.055611775257787065,0.056013916177383424
2238,0.05561147032209032,0.056013964465304766
2239,0.05561139968642702,0.05601399608856933
2240,0.05561115248214541,0.05601397604268164
2241,0.05561087987740063,0.05601396606616041
2242,0.055610572439226416,0.056014028895226615
2243,0.05561029595920643,0.05601394552215624
2244,0.05561010126143882,0.056013872790420666
2245,0.05560978490900236,0.0560137109142826
2246,0.05560963956264715,0.05601365487201818
2247,0.0556096278575935,0.056013648411661385
2248,0.055609389757929166,0.056013545846853884
2249,0.05560928095435603,0.0560135332361132
2250,0.05560913000313775,0.05601344987167787
2251,0.05560891238179949,0.05601331165803142
2252,0.05560866675395348,0.056013242166649144
2253,0.05560834759165376,0.05601311330330028
2254,0.05560782290794012,0.05601254882687916
2255,0.05560779089195557,0.056012546311005156
2256,0.05560756712273282,0.056012292731775964
2257,0.05560738859728838,0.05601223808099781
2258,0.05560705195007173,0.056012129073953164
2259,0.05560654587964168,0.056012075308815745
2260,0.055606436483142,0.05601205438004143
2261,0.055606084593076706,0.05601190983562589
2262,0.0556059327258558,0.056011856775877555
2263,0.05560568141148177,0.05601182247180471
2264,0.05560557142460822,0.056011826469450764
2265,0.05560547833528857,0.056011913312316496
2266,0.05560508735366277,0.056011943954917695
2267,0.05560502418369117,0.05601195463396839
2268,0.05560495865128714,0.056011956207795054
2269,0.055604502592122663,0.05601187074483786
2270,0.05560443047925253,0.056011865966713835
2271,0.05560413974646323,0.05601162272710203
2272,0.05560389015565393,0.056011677301175046
2273,0.05560341103832371,0.05601163054484703
2274,0.055603068642596634,0.05601161846454865
2275,0.055602794226585484,0.056011759702821545
2276,0.055602383636612414,0.0560115391367243
2277,0.05560201985409301,0.05601151348693268
2278,0.05560153741657881,0.05601138852091811
2279,0.05560149530372082,0.05601140273284139
2280,0.055601447858974105,0.05601140265385202
2281,0.05560119018349076,0.056011431001115844
2282,0.05560116498325568,0.05601140244493065
2283,0.055600956042563286,0.05601132957593118
2284,0.05560050202972056,0.05601120948382131
2285,0.05559999774006194,0.056011211497512814
2286,0.05559975730414041,0.05601117784034837
2287,0.055599682541635026,0.056011104358277705
2288,0.05559964173009495,0.056011089086057224
2289,0.05559937185368461,0.05601107373618319
2290,0.055598966268281313,0.05601086299083196
2291,0.05559862304493157,0.056010859522094135
2292,0.0555983667584308,0.05601081903548179
2293,0.05559817777348011,0.05601066719792894
2294,0.05559785019724112,0.0560107415052241
2295,0.055597712109353825,0.05601082546703798
2296,0.055597437118854495,0.05601071634737903
2297,0.055597171638146196,0.05601063679340848
2298,0.055596809611828245,0.05601054704049164
2299,0.055596764056265284,0.056010550947943646
2300,0.05559658756683795,0.05601063873593749
2301,0.05559626266469481,0.05601060724232572
2302,0.05559623510414276,0.05601061781645657
2303,0.05559593296068554,0.05601052938469849
2304,0.05559560069362606,0.056010223280095264
2305,0.05559558713730491,0.056010239620710923
2306,0.05559521149021957,0.0560101161688386
2307,0.055595136031055946,0.056010125256747444
2308,0.05559485070612776,0.05601009955175438
2309,0.05559472605394089,0.05601015841095481
2310,0.055594493085211,0.05601018655591604
2311,0.055594250683208994,0.05601014803346232
2312,0.05559398008921542,0.056010265055801624
2313,0.05559361405695772,0.05601030407052971
2314,0.055593355386034334,0.05601030511712766
2315,0.055593064592498534,0.0560103330403634
2316,0.055592674300387564,0.056010237045524505
2317,0.055592449026391655,0.05601014385964974
2318,0.055592282613448576,0.05601002925978286
2319,0.055592093167686,0.05601003759779603
2320,0.05559182890483747,0.05601002996303459
2321,0.055591520225109665,0.056010146499432874
2322,0.055591182836718364,0.05601017976570372
2323,0.0555910083726087,0.05601021383285897
2324,0.055590656210858874,0.056010334841520286
2325,0.05559032405482338,0.056010319128998586
2326,0.05559023386270051,0.0560102613459558
2327,0.05559019516550141,0.05601026810589963
2328,0.05559017594161677,0.056010270255578844
2329,0.05559002567034665,0.05601025128814756
2330,0.05558981461997412,0.056010231199689425
2331,0.05558959449026932,0.056010085456991876
2332,0.055589535036958064,0.056010090543777466
2333,0.05558917403909668,0.05601014028797713
2334,0.055588815739025736,0.05601014120850402
2335,0.055588614621914084,0.05601016790207553
2336,0.05558828326443428,0.056010031031957695
2337,0.0555880682392489,0.0560098597456865
2338,0.0555877828019317,0.05600972113856347
2339,0.05558758347406388,0.05600962279827618
2340,0.055587549691968004,0.0560096052751455
2341,0.05558701762201503,0.05600970416833062
2342,0.055586885253872925,0.056009805281434316
2343,0.05558687891280144,0.05600980454385387
2344,0.05558653292682473,0.056009824309496935
2345,0.05558614169644184,0.05600979483318985
2346,0.055586083357365645,0.056009787700551164
2347,0.055585746714432366,0.05600980386375197
2348,0.05558557576248413,0.05600979769086163
2349,0.05558530644561303,0.05600958412960335
2350,0.05558494657331043,0.0560094130659178
2351,0.055584831170415586,0.05600944483747858
2352,0.055584450084817404,0.0560094103398692
2353,0.05558425613120366,0.05600942333865916
2354,0.05558398545215979,0.05600931542582344
2355,0.055583650870161955,0.056009104050271076
2356,0.05558343291891312,0.05600906131804908
2357,0.05558331250714473,0.05600901518082324
2358,0.05558309607032646,0.05600900719556141
2359,0.055582857199189345,0.05600884415475727
2360,0.05558276249410695,0.056008863309511055
2361,0.05558250383516586,0.056008738600239145
2362,0.05558246233953607,0.05600874862305056
2363,0.05558237952060656,0.056008734856069685
2364,0.055581990180268645,0.05600872870998244
2365,0.055581880924033884,0.05600870990583221
2366,0.05558153793477754,0.05600864263238919
2367,0.05558142337410339,0.05600867249133539
2368,0.05558118767685629,0.05600860460012891
2369,0.05558092733597189,0.0560085569359339
2370,0.0555808063393945,0.056008487932114645
2371,0.05558052606688516,0.05600845312178568
2372,0.05558012285884778,0.0560082295492466
2373,0.055579665360966556,0.05600829402077292
2374,0.055579649965358274,0.056008301382531905
2375,0.05557932059729035,0.056008325804077316
2376,0.05557908579136867,0.056008263590513814
2377,0.05557902845132749,0.05600823854890017
2378,0.0555788833800275,0.056008146567748794
2379,0.05557886373299484,0.056008149111495105
2380,0.05557864669757644,0.05600814414034711
2381,0.05557835717774985,0.05600824699168443
2382,0.05557807184768906,0.05600808675107596
2383,0.055577829162821064,0.05600806076847881
2384,0.05557777636663155,0.056008054728322786
2385,0.055577518227694134,0.056007993153834194
2386,0.055577131269750016,0.05600798786547425
2387,0.05557663365328093,0.056007781856844414
2388,0.055576406655866335,0.05600775926422539
2389,0.05557631503656206,0.05600773263552903
2390,0.055576022643724306,0.056007702878333725
2391,0.05557581190757601,0.05600773920381176
2392,0.055575553886774993,0.056007798257636736
2393,0.05557522577415264,0.05600780416052268
2394,0.055574962584313214,0.05600781449808663
2395,0.055574624985289055,0.056007749693474634
2396,0.055574395549262225,0.05600775646828072
2397,0.0555741657916773,0.056007819056110686
2398,0.05557399197174354,0.05600786848829331
2399,0.055573488228486616,0.05600803745553504
2400,0.05557346568336471,0.0560080376933688
2401,0.05557308319705328,0.05600775652131393
2402,0.05557288333780994,0.056007762805374395
2403,0.05557271350773312,0.05600763524666377
2404,0.055572360729061035,0.0560076873300364
2405,0.0555721429656185,0.05600772946375918
2406,0.05557166887414955,0.05600769418038686
2407,0.055571431483208825,0.05600763726801536
2408,0.05557142432530152,0.056007611459074895
2409,0.055571177094112675,0.0560074756347329
2410,0.055571084503636264,0.0560074502008112
2411,0.05557069325369804,0.05600701931151479
2412,0.05557057959130673,0.05600702520675254
2413,0.05557037904384189,0.05600703049362068
2414,0.05557010755461232,0.056006930593412246
2415,0.055569814958990105,0.05600696640116269
2416,0.05556956116504161,0.05600697105808583
2417,0.055569279310827516,0.056006913355568254
2418,0.0555689067715071,0.05600685961377765
2419,0.05556849888882859,0.05600663829233179
2420,0.05556820252505137,0.05600662790997674
2421,0.055568013080144744,0.05600670052046198
2422,0.05556765954753182,0.05600665534562512
2423,0.05556756328110324,0.056006657268248626
2424,0.05556737071170001,0.05600654611884294
2425,0.055567061526901045,0.05600646579842452
2426,0.055566880821929086,0.056006342055322
2427,0.05556686915336943,0.05600633988638231
2428,0.05556665699474006,0.05600619877382225
2429,0.055566400058082784,0.05600611704980133
2430,0.05556604856620123,0.05600591627607961
2431,0.05556579855878254,0.05600589529782409
2432,0.055565521109346025,0.05600595315131944
2433,0.055565400140573595,0.056005968192274776
2434,0.055565102036184165,0.05600588989849144
2435,0.05556481282474328,0.05600580643495824
2436,0.05556460832708148,0.05600578817519419
2437,0.05556425979380715,0.056006092353198936
2438,0.055563967112704844,0.056005950597725986
2439,0.05556371508062572,0.056005902236792006
2440,0.05556356327129597,0.056005900707935846
2441,0.05556323995254961,0.056005846530714394
2442,0.05556297919525264,0.05600578134807587
2443,0.05556293437137932,0.05600575213321388
2444,0.055562770806638725,0.05600575168107309
2445,0.0555622796679839,0.05600547623829072
2446,0.055561983012800534,0.056005488766723545
2447,0.05556170358837331,0.05600561094945194
2448,0.055561536163478954,0.05600554660191763
2449,0.055561479266757724,0.05600554363744484
2450,0.05556106326597327,0.056005428399611104
2451,0.05556080617628834,0.05600546268228313
2452,0.055560586553888236,0.05600540622237596
2453,0.055560461419412836,0.05600541698665721
2454,0.055560256743454106,0.056005332065257006
2455,0.055560011209791066,0.05600544115441488
2456,0.05555976671246517,0.05600537287157879
2457,0.05555971033029981,0.05600543880546407
2458,0.05555963425858104,0.05600545583371308
2459,0.055559396351637653,0.056005361627913516
2460,0.055559119977563444,0.05600534179419953
2461,0.05555882409037765,0.05600515225684956
2462,0.05555861516742168,0.056005091429162546
2463,0.05555840363875473,0.056005092046200605
2464,0.05555820710161628,0.05600505344153543
2465,0.05555783988887555,0.056004936481947654
2466,0.05555763485962522,0.056004894176795064
2467,0.055557284838678604,0.056004797866971164
2468,0.05555695193649819,0.05600485402133648
2469,0.055556870355513335,0.05600483854091956
2470,0.05555652000731638,0.056004808182012956
2471,0.055556142524426505,0.056004759029912136
2472,0.05555593296178582,0.056004657736019196
2473,0.05555562712226556,0.05600464292662515
2474,0.05555545426388453,0.05600458224014536
2475,0.05555520631556627,0.05600461952306221
2476,0.0555550967522093,0.05600449264922796
2477,0.055554891569019056,0.056004486986607364
2478,0.05555451386784814,0.05600442582026454
2479,0.05555434934432771,0.05600437165508165
2480,0.055554152258884854,0.056004396578750164
2481,0.05555377150143825,0.056004323256275516
2482,0.05555360383846331,0.05600426288630592
2483,0.05555340272016404,0.05600433400848629
2484,0.05555316036840712,0.05600434989879477
2485,0.0555528914699115,0.05600423109747277
2486,0.055552572500028125,0.05600421414623753
2487,0.05555240785145744,0.05600419205008983
2488,0.05555208772051496,0.05600422761157415
2489,0.05555178965462991,0.05600417919291377
2490,0.05555147987843726,0.05600408040483693
2491,0.05555135707271514,0.056004089942274356
2492,0.05555090447108226,0.056004153069404684
2493,0.05555052969189696,0.056004289788870114
2494,0.05555008841433979,0.056004194097236386
2495,0.055549936005245534,0.05600423796315661
2496,0.05554968517054193,0.05600402165969708
2497,0.05554937749440313,0.056004062771906914
2498,0.055549221215177746,0.05600405046615385
2499,0.05554885726052141,0.05600402794481661
2500,0.05554849459799205,0.05600406204797932
2501,0.05554821484339849,0.05600400724123996
2502,0.05554806133759698,0.05600405210723295
2503,0.05554802911688723,0.05600404796900989
2504,0.0555480051820485,0.05600403896745946
2505,0.05554780925506048,0.0560040832155664
2506,0.055547758629565784,0.05600403143428215
2507,0.055547483324828374,0.0560039668822875
2508,0.05554712969052506,0.056003941349900145
2509,0.05554679725019315,0.05600375718042906
2510,0.05554667823704045,0.05600376736578717
2511,0.05554641666428475,0.05600375386176616
2512,0.055546034669735615,0.056003719158714646
2513,0.055545759735549496,0.05600385136765732
2514,0.05554567546824609,0.05600378980948519
2515,0.055545432854621095,0.056003879461132146
2516,0.055544999905313176,0.05600370913311191
2517,0.055544707107614805,0.05600377148445159
2518,0.055544312951262845,0.05600375332349983
2519,0.05554410297687126,0.05600375136338771
2520,0.05554378360467449,0.05600376048955142
2521,0.05554371366633671,0.05600378453497689
2522,0.055543261013865496,0.0560034440223889
2523,0.05554321005259975,0.05600344455912413
2524,0.05554306670711911,0.056003322439955656
2525,0.0555428836959285,0.05600329615906502
2526,0.05554256828125771,0.056003298756777946
2527,0.05554244224994783,0.0560033037319559
2528,0.05554213246457108,0.05600324766249989
2529,0.05554197731649322,0.056003254939846384
2530,0.05554194915754821,0.05600325257994818
2531,0.0555416539170991,0.05600325273156927
2532,0.05554142009648051,0.056003301856391435
2533,0.055541258368151,0.05600319168422858
2534,0.05554097792315966,0.05600327377331321
2535,0.05554089255523256,0.05600328083859769
2536,0.055540586514369536,0.056003267554899934
2537,0.0555402304148124,0.05600317638266172
2538,0.05554012196922658,0.05600316319820462
2539,0.05554000367057742,0.05600313957064986
2540,0.055539694416141434,0.0560030561920262
2541,0.05553951717342192,0.05600313788768703
2542,0.05553924018227525,0.056003047384073315
2543,0.05553902344981937,0.05600296094482632
2544,0.05553879815068284,0.05600294251541581
2545,0.05553844785266058,0.05600304581493181
2546,0.05553790405528725,0.056003089856497205
2547,0.055537891145561055,0.05600308924457037
2548,0.055537632944300766,0.056003125688342086
2549,0.05553740047169134,0.056003059024044295
2550,0.0555370384213891,0.05600289831489294
2551,0.055536756014535685,0.056002879768472916
2552,0.05553645676145035,0.05600271431940104
2553,0.055536437936916906,0.056002714307545685
2554,0.055536152420624006,0.05600269489383273
2555,0.05553591839072333,0.056002733209570846
2556,0.05553565747481257,0.056002676968282365
2557,0.05553563301504668,0.05600267452257919
2558,0.05553541692406667,0.056002751869427186
2559,0.05553531472193522,0.0560027756633182
2560,0.05553523883651148,0.05600280879998502
2561,0.055534961671917404,0.056002697054477586
2562,0.055534910764859675,0.05600266562436732
2563,0.05553483881885585,0.056002662022521785
2564,0.05553471961134633,0.056002598733257046
2565,0.05553466094214178,0.05600259954732469
2566,0.05553437912265775,0.056002544783479616
2567,0.05553415250470011,0.056002551794832364
2568,0.05553399884718715,0.056002491602439704
2569,0.05553382292455998,0.05600240817482841
2570,0.055533451074517494,0.05600228642490655
2571,0.05553325937315486,0.05600229155808831
2572,0.05553300258419727,0.05600228074117837
2573,0.055532911353116735,0.05600228466863667
2574,0.05553271786563041,0.05600225454467369
2575,0.05553238267553159,0.05600212331707631
2576,0.055532181786749346,0.05600194870833689
2577,0.055531936625392526,0.05600202183105405
2578,0.0555316489560087,0.05600186946967484
2579,0.055531409182833086,0.056001959361238064
2580,0.05553103844695801,0.0560018150844563
2581,0.05553070770956011,0.05600151512941964
2582,0.055530531825579765,0.056001560945572126
2583,0.05553052326499945,0.05600156098026231
2584,0.055530251875289455,0.05600147928584321
2585,0.05553007170762537,0.05600127815160702
2586,0.05552969626288069,0.056001280865226585
2587,0.05552954896549209,0.05600127397141679
2588,0.0555294428973026,0.056001275590150855
2589,0.05552921870367327,0.05600125417703822
2590,0.05552870751646428,0.05600123058900783
2591,0.05552862749236888,0.05600116397781839
2592,0.055528556315997235,0.05600122006063584
2593,0.055528465824972444,0.056001249463388754
2594,0.0555282140692282,0.05600124972629123
2595,0.05552787651647507,0.05600106264901666
2596,0.05552770019799216,0.056001004099235537
2597,0.055527396906805276,0.05600089122836909
2598,0.055527109746841836,0.05600083505470158
2599,0.05552682842283353,0.056000743851082085
2600,0.05552638961679875,0.05600067040428823
2601,0.055526120421769035,0.05600062534021676
2602,0.0555260330371397,0.056000599449763856
2603,0.05552586723601472,0.05600056657866366
2604,0.05552563683329155,0.05600043557637369
2605,0.05552528018866363,0.05600050609994804
2606,0.055525013450476106,0.05600050625360077
2607,0.05552469642930725,0.05600044571092656
2608,0.05552462220780757,0.05600042860219365
2609,0.05552434914096437,0.05600036753753995
2610,0.055524101574908065,0.0560004009485138
2611,0.055524021427006534,0.05600041046261178
2612,0.055523853919179,0.05600040772869047
2613,0.055523814816820435,0.05600038126696267
2614,0.05552354880123205,0.05600029488571797
2615,0.05552327634755163,0.05600023690899672
2616,0.055523241226996964,0.056000237434381275
2617,0.055522979045418676,0.05600014124803311
2618,0.055522600448435426,0.05600010843608761
2619,0.055522569110353234,0.05600011012030364
2620,0.05552234543527687,0.05600006694918203
2621,0.05552183648152049,0.05599953688745147
2622,0.055521630571347375,0.05599935597776075
2623,0.05552131230609498,0.05599935944437929
2624,0.055521096989981734,0.05599929795422733
2625,0.05552103474797389,0.05599929865701411
2626,0.05552091038267978,0.05599927383986299
2627,0.055520606152118526,0.05599929197181818
2628,0.05552028347444426,0.055999284265862294
2629,0.055520051259307396,0.05599928320875925
2630,0.05551982492259799,0.055999336074220724
2631,0.055519480336222185,0.055999355172185517
2632,0.055519333633462446,0.055999338558595686
2633,0.05551894452387665,0.05599939509178773
2634,0.05551866060973452,0.05599916062085677
2635,0.05551833901236419,0.05599917977528953
2636,0.055518088257990005,0.05599912933817975
2637,0.05551804516729577,0.05599912118672761
2638,0.055517789441932495,0.05599914590927459
2639,0.055517713335520434,0.055999121583668605
2640,0.05551752308008192,0.05599912019260033
2641,0.0555174621505164,0.055999110745747635
2642,0.05551738561585538,0.05599908840661944
2643,0.055517139757996936,0.05599910707502025
2644,0.055516735042225984,0.05599898776128043
2645,0.0555163679126704,0.05599893871005971
2646,0.05551612813921996,0.05599872253818039
2647,0.05551585908133347,0.05599883563110656
2648,0.055515301888679966,0.055998466060238915
2649,0.05551500013425499,0.055998365623389584
2650,0.0555148284920777,0.05599835948804141
2651,0.05551455147833147,0.055998392602425354
2652,0.055514437804425436,0.05599835457881439
2653,0.05551435691957055,0.05599840074949748
2654,0.055514238746486005,0.05599840362563251
2655,0.055513897188149586,0.05599840545301112
2656,0.0555135274334304,0.05599837740297065
2657,0.055513314768834914,0.05599835187751354
2658,0.05551325085235241,0.05599834834390788
2659,0.055513177176095586,0.05599835407526318
2660,0.05551306240327142,0.05599837842510837
2661,0.0555127851559305,0.05599834119806339
2662,0.05551245564024479,0.05599819850433361
2663,0.05551225563792725,0.05599830885057896
2664,0.05551220271464049,0.05599830624159611
2665,0.055511829342639256,0.055998213951256655
2666,0.055511777046753016,0.055998211627033244
2667,0.05551141316395473,0.05599823041476321
2668,0.05551137049374335,0.05599821405230428
2669,0.05551108731799217,0.055998208713646774
2670,0.055510857664268116,0.05599809487467234
2671,0.05551057947605367,0.055998024564546056
2672,0.05551037532726964,0.05599808594298951
2673,0.0555102461703181,0.055998066715847755
2674,0.05551011236245388,0.05599803130131342
2675,0.05551000982921346,0.05599801422708621
2676,0.055509875051246445,0.05599803203564132
2677,0.05550973128458213,0.05599793030508878
2678,0.055509580838474994,0.05599791741023634
2679,0.055509127965723354,0.0559975499300195
2680,0.05550885037284637,0.05599749759602336
2681,0.055508534443807094,0.055997363497324176
2682,0.05550824487770733,0.05599725705991636
2683,0.05550774688994283,0.05599702407266027
2684,0.05550763259268331,0.055997024399164624
2685,0.055507366686775396,0.055996964297721774
2686,0.05550714621193067,0.05599692703941258
2687,0.055507084267424026,0.05599695002159104
2688,0.05550677418954204,0.05599692835426006
2689,0.0555064742846721,0.05599690661671114
2690,0.055506431559863206,0.055996927679983474
2691,0.055506288898962,0.0559968099320917
2692,0.05550596283934586,0.055996735147803255
2693,0.055505505003346445,0.05599653396469192
2694,0.05550544976256256,0.0559965324418805
2695,0.055505090349081375,0.0559963550136213
2696,0.055504783260461724,0.05599640179984498
2697,0.05550468086376758,0.05599640391359712
2698,0.05550446951848747,0.055996321973093524
2699,0.055504178893026744,0.05599627356394658
2700,0.05550376410549847,0.05599624570420473
2701,0.055503517520662446,0.055996192427690425
2702,0.05550331858559292,0.0559960804703356
2703,0.05550313480085985,0.05599606619504816
2704,0.05550308115013857,0.055996020260949485
2705,0.055502857914703066,0.05599595086949264
2706,0.055502781133849766,0.05599592308883704
2707,0.05550262520867794,0.05599598341151315
2708,0.05550256592047704,0.05599593453140942
2709,0.05550224945389509,0.05599594579340967
2710,0.05550190545493687,0.05599594407250957
2711,0.05550169801519701,0.05599600319574854
2712,0.05550150752130876,0.05599596293588701
2713,0.05550126378414398,0.05599596529024116
2714,0.055501041097897455,0.055995982149539776
2715,0.05550074103298461,0.05599592467850275
2716,0.055500521326496154,0.05599560752030737
2717,0.05550034431546388,0.055995524081632116
2718,0.055500174334911105,0.0559955153903304
2719,0.055500031471955404,0.05599544603439915
2720,0.05549967464710257,0.05599542722512631
2721,0.055499526833646375,0.05599541079881372
2722,0.05549945722450565,0.055995361261743364
2723,0.05549925529459594,0.05599538702988438
2724,0.055499155138020305,0.05599539383424083
2725,0.05549887026045347,0.05599537852770019
2726,0.055498768857691824,0.055995360913342375
2727,0.05549855178351538,0.055995413166944716
2728,0.05549853010247415,0.05599542238536812
2729,0.055498346865105734,0.05599533409184067
2730,0.05549787768216521,0.05599532323728222
2731,0.05549780969478472,0.05599532657258592
2732,0.0554977650296654,0.055995332439143855
2733,0.055497694207830614,0.05599525621566075
2734,0.05549723881905114,0.05599523588223393
2735,0.055497230608068625,0.05599523210823361
2736,0.05549692525244466,0.055995161585324325
2737,0.055496733629733425,0.05599512571178038
2738,0.05549668207379163,0.05599514148762613
2739,0.055496514987484855,0.05599511766351218
2740,0.055496381981216716,0.055995129549424656
2741,0.055496103129053,0.05599492331356643
2742,0.05549595027944808,0.055994906822648696
2743,0.05549551924693221,0.055994904033403466
2744,0.05549540957372861,0.05599485235497344
2745,0.0554951211994794,0.055994762198343796
2746,0.055494908524407055,0.05599464807453646
2747,0.05549459497901236,0.05599465041743767
2748,0.055494335263346704,0.05599472745175936
2749,0.05549408812772832,0.05599464566151587
2750,0.05549407655727532,0.05599464532956432
2751,0.05549397802373431,0.05599463975214948
2752,0.05549382899834893,0.055994592731715025
2753,0.05549369182678312,0.05599463204519214
2754,0.05549364041514604,0.055994624820922476
2755,0.055493299723513204,0.05599461821558327
2756,0.055493158235235,0.055994627676749835
2757,0.05549297252113142,0.055994540036102436
2758,0.05549284168446492,0.05599455136976536
2759,0.055492800508563055,0.05599457031971671
2760,0.05549242343279261,0.05599459618603437
2761,0.05549205814335344,0.05599448624248974
2762,0.05549176581668827,0.05599459608561391
2763,0.05549156578662103,0.05599445033147615
2764,0.05549145285450726,0.05599440455561978
2765,0.05549111781514463,0.055994239355564426
2766,0.055491079868616726,0.055994235209329106
2767,0.055490927117129545,0.055994252257052755
2768,0.05549056692453211,0.055994355386448036
2769,0.05549033789557809,0.055994081527227825
2770,0.055490066785806196,0.055994120059303314
2771,0.055489793176085385,0.05599410583551171
2772,0.05548950570066455,0.05599408484450707
2773,0.05548926374233155,0.05599398066320109
2774,0.055488967992058734,0.05599393390751307
2775,0.0554887072329418,0.055993914157711905
2776,0.055488670738636,0.055993912048764846
2777,0.05548859912595061,0.05599391299681466
2778,0.05548849970043378,0.055993924161020885
2779,0.055488468848075026,0.0559939246450919
2780,0.05548808247125825,0.05599359423427323
2781,0.05548799809662769,0.05599359825347765
2782,0.055487740959040896,0.05599379865125368
2783,0.05548769966693859,0.055993791511914685
2784,0.05548737747767768,0.05599370353124218
2785,0.05548717377263715,0.05599361956383323
2786,0.05548687030189702,0.05599368350059297
2787,0.055486564189510645,0.05599365962018102
2788,0.05548651025197257,0.05599367014549397
2789,0.05548615770960895,0.05599367142226602
2790,0.055486117578725624,0.055993644748569944
2791,0.05548584100668977,0.055993746575742444
2792,0.055485799662869664,0.05599371492351152
2793,0.05548547091771655,0.05599369892521274
2794,0.055485304125134305,0.055993714164181016
2795,0.05548511998329812,0.05599355298169603
2796,0.0554848975332669,0.05599355675599644
2797,0.055484679978800806,0.055993574793931286
2798,0.05548464863056997,0.055993569589800125
2799,0.055484527655357094,0.05599366998994194
2800,0.055484114858183026,0.05599381790425739
2801,0.055483940762039184,0.05599390298177461
2802,0.05548368929919507,0.055993824712304005
2803,0.05548360648906598,0.05599385171710589
2804,0.05548332445443677,0.055993830749859544
2805,0.05548314299847306,0.0559937758903122
2806,0.05548299220034924,0.05599374650315987
2807,0.055482957322848386,0.055993733087896
2808,0.05548275547194819,0.05599370946062179
2809,0.055482562909969904,0.05599372205420891
2810,0.05548219098773556,0.05599363009295518
2811,0.05548196969164791,0.05599362424295649
2812,0.05548159735397059,0.05599366381858095
2813,0.05548144368949956,0.05599365034049637
2814,0.055481053001516546,0.05599359784410577
2815,0.05548103006967653,0.055993594845996995
2816,0.055480862217437484,0.055993629254649166
2817,0.055480600183964966,0.05599356666494523
2818,0.05548031164667342,0.05599333359312042
2819,0.05548003016223434,0.05599335231943718
2820,0.0554797961443717,0.055993303337128
2821,0.055479424463354576,0.055993074896070964
2822,0.055479401499214494,0.05599306638230439
2823,0.0554790605436141,0.05599291240174808
2824,0.05547872309881542,0.05599294578740694
2825,0.055478347706673495,0.05599304771268785
2826,0.05547831807856204,0.05599305713801991
2827,0.05547827893597339,0.05599306085910008
2828,0.0554781756889387,0.0559930975255409
2829,0.05547790149951247,0.05599304082435378
2830,0.055477886148436954,0.055993026350898416
2831,0.05547764373907035,0.05599307212271473
2832,0.055477523723051723,0.05599311246282843
2833,0.0554771395885905,0.055992898043333565
2834,0.05547704769161876,0.05599291237539656
2835,0.055477031351399766,0.055992912359701524
2836,0.05547683040188574,0.05599273600467021
2837,0.05547654758577039,0.05599268310237418
2838,0.055476456136921516,0.05599265441447474
2839,0.055476165653612096,0.055992691808203536
2840,0.05547595067810267,0.055992723508857825
2841,0.05547570527222404,0.05599276784195491
2842,0.05547537321425084,0.055992625405341834
2843,0.05547517764496552,0.0559924078051198
2844,0.05547492996406316,0.055992383346458195
2845,0.055474600397291476,0.05599230864743152
2846,0.05547429523389015,0.055992424899528256
2847,0.05547407225249237,0.05599252351621234
2848,0.05547372145735738,0.05599252555918274
2849,0.055473634628807625,0.055992504863898826
2850,0.055473438545148676,0.055992398400933736
2851,0.05547328662695337,0.05599236034571117
2852,0.05547321146323715,0.055992350334781005
2853,0.055473123785140716,0.055992436065158996
2854,0.055472918153801294,0.0559924860353192
2855,0.05547275415382412,0.05599249567413009
2856,0.05547244517642925,0.05599245959860341
2857,0.05547218217451829,0.0559923495458153
2858,0.05547190931089075,0.055992267724821784
2859,0.0554716998517182,0.05599227352952866
2860,0.05547140184679191,0.05599231327290587
2861,0.05547115887711718,0.055992204360971666
2862,0.05547090309620566,0.055992172742671875
2863,0.05547061797039724,0.05599221602556996
2864,0.055470479790206945,0.05599225090921796
2865,0.055470411156993006,0.0559922545245953
2866,0.0554703458566634,0.05599225018476371
2867,0.055470235618968924,0.05599225243932573
2868,0.05547009683854125,0.05599230563725515
2869,0.05546984184603705,0.0559922348849527
2870,0.05546942417831319,0.05599212196641762
2871,0.05546917955560853,0.055992104700413554
2872,0.05546876743366826,0.05599216978451214
2873,0.0554686508893131,0.055992161440563355
2874,0.05546848876914295,0.05599216101461076
2875,0.05546829740838766,0.05599207080431747
2876,0.05546823327648185,0.055992112256582745
2877,0.055468100511051485,0.055992051709929165
2878,0.055468007946773,0.055992038069801624
2879,0.05546777589747277,0.055991982835562296
2880,0.055467441131680256,0.05599198204210378
2881,0.05546715586700675,0.05599188590607826
2882,0.055466930497025065,0.05599186741232361
2883,0.055466770873895885,0.05599171263449083
2884,0.055466438601495714,0.055991733931801374
2885,0.05546621455258328,0.05599174658947386
2886,0.05546614593367194,0.05599171890968262
2887,0.055465891253394205,0.055991730590417475
2888,0.055465517336307224,0.05599149020503525
2889,0.055465163781170466,0.05599145924835793
2890,0.05546509022767633,0.05599145983412082
2891,0.05546489955856312,0.05599151611422646
2892,0.055464487216755856,0.05599148668821065
2893,0.05546431632315816,0.05599147949663548
2894,0.05546415000996512,0.055991475556384084
2895,0.05546398165849004,0.05599137378712317
2896,0.055463793781210684,0.05599145658760094
2897,0.05546375957707772,0.055991460031756195
2898,0.055463554861288074,0.055991458727002216
2899,0.0554634766329712,0.05599145485500252
2900,0.05546322953412616,0.05599145294179191
2901,0.055462864105390614,0.0559914753034925
2902,0.05546263244513803,0.05599145129232512
2903,0.055462548634621876,0.05599149153640428
2904,0.05546244666571697,0.05599151314303158
2905,0.05546238768750434,0.05599150685289113
2906,0.055462365332727956,0.0559915073150419
2907,0.05546233994993794,0.05599149997553055
2908,0.05546209638429316,0.055991480169136014
2909,0.05546188628035979,0.055991579858144416
2910,0.05546162679313316,0.05599155008859112
2911,0.055461545785410044,0.05599156252773479
2912,0.05546126836740543,0.05599144899131021
2913,0.05546091404268914,0.055991501586887316
2914,0.05546088647127712,0.05599150172498787
2915,0.05546049116738015,0.05599144211269229
2916,0.05546005037541713,0.055991444181932054
2917,0.055459791927017214,0.055991295855731545
2918,0.05545971644331982,0.05599125504902059
2919,0.055459411480486366,0.05599126787632268
2920,0.05545915935417055,0.0559913106572251
2921,0.05545876731475982,0.05599140756830152
2922,0.055458380815386975,0.05599141506152009
2923,0.05545820538588752,0.05599150088645467
2924,0.05545811322211636,0.05599149176821201
2925,0.05545798498669602,0.0559914110081727
2926,0.055457766501885906,0.05599146799414382
2927,0.05545745851880274,0.0559913305101966
2928,0.05545718427555969,0.055991368618201275
2929,0.05545693278882708,0.05599136914735007
2930,0.05545665353033621,0.05599137743729809
2931,0.05545664818826092,0.05599137642313924
2932,0.05545642281202542,0.05599130529067707
2933,0.055456387179569334,0.05599130347127397
2934,0.05545605283600632,0.0559911703530515
2935,0.05545603804939968,0.05599116674473309
2936,0.055455819139894426,0.05599110144822562
2937,0.05545557101312773,0.05599099836377326
2938,0.055455342386773174,0.05599105976535731
2939,0.05545511003561789,0.05599098400455277
2940,0.055454795967656206,0.055990909716738646
2941,0.05545455022137769,0.055990987179150103
2942,0.05545432838403051,0.055991021051164366
2943,0.05545408508873049,0.05599109328145101
2944,0.05545403860807905,0.055991021686454
2945,0.055453665496175523,0.055991040159157256
2946,0.05545345376793395,0.055990986978027776
2947,0.055453031239883994,0.05599089525951412
2948,0.055452678019544725,0.05599080480644375
2949,0.055452393044329557,0.05599088211997405
2950,0.055452089790876756,0.05599088457982399
2951,0.05545190069264349,0.055990783604120076
2952,0.05545163150725823,0.055990806784038366
2953,0.05545144217177124,0.05599079629513231
2954,0.05545129254397213,0.05599081078484513
2955,0.0554511028042041,0.05599068291550789
2956,0.055450865841503896,0.05599066705969807
2957,0.05545072271935417,0.05599073593168311
2958,0.05545065550766083,0.055990674279978454
2959,0.055450638450317544,0.05599067585441182
2960,0.055450324826766144,0.05599039801747241
2961,0.0554502364089901,0.05599040245769738
2962,0.05545018075276347,0.05599040226594248
2963,0.05545003648427802,0.05599042607889208
2964,0.05544991488431706,0.05599046078041424
2965,0.05544963662489351,0.05599038981195481
2966,0.05544952467158619,0.05599042854431833
2967,0.05544929487059429,0.055990350602212566
2968,0.055449070124945106,0.05599033652220358
2969,0.05544873561853704,0.05599043040227897
2970,0.05544850478867187,0.05599035977159587
2971,0.05544842716453935,0.055990367722947375
2972,0.055447982971111934,0.05599027043738352
2973,0.055447888152226614,0.05599023508553154
2974,0.055447704613560744,0.05599028470877318
2975,0.05544759029968747,0.05599030679737955
2976,0.05544732928740345,0.055990223026830814
2977,0.05544731350996677,0.055990224840465695
2978,0.05544702708588891,0.055990305229481924
2979,0.05544691293545361,0.05599027345336718
2980,0.05544671259876484,0.05599018654656353
2981,0.05544638479375343,0.05599020273490968
2982,0.05544610751473552,0.055990071465702534
2983,0.05544598891150482,0.05599001478023937
2984,0.05544571889445072,0.05599002478778476
2985,0.055445512922596016,0.05599002915505511
2986,0.05544550835260387,0.05599002428939539
2987,0.05544529112971564,0.0559900402321062
2988,0.05544501721801615,0.05598999181833464
2989,0.055444812327056434,0.055989856666655013
2990,0.05544471529248619,0.055989860785801836
2991,0.055444451405596985,0.055989840399702284
2992,0.05544421118841364,0.055989860796790324
2993,0.05544410002029873,0.055989867142839544
2994,0.055444070511652725,0.05598986683444749
2995,0.05544393366386164,0.05598986361095222
2996,0.05544385943411665,0.05598981818762703
2997,0.05544382924041424,0.0559898093444579
2998,0.05544382526096286,0.05598980818832502
2999,0.055443558946044295,0.055989753335210245
3000,0.05544331924969997,0.05598962168538509
3001,0.055443278553715156,0.05598961746038281
3002,0.05544313013921756,0.055989424156549894
3003,0.055442902526765564,0.055989493371532174
3004,0.05544256767172157,0.055989507518737124
3005,0.055442213225224794,0.05598940477275509
3006,0.05544200912971166,0.05598940130130606
3007,0.05544199940589613,0.055989404733493495
3008,0.055441726964684315,0.05598934382249898
3009,0.05544151792562657,0.05598936884847693
3010,0.0554413980943264,0.05598934319273183
3011,0.055441092339782096,0.05598931634566626
3012,0.05544088366295807,0.05598932217968197
3013,0.05544066957402272,0.05598932224268431
3014,0.055440435151489706,0.055989199964094016
3015,0.05544016440788967,0.05598910420598888
3016,0.055440038866053656,0.05598907814395746
3017,0.0554396464789139,0.05598874366619969
3018,0.0554391921272519,0.055988740965794544
3019,0.055439032777484645,0.05598872041452696
3020,0.05543877509294479,0.05598871678228169
3021,0.05543862184779799,0.05598870168402088
3022,0.055438467249001,0.05598870320218885
3023,0.05543840618913531,0.055988690442900446
3024,0.055438204766789394,0.05598861977911548
3025,0.05543803465208146,0.05598863359315054
3026,0.055437665213681125,0.05598845704795603
3027,0.055437486585102703,0.055988409661930104
3028,0.05543723271867585,0.05598838196782053
3029,0.055437102815371765,0.0559884880198856
3030,0.05543693540176316,0.05598846619226567
3031,0.05543658204803271,0.05598848153894618
3032,0.05543653559500326,0.05598847520243107
3033,0.05543639930698712,0.055988495629770915
3034,0.05543615185244662,0.055988509774814045
3035,0.05543571284460251,0.05598856122960969
3036,0.05543563349279734,0.05598855061616311
3037,0.05543547014707482,0.05598856464519429
3038,0.05543538846237948,0.05598855791555157
3039,0.05543509630221213,0.055988616985665714
3040,0.05543477631603137,0.05598854128226312
3041,0.05543474706260826,0.055988536407075996
3042,0.05543442662109611,0.05598851599986879
3043,0.055434116375663665,0.05598858709859711
3044,0.0554338895462394,0.05598837280054697
3045,0.05543354333364893,0.05598845963689429
3046,0.05543311898017917,0.0559883374016988
3047,0.05543295281662246,0.05598828942373941
3048,0.055432660988085164,0.05598824285318309
3049,0.055432510848038935,0.0559881448705437
3050,0.055432331550290204,0.0559880422825193
3051,0.05543226632015434,0.055988068580954405
3052,0.0554318871371038,0.05598798555110986
3053,0.055431696418364707,0.05598806536507611
3054,0.05543163181363582,0.05598806091078511
3055,0.05543133979736007,0.05598810672820482
3056,0.05543092635437473,0.05598808790725042
3057,0.05543083475332472,0.05598809534726746
3058,0.05543058416636894,0.0559879694725089
3059,0.05543029400096843,0.055987928154246205
3060,0.05542992505339772,0.05598785631428967
3061,0.05542975769549573,0.05598790694253772
3062,0.05542966530402971,0.055987904331217
3063,0.05542928657278031,0.055987885023562764
3064,0.05542910927570732,0.05598785576442796
3065,0.05542862718848069,0.05598740697938966
3066,0.055428203932683016,0.055987049586648636
3067,0.05542785977300131,0.0559867403906527
3068,0.05542739990747376,0.05598667980251832
3069,0.05542736436300987,0.055986648532482364
3070,0.055427022562416335,0.055986734825282346
3071,0.055426744404135156,0.05598677148813262
3072,0.05542645081292119,0.05598669568339652
3073,0.05542636192115552,0.0559866803114343
3074,0.05542604469839687,0.05598675219207015
3075,0.055425712360375724,0.055986755669844124
3076,0.05542552643210437,0.05598678370925232
3077,0.05542550997927348,0.0559867837804284
3078,0.055425441335145244,0.05598676483193477
3079,0.05542539508199256,0.0559867912666912
3080,0.05542503114199071,0.05598674028880349
3081,0.05542488768946415,0.05598670270913326
3082,0.05542450935677176,0.05598674355794046
3083,0.05542416315348506,0.0559867600645163
3084,0.055424151042392095,0.05598675133542083
3085,0.055424014275640275,0.055986742784593244
3086,0.055423661276154924,0.05598670045952213
3087,0.055423281661095586,0.055986688064776184
3088,0.05542301247286207,0.055986594504264735
3089,0.055422704123355614,0.055986572026166255
3090,0.055422343894109556,0.055986369875505836
3091,0.05542195780309952,0.05598637718548753
3092,0.055421662353299955,0.05598638976236189
3093,0.05542160058297384,0.055986379397037406
3094,0.05542137018705381,0.05598635600439949
3095,0.05542120606959547,0.05598642571552392
3096,0.05542101275999516,0.05598639504774228
3097,0.05542093201114923,0.0559864056014285
3098,0.05542081561420904,0.05598638281940076
3099,0.05542050549078265,0.055986391134276635
3100,0.055420321407484485,0.05598634378877854
3101,0.05542021046940363,0.055986290351149576
3102,0.055420174965087624,0.05598632034550708
3103,0.05542014347767898,0.055986312429043984
3104,0.05541994800273117,0.05598627047526483
3105,0.05541968553563385,0.05598628586260059
3106,0.05541922288679547,0.055986105146390575
3107,0.055418997992045214,0.055986087545224134
3108,0.05541883356806439,0.0559860905687593
3109,0.05541877434749313,0.05598611225440885
3110,0.05541848610638324,0.05598601426683183
3111,0.05541810141256803,0.05598596279000524
3112,0.05541807229804148,0.05598595495724408
3113,0.05541781081732844,0.055985956894078995
3114,0.055417791446255964,0.055985950665601046
3115,0.05541748716439453,0.0559857784652787
3116,0.05541707449780439,0.05598570966390437
3117,0.05541676347561363,0.05598566145095556
3118,0.05541647134595932,0.055985692861315856
3119,0.05541632595335381,0.05598567690098553
3120,0.055416175999542946,0.05598565389616166
3121,0.05541596943320169,0.05598564483544303
3122,0.055415769034466815,0.05598560601635731
3123,0.05541547433585961,0.05598561378201195
3124,0.05541525012673905,0.0559856126842688
3125,0.05541493379122653,0.055985488900473876
3126,0.05541482718365179,0.05598549264279086
3127,0.05541461337017176,0.05598549064949078
3128,0.05541437289829699,0.055985416076656476
3129,0.05541403201324813,0.05598533493587807
3130,0.05541396381176171,0.05598527986690096
3131,0.05541374552852243,0.05598537330337024
3132,0.05541337673042928,0.0559850252921835
3133,0.055413022185322895,0.055984983573492325
3134,0.05541286400044725,0.05598506006728904
3135,0.055412736461684146,0.05598505119150915
3136,0.05541242785412992,0.055985081231884476
3137,0.05541240139565383,0.05598507563333923
3138,0.055412140708490515,0.055985002089810124
3139,0.05541190041159402,0.05598498942440574
3140,0.05541161129623406,0.05598501632152681
3141,0.05541130540495582,0.05598495963797662
3142,0.055411060308415416,0.055984927520936464
3143,0.0554107022317475,0.05598503047471891
3144,0.05541057986467808,0.05598491068526277
3145,0.055410575949868375,0.05598491075020068
3146,0.05541055725365879,0.05598491016615137
3147,0.05541030360467993,0.05598487175839905
3148,0.05541000774240808,0.05598498406444557
3149,0.055409692664578805,0.05598510236659182
3150,0.055409329870393514,0.055985026372201256
3151,0.055409117275496175,0.05598503694386972
3152,0.05540907627233978,0.05598503053985032
3153,0.05540881035921908,0.055984979269949484
3154,0.05540870396069186,0.05598494291691352
3155,0.055408468578111256,0.055985105451027056
3156,0.055408232702042974,0.05598518394504925
3157,0.05540791559419545,0.05598523402096094
3158,0.055407496390874764,0.05598497201676115
3159,0.05540725334883441,0.055984957185276595
3160,0.05540717950081305,0.05598496026885021
3161,0.05540694627874121,0.0559850521057478
3162,0.05540672746130903,0.055984913986140486
3163,0.05540651833919677,0.05598497338033609
3164,0.0554063306228576,0.055985084435776676
3165,0.05540611662798069,0.055985167894900295
3166,0.05540601419473577,0.05598515501509495
3167,0.055405876066268574,0.05598513854514524
3168,0.05540570929833095,0.055985072835411126
3169,0.05540568488130026,0.055985082836755067
3170,0.055405377717937285,0.055985199838153005
3171,0.0554052835739516,0.05598513341714732
3172,0.055405147951774134,0.055985134967327134
3173,0.05540500943498548,0.0559851040499154
3174,0.05540481846417739,0.05598507411699753
3175,0.05540449462965854,0.05598505842465668
3176,0.05540438624152425,0.055985081394853746
3177,0.055404030590578336,0.055985187464870086
3178,0.05540402581728005,0.05598518692944933
3179,0.055403956454382244,0.05598518513838934
3180,0.05540392788165691,0.055985189338113736
3181,0.055403678642303326,0.05598518135276501
3182,0.05540351910271024,0.05598511372950119
3183,0.0554032416481829,0.05598513149151674
3184,0.055402977046835264,0.05598501726481993
3185,0.05540278620758691,0.05598502324485617
3186,0.05540237914065229,0.05598465353135466
3187,0.05540204845545713,0.05598481903754846
3188,0.055401771168751716,0.055984721309036894
3189,0.055401711218653726,0.055984669347806035
3190,0.055401538979158026,0.05598464920129375
3191,0.05540110035021229,0.05598473081167505
3192,0.05540083958082861,0.055984687801470555
3193,0.05540061591823776,0.055984531272587255
3194,0.055400287337487045,0.05598452785613361
3195,0.055399935928286334,0.05598424170238208
3196,0.05539992942583593,0.05598423803861708
3197,0.055399750106369654,0.055984141493659295
3198,0.05539932506730056,0.055983902885019345
3199,0.05539906599563963,0.05598384973146807
3200,0.055398863549309764,0.05598373090176918
3201,0.05539853040218243,0.05598364219775253
3202,0.05539830044139915,0.05598359416876381
3203,0.05539825438228893,0.05598360346716802
3204,0.0553981862246237,0.055983656084253146
3205,0.05539809674876822,0.055983635850178314
3206,0.05539764467173709,0.055983689648365594
3207,0.055397464656466944,0.05598360452998718
3208,0.055397374516555874,0.055983648669783254
3209,0.05539706278594953,0.05598362694905892
3210,0.05539693920584702,0.05598359944251348
3211,0.0553967398962414,0.05598344472221064
3212,0.05539656575756364,0.05598340040500821
3213,0.05539635417742577,0.05598333241099032
3214,0.05539611001278059,0.05598316534771766
3215,0.055395747750065755,0.05598321857905832
3216,0.05539555623484272,0.05598326316737665
3217,0.055395335437137205,0.055983191551380235
3218,0.05539509230206912,0.05598324939953594
3219,0.05539467979919495,0.05598306092491388
3220,0.055394373813908306,0.055982948143483265
3221,0.05539423192758157,0.055983006134283
3222,0.055394131810510734,0.05598291236379479
3223,0.055393832083482655,0.05598282540259685
3224,0.05539349875416476,0.0559826773791852
3225,0.05539334956850798,0.05598267221325985
3226,0.055393158347354164,0.05598262167416978
3227,0.05539306919951057,0.055982614322537504
3228,0.05539295928814248,0.05598254938754028
3229,0.05539292891703926,0.055982536912065034
3230,0.05539262044582461,0.05598263397132644
3231,0.05539232576116944,0.055982680426798444
3232,0.05539195866452042,0.055982614587592835
3233,0.055391632916985976,0.055982551772079905
3234,0.055391460756865074,0.0559825694540277
3235,0.05539131171187461,0.05598257340647564
3236,0.055391108665902876,0.05598262035225755
3237,0.05539088904619636,0.055982596153671085
3238,0.055390581940676746,0.055982646646770585
3239,0.05539026277653287,0.05598275895451879
3240,0.05538987964676176,0.055982724754268916
3241,0.05538980978915378,0.05598272587392012
3242,0.055389767906284464,0.05598273418199018
3243,0.05538940575842502,0.0559826350727792
3244,0.05538915418105148,0.05598254092385627
3245,0.05538878444934545,0.05598254194987214
3246,0.055388462182136985,0.05598260729846921
3247,0.05538838738221793,0.05598256630686528
3248,0.055388337525936776,0.05598256294187243
3249,0.0553881492181759,0.05598266554047434
3250,0.05538784744452761,0.05598263960847443
3251,0.05538745379327055,0.05598256995922375
3252,0.0553871125549352,0.0559825616367156
3253,0.05538704770617993,0.05598255896092501
3254,0.05538668314823464,0.05598264425919065
3255,0.05538653654116254,0.05598255615397156
3256,0.05538626070146342,0.055982535427634976
3257,0.055386194702062276,0.05598254799556823
3258,0.05538599670015867,0.05598254758641495
3259,0.05538584292415327,0.05598249321834859
3260,0.05538566006034733,0.05598252442132616
3261,0.055385588390232325,0.05598253201444666
3262,0.05538536132221639,0.05598262717698232
3263,0.055385224478765385,0.05598268556572642
3264,0.05538486033192955,0.05598272930475125
3265,0.0553846332109073,0.0559828016371976
3266,0.05538461011489009,0.05598279121067322
3267,0.05538424368421038,0.05598272653462341
3268,0.05538410375675344,0.05598279003579638
3269,0.05538401265346821,0.0559827167707473
3270,0.055383674756641445,0.05598265098622832
3271,0.05538342505961568,0.05598266773956402
3272,0.05538325305572346,0.05598256340276285
3273,0.0553830193456653,0.05598252651993292
3274,0.05538291852138903,0.05598248747965061
3275,0.05538278242661168,0.05598245743098108
3276,0.05538258412997604,0.055982496874940876
3277,0.05538235005614719,0.055982475935149434
3278,0.05538221282534241,0.05598254558079571
3279,0.0553820111266931,0.05598259980112886
3280,0.05538171458572249,0.0559825922863508
3281,0.05538167465019551,0.05598260546984658
3282,0.055381469027602485,0.055982723142318766
3283,0.0553810498639351,0.05598272269022272
3284,0.05538090153002595,0.05598267537554954
3285,0.055380674911387165,0.05598264858312041
3286,0.05538041237310114,0.05598260684163865
3287,0.05538035954158969,0.05598260170052122
3288,0.05538010527461707,0.0559824808649988
3289,0.055379998708758364,0.055982380714638756
3290,0.055379855638724426,0.05598238822119772
3291,0.05537943878299795,0.055982316875007807
3292,0.05537942548307026,0.05598232891401488
3293,0.05537930326319668,0.05598227878093503
3294,0.0553790958608863,0.05598209759290035
3295,0.05537891786337732,0.055982085903197684
3296,0.055378681389694026,0.055982168732504535
3297,0.055378518157114684,0.05598209630500053
3298,0.05537835848357466,0.05598212804184248
3299,0.05537823498235477,0.05598210799732723
3300,0.05537798497333841,0.05598204613125922
3301,0.05537782581409759,0.05598200280194319
3302,0.05537773112435204,0.05598202854714613
3303,0.05537749223775187,0.05598199724518533
3304,0.05537728184048731,0.055982148534329985
3305,0.05537711920240926,0.05598228101270505
3306,0.05537711182812158,0.055982280651046275
3307,0.05537698997402481,0.055982397114680525
3308,0.055376882803588705,0.05598237193958167
3309,0.05537672158709067,0.05598246473490552
3310,0.05537637216035842,0.05598236917359577
3311,0.055376148376279924,0.05598225917763376
3312,0.05537569407469949,0.05598213049090431
3313,0.055375366304958436,0.05598216551227949
3314,0.055375248649559505,0.05598212005540432
3315,0.055375058153360995,0.055982029443274496
3316,0.055374875960462304,0.05598202800192707
3317,0.05537468933919408,0.05598183722208746
3318,0.055374441250765634,0.05598180609221551
3319,0.055374400383578645,0.05598177365094249
3320,0.05537431178747953,0.05598176303363495
3321,0.05537410658166066,0.05598167021427126
3322,0.055373881361118565,0.055981674536967604
3323,0.05537369535190744,0.055981695492343
3324,0.05537349512761674,0.0559817637146588
3325,0.055373297961994056,0.05598181775719283
3326,0.05537309680619714,0.05598194368824029
3327,0.05537296669545649,0.05598192275867896
3328,0.055372621201560196,0.05598194039462801
3329,0.05537229738597271,0.055981975002529376
3330,0.055372108932340694,0.05598197226653179
3331,0.05537207001004697,0.055981943999772715
3332,0.055371802249595446,0.0559820377843336
3333,0.055371582145050835,0.05598201001929844
3334,0.05537155251159885,0.055982008624388166
3335,0.05537154420829808,0.05598201460169609
3336,0.055371191236633324,0.05598202964776643
3337,0.05537112727541675,0.0559820325929698
3338,0.05537067668062906,0.05598212763353896
3339,0.055370445362915986,0.05598230432433595
3340,0.05537034539363169,0.05598230328877913
3341,0.05537011878696685,0.05598228416876839
3342,0.05536991944637916,0.05598227648949405
3343,0.055369888397888846,0.055982303856216026
3344,0.05536969324681264,0.05598233964206483
3345,0.05536947404200344,0.05598237210932802
3346,0.055369276090500776,0.05598228150773703
3347,0.05536896296885266,0.05598225139414256
3348,0.055368694952606656,0.055982212980780086
3349,0.055368235328632255,0.05598215540648173
3350,0.055367819025683794,0.055981947190030586
3351,0.05536749238680574,0.0559820050305341
3352,0.055367311184762236,0.055981995656997255
3353,0.055367160081708756,0.05598207037745256
3354,0.05536709606573845,0.05598205838496305
3355,0.05536684793308284,0.05598204223637076
3356,0.055366783676832114,0.055982030619381035
3357,0.05536663159252298,0.05598191934374376
3358,0.05536639135096088,0.05598184282310671
3359,0.05536602093492618,0.05598188882962248
3360,0.05536586756317474,0.05598184724505114
3361,0.05536560891605356,0.0559820217004684
3362,0.055365209121940435,0.05598212894238618
3363,0.05536486736532899,0.05598207761711346
3364,0.05536468519782189,0.05598215130419243
3365,0.055364650095472756,0.05598215266861581
3366,0.055364490379929486,0.05598217991249462
3367,0.05536414540085716,0.055982018155680775
3368,0.055364111609870606,0.055982023820019794
3369,0.05536379158944315,0.0559819941769363
3370,0.055363500595683936,0.055981913740822994
3371,0.055363252040595654,0.05598194106276152
