0,0.16291904492526207,0.16309834505701962
1,0.15971057688938006,0.15989412686918691
2,0.15659362253025286,0.1567801679294727
3,0.1534599219307858,0.15364793084355952
4,0.1504424282088588,0.15063216277035962
5,0.14763032967708575,0.1478223744056352
6,0.14485491831076738,0.1450496992378551
7,0.1422148130753986,0.14240800629452655
8,0.1395903970496155,0.13978356386551669
9,0.13698672546566348,0.1371844604790136
10,0.13442438845378457,0.13461789582473235
11,0.1318281519436689,0.1320168280466202
12,0.1293817933019159,0.12956870393355904
13,0.12711945980246583,0.12730491117938036
14,0.12484299508196096,0.1250257965728001
15,0.12260146397845684,0.12278221018477342
16,0.12054473265199524,0.1207227306647996
17,0.11838548929516189,0.1185631099277748
18,0.11627194942683265,0.11644903688187706
19,0.11432051812753116,0.11449660515258601
20,0.1123851675401213,0.1125584180593269
21,0.11043771109291309,0.11060919749592857
22,0.10863215285489007,0.10880423784782213
23,0.10684157357517698,0.10700842704957803
24,0.1050825866145741,0.10524614675520627
25,0.10344118012206967,0.10360401460519884
26,0.10188499438029607,0.10204609779509476
27,0.10040107098053556,0.10056071724136582
28,0.09878001315109611,0.09893333463983157
29,0.0972811487365275,0.09743181043138745
30,0.09576147228336723,0.09590670280241496
31,0.09435921910681612,0.09450261523885678
32,0.09300808810708638,0.09314905253368137
33,0.09170183515437963,0.09184247551300043
34,0.09051391271104375,0.09065004489342326
35,0.08925901028294339,0.08938839333054803
36,0.08807085791747939,0.0881965710599376
37,0.08686503299114184,0.0869859702390706
38,0.08576061532698587,0.08588248684487487
39,0.08467770099547553,0.0847967364494542
40,0.08359303029879217,0.08370991080599283
41,0.0826962681350067,0.08280979919824659
42,0.08168459351693996,0.08179197032776529
43,0.0807563889535492,0.08086414698372854
44,0.07989270252112975,0.07999682807706593
45,0.07906689632696753,0.07917006685627614
46,0.07823514116143887,0.07833540365118881
47,0.0773810740080316,0.07747646759340855
48,0.07662933817784334,0.07672170521796343
49,0.07585705487241935,0.07594627596402814
50,0.07514092388005224,0.0752256642515476
51,0.07440654410419104,0.07448610260058669
52,0.07371127632963946,0.07378872840556326
53,0.0730230154327368,0.07309900023704738
54,0.07236548736610948,0.0724407938468372
55,0.07181585355233358,0.07188885289879524
56,0.07120978194613392,0.07127757737346732
57,0.07066307691198735,0.07072965089884682
58,0.070092882351135,0.0701574926097321
59,0.06954765133086441,0.06961147837951256
60,0.06902536174638033,0.06908584055886108
61,0.06852966878649708,0.06858813327927427
62,0.06808513089021305,0.06814019696439856
63,0.06765061317712295,0.06770393244108858
64,0.06723041142059176,0.06728092114188344
65,0.06680499779748503,0.0668526397622868
66,0.06645872701402761,0.06650651287580418
67,0.06609500424447311,0.06614288207506139
68,0.06572229283973925,0.06576893258771321
69,0.06537792929266246,0.06542491322240748
70,0.06504417450239934,0.06508864807520358
71,0.06470789006717387,0.06475080002843282
72,0.06440434640924637,0.06444522206117664
73,0.064114262477023,0.06415199874649129
74,0.06383696358899324,0.06387464448021486
75,0.0635634842037613,0.06359957884617237
76,0.06330214157476179,0.06333738453490304
77,0.06303946379236185,0.06307144320421265
78,0.06278678285061372,0.06281801027989177
79,0.06256712116677773,0.06259998405736
80,0.06233758951238012,0.062367561296457374
81,0.06211473202946392,0.06214412143954045
82,0.061903810271809495,0.061931409976145664
83,0.06171746893406994,0.06174447323276938
84,0.061523565557955136,0.06154940642924827
85,0.06134149857040942,0.061366856610700696
86,0.06115745873562172,0.06118266438295839
87,0.0609859728607822,0.06100859152851141
88,0.06082471668080607,0.060845456274888306
89,0.06067143969311031,0.06069240802305668
90,0.06051785875641325,0.0605377806643546
91,0.06038293800917511,0.060403401757103736
92,0.06024261531466043,0.06026053252443714
93,0.06010937004763317,0.06012593482586061
94,0.059991022469189366,0.060006361252521095
95,0.05987803896724644,0.05989332431091268
96,0.059756168921220244,0.05977069882201796
97,0.059647567157355426,0.059659980498547045
98,0.0595403755263092,0.059552679124597614
99,0.059428686032744656,0.05943945840746237
100,0.05933776077531238,0.05934742963519671
101,0.05923567390544501,0.05924404666095173
102,0.05914995597023121,0.059157366237915406
103,0.059057437530961536,0.05906413402018156
104,0.05897225593848422,0.058978296567894155
105,0.058888783012209685,0.05889414824104892
106,0.05880544238372319,0.05880959369103595
107,0.058731511000843714,0.05873529042886273
108,0.05866166925267164,0.05866422131868845
109,0.058595640908455635,0.05859653812773879
110,0.05852936962881227,0.05852955466419523
111,0.0584743214353492,0.05847466350304822
112,0.05841026070086575,0.0584096278961031
113,0.05834892544272757,0.05834720174430609
114,0.05829267933288223,0.058289730019784165
115,0.058239209757272765,0.058234931953012645
116,0.058188946358616205,0.05818517372172162
117,0.05814367202959576,0.05813893188720842
118,0.0580964861061117,0.05809188803240832
119,0.05805611200163409,0.05805142622495254
120,0.05801040488693119,0.05800518145637837
121,0.057969062431325956,0.05796324040157805
122,0.057926732876207775,0.057920218061694576
123,0.05789085029382231,0.05788389382077829
124,0.05785100287398198,0.057843173401499484
125,0.057815264548052685,0.05780746141833264
126,0.05778069053551161,0.05777292579469316
127,0.05774589466370077,0.057737296763513905
128,0.05771261071671342,0.05770349535183008
129,0.05768111282517757,0.05767129029401011
130,0.0576528104328881,0.05764180365439094
131,0.05762447098206626,0.05761326012944449
132,0.057594637346616614,0.05758355665786212
133,0.05756687412678064,0.05755446888799445
134,0.057540932086388275,0.05752929582610436
135,0.05751710899540913,0.057504560785637884
136,0.05749189105008748,0.05747907648962676
137,0.05747089075035628,0.05745778465719333
138,0.05744827534686453,0.05743478903621403
139,0.05742555231144955,0.057411176026866836
140,0.057402366815331916,0.057387893659321856
141,0.05738291625960358,0.05736823377640012
142,0.05736307981201446,0.0573476804334871
143,0.05734419197230671,0.057328487280047816
144,0.05732695659662948,0.05731138047359493
145,0.057309732890493445,0.05729352899512516
146,0.05729252353378105,0.05727582935623912
147,0.05727612946804975,0.057259436464651925
148,0.057261212705412526,0.05724467236667344
149,0.05724502230378895,0.057227950158779
150,0.05723027059979823,0.05721304832315942
151,0.05721720586376088,0.057199354053868515
152,0.05720332493036707,0.05718512817917933
153,0.05718866178591347,0.05717009319284559
154,0.05717692631592518,0.0571584063931601
155,0.05716287925159918,0.05714378447517505
156,0.05714976566037631,0.05713026793582755
157,0.057136693874535606,0.05711752707243605
158,0.05712335271231038,0.05710350597658795
159,0.05711132548052084,0.05709128806270086
160,0.057098504717330294,0.057078355728403425
161,0.05708681200765502,0.057066216244532765
162,0.057076678268743915,0.057055795762103435
163,0.057065939175677094,0.05704530980415131
164,0.05705568541723884,0.05703484859331703
165,0.057044263976177415,0.05702284184283152
166,0.057035622333458734,0.05701395188989441
167,0.05702527225277049,0.05700308667592495
168,0.05701649088948065,0.05699388098034231
169,0.05700659249449114,0.05698396925458524
170,0.05699776485386506,0.056976324756560705
171,0.056988975221395004,0.05696687883997447
172,0.0569798823386131,0.056958393300931505
173,0.0569706065131898,0.05694901735282626
174,0.056963087952368346,0.05694165782062261
175,0.05695417727398226,0.05693249135296824
176,0.05694685574402201,0.056925285144069686
177,0.056940045762376774,0.05691859785567051
178,0.05693294338744062,0.056912047567912814
179,0.05692612560902715,0.05690522788982301
180,0.05692078260177482,0.056900044828801496
181,0.0569152414356346,0.056894474244797925
182,0.056907806960759505,0.056886960169511766
183,0.05690201783499638,0.056881034775848
184,0.056896327355629994,0.056875579815018326
185,0.05688995647441812,0.05686860175252309
186,0.0568843016693531,0.056862830217590234
187,0.056879105586292535,0.05685763388283935
188,0.056872801305792746,0.05685095326484272
189,0.056867811369167194,0.056845955908657576
190,0.05686300780470425,0.05684137788436252
191,0.056856999486824995,0.05683522837445062
192,0.05685169218218673,0.05683039568521977
193,0.056846070310916375,0.05682448384793722
194,0.056842385846765174,0.05682130783539404
195,0.05683687878238742,0.05681547929082297
196,0.05683183079696829,0.05681045305228091
197,0.05682701903481016,0.056805547025560975
198,0.05682265132672123,0.056801301017515515
199,0.056818017920153036,0.05679707434141864
200,0.056812985680887426,0.0567917197257532
201,0.05680908771173814,0.05678768505752591
202,0.05680442504318769,0.056782633166521795
203,0.05680039896238828,0.05677882431448832
204,0.05679737867499517,0.056775983211351265
205,0.05679286752632372,0.056771115640333776
206,0.05678879974638083,0.05676721315577376
207,0.05678379097107205,0.05676224802236879
208,0.056779934146408216,0.056758165065646085
209,0.05677658683922023,0.05675477477588839
210,0.05677147635289347,0.05674994596352779
211,0.05676762939611026,0.05674608780555705
212,0.056762434065793094,0.056741321287216914
213,0.05675867920362687,0.05673735439749608
214,0.056755991793543924,0.056734660292292835
215,0.0567530403256865,0.056732098148570706
216,0.056750886729260375,0.05672999267366729
217,0.05674832515266356,0.05672791497674113
218,0.05674479459246416,0.056724396122367855
219,0.056742222596513306,0.056722108469385746
220,0.05673963997462079,0.05671973924048888
221,0.05673617620228351,0.05671643630569929
222,0.056734059051053075,0.05671422234632967
223,0.05673106696300675,0.05671102667760057
224,0.05672791383961943,0.05670744596210551
225,0.056724893648887116,0.05670440998270298
226,0.05672235702220992,0.05670187907284773
227,0.05671953892877668,0.05669926492403028
228,0.056715423039759155,0.05669469650507155
229,0.05671212138580812,0.05669135459424974
230,0.05670824435623339,0.05668728917043528
231,0.05670533963993883,0.05668447534407126
232,0.05670227675893416,0.056681396413484755
233,0.0567000461542252,0.05667922231688512
234,0.05669736784265752,0.056676607841300165
235,0.05669429968563595,0.056673845969880836
236,0.0566918589332064,0.0566715417352739
237,0.0566885484521174,0.05666791273095997
238,0.05668594643915563,0.05666568728713673
239,0.056682255575649626,0.05666266681557389
240,0.05667979162248831,0.056660118098341976
241,0.05667739571575626,0.05665810356329615
242,0.05667486199653724,0.05665565723195454
243,0.056670945538082114,0.05665175210322084
244,0.0566682193453626,0.056649101469915496
245,0.05666556558466523,0.05664683685409684
246,0.05666284170692405,0.05664427826155446
247,0.05666050426497042,0.05664241313563636
248,0.05665868940274174,0.0566410524501082
249,0.05665641342760236,0.056638616580131036
250,0.05665423335276949,0.0566365970931984
251,0.05665269911552238,0.0566353037293026
252,0.056651079278241055,0.05663358901907321
253,0.05664846049467128,0.0566307249227105
254,0.056646163063377816,0.05662896475600364
255,0.05664464324621507,0.056627506391524446
256,0.05664308706278398,0.056626107367130044
257,0.056640921659006686,0.05662422066824833
258,0.05663905234116848,0.056622322695057646
259,0.05663644034361797,0.056620356336154046
260,0.0566348808959686,0.056618735474406046
261,0.05663264625302302,0.05661664882922135
262,0.05663127163374031,0.05661565658225373
263,0.0566293200143077,0.056613749420610676
264,0.05662681225503604,0.05661127456893189
265,0.05662496786429722,0.05660958437846043
266,0.05662287532063262,0.056607643568444964
267,0.05661933133673514,0.056604813383328706
268,0.05661669724052808,0.05660227868042532
269,0.05661426055875804,0.056599802554824066
270,0.05661186123832178,0.05659749311770318
271,0.056609034600823914,0.056594804385635716
272,0.0566070568467881,0.056592867922126686
273,0.056605882507919966,0.056591827305158784
274,0.05660309815624256,0.05658907345493951
275,0.05660083568113494,0.05658684908055212
276,0.056598968690084066,0.05658499791481632
277,0.05659745874565956,0.05658381268689659
278,0.05659592291451887,0.05658238059107362
279,0.05659446860006263,0.056581125079809766
280,0.05659268080584687,0.05657919607087668
281,0.05659132317995821,0.05657788574838218
282,0.05659004214751548,0.05657661631291737
283,0.05658856046350241,0.05657546379666053
284,0.05658631172640216,0.05657367307639346
285,0.05658446174678377,0.05657198657260041
286,0.05658320846836137,0.05657088571899253
287,0.056581683251893854,0.05656967260879204
288,0.05658042662448323,0.05656849688722551
289,0.0565787029079471,0.05656656401579409
290,0.05657702795917,0.05656497725746011
291,0.056575871001100245,0.05656420444480782
292,0.05657335505047601,0.05656159644324322
293,0.056571651782267855,0.056560591301553234
294,0.05656937901755888,0.05655829940182637
295,0.056567114098092085,0.05655649205457817
296,0.056565917641033595,0.056555421617013324
297,0.05656277561813905,0.05655256756889971
298,0.056561589264821625,0.05655164408411505
299,0.05656042088091124,0.056550489039107144
300,0.05655909722318484,0.05654932069650635
301,0.05655768671076132,0.05654808588291962
302,0.0565559795684511,0.05654621156376593
303,0.05655456934794431,0.05654489518221238
304,0.05655248314445309,0.056542666912330064
305,0.05655112500724199,0.05654185841017124
306,0.05654932282645121,0.05654016455586105
307,0.056548038379668625,0.05653904894706599
308,0.056545721052021145,0.056536899784350315
309,0.05654442051571591,0.05653556920827322
310,0.056542995889262745,0.05653444843842727
311,0.05654140877170233,0.05653306923181337
312,0.05653972875013851,0.05653151068349938
313,0.05653866711787458,0.056530887573205214
314,0.05653707739826816,0.0565294627757685
315,0.05653558598142562,0.05652809536557119
316,0.05653409080192002,0.05652686775957133
317,0.0565315171310517,0.056524642813383694
318,0.05653007109553657,0.056523348571789624
319,0.05652928510970377,0.0565228073717566
320,0.056527481562315574,0.056521170663769556
321,0.05652599086952711,0.05652020142298899
322,0.05652498198052068,0.056519348343557124
323,0.05652489310469599,0.056519229248453706
324,0.056523871542912156,0.056518509205114725
325,0.05652268943345951,0.05651752182945308
326,0.05652113393680143,0.056516144605763104
327,0.05651974967668928,0.05651477839834489
328,0.056519016659232674,0.05651420303282147
329,0.056517457878438496,0.0565125722775412
330,0.056515626996737435,0.056510900599836204
331,0.056514011917060576,0.05650918409418475
332,0.05651257157049515,0.05650791936940272
333,0.05651137712270722,0.05650699576562754
334,0.056510313202633056,0.05650613170164829
335,0.05650950143959499,0.05650565401253115
336,0.0565084977685087,0.05650483936392306
337,0.05650658436506656,0.0565032925146045
338,0.05650574102957958,0.05650269053014329
339,0.056504840848970186,0.05650222357875069
340,0.05650410573450904,0.056501878368955025
341,0.056503249639365295,0.05650127635949673
342,0.05650231908542906,0.056500375927458234
343,0.05650072312114634,0.05649945088720976
344,0.05649949078443651,0.05649849010748986
345,0.05649852868736648,0.05649761541844195
346,0.05649733649057364,0.056496560642983376
347,0.056495811459173116,0.05649546169614094
348,0.05649345380091321,0.056493397878928486
349,0.0564933944601253,0.05649333167475453
350,0.05649280285857775,0.05649274147026209
351,0.05649110548432964,0.056491212296443244
352,0.0564902416408254,0.05649043972673768
353,0.056489422585494456,0.05648978319857165
354,0.05648886386232396,0.05648932565686499
355,0.056486678592836785,0.05648747110460361
356,0.056485881893867364,0.05648696596845619
357,0.05648482381247818,0.05648607550024897
358,0.05648401915614798,0.056485203703067866
359,0.05648309828762492,0.05648443505116456
360,0.05648172129811309,0.056483329341873986
361,0.05648064305826751,0.05648221746204545
362,0.056479808588765466,0.056481462713305224
363,0.056478805742256125,0.05648073042251006
364,0.05647790723463701,0.05648000287884455
365,0.05647698757018765,0.056479410989776116
366,0.05647610388772639,0.056478591213113584
367,0.056474916505675904,0.05647766737754372
368,0.05647357880297742,0.0564767190534861
369,0.05647295665288344,0.05647637881782479
370,0.05647193585222112,0.056475678337271844
371,0.05647067925527923,0.05647471197358781
372,0.05646810140941197,0.05647231156276299
373,0.05646589910321652,0.05647042811558308
374,0.05646513072728281,0.05646974944705576
375,0.05646428117502553,0.0564691151033241
376,0.056462988297350365,0.056468119836467885
377,0.05646210383450232,0.05646742245531245
378,0.05646129333483469,0.056466949743430764
379,0.05645934843625235,0.056465214994181966
380,0.056457164104729146,0.056463182390156824
381,0.056456511108429835,0.05646263236529518
382,0.05645570380766869,0.056461912134547806
383,0.05645327313879114,0.05645982689671077
384,0.05645226445942828,0.05645896838911462
385,0.056450689358845646,0.056457319101388535
386,0.0564498758881424,0.056456762325594184
387,0.05644822648817989,0.056455417878600034
388,0.056447423832816715,0.056455072087034666
389,0.05644599765424595,0.05645387996752841
390,0.05644547597638892,0.05645347658657642
391,0.056444955651312606,0.05645318417948919
392,0.056443382669071646,0.05645172743985988
393,0.05644247699728499,0.0564510720950765
394,0.05644166070344242,0.05645055370608846
395,0.056439603059767224,0.056448892841905664
396,0.056438933053212896,0.05644817863141565
397,0.05643744850469557,0.056447047424690616
398,0.056437208308965967,0.05644687448401818
399,0.056436033362494094,0.056446004979845095
400,0.05643434748710499,0.05644433252101946
401,0.05643225994665222,0.056442503769551865
402,0.05643215964603263,0.056442404696877335
403,0.05643126669390988,0.05644203974323904
404,0.05643061411027267,0.05644159970073375
405,0.05642964723052302,0.056440985131635105
406,0.05642882116941829,0.056440544445577064
407,0.05642786350909614,0.05643985364051313
408,0.056426187662047794,0.05643872316066818
409,0.05642586288158331,0.05643845883998479
410,0.05642524352000566,0.056437916266201316
411,0.056423747542867456,0.05643672710970451
412,0.05642257942496195,0.05643607221793385
413,0.05642153508543611,0.05643506424694114
414,0.05642075669527547,0.05643445620747856
415,0.05641995343295771,0.05643375818702322
416,0.05641897438764388,0.05643342264900775
417,0.05641853784401292,0.05643312739736738
418,0.056416472881001475,0.056431502034525946
419,0.056414892260243224,0.056430559711843846
420,0.05641411199054744,0.0564301224708069
421,0.05641326732846792,0.056429296495214824
422,0.05641175658524027,0.056427960935024765
423,0.056411208813249764,0.056427537376932874
424,0.05641001696707707,0.05642634940140847
425,0.056409061069434295,0.05642605649290304
426,0.0564084252014969,0.056425653195950824
427,0.056407692577058195,0.05642498155241544
428,0.05640704315971669,0.056424732685919306
429,0.056405967927253546,0.05642390343049728
430,0.056405039790753016,0.0564232989822469
431,0.05640417192238949,0.05642249242018163
432,0.05640369774097076,0.05642206255752996
433,0.056403192061492774,0.056421739687311345
434,0.05640312545763917,0.056421669694824955
435,0.05640234031012519,0.05642118260217259
436,0.05640149191871455,0.056420534140325385
437,0.05640050472342915,0.056419693380825246
438,0.05639873578416084,0.05641821743044856
439,0.056398374971632095,0.056417818181967304
440,0.05639721375391772,0.056416736371750494
441,0.05639625780183596,0.05641623534310928
442,0.056395534296351205,0.056415631238708054
443,0.05639461600453349,0.056414900792121775
444,0.056393933761967,0.05641436460822159
445,0.05639309194024702,0.05641361382195145
446,0.056390626682277026,0.05641113581695717
447,0.056389055233445555,0.056409684393633405
448,0.05638800705929068,0.05640883254871621
449,0.05638698043662568,0.05640838247601396
450,0.0563863767724639,0.05640832013083535
451,0.05638563417850991,0.056407764302217604
452,0.0563847411466476,0.0564071604652824
453,0.05638382155338111,0.05640635179562643
454,0.05638267746472745,0.056405316164530366
455,0.05638184448504887,0.05640458576596362
456,0.05638129368564333,0.05640407763921503
457,0.056380451220278766,0.0564036654840012
458,0.056380056296034306,0.05640341835776756
459,0.056379494670276364,0.05640326920848706
460,0.05637881022262241,0.05640271633890826
461,0.05637757271675285,0.05640171382246064
462,0.05637692851942356,0.05640124111326068
463,0.05637564597792281,0.056400510255445735
464,0.056374488655066855,0.0563996974307245
465,0.05637382730263913,0.05639921453870619
466,0.056373308943084614,0.05639908429849722
467,0.05637230388834344,0.056398238865888725
468,0.056371411916385936,0.056397356509743465
469,0.05637131432427474,0.05639726365546695
470,0.056370641274661196,0.05639683479188994
471,0.05636988498932322,0.05639657469466483
472,0.05636949385423185,0.05639620152723092
473,0.05636893216527299,0.05639575365596829
474,0.05636878537725603,0.05639569218003673
475,0.056368146393119475,0.05639560636227661
476,0.056367598967444074,0.05639518264077857
477,0.056366554770114645,0.05639469883033201
478,0.05636464043363603,0.05639295148097281
479,0.05636423215972271,0.05639259941240638
480,0.05636362016038762,0.05639200609792448
481,0.05636293348704504,0.056391563268337594
482,0.05636185112741023,0.0563907070091966
483,0.05636079252776489,0.05638998537826628
484,0.0563600231278663,0.05638966259070999
485,0.05635837387342944,0.056388209267005496
486,0.0563577216551162,0.05638758895347988
487,0.0563567627528909,0.05638716324583946
488,0.05635591440959851,0.05638649689791423
489,0.05635485874379627,0.05638568510771354
490,0.056353965241669746,0.05638517226646255
491,0.05635317222016632,0.05638479048253564
492,0.056352324867518344,0.05638398451179612
493,0.05635150112137006,0.056383457060027696
494,0.05635041712382145,0.056382687136404985
495,0.056349197377643746,0.05638185531737746
496,0.05634763608995141,0.056380355396030236
497,0.056347190284544366,0.05638030775214231
498,0.05634653588656271,0.0563800362100572
499,0.05634556632885345,0.056379446345939874
500,0.05634494220327329,0.05637884629996086
501,0.056344226520180375,0.05637869449553925
502,0.05634325395951628,0.05637818913811063
503,0.05634256638776095,0.05637768446927083
504,0.056341937031965106,0.056377565664063885
505,0.056341447679768744,0.05637734644990581
506,0.05633942063929842,0.0563755141368232
507,0.05633884856831616,0.05637543537933761
508,0.056338080784612804,0.05637467720305338
509,0.056336853220526464,0.05637373546513906
510,0.05633632902904151,0.056373446158394125
511,0.05633549323629307,0.0563726934447407
512,0.05633521011335246,0.05637251533282263
513,0.05633415065166511,0.05637172430538495
514,0.05633334934190293,0.05637118891319646
515,0.056332432234793346,0.05637051490974872
516,0.056331902497294986,0.05637035972264192
517,0.056330207147303406,0.056368655533397205
518,0.05632978555379726,0.056368500000123625
519,0.05632893152861089,0.05636832939476136
520,0.05632817770107906,0.05636823189078432
521,0.056327428849229366,0.05636764241824716
522,0.05632588717940636,0.056366185288526875
523,0.05632572288371465,0.05636610595319612
524,0.0563249817047878,0.05636549560576553
525,0.05632417832839432,0.05636521488383605
526,0.056324005103481255,0.05636512242992211
527,0.056322836490312035,0.05636423321347693
528,0.05632202468228363,0.056363648758015764
529,0.056321138123245504,0.056363470074982186
530,0.056320506514367374,0.05636317614369435
531,0.05631996618507564,0.05636271044237458
532,0.056319204645809216,0.05636235243681203
533,0.05631856624895891,0.056361854353648294
534,0.056317523536864714,0.056361234703641724
535,0.05631641563874275,0.056360983660299624
536,0.056314877398728404,0.0563600372055267
537,0.056313724239127935,0.05635902158363543
538,0.05631330212684088,0.05635866297175768
539,0.056312680040272935,0.0563582237137678
540,0.056311971884393505,0.05635801584402115
541,0.05631000980320673,0.056356225020338976
542,0.056308351789909096,0.05635488158270616
543,0.056307576080637765,0.05635452520598407
544,0.056307175137482006,0.056354378563940016
545,0.05630598836376612,0.05635346774407552
546,0.056305154504884145,0.05635318571633977
547,0.056304058707989595,0.05635209985591332
548,0.056303390870945234,0.056351845862655514
549,0.05630252017027949,0.05635136958349236
550,0.05630158878279441,0.056350554211141546
551,0.05630096631032864,0.05635010672344148
552,0.056300096107522554,0.05634937062060954
553,0.056299813872424,0.05634919070659387
554,0.05629902096894098,0.056348851534051926
555,0.05629768519225639,0.05634787252873036
556,0.056297061403982517,0.05634762350347364
557,0.0562961836449041,0.056347107961189
558,0.056295933090910175,0.056346879196155705
559,0.056295052859194804,0.05634640538067337
560,0.056294196814359806,0.0563455837767648
561,0.05629329271062899,0.05634501548261718
562,0.05629250186528339,0.05634430305143452
563,0.05629201782024958,0.05634403688875165
564,0.056291298460705436,0.056343727905916074
565,0.05629049962075889,0.05634314158697215
566,0.05628961516402521,0.05634234435330495
567,0.05628875261990999,0.05634210389519086
568,0.056287786407682956,0.056341867090933785
569,0.05628661021098387,0.05634100657221
570,0.05628593536171682,0.056340537515754616
571,0.05628522583346253,0.056340370866429
572,0.05628475826016156,0.056340250430668856
573,0.05628460169224055,0.05634021868096936
574,0.056283609619107215,0.05633946073071028
575,0.056283019402492765,0.0563394088740812
576,0.05628273807962469,0.05633917076430355
577,0.05628214547695434,0.05633882797604505
578,0.05628139963240192,0.056338457539219615
579,0.05628014179864838,0.05633725350130288
580,0.056278743909031266,0.05633630885132038
581,0.056277648320526244,0.056335421645206815
582,0.056276503216392486,0.056334823109694156
583,0.0562760884933831,0.05633478376191249
584,0.056275692260978345,0.05633468550692423
585,0.05627519212732326,0.05633445220581275
586,0.05627403435815368,0.05633336086458361
587,0.05627326271136105,0.056333223198549234
588,0.05627243396507673,0.05633284999787064
589,0.05627171176766721,0.05633241153936344
590,0.05627087858786242,0.05633206403633017
591,0.05627023549186385,0.05633183664568872
592,0.05626940364272814,0.05633160490812757
593,0.056268656739946896,0.05633113850120902
594,0.056267912344352765,0.056330623389465505
595,0.05626729936682474,0.05633027303198178
596,0.056266654300079905,0.05632967188872565
597,0.05626598231420475,0.0563291804056172
598,0.056265034007061766,0.0563283949879406
599,0.05626418703071218,0.05632795108174457
600,0.05626373334232142,0.05632751106243306
601,0.056263391514576794,0.05632718171625053
602,0.056262584357817856,0.05632644049428178
603,0.05626181250481852,0.056325868964260374
604,0.056260909108769595,0.056325279326535374
605,0.05626012541450275,0.056324808486645256
606,0.05625933853725057,0.05632436689574651
607,0.05625877425875963,0.05632414266405183
608,0.05625782663293538,0.05632363859344965
609,0.05625704729091696,0.05632301730800465
610,0.05625581691038898,0.05632225417089217
611,0.05625500483905753,0.05632187292089895
612,0.056254236909931636,0.05632128337949041
613,0.05625381030244209,0.05632113459104217
614,0.05625244983166946,0.05632016654067379
615,0.056251767003601294,0.056319375050361824
616,0.05625110478768954,0.056319050309977324
617,0.056249983870762424,0.05631809685590246
618,0.056249490334550525,0.05631793113291058
619,0.056248476095205155,0.05631713753573337
620,0.05624743392607142,0.0563162398668971
621,0.05624712149970537,0.05631615349383323
622,0.056246082501285086,0.05631538350457223
623,0.05624526737269682,0.056314598037987704
624,0.056244214949181345,0.0563138905651844
625,0.05624321303456703,0.05631301574006364
626,0.05624207572528722,0.05631252354008409
627,0.05624122108821347,0.056312295984435094
628,0.056240504190998596,0.056311805787564985
629,0.05624012669942804,0.05631155742723069
630,0.05623980979270134,0.05631138961121471
631,0.056238501853962564,0.05631032583170765
632,0.056237763371376134,0.056310155867228526
633,0.056237450699531656,0.05630982333952981
634,0.056236955730751416,0.05630947801197724
635,0.056235809460040115,0.05630894153590359
636,0.05623528684142257,0.05630870735025715
637,0.05623461367032104,0.05630826473575081
638,0.05623418034311707,0.056308161371745574
639,0.0562335202784843,0.05630777141025249
640,0.056232940383819374,0.05630741690630301
641,0.05623254275960411,0.05630710438380074
642,0.056231745258705015,0.0563066764815423
643,0.05623115384578993,0.05630639607619638
644,0.05623016661842045,0.056305807318188614
645,0.056229225631625614,0.05630501429101843
646,0.056228577344116404,0.0563044045949919
647,0.05622769783544799,0.056304305131010694
648,0.05622700442739105,0.05630396641836377
649,0.056226339699460164,0.0563036551105603
650,0.05622585651183417,0.0563033140231248
651,0.05622517254813088,0.05630317505509278
652,0.05622425228917377,0.05630256779794584
653,0.056224000187865684,0.05630248154922632
654,0.056223592979472846,0.0563023051142154
655,0.05622313243103822,0.05630197060260069
656,0.05622263877229551,0.056301871417628734
657,0.056222137256854335,0.05630154520722716
658,0.05622151750906805,0.0563012851013221
659,0.056220852402510395,0.05630101848513978
660,0.05622037452892164,0.056300756009546385
661,0.056219840746050125,0.05630047439366071
662,0.05621943509353177,0.056300405039863735
663,0.05621848523289329,0.05629956748783786
664,0.056218238684743134,0.05629950672812194
665,0.05621750371000113,0.05629910638370263
666,0.056216697203701926,0.05629843054431764
667,0.056216658134784686,0.05629843029486386
668,0.05621619782203218,0.056298316071647383
669,0.056216026183378315,0.05629827769219928
670,0.05621517456881486,0.05629796956201769
671,0.05621501240838459,0.05629791016997967
672,0.05621412843867314,0.05629787793480133
673,0.05621325900358094,0.05629718473087612
674,0.056212679089516444,0.05629687014596587
675,0.056211701141535356,0.056296452085180464
676,0.05621128814890802,0.05629623448075934
677,0.05621059315221384,0.05629556595758265
678,0.05620974696656327,0.05629480876216036
679,0.05620904538078801,0.05629444027419744
680,0.056208380684194245,0.05629430681894266
681,0.056207651485014956,0.05629374433583093
682,0.05620697147437321,0.056293369579293484
683,0.056206630419064665,0.056293082965313115
684,0.056205889005611284,0.056292268652494586
685,0.0562054203834107,0.05629204118066612
686,0.05620479758233801,0.056291565145882905
687,0.056204273203564144,0.05629146102328994
688,0.056203456304759765,0.05629076943215108
689,0.05620271817102448,0.056290339084811285
690,0.05620246409009461,0.0562903453985544
691,0.056202035161054396,0.056290328688051526
692,0.05620074956982635,0.05628984572406775
693,0.056199890872658476,0.056288949481022976
694,0.056199456469477375,0.056288971902918185
695,0.05619855065719864,0.056288088452575887
696,0.05619839713919965,0.05628802684541278
697,0.056198198625795344,0.05628789382404863
698,0.05619799928111113,0.05628776107240013
699,0.05619759911270387,0.0562875432197981
700,0.05619704905479233,0.056287615637650994
701,0.056195765344314946,0.056287153279875005
702,0.056194869923179826,0.056286530111851765
703,0.05619336605618717,0.056285468302451465
704,0.05619289832753017,0.056285439285462834
705,0.05619252245345056,0.056285306388055144
706,0.05619225851107588,0.05628517475342697
707,0.05619108346598048,0.05628433454169471
708,0.056190233897181203,0.05628353729385368
709,0.05618964798226669,0.05628330416083533
710,0.05618847325163226,0.05628231260058619
711,0.05618821792861983,0.05628221895993319
712,0.05618775186208851,0.05628181194486004
713,0.05618723562862486,0.05628153293289043
714,0.056186964852550376,0.056281466636268276
715,0.0561866979965825,0.05628151266068792
716,0.056185665445185246,0.0562804208318704
717,0.056185231022999,0.05628007808248096
718,0.05618479055112303,0.05627980857745753
719,0.05618378929489219,0.05627899451358899
720,0.05618334619641037,0.05627878342543836
721,0.05618290749891302,0.05627858533545872
722,0.056182353253800874,0.05627840016058527
723,0.05618187223371191,0.05627823511795044
724,0.05618120515622692,0.056277827527501406
725,0.056180977289939205,0.056277553161153855
726,0.0561800761746887,0.05627669521407977
727,0.05617890421370894,0.05627562514669362
728,0.05617807748795302,0.05627532648504973
729,0.05617716328657466,0.056274339618625685
730,0.05617706549457848,0.05627431045243703
731,0.0561763573502269,0.05627397566314869
732,0.05617586641049277,0.056273924356360666
733,0.056175393459551255,0.05627364765635891
734,0.056174707459536864,0.056273246946272025
735,0.05617379421386836,0.05627272665134508
736,0.056172835440922435,0.05627203798673657
737,0.05617260087489137,0.05627192250559631
738,0.05617213956622655,0.0562716785546777
739,0.056171655187541455,0.056271581326039356
740,0.056170834366700485,0.056271334284508485
741,0.05617067972978783,0.05627129367377892
742,0.056170250754391096,0.056271170793581946
743,0.0561698395297307,0.05627106062274221
744,0.05616911755471939,0.05627074274966459
745,0.05616901395692839,0.05627066699397067
746,0.05616834616827833,0.05627056218444045
747,0.05616767078934118,0.05626982417948836
748,0.056167042750082136,0.05626956032387303
749,0.05616609173322301,0.05626893121553826
750,0.05616490184004574,0.056267635107385874
751,0.0561637551639623,0.05626664158526578
752,0.056163092717289254,0.056266442398657475
753,0.05616219562089329,0.05626561777910668
754,0.056161993029648374,0.05626550156837834
755,0.05616157679392005,0.056265189577088884
756,0.056160762567623305,0.056264786690373166
757,0.05616039906656607,0.05626457312466614
758,0.056160366596336206,0.056264572835324385
759,0.05615979085568156,0.05626413067499325
760,0.05615863727587492,0.056263336457739635
761,0.05615781916640676,0.05626310452350682
762,0.05615750098161504,0.056262893125377016
763,0.05615673023523769,0.05626235570064461
764,0.05615654890885032,0.056262306423987433
765,0.056155853849826826,0.05626197100977346
766,0.05615514563439857,0.05626159180426311
767,0.05615484101013205,0.056261500064946214
768,0.05615398734718767,0.05626068327501124
769,0.056153539916456795,0.056260354840555214
770,0.05615285178436414,0.056260467155595933
771,0.056152792524121004,0.056260475744370306
772,0.05615214048149856,0.05626003930543485
773,0.05615191022471463,0.05626000246856266
774,0.05615157701374142,0.05625994147272327
775,0.05615110185639825,0.05625993395177471
776,0.05615045042515952,0.05625979138547421
777,0.05615017361937633,0.05625979222208009
778,0.05614974538013356,0.05625971027524008
779,0.056149492754822825,0.05625967606004334
780,0.056148773092211314,0.056258875562454416
781,0.056148283328048505,0.05625893993909994
782,0.05614820785819775,0.056258963725075044
783,0.05614789043478004,0.056258959464031
784,0.056147396532354225,0.05625887580627332
785,0.056146895777200126,0.05625857817183394
786,0.05614642483504597,0.056258283870545225
787,0.056146005624147205,0.05625802345967272
788,0.05614527448779585,0.05625749260441
789,0.05614430918334948,0.05625666936778704
790,0.05614398540466778,0.05625668877867566
791,0.056143355708553735,0.05625640705573066
792,0.05614266955973217,0.056255947061437765
793,0.056142316284764,0.05625574258402257
794,0.05614171929210291,0.05625552304300789
795,0.0561414752922324,0.05625547440892334
796,0.05614068966596365,0.056254981088144564
797,0.056140608239350395,0.05625495754064715
798,0.05614019911783246,0.05625497566087104
799,0.056139845666998,0.05625485159698932
800,0.05613921615709726,0.056254344664940885
801,0.05613841768836512,0.056253642418071625
802,0.0561376999325312,0.05625335302549682
803,0.05613724212722314,0.056253227476854635
804,0.05613667858129182,0.056253092146435126
805,0.056136006308740806,0.056252882175440784
806,0.056135342762693004,0.05625226953750191
807,0.05613470354650585,0.056252070400650715
808,0.05613451980502237,0.056251949694841076
809,0.056134144262987816,0.05625170856153257
810,0.05613322373994533,0.056251155282900894
811,0.056132876170837225,0.05625093635691055
812,0.05613229112804337,0.05625080423677595
813,0.05613121271866102,0.05625017387862906
814,0.056130825891319125,0.05625020888217499
815,0.05613049888112844,0.05625018715590017
816,0.05612995642353251,0.05624976188971896
817,0.056129365319321174,0.05624956940863343
818,0.05612888432805714,0.056249518210562684
819,0.05612885841118674,0.05624951676615641
820,0.05612837572057557,0.05624914378535655
821,0.05612777146668165,0.056248820271486984
822,0.05612642431545864,0.05624794980509225
823,0.05612590333034532,0.05624765057407104
824,0.056125057222370385,0.05624697793686774
825,0.05612434646296639,0.056246971931833756
826,0.056123038559851686,0.05624594470134727
827,0.05612273689096231,0.056245763863935275
828,0.05612251054421135,0.056245683208265444
829,0.056122136380544134,0.05624544083142164
830,0.05612166274662088,0.056245261438887445
831,0.05612119519415195,0.05624514638471385
832,0.05612065741930409,0.05624490661759962
833,0.05611997457605601,0.05624441333805362
834,0.05611915976497393,0.05624403758144239
835,0.05611872667249897,0.056243733576934817
836,0.05611869752686545,0.056243733152919966
837,0.056118071745207394,0.056243425471831685
838,0.05611754163072696,0.05624314841439507
839,0.0561170756227848,0.05624309941546527
840,0.05611646503862761,0.05624252100579189
841,0.05611589967080514,0.05624242458085201
842,0.05611581015997176,0.056242407486351044
843,0.05611555936760797,0.05624228638977303
844,0.05611542488053731,0.056242190401292955
845,0.05611498223360921,0.056242082752520184
846,0.05611446411359924,0.05624181098196575
847,0.05611379433852137,0.05624139250044063
848,0.05611352904157652,0.05624114952284944
849,0.056112403556365084,0.05624030220225773
850,0.05611195166303253,0.05623993624518834
851,0.05611141016302902,0.05623957086990832
852,0.05611092941135339,0.05623975261863832
853,0.05611040256050001,0.056239705524837605
854,0.05611020307673305,0.0562396741649496
855,0.05611019057382775,0.05623967419673079
856,0.05610955606228952,0.056239248042650146
857,0.05610920833891738,0.05623922487941126
858,0.056108603709101784,0.05623920188912894
859,0.056108057930045876,0.0562390226735537
860,0.05610762119647494,0.05623881191997957
861,0.05610738361069102,0.056238780403884574
862,0.05610711719367211,0.056238604079595474
863,0.056106726025116765,0.05623842660004776
864,0.05610628838947146,0.05623829036230577
865,0.05610596038635378,0.05623811637984147
866,0.056105790952400876,0.05623808630799639
867,0.05610557029154552,0.05623799538770964
868,0.05610503034165621,0.056237802134306125
869,0.0561043483079001,0.05623772800296471
870,0.05610381509981479,0.05623722787389251
871,0.056103077700207026,0.05623714169963112
872,0.05610274490371733,0.056236832805105
873,0.05610232989311521,0.0562366335964535
874,0.05610230529985909,0.05623664956713464
875,0.05610188561360044,0.056236518650193947
876,0.056100683593581446,0.056236123167305814
877,0.056100224008511126,0.05623599825588317
878,0.05610021325822772,0.05623599827267356
879,0.05609946801938149,0.05623553692486682
880,0.05609848504330808,0.05623480351002577
881,0.0560980463561769,0.056234675354461305
882,0.05609739996530513,0.05623429378158235
883,0.05609736397584784,0.0562342933888873
884,0.05609677448752468,0.05623403100836222
885,0.05609652601220583,0.056233987046820484
886,0.056096218949487464,0.05623370219854975
887,0.056095706389279694,0.05623354912005228
888,0.05609543751556366,0.05623345107794193
889,0.05609517383509633,0.05623336477813559
890,0.05609475234297405,0.05623317311778489
891,0.05609425525700825,0.05623312310274612
892,0.0560933235597829,0.05623267866920425
893,0.05609298509361313,0.056232672792610267
894,0.05609250105596253,0.056232311340046276
895,0.05609190952712346,0.05623220595192061
896,0.056091549796151434,0.05623208964440552
897,0.05609108293322375,0.05623191473507738
898,0.05609057172706549,0.05623161315622558
899,0.056090113279510696,0.05623153503355539
900,0.05608949294489701,0.05623130842980805
901,0.05608904642872315,0.0562312943867747
902,0.05608806631882019,0.05623066210500825
903,0.056087821422921944,0.05623058891458664
904,0.05608712193701338,0.05623003703312109
905,0.05608620600021516,0.056229199129866556
906,0.056085794161082496,0.05622914558313209
907,0.05608469971564185,0.05622816002875722
908,0.05608454775800064,0.056228080065270504
909,0.056084271967667874,0.05622800526125304
910,0.056084240619875096,0.056228005261164005
911,0.05608374780910615,0.056227734814496604
912,0.05608309070469483,0.056227562892779734
913,0.05608272408880224,0.05622733824434287
914,0.05608232164825779,0.056227185719420904
915,0.05608223735995611,0.056227175366098156
916,0.05608148146212918,0.056226778156597254
917,0.05608106542520565,0.056226474888668186
918,0.05608031621810259,0.056226287135197846
919,0.05607937383157617,0.05622527995396628
920,0.056078692085107074,0.05622489318653351
921,0.056077988836570156,0.056224349455724576
922,0.056077537972338734,0.056224219283855875
923,0.05607715853870204,0.05622408000883879
924,0.05607664005637409,0.05622361877312531
925,0.05607601503081188,0.0562233535062567
926,0.05607571522167643,0.056223254856945445
927,0.056075028939563266,0.05622302894339022
928,0.056074664172696756,0.05622279828435128
929,0.056073957504349466,0.056222881803324916
930,0.0560736006349324,0.056222646129944195
931,0.05607338036517035,0.056222642927616244
932,0.056072572547756654,0.05622183486543744
933,0.056071490063739536,0.056221226949235106
934,0.0560709857797474,0.056221117181384395
935,0.05607077176467574,0.05622111634600513
936,0.056070116538066164,0.05622043704357179
937,0.05606965794723068,0.056220132403462596
938,0.056069581479258626,0.05622009732287921
939,0.05606948654539223,0.056220101457078515
940,0.0560690297111961,0.05621993397446219
941,0.0560686200333264,0.05621993708858489
942,0.05606829698213614,0.05621976368571796
943,0.05606795432856042,0.056219660629864526
944,0.05606769516889193,0.05621952770719852
945,0.056067247369086096,0.05621955224433733
946,0.05606659857457785,0.05621895430810569
947,0.0560661799328279,0.05621877941667494
948,0.056065536320249916,0.05621859230194501
949,0.05606485891427251,0.0562183454493473
950,0.05606389053579374,0.056217677228694064
951,0.05606357850692116,0.05621752454417193
952,0.056062521214350944,0.05621665981630325
953,0.05606202669576689,0.056216382412705525
954,0.05606201013002586,0.056216382467867816
955,0.05606097999534724,0.05621536090023408
956,0.05606079505025386,0.056215217280113076
957,0.05606051333298788,0.056215104317617205
958,0.05606021164407387,0.05621492420472601
959,0.0560598211683653,0.05621483170115585
960,0.05605923284726888,0.05621436308125203
961,0.05605848065959117,0.05621378777115895
962,0.05605774749742658,0.0562135332878885
963,0.05605700632391635,0.05621296149841488
964,0.056055967235962074,0.056212046026442315
965,0.05605570309685378,0.0562119717706072
966,0.05605560289573117,0.05621195398327209
967,0.056055249556392614,0.05621178567432697
968,0.05605490494356903,0.056211674913102506
969,0.05605427458345786,0.056211364440283844
970,0.056053620872376586,0.05621135894166935
971,0.05605335734995215,0.056211237069856874
972,0.05605327828962498,0.05621124527425942
973,0.05605293979237065,0.05621098252325872
974,0.056052589205331606,0.05621095353616391
975,0.056051612198683556,0.05621008820453917
976,0.056051121085731424,0.05620948992396044
977,0.05605110975634181,0.05620948952579935
978,0.056050946726608375,0.05620936008679085
979,0.05605033650032841,0.0562093672299244
980,0.05604971938557393,0.056208908049958935
981,0.0560494162861798,0.056208899380815996
982,0.056049065995716144,0.05620892185675383
983,0.05604860721273626,0.056208628261430575
984,0.056048186292222836,0.05620841914003531
985,0.05604785866008035,0.05620833226553719
986,0.05604729890558769,0.05620789882474337
987,0.05604692838494836,0.056208019247576124
988,0.05604630502058005,0.056207680375868214
989,0.056046126473110754,0.05620765840676835
990,0.05604581694012159,0.05620743218418152
991,0.05604551410721476,0.05620712213204838
992,0.056045437741224044,0.05620715386173852
993,0.056045191616658004,0.05620706769689869
994,0.056044692059619546,0.05620690644223274
995,0.05604449090690134,0.05620680602264702
996,0.05604421649541785,0.05620681157318157
997,0.05604380389641387,0.05620679385243425
998,0.0560434712721759,0.05620665126737437
999,0.056043365318636545,0.05620660073452596
1000,0.056042878718260164,0.05620654709398542
1001,0.056042513962897104,0.056206372729966377
1002,0.056041948099311976,0.05620616117479127
1003,0.05604159981411026,0.05620609553692127
1004,0.05604103024493831,0.056205739751502136
1005,0.056040880166978765,0.05620572396516507
1006,0.056040144969892465,0.05620531982824788
1007,0.05603979609844362,0.05620507622304658
1008,0.056039155805948475,0.0562047570841776
1009,0.0560388219029961,0.05620464826059871
1010,0.056038264537174254,0.05620429910775914
1011,0.05603786265579772,0.05620425929663606
1012,0.056037385067076964,0.05620393666190768
1013,0.056037038302186155,0.05620371592296831
1014,0.05603676805611791,0.05620362895518493
1015,0.056036272868232095,0.0562035520768651
1016,0.056035932136607965,0.05620344893203248
1017,0.05603551205586393,0.05620348602603427
1018,0.056034894715212974,0.056202941940545134
1019,0.05603413274589534,0.056202583506654274
1020,0.05603355101201267,0.056202362893111334
1021,0.05603336315711381,0.056202258377711894
1022,0.05603308608462899,0.056202055056114274
1023,0.0560325936717513,0.056202079019479795
1024,0.05603231337140939,0.05620191671990648
1025,0.056031721296791785,0.05620192265600217
1026,0.056031296677458035,0.05620179395364929
1027,0.05603121144111689,0.0562017409070127
1028,0.05603064313671988,0.05620157214412335
1029,0.05603010674246217,0.0562013807440739
1030,0.05602962047763781,0.05620133298315854
1031,0.05602836009640971,0.05620076184216846
1032,0.056028144982642226,0.056200753362323275
1033,0.0560276750720213,0.056200653484498486
1034,0.05602751004127339,0.056200599495863944
1035,0.056027418007790784,0.0562005998923257
1036,0.05602696782625188,0.056200492298092285
1037,0.05602570819511212,0.05619989084174611
1038,0.05602555911383357,0.05619976621052651
1039,0.05602554792327981,0.05619976847224362
1040,0.05602510313886716,0.05619951035369005
1041,0.05602465786544605,0.0561992774507225
1042,0.0560244956168771,0.05619923387342917
1043,0.05602410874415649,0.056198947628611294
1044,0.05602356113902727,0.05619852127501592
1045,0.05602324845305762,0.056198460541369614
1046,0.05602263491001009,0.0561982277076219
1047,0.056022273544880805,0.056198312176181375
1048,0.05602177450355653,0.05619820942229453
1049,0.05602127640724112,0.056197817385842584
1050,0.056020324677324054,0.056197061192290475
1051,0.05602017204153071,0.05619705161509732
1052,0.05601966003249899,0.056196869808762685
1053,0.05601936500530371,0.05619678938850444
1054,0.0560189319457396,0.056196632661902286
1055,0.05601856055653117,0.05619651711181244
1056,0.056018174590084735,0.05619649405729352
1057,0.05601793161446131,0.056196504492750834
1058,0.05601763994040747,0.05619637866449554
1059,0.05601728202514673,0.056196290614612454
1060,0.05601675319830614,0.056195997159634845
1061,0.05601633980994122,0.056195849820934465
1062,0.056016319049344586,0.05619584749797285
1063,0.05601583808226003,0.05619546594264278
1064,0.05601514852664677,0.05619473363739113
1065,0.05601472719572295,0.05619450887117811
1066,0.05601406545843593,0.05619407338189243
1067,0.056013766184111975,0.056194135215606476
1068,0.0560133781953916,0.056194036685758675
1069,0.056012456498566454,0.05619332101369551
1070,0.056012090743230894,0.05619303888509324
1071,0.056011418265664414,0.05619290156384292
1072,0.05601137442669598,0.05619289844251863
1073,0.05601097641707658,0.0561926825696079
1074,0.05601034360957055,0.05619245012155936
1075,0.056009858737777266,0.056192416956332994
1076,0.056009813802964305,0.05619241754927877
1077,0.05600946586619511,0.056192425659168634
1078,0.05600888825115264,0.05619192432301093
1079,0.0560084504519186,0.05619149651269281
1080,0.056008041097368635,0.056191164187868535
1081,0.05600760801071832,0.05619122006966616
1082,0.056007220867587366,0.05619109501620405
1083,0.05600680715571903,0.05619111335434984
1084,0.056006323603140604,0.056190689899179906
1085,0.056006088383293635,0.0561906037610274
1086,0.05600588679733673,0.05619067163189461
1087,0.05600538259359096,0.05619052079742816
1088,0.05600493547184439,0.05619040327893882
1089,0.056004441460399644,0.056190407508568914
1090,0.05600413585815419,0.05619020537572432
1091,0.05600372059685592,0.056189951533021816
1092,0.056003525869279466,0.05618999110929419
1093,0.0560032461269988,0.05618987014277457
1094,0.05600279302249839,0.056189720257996685
1095,0.056002393086829,0.056189611306113066
1096,0.056001912250410624,0.056189412722978116
1097,0.05600155984564102,0.05618917507656555
1098,0.05600090083245662,0.0561887372997468
1099,0.05600038984632461,0.05618833845682874
1100,0.0559999844404957,0.05618814928038157
1101,0.05599957717683964,0.05618800928994134
1102,0.05599916031082352,0.056188008934121896
1103,0.05599886159341342,0.05618794267541224
1104,0.05599823382872412,0.05618790732704103
1105,0.055997613529954506,0.056187471538092164
1106,0.05599710004350133,0.05618727089214406
1107,0.055996650427968205,0.05618728580260508
1108,0.05599634976335004,0.056187136728949476
1109,0.055995866135785055,0.05618715229388722
1110,0.055995351609672145,0.05618711148249313
1111,0.0559952631060084,0.05618712077104701
1112,0.0559945908381201,0.05618687289367497
1113,0.055994230209063516,0.05618673504703453
1114,0.055994123661947386,0.05618677225347746
1115,0.05599380816141321,0.05618671916436576
1116,0.055993611150708535,0.056186572682073346
1117,0.055993236415104224,0.05618650728700232
1118,0.05599299182251831,0.05618641339748142
1119,0.05599262320053399,0.05618649782667987
1120,0.055992435794854654,0.05618649240304338
1121,0.05599198201626988,0.05618626011126239
1122,0.055991831229784995,0.05618624148844825
1123,0.05599142302583567,0.056186174771171306
1124,0.0559907815618327,0.056185883411270884
1125,0.05599031585362191,0.05618553836080096
1126,0.0559897717660954,0.05618547520214831
1127,0.055989396627959646,0.05618565821421138
1128,0.055988834462446395,0.056185261509675205
1129,0.05598837829225877,0.056185057962847604
1130,0.0559875662724422,0.056184251554001675
1131,0.05598691693262458,0.05618386657015942
1132,0.05598653161933384,0.056183675728952095
1133,0.055986061007526525,0.05618376374454274
1134,0.055985726679223836,0.05618393882786035
1135,0.05598532413321899,0.05618397773965953
1136,0.05598504132336508,0.05618377726940486
1137,0.055984677527132,0.05618372089023288
1138,0.05598430838336449,0.05618359855707746
1139,0.05598364230260003,0.056183187671479964
1140,0.05598332631270792,0.05618315081122621
1141,0.05598283322148544,0.056183099866613975
1142,0.055982688057458506,0.05618309416612503
1143,0.05598238268449999,0.056183060083874026
1144,0.0559816015903734,0.0561827678363043
1145,0.05598104073050956,0.05618250867127496
1146,0.055980042265684656,0.05618212766339695
1147,0.05597980472461885,0.05618205187210099
1148,0.05597937554080166,0.056182012650328114
1149,0.05597887630644512,0.056181688536004463
1150,0.05597864944202264,0.0561817163004806
1151,0.05597825062773865,0.05618164067236346
1152,0.05597769879620983,0.05618161887390189
1153,0.055977284493195424,0.0561814968220486
1154,0.05597708146835682,0.05618143589650737
1155,0.055976781888194535,0.056181341407502576
1156,0.0559762651414368,0.05618121512265334
1157,0.055976054600916224,0.05618127752506483
1158,0.05597600202505835,0.05618130901710013
1159,0.0559754546254727,0.056181100060185986
1160,0.05597496865585119,0.056181007171014416
1161,0.055974077948186894,0.056180522946999906
1162,0.05597405396064551,0.056180520610040204
1163,0.055974000600908624,0.056180552196642815
1164,0.05597397201080321,0.05618055108756466
1165,0.05597394908240375,0.05618055071225164
1166,0.055973381373734137,0.056180388072553905
1167,0.055973140862046994,0.05618034000198571
1168,0.05597276945207825,0.056180251727829235
1169,0.05597241983445447,0.056180194953034765
1170,0.055972189104271736,0.05618014192653142
1171,0.055971570655390414,0.05617986538453158
1172,0.0559706732261512,0.05617965063236305
1173,0.055970196995023556,0.056179452327594984
1174,0.055969519868670305,0.0561790350659244
1175,0.055969207952096145,0.05617902182678203
1176,0.05596866367694109,0.05617880949416578
1177,0.05596854777532041,0.056178745213274185
1178,0.055968142705004775,0.05617846757297349
1179,0.055967640354571906,0.056178487433105544
1180,0.05596718467311054,0.05617822337221649
1181,0.055966926473351095,0.0561782817789911
1182,0.055966755173567875,0.056178241296904116
1183,0.055966639035678334,0.05617814086139508
1184,0.055966246909117515,0.05617815975858656
1185,0.05596585050756823,0.056178116165720555
1186,0.055965311597524714,0.056178139150376845
1187,0.05596466754692628,0.056178120931924216
1188,0.055964514090063096,0.05617815151520077
1189,0.05596433630189897,0.05617820434147008
1190,0.05596408992578324,0.05617822289557147
1191,0.055963748494273116,0.056178090823826195
1192,0.05596330722057418,0.05617819248885085
1193,0.0559629743492473,0.05617805542701591
1194,0.05596260829124321,0.056178083817945056
1195,0.05596244377788148,0.05617804070241638
1196,0.05596217379503711,0.056177992333622515
1197,0.05596200586058246,0.05617808062913584
1198,0.0559609389286586,0.056177408142197315
1199,0.055960581626537,0.05617720674212806
1200,0.05596036746043489,0.05617718090681032
1201,0.055959816934609004,0.05617706423975522
1202,0.05595927368181182,0.05617684270778194
1203,0.05595894533693638,0.05617680121281859
1204,0.05595872700031294,0.056176730630480634
1205,0.0559585324850273,0.05617666654149443
1206,0.055958398133900036,0.056176608278802526
1207,0.05595785576558811,0.05617641354977047
1208,0.05595749652735943,0.056176383195463135
1209,0.05595713452355433,0.05617672138952039
1210,0.05595653604412274,0.056176236334064246
1211,0.055956146137695166,0.056176305209699025
1212,0.055955935022104185,0.05617625608642101
1213,0.055955739560613386,0.05617625104621067
1214,0.05595527618991948,0.05617650968710225
1215,0.05595502890762225,0.05617645344651458
1216,0.05595479051718746,0.056176236814197505
1217,0.055954248671262544,0.056175951561723954
1218,0.055953544883725254,0.05617540875509938
1219,0.05595316316941638,0.056175418505442574
1220,0.0559528442762632,0.05617524970422123
1221,0.05595281003705297,0.056175247863721724
1222,0.055952377464308034,0.05617507870723081
1223,0.05595123253267149,0.05617445365003616
1224,0.0559507121074644,0.05617430506636732
1225,0.05595022416790817,0.05617403669317818
1226,0.05594968480421059,0.0561738164511159
1227,0.0559496314015036,0.05617376851526277
1228,0.05594929546102954,0.056173382917284305
1229,0.05594899682311985,0.05617331314610369
1230,0.05594863779170778,0.05617325223057938
1231,0.055948243107060924,0.05617311925709418
1232,0.055947940674353804,0.056172976132399494
1233,0.05594759425068158,0.05617292741696311
1234,0.05594723316753609,0.056172702914899224
1235,0.05594684452090772,0.05617265233961123
1236,0.055946504473468675,0.056172538307202105
1237,0.05594619973405811,0.05617251315146187
1238,0.05594586914162501,0.05617248872975176
1239,0.055945291425213706,0.056172338476269706
1240,0.055945159533743336,0.05617230281548553
1241,0.05594465141130896,0.05617219399521686
1242,0.05594414158924233,0.05617180183021305
1243,0.05594315557933093,0.05617127111810677
1244,0.05594294924255841,0.056171130572593174
1245,0.05594255865307967,0.05617081226973823
1246,0.055942173713496676,0.05617054596188955
1247,0.05594170945616211,0.05617028304284772
1248,0.05594116471963072,0.05617008802371802
1249,0.05594071292844807,0.0561699432679466
1250,0.055940339290389524,0.056169994394271935
1251,0.05593990464778458,0.05616984781073202
1252,0.05593907791570852,0.05616892947777169
1253,0.05593891270125796,0.05616887502121034
1254,0.05593850452946768,0.0561687771233273
1255,0.055938236143968124,0.056168794964875764
1256,0.05593781893030497,0.056168555913390754
1257,0.055937334992633425,0.05616862901429419
1258,0.05593701376135726,0.05616882079306291
1259,0.055936708336015155,0.0561687518984231
1260,0.055936200537167774,0.05616876747406079
1261,0.05593576479990804,0.05616874069960487
1262,0.05593564996833738,0.05616875027591173
1263,0.05593519876086472,0.05616864653483918
1264,0.05593471879078069,0.056168781609147185
1265,0.05593433729931851,0.056168377114635355
1266,0.0559339478215436,0.05616852078005043
1267,0.05593344358008728,0.05616836652366199
1268,0.0559330330275877,0.056168177323046305
1269,0.05593275252191625,0.056168193864481915
1270,0.055932357178080025,0.056168110142908304
1271,0.055931897007641174,0.05616787913006231
1272,0.05593173810692961,0.05616789610608928
1273,0.0559313831560607,0.056167746954822816
1274,0.05593110200342554,0.05616775587324216
1275,0.05593064507737514,0.056167693811263616
1276,0.055930324561278326,0.05616749481928035
1277,0.055930154427586684,0.056167460061496186
1278,0.0559298203862913,0.05616745569121092
1279,0.05592922004820436,0.056167486679769965
1280,0.0559282973522603,0.05616684367581941
1281,0.05592780915294858,0.0561666062527431
1282,0.05592735183732871,0.05616651675962379
1283,0.05592680076452807,0.056166464929584055
1284,0.05592633981024924,0.05616636172120013
1285,0.05592611362645733,0.05616624975860735
1286,0.05592574020248841,0.0561661428395141
1287,0.055925465423447444,0.05616580898432963
1288,0.05592535060677464,0.05616571805579937
1289,0.05592506403648878,0.05616571986553879
1290,0.05592444976249954,0.05616562816253711
1291,0.055924059774648475,0.05616531375374033
1292,0.05592388997921595,0.056165381954385855
1293,0.05592341307309472,0.0561653556368402
1294,0.05592323708821315,0.05616503716923552
1295,0.055922813604691854,0.056164940683383
1296,0.05592181386628354,0.05616412566423583
1297,0.055921625282093664,0.05616406682428579
1298,0.05592099222168421,0.056164055842643286
1299,0.0559200565226481,0.05616327483061559
1300,0.05591974168274931,0.05616318049981152
1301,0.05591920516569835,0.056163221387168165
1302,0.0559190209672787,0.05616326684378975
1303,0.05591883128104726,0.056163330266583995
1304,0.055918223342164064,0.05616323017830228
1305,0.055918144700782144,0.05616320457218306
1306,0.05591812999680515,0.05616320732763337
1307,0.05591773536542287,0.05616302058141318
1308,0.055917555285062065,0.05616295846113976
1309,0.055916613719644355,0.05616229963888688
1310,0.055916280208988985,0.05616228627714158
1311,0.05591583888314636,0.056162313647929896
1312,0.05591548496236097,0.05616220390722494
1313,0.055915071718701394,0.05616205437449033
1314,0.05591468604304,0.056162130302261984
1315,0.05591436573794193,0.05616201034059259
1316,0.055913790157644604,0.056161609725956615
1317,0.055913726175632845,0.05616161439137413
1318,0.05591262874471731,0.05616085995585784
1319,0.055912461396104375,0.05616084716915707
1320,0.05591226285270255,0.0561606742711377
1321,0.055911736305058524,0.056160283661292144
1322,0.05591144527213607,0.05616020525460251
1323,0.055911135263970145,0.05616014713318976
1324,0.05591074620265732,0.05616007632368745
1325,0.05591035784632737,0.056159862701560856
1326,0.05591000816193927,0.0561598873108181
1327,0.0559094954899866,0.056159711767828344
1328,0.05590916773879413,0.0561596054915922
1329,0.05590883238531048,0.05615925844964296
1330,0.05590834193780791,0.056159126918838516
1331,0.05590788295185103,0.05615887958348997
1332,0.05590763973837228,0.05615896042310016
1333,0.05590714972517281,0.05615895338295656
1334,0.05590689362675205,0.05615888683331979
1335,0.05590638223326652,0.056158533903358225
1336,0.05590614638146701,0.05615852813414427
1337,0.05590566929804268,0.056158299260003826
1338,0.0559053055924451,0.05615812222253053
1339,0.05590478281189986,0.056158127939728526
1340,0.055904537559803236,0.05615817106376958
1341,0.05590422569292896,0.05615805259682489
1342,0.05590368029947069,0.056158051946279514
1343,0.05590319827529281,0.05615769477430822
1344,0.05590282670391204,0.056157451353665504
1345,0.055902555796293184,0.056157460723048766
1346,0.055902482372020466,0.05615746364416746
1347,0.055902212397239165,0.0561574539086774
1348,0.05590168264024099,0.05615715575639959
1349,0.05590131773799719,0.05615685695207007
1350,0.055900745036517034,0.05615658501133296
1351,0.05590047021150756,0.05615661171586404
1352,0.05590030702500178,0.05615662646004662
1353,0.0558999364484566,0.05615648884307112
1354,0.0558994440493036,0.05615643356035687
1355,0.05589908463861156,0.056156410621396896
1356,0.05589901502455048,0.05615638280166728
1357,0.05589875571717972,0.056156253148933105
1358,0.05589817935418297,0.0561561424173049
1359,0.05589768883827316,0.05615594417246367
1360,0.05589739372573862,0.05615578142752711
1361,0.055896881776428445,0.05615578312790937
1362,0.05589664786901076,0.056155697504822
1363,0.05589613192529774,0.056155425053472784
1364,0.055895888007408016,0.056155437970052735
1365,0.05589536876689711,0.05615524708247042
1366,0.05589493461436003,0.05615503120167253
1367,0.05589445611742927,0.05615476305731032
1368,0.05589436545912314,0.05615482373322612
1369,0.055894069191312463,0.05615444544548145
1370,0.05589404278229938,0.05615444881135577
1371,0.05589370419209196,0.056154386233909115
1372,0.055893194133238934,0.056154356901038295
1373,0.05589293606230188,0.05615431954057789
1374,0.05589241607546543,0.056154330001972674
1375,0.055892283785316695,0.056154400715185106
1376,0.05589203639999441,0.056154353275796084
1377,0.055891558087452754,0.05615434063569314
1378,0.05589093441290617,0.056153880755255535
1379,0.05589067052162344,0.056153880921839934
1380,0.05589065963729261,0.05615388098215801
1381,0.055890388296407856,0.05615381847576632
1382,0.055889915954655735,0.05615386478976875
1383,0.055889538763886755,0.05615391796913985
1384,0.055889354166299476,0.056153873667798726
1385,0.05588897173161406,0.05615391487324041
1386,0.05588840627362779,0.05615396680473382
1387,0.05588814782509918,0.0561538820146798
1388,0.055887568211331035,0.05615379930588733
1389,0.05588716356743314,0.05615363482631867
1390,0.05588695085765785,0.05615347113178806
1391,0.0558865940688084,0.05615335003971493
1392,0.055885934202031556,0.05615311297009596
1393,0.05588543931639089,0.05615302557733005
1394,0.05588510643582796,0.05615291810976396
1395,0.05588463541659348,0.05615272791532978
1396,0.05588417359319177,0.05615269622393847
1397,0.05588389105145658,0.056152650501420924
1398,0.055883473855009684,0.05615247509554063
1399,0.055882947979735434,0.05615231400744677
1400,0.05588246557683541,0.05615207835119057
1401,0.05588205776891561,0.05615190884404019
1402,0.055881452746604394,0.05615157760130899
1403,0.0558808421328113,0.05615152734469457
1404,0.055880242966229815,0.056151468519341365
1405,0.05587994094674217,0.05615134259154755
1406,0.055879593466875384,0.056151352022317004
1407,0.055879121258307234,0.0561513046605578
1408,0.05587868201503979,0.05615101959163536
1409,0.05587842678576072,0.056150597624325
1410,0.05587840715151404,0.05615059801859417
1411,0.05587797944652622,0.05615057080109539
1412,0.055877506195945996,0.05615053167188463
1413,0.0558770150701619,0.05615030607246407
1414,0.055876808341672767,0.05615032796136819
1415,0.05587630244357599,0.05615036009611487
1416,0.05587605157612099,0.05615026616873612
1417,0.05587564303023462,0.05615036678599521
1418,0.05587536024179828,0.05615040826584074
1419,0.055874699343370915,0.05615022279441631
1420,0.0558745723491358,0.056150149245485635
1421,0.055874065302292546,0.05614995423556783
1422,0.05587366079699431,0.056149906781932574
1423,0.05587354859292647,0.05614987425995957
1424,0.05587304390265919,0.056149690779554735
1425,0.055872501027031,0.056149715225057316
1426,0.05587218787602053,0.05614970118456881
1427,0.055871848258185745,0.05614975262155882
1428,0.05587148293774201,0.05614983599098552
1429,0.055870715187809616,0.056149665394377456
1430,0.05587045920593328,0.056149689310726156
1431,0.055870064871416374,0.056149667073000266
1432,0.05586946052196355,0.05614940237258773
1433,0.05586902560308263,0.05614925142972523
1434,0.05586865921538877,0.05614903778153423
1435,0.055868597956621295,0.05614898876668721
1436,0.05586813158609634,0.056148667679629186
1437,0.05586739036505197,0.05614813044145204
1438,0.05586690454597713,0.05614800992809293
1439,0.05586643431057482,0.056147813168519606
1440,0.05586609757287387,0.05614781760764307
1441,0.05586576315365401,0.056147845603389285
1442,0.05586519587502032,0.05614761752352257
1443,0.05586511498425483,0.056147612514803234
1444,0.05586499606859068,0.056147565928730755
1445,0.055864310714898016,0.056147071065064585
1446,0.05586357556127499,0.05614663617731772
1447,0.055863538462789304,0.05614663659260802
1448,0.0558631617562778,0.05614660286643821
1449,0.05586269721654112,0.056146664684761434
1450,0.055862116906204504,0.05614632380006195
1451,0.05586180567397827,0.05614626447657936
1452,0.05586144625461411,0.056146139754661144
1453,0.05586131150747312,0.05614613926700551
1454,0.05586092933814064,0.05614585485086102
1455,0.055860450958957884,0.05614576870689282
1456,0.05586017374711744,0.05614550867538536
1457,0.055859897874727,0.056145414945895256
1458,0.055859562308999,0.05614541606594307
1459,0.05585928465119306,0.056145202094925926
1460,0.05585909974368704,0.05614510327536051
1461,0.055858979094157116,0.05614512027571489
1462,0.05585849442362746,0.0561450133926864
1463,0.05585807267190233,0.0561450729337285
1464,0.055857914692221976,0.056145014671102535
1465,0.055857785230729755,0.05614501741779172
1466,0.05585725674055707,0.05614497676031521
1467,0.055857205044525196,0.056144990285164245
1468,0.05585659511795227,0.056144779429028326
1469,0.055856291084879564,0.056144783189156236
1470,0.05585580012492507,0.056144458940800925
1471,0.0558553771825175,0.05614439103050872
1472,0.05585486369977884,0.056144405857691454
1473,0.055854535092746474,0.05614437785422018
1474,0.055854246784205246,0.05614432986618685
1475,0.05585386215158321,0.05614421310633578
1476,0.05585344081386519,0.056144060248498356
1477,0.05585302739590413,0.056144086903646376
1478,0.05585301280592537,0.056144085880184075
1479,0.055852631511722116,0.056143831686415846
1480,0.05585221589253766,0.05614382017049295
1481,0.05585214683689402,0.05614380897085791
1482,0.05585141786253717,0.05614339811891765
1483,0.05585120431019843,0.056143505954759594
1484,0.055850674174543063,0.05614336981577846
1485,0.05585045878350084,0.05614321176005058
1486,0.055850033376939175,0.0561431256679278
1487,0.05584999511610555,0.05614312380698164
1488,0.055849595151811565,0.056143047138235785
1489,0.05584921642451423,0.05614306833329785
1490,0.055849044441686965,0.05614314787111336
1491,0.055848570874427544,0.05614302421747855
1492,0.05584830858870493,0.05614298971879055
1493,0.055847985664385466,0.05614290808436297
1494,0.05584770015172805,0.05614275903384427
1495,0.05584731896072628,0.056142530643224706
1496,0.05584692427334344,0.05614256201503471
1497,0.0558466158246998,0.05614255578672867
1498,0.0558463218705072,0.05614254699362804
1499,0.05584573643281342,0.05614229309350395
1500,0.055845524838419494,0.05614227749102756
1501,0.055845030330312455,0.056142262228627546
1502,0.05584460978019551,0.05614204811601333
1503,0.055844049540453695,0.05614203560355376
1504,0.055843530084032526,0.056142117368856555
1505,0.05584317724851307,0.05614193600899584
1506,0.05584284072063733,0.056141925748795785
1507,0.05584237733713418,0.0561419385577745
1508,0.05584198243054929,0.05614195443189791
1509,0.05584157291161272,0.056141743734922346
1510,0.05584135631895798,0.05614171142296539
1511,0.05584091968756272,0.056141757490085036
1512,0.05584080969852412,0.05614174129228661
1513,0.05584049043190776,0.05614154738374844
1514,0.055839940372328,0.05614124571484836
1515,0.05583936288578284,0.05614103093399737
1516,0.055839063391735666,0.05614106957759315
1517,0.05583879437852392,0.0561410542604223
1518,0.05583851019869899,0.056141071373746715
1519,0.05583819202502088,0.056140994726548564
1520,0.05583793400625931,0.05614090926560889
1521,0.055837533262886124,0.05614106732453163
1522,0.055837004023591326,0.05614096733992022
1523,0.05583682207628752,0.05614101601849468
1524,0.0558367140755732,0.056141012590963636
1525,0.05583625494843484,0.05614103892140502
1526,0.05583610836558298,0.05614099668797142
1527,0.055835585812129405,0.056140626185791694
1528,0.05583523930834443,0.05614055729555665
1529,0.055834821819883564,0.056140562470450364
1530,0.055834174433264536,0.0561403265703416
1531,0.05583372885478422,0.056140233969659406
1532,0.055833151322633716,0.056139971515724245
1533,0.05583278619263893,0.05613998801934874
1534,0.05583246311138439,0.0561399901302416
1535,0.055832179691708575,0.056139962257305234
1536,0.05583172904050505,0.05613975073540893
1537,0.05583128071400725,0.05613975491116926
1538,0.055830867086773546,0.056139582403346475
1539,0.05583039473932228,0.05613926015740238
1540,0.055829954946225356,0.05613929095924236
1541,0.05582952433116975,0.05613931749214604
1542,0.05582927845198322,0.05613934037983889
1543,0.05582909274324633,0.05613942505112633
1544,0.055828648610599496,0.0561394373824809
1545,0.0558282355556026,0.05613937298471209
1546,0.055827930314888446,0.056139290500112286
1547,0.05582685234107615,0.05613881655877831
1548,0.05582640242604154,0.056138680533378865
1549,0.0558259715763376,0.05613842885888913
1550,0.05582568492900007,0.05613837504760818
1551,0.055825558453710664,0.05613841740125087
1552,0.05582527548304224,0.05613824523176526
1553,0.055824890076284876,0.05613807011151222
1554,0.05582447044551689,0.05613813373592538
1555,0.0558241327079675,0.0561381122278193
1556,0.0558234653621537,0.05613793809145191
1557,0.055823159609211095,0.05613790315633364
1558,0.055823110785982975,0.05613787489669771
1559,0.05582270756104007,0.05613766569705226
1560,0.055822485425201976,0.05613765996132595
1561,0.055821904300428445,0.05613764445412841
1562,0.055821385099955906,0.05613766547172786
1563,0.055820821701825,0.056137417843216304
1564,0.0558205799508013,0.0561372998683828
1565,0.05582009616247378,0.05613693059569056
1566,0.055819849867511845,0.056136805178275365
1567,0.055819751144371016,0.056136847040826096
1568,0.055819461634531255,0.056136673789197074
1569,0.05581912374394068,0.056136633902939506
1570,0.055818687603119116,0.056136627167745236
1571,0.05581819900283027,0.056136523385711526
1572,0.05581779205260027,0.0561363258733321
1573,0.05581729815617923,0.05613641930088294
1574,0.05581714499647135,0.056136446188537345
1575,0.0558171240259227,0.05613644579843448
1576,0.05581669014181275,0.056136243657108446
1577,0.05581633597529506,0.056136237380617945
1578,0.05581599952912087,0.05613629496379267
1579,0.05581564928658677,0.05613608098726549
1580,0.05581528443056807,0.05613606076001928
1581,0.05581496476951412,0.05613610865377518
1582,0.05581486342296304,0.05613610866934345
1583,0.0558147041975809,0.05613606088170334
1584,0.055814389865287514,0.0561360376640582
1585,0.05581413933696501,0.05613605641673846
1586,0.055813526163709826,0.05613584101413329
1587,0.05581317275825892,0.056135897205441175
1588,0.05581300561499946,0.056135827252826516
1589,0.05581242235806152,0.056135701885493924
1590,0.05581215439394476,0.05613577908647056
1591,0.0558119005353886,0.05613579180494089
1592,0.05581157639098444,0.0561358130526011
1593,0.05581122524222595,0.056135758751239474
1594,0.055810461315942236,0.05613550714176323
1595,0.055810044437393014,0.056135421890564
1596,0.055809730906359184,0.05613541252344713
1597,0.05580940796593651,0.05613565797567372
1598,0.05580933409301637,0.05613562446450883
1599,0.055808993195394375,0.05613554291043197
1600,0.05580860276456203,0.056135161656495
1601,0.055807705482731146,0.05613422861181884
1602,0.05580747727176931,0.056134173321611164
1603,0.05580735342414295,0.05613411329927603
1604,0.055807188906425303,0.05613407730832632
1605,0.05580691004687301,0.05613405661252008
1606,0.05580660710023623,0.056134107487294756
1607,0.05580639793192933,0.05613414204130316
1608,0.05580604216314085,0.056134077206120965
1609,0.055805634124064786,0.05613394750965157
1610,0.05580529611178522,0.05613396672004906
1611,0.055805038457269376,0.056133919227834964
1612,0.0558046033658911,0.056133780854837514
1613,0.0558044328202481,0.05613373135381924
1614,0.05580404528843709,0.05613354285141829
1615,0.05580391959918333,0.05613345100162625
1616,0.055803395848023976,0.05613330349577844
1617,0.05580291212010837,0.05613336824505987
1618,0.05580279102878665,0.05613337906407159
1619,0.055802220419377116,0.05613324099710614
1620,0.055801767577569404,0.0561331502989958
1621,0.05580114742961866,0.05613336614765579
1622,0.05580088221955847,0.056133323011534585
1623,0.05580051505347404,0.056133389312009806
1624,0.055800268617113416,0.0561332435628358
1625,0.05579976439316737,0.056133012056020996
1626,0.05579943750949307,0.05613293807594701
1627,0.055799193686221826,0.0561328968482249
1628,0.05579884444303669,0.056132921957492386
1629,0.05579838997459104,0.05613293444490992
1630,0.05579822136329741,0.056132952358960354
1631,0.05579784558500322,0.05613277796810126
1632,0.055797687917772835,0.05613272907145792
1633,0.05579731266122562,0.05613280961016575
1634,0.055796890966683485,0.05613266454561058
1635,0.05579661036378528,0.05613270477600091
1636,0.055796103321776744,0.056132604370025825
1637,0.055795664423666215,0.05613245601584472
1638,0.05579534885362968,0.05613242024536305
1639,0.05579517000130128,0.05613211668341022
1640,0.0557947524019187,0.05613191852857725
1641,0.05579455063483313,0.05613195521251424
1642,0.055794189704227705,0.05613197395964442
1643,0.05579378168219569,0.056131974917111145
1644,0.05579356243795025,0.05613190532698738
1645,0.05579319046434995,0.05613185246863336
1646,0.05579283391699627,0.05613168077387969
1647,0.055792566736508266,0.05613160963282088
1648,0.05579222859123905,0.05613161654399173
1649,0.055791634416968675,0.056131313607645936
1650,0.055791572288833115,0.05613131170235624
1651,0.05579123577716675,0.056131094825790456
1652,0.055791037166164674,0.056131033274749484
1653,0.055790589903779726,0.05613126851539551
1654,0.05579015440742119,0.0561311727594638
1655,0.05578967970101597,0.056130895332327305
1656,0.05578966166132532,0.056130895334336496
1657,0.05578928487909855,0.05613094082017464
1658,0.05578887088439288,0.05613076716488842
1659,0.0557885549146753,0.05613089855221444
1660,0.055788193907216885,0.056130777942571486
1661,0.055787902410499975,0.056130783913114074
1662,0.055787612123108225,0.05613081010097731
1663,0.05578701951386392,0.0561307767110794
1664,0.05578670435349864,0.05613073570325435
1665,0.05578639115117049,0.056130640920985325
1666,0.0557862372394727,0.05613057310305227
1667,0.055785662419424724,0.05613026062321997
1668,0.055785340666573494,0.05613026462431716
1669,0.05578525194894003,0.056130272990737584
1670,0.05578481691780461,0.056130258751408944
1671,0.05578456637602724,0.05613017390437448
1672,0.05578428419323043,0.05613024559757574
1673,0.05578394217777197,0.05613023044961754
1674,0.05578361142462857,0.05613010646380677
1675,0.05578342507807551,0.056130088624027914
1676,0.05578330086756565,0.056130068716333095
1677,0.05578301655424803,0.05613005037474908
1678,0.055782780472039405,0.05613004186327
1679,0.055782461402013005,0.05613012773739212
1680,0.05578199828413003,0.0561299286536856
1681,0.055781708255089,0.05612987329021724
1682,0.05578112713824589,0.05612955049063127
1683,0.055780843637249354,0.056129527728007896
1684,0.05578046386319709,0.05612931326990979
1685,0.05577991939162095,0.05612924977694532
1686,0.05577949363728373,0.05612915747870906
1687,0.055778285515034394,0.056128617605029074
1688,0.05577803943650032,0.05612851367824649
1689,0.055777851663721754,0.056128473845363076
1690,0.055777424394360155,0.0561282316002272
1691,0.05577718226676804,0.056127926494795144
1692,0.05577698000293071,0.05612792446814258
1693,0.05577681905158106,0.05612790644724317
1694,0.055776726560912156,0.05612794391731946
1695,0.05577633787267367,0.05612789557904505
1696,0.05577594819829501,0.05612781586701453
1697,0.05577577730509595,0.056127838082633295
1698,0.055775399411877966,0.056127795162011565
1699,0.05577522912726734,0.056127793410531666
1700,0.05577481830140103,0.05612776538163003
1701,0.05577446503439737,0.056127723007392126
1702,0.055774303800555675,0.056127638992590795
1703,0.05577402296872685,0.05612771587740894
1704,0.05577383833822603,0.05612768025347338
1705,0.055773637997027246,0.056127569361762907
1706,0.05577333573835077,0.056127508567004575
1707,0.05577312072365977,0.05612751130504207
1708,0.05577292063521561,0.05612751968549855
1709,0.055772561062668626,0.056127434029591194
1710,0.05577236945214406,0.056127381479065104
1711,0.055772115422396226,0.05612741666281336
1712,0.05577201875623154,0.056127406268141306
1713,0.05577186369062453,0.056127374643497666
1714,0.05577159099801637,0.05612730952596849
1715,0.05577118354779018,0.05612708681091229
1716,0.055771054172003065,0.056127100018683734
1717,0.055770733064356086,0.05612699935863074
1718,0.05577034705741328,0.05612722229674577
1719,0.055770157148102545,0.05612720288720476
1720,0.05576999230414346,0.05612723526116068
1721,0.05576993363991317,0.05612721687558341
1722,0.055769539025606836,0.056127270322185396
1723,0.055769394016006286,0.0561272408557738
1724,0.055769267054920385,0.05612722874502582
1725,0.0557689376221406,0.05612711444067078
1726,0.05576832925422313,0.056127012844533086
1727,0.05576779944178946,0.056127006516990145
1728,0.05576756057563415,0.05612709315856683
1729,0.05576728459258297,0.05612710741202449
1730,0.055766834156376115,0.05612683374384906
1731,0.05576626325896009,0.056126851650280835
1732,0.05576608311657803,0.056126790808912606
1733,0.05576557655206345,0.05612625781904356
1734,0.055765370401846696,0.056126137178098
1735,0.05576505411125125,0.05612583851586985
1736,0.055764908003753895,0.056125838418827054
1737,0.05576452872083278,0.056125883389749415
1738,0.0557642818134691,0.05612578980745004
1739,0.05576403921049146,0.05612577235496458
1740,0.05576352568214937,0.056125816637986284
1741,0.0557632643160245,0.05612574316314211
1742,0.055763205318055745,0.056125725355177083
1743,0.055762961487019494,0.05612575854055288
1744,0.05576245012183914,0.05612564586166593
1745,0.05576236516131596,0.0561256260130165
1746,0.05576199302466249,0.05612542791403032
1747,0.055761452846545094,0.05612525351124483
1748,0.05576113511180775,0.05612525465811049
1749,0.05576071720497765,0.05612488819663405
1750,0.05576029689404512,0.05612482218252127
1751,0.05575999694988627,0.05612486964733433
1752,0.05575964082380707,0.056124824637417796
1753,0.055759275575434315,0.05612488796382225
1754,0.05575852399402301,0.05612415612026748
1755,0.05575825556811575,0.05612403685850637
1756,0.05575790601443055,0.056123828703639515
1757,0.05575766976694901,0.056123759478328025
1758,0.055757305210155976,0.056123846992237186
1759,0.0557569921466034,0.05612391852224631
1760,0.055756663642757026,0.056123909011103756
1761,0.05575639705279724,0.056123861332703084
1762,0.05575608586540114,0.05612375110126753
1763,0.05575564318161622,0.05612370438353754
1764,0.05575549283740349,0.056123666108232585
1765,0.05575515778605259,0.05612348326593805
1766,0.05575504868773902,0.05612347786739376
1767,0.05575472919526636,0.05612350005525713
1768,0.05575466986738145,0.05612349018382442
1769,0.05575431058053623,0.05612345167364444
1770,0.05575375709736698,0.056123320144049
1771,0.055753206995926737,0.056123061597406924
1772,0.05575289363475309,0.05612295428158611
1773,0.05575257806992492,0.05612283451242038
1774,0.05575242571485088,0.056122912525130506
1775,0.05575232934619063,0.05612290723765119
1776,0.055751933405895175,0.05612275939953875
1777,0.05575164862543325,0.05612270710665112
1778,0.05575137092230713,0.05612275607056021
1779,0.05575099012358788,0.05612279655323515
1780,0.05575074292636798,0.056122531217617136
1781,0.05575065243844319,0.056122540011142696
1782,0.055750302891944055,0.056122522135202496
1783,0.05574954615953319,0.05612210625085321
1784,0.055749211335942433,0.056121952056372014
1785,0.05574897479779077,0.05612194364104735
1786,0.055748572617509075,0.056121824441347785
1787,0.05574806179480798,0.056121634240152866
1788,0.055747664324941916,0.05612148650180184
1789,0.05574723476461309,0.05612139880274196
1790,0.05574696100300562,0.05612127848314152
1791,0.055746801399521984,0.056121212778710065
1792,0.05574644600260733,0.05612116256294368
1793,0.055746110826228254,0.05612106121902829
1794,0.055745707497092054,0.05612101034319013
1795,0.05574569529062613,0.05612100544200364
1796,0.055745353004097484,0.0561208784902148
1797,0.05574501046433964,0.0561209083515015
1798,0.05574465537745104,0.056120824554295574
1799,0.05574427992138843,0.056120692066319366
1800,0.055743883293070236,0.05612068716463229
1801,0.05574362095157224,0.05612068579392351
1802,0.05574330412970414,0.05612062336913377
1803,0.055743254229757865,0.05612058852502411
1804,0.055742969177875135,0.05612051740324008
1805,0.05574264608163168,0.05612059033646142
1806,0.055742478777582025,0.05612058317963914
1807,0.0557420006346077,0.05612060552861856
1808,0.05574161324690568,0.05612057687548962
1809,0.055741500850195594,0.056120525246877585
1810,0.05574119082939562,0.05612051436037802
1811,0.05574089935642542,0.05612063761909135
1812,0.055740464181240394,0.056120472964550396
1813,0.05574025436610716,0.05612049122626664
1814,0.05574023419177473,0.05612048813126699
1815,0.055739956810282036,0.0561204531433027
1816,0.055739788205889824,0.056120390550581226
1817,0.05573959258948725,0.05612027306417239
1818,0.05573917896648123,0.05612026046016075
1819,0.055738825944305126,0.05612034379280111
1820,0.05573861946976566,0.0561203417154297
1821,0.05573851636478816,0.05612031715593933
1822,0.05573801638561833,0.05612025530165354
1823,0.05573761160127754,0.05612009897017
1824,0.05573703963399575,0.05611976258554905
1825,0.05573663262265678,0.05611983283429637
1826,0.05573647924146765,0.05611965790473207
1827,0.05573629546933809,0.0561196024584306
1828,0.05573595075236697,0.05611965445521149
1829,0.055735431365712795,0.05611928986633129
1830,0.05573521471887144,0.056119343680420666
1831,0.05573498184718319,0.05611918930342288
1832,0.0557347233566915,0.05611923644591773
1833,0.05573447237138652,0.05611916407259625
1834,0.055734105919584324,0.056119161746756456
1835,0.055734001769417695,0.05611917421603001
1836,0.05573356504768238,0.056118969918521965
1837,0.05573317242639107,0.05611895179728623
1838,0.055732884860248175,0.05611895126334297
1839,0.0557325779538591,0.056118867002330805
1840,0.05573239160855791,0.056118880151534455
1841,0.0557323622610887,0.056118883984577636
1842,0.05573196311765612,0.056119011175819924
1843,0.055731812870880665,0.05611898142314081
1844,0.05573162643026457,0.05611896828915465
1845,0.055731459148119764,0.05611893021335361
1846,0.055731130620205634,0.05611889823718738
1847,0.05573078728492142,0.05611876314063414
1848,0.055730564678766865,0.05611878723187726
1849,0.05573016318953492,0.056118710342320084
1850,0.05573002047615465,0.05611869706079037
1851,0.05572972338909159,0.05611865173926453
1852,0.055729345169767665,0.05611883174190711
1853,0.05572908220543416,0.05611872255490884
1854,0.05572854560686113,0.05611854703835685
1855,0.055728332226082575,0.05611854695388642
1856,0.05572790016950561,0.05611831558323078
1857,0.05572744816790753,0.05611824096146647
1858,0.05572719417712809,0.05611827350212027
1859,0.05572682775983264,0.0561182939452589
1860,0.05572651726491675,0.05611829504681985
1861,0.05572625355911843,0.056118215377487346
1862,0.05572606328697523,0.056118108835320694
1863,0.055725564084010644,0.056118048739622714
1864,0.05572490379215065,0.05611761475658865
1865,0.05572454293785142,0.05611757330005896
1866,0.0557241678039356,0.05611763721950977
1867,0.055723962312794965,0.05611759376040402
1868,0.0557238165731408,0.056117598969307646
1869,0.05572341246801958,0.05611742923531109
1870,0.05572319261195935,0.05611731441317439
1871,0.055722897015095495,0.056117082244187676
1872,0.055722645429684546,0.05611716291191369
1873,0.05572239025436783,0.05611717178664578
1874,0.055722031792779,0.0561171159428894
1875,0.055721769488626754,0.056117229056605794
1876,0.05572151326436285,0.05611722483924879
1877,0.05572123171320476,0.05611730594248911
1878,0.05572072973801712,0.056117107348270426
1879,0.05572026435546504,0.05611712050391295
1880,0.05571987731690083,0.05611714635634304
1881,0.05571974744797042,0.05611707377675149
1882,0.055719259504211506,0.05611713368226485
1883,0.0557189262076346,0.05611699587535064
1884,0.05571835046992887,0.05611655793093422
1885,0.055717862240431876,0.05611636609100162
1886,0.05571756237564723,0.0561163058248529
1887,0.055717352707921844,0.05611626885190433
1888,0.05571705567872817,0.05611622627948458
1889,0.05571645335285804,0.056115769170155434
1890,0.05571606154949819,0.05611572082595934
1891,0.05571567074931951,0.056115598762591694
1892,0.05571562747076899,0.05611562512723123
1893,0.05571518668019746,0.05611564238157538
1894,0.05571488562566906,0.056115459804544195
1895,0.05571451900780329,0.05611545280207789
1896,0.05571434294722555,0.056115433251897995
1897,0.05571413642074815,0.0561154810532415
1898,0.055713914881608144,0.056115507065343385
1899,0.05571358824568199,0.056115518903115655
1900,0.05571334971435711,0.056115643039482806
1901,0.055713035024733765,0.05611541591293524
1902,0.05571291224392798,0.05611535871654234
1903,0.05571277095721575,0.05611542294754949
1904,0.05571235912048043,0.056115275192618795
1905,0.05571212281021283,0.05611532683193426
1906,0.05571205231363977,0.056115327138087506
1907,0.05571184698889696,0.05611527131498416
1908,0.05571175036470844,0.056115237400343965
1909,0.055711570700641116,0.05611526098923487
1910,0.055711135741365186,0.056115240532185515
1911,0.05571075698959868,0.0561153328613037
1912,0.055710731413987837,0.05611533287557944
1913,0.055710519791167507,0.05611527473186926
1914,0.055710496809863286,0.056115273680312175
1915,0.055710088874200356,0.05611526607732068
1916,0.05571004551817446,0.056115269881952035
1917,0.05570971140903477,0.056115270329644494
1918,0.05570949669803946,0.0561151536014696
1919,0.05570910516617909,0.056115156777508515
1920,0.05570888994923719,0.0561152308800079
1921,0.055708452793621285,0.0561153859629636
1922,0.055708066311084346,0.05611530036933981
1923,0.05570771065019588,0.05611529978389203
1924,0.055707360038166856,0.05611513690281543
1925,0.05570699225698198,0.05611508839292353
1926,0.05570690845161392,0.05611509834243592
1927,0.05570650572595362,0.056114964902749316
1928,0.055706183595719626,0.05611479716846569
1929,0.05570583773627613,0.05611476646232873
1930,0.05570549708574847,0.056114618766646245
1931,0.05570516992852771,0.05611461596901999
1932,0.055704843240070294,0.05611446585798619
1933,0.055704523544690736,0.05611423955876472
1934,0.055704235210758624,0.056114313445733796
1935,0.0557038735012681,0.056114249691347005
1936,0.05570344688969211,0.05611440896938701
1937,0.05570312108925213,0.056114172829674715
1938,0.055702866400224114,0.05611412558762043
1939,0.0557023539784913,0.05611405058124289
1940,0.05570180489030358,0.056113893227215196
1941,0.0557014641233053,0.0561137609344966
1942,0.0557012331191358,0.05611383773697227
1943,0.05570107871929846,0.05611379865647993
1944,0.05570100961095161,0.056113803172030415
1945,0.05570074337161887,0.056113785398934676
1946,0.055700529513029486,0.056113748062938784
1947,0.055700292097886656,0.056113759800274235
1948,0.05569997676276207,0.05611367811636865
1949,0.05569962216402467,0.056113718539445474
1950,0.0556995190222614,0.05611379566767837
1951,0.05569933097747611,0.056113776326779025
1952,0.055699055777492144,0.05611376163773846
1953,0.05569869350190826,0.05611349172109888
1954,0.05569826044477836,0.05611343300594278
1955,0.05569774196014098,0.05611299610474255
1956,0.055697248226135074,0.05611255756833474
1957,0.05569702459519768,0.056112561851208886
1958,0.05569665193235033,0.056112637551133424
1959,0.05569654450603873,0.05611270627569485
1960,0.055696260728923384,0.05611277801962075
1961,0.05569589147109614,0.05611286749637503
1962,0.05569555401494442,0.056112888789003654
1963,0.055695405612128795,0.05611282536863625
1964,0.05569507731953134,0.056112775103511967
1965,0.05569472416391272,0.05611294380924248
1966,0.05569383718307157,0.056112673432811754
1967,0.055693516536794836,0.05611272381999159
1968,0.05569303227251646,0.056112378377264224
1969,0.05569267711464719,0.0561125308627242
1970,0.055692358300448566,0.056112453827044224
1971,0.05569205822883275,0.05611243349627704
1972,0.05569167347200917,0.056112349536920604
1973,0.05569149110183421,0.056112361883577065
1974,0.055691136920707034,0.05611231750351777
1975,0.05569098055406532,0.05611228311356462
1976,0.055690624014540516,0.05611218101241268
1977,0.05569014438312384,0.05611212117001697
1978,0.055689577079915197,0.05611196034690948
1979,0.055689487714163634,0.056111980291677487
1980,0.055689188443508945,0.05611191379896692
1981,0.05568887883989575,0.05611181795391241
1982,0.05568885040812588,0.05611181274221991
1983,0.05568847376751132,0.05611174017159281
1984,0.055688086701392546,0.05611149561124005
1985,0.05568772902623212,0.05611141743248233
1986,0.05568729755978675,0.056111323229018954
1987,0.05568694680187527,0.05611130109285981
1988,0.055686648850760495,0.05611103272495177
1989,0.05568631372807601,0.056111097988322214
1990,0.05568602485203862,0.05611105467401505
1991,0.05568560620910222,0.056111067339055805
1992,0.05568554527449972,0.056111058102462974
1993,0.05568506846396453,0.05611098658313049
1994,0.055684708078281,0.05611084847787789
1995,0.05568438661224922,0.05611081462953602
1996,0.055684260441592595,0.05611071551244694
1997,0.05568379331778475,0.05611071601346375
1998,0.05568320486355362,0.05611062004071182
1999,0.05568279247734239,0.056110629129361544
2000,0.055682472318361896,0.056110672943190484
2001,0.05568243314295341,0.056110664498588404
2002,0.055682399978604274,0.05611066824056192
2003,0.05568195499419344,0.05611053876550119
2004,0.05568192317497258,0.056110552648943685
2005,0.05568150111493811,0.0561105947942305
2006,0.05568124686071972,0.056110672483563585
2007,0.05568057748954208,0.05611021482874874
2008,0.055680380489110816,0.05611019441466802
2009,0.05568006877110531,0.05611028384009983
2010,0.05567970793696775,0.05611045316598975
2011,0.05567930988239437,0.05611036614420325
2012,0.05567900417588585,0.05611028020960546
2013,0.05567867220944796,0.05611034598538044
2014,0.0556783107951208,0.05611033730468372
2015,0.05567811740800965,0.056110399624678994
2016,0.05567796352086055,0.056110494902164444
2017,0.055677705329821046,0.056110506015451984
2018,0.055677285459052026,0.05611028855614057
2019,0.055677017812610245,0.05611017143140136
2020,0.05567668102101753,0.056110136757840996
2021,0.0556761420168039,0.056110152358393006
2022,0.05567612896478672,0.05611015198966262
2023,0.0556758881700617,0.056110236987043434
2024,0.05567547117077917,0.05611016521907014
2025,0.05567526868712394,0.05611015055238409
2026,0.055674975276751575,0.056110009753151564
2027,0.05567466587868296,0.05610995856943955
2028,0.05567425728392462,0.05610988682900554
2029,0.05567390855852964,0.056109898650819154
2030,0.055673677700780036,0.056109831952856064
2031,0.05567356216191063,0.056109860404749426
2032,0.055673267759250404,0.056109856875138434
2033,0.05567287476264774,0.05610978595412811
2034,0.055672497869185024,0.05610957201063065
2035,0.05567241298854034,0.0561095633069418
2036,0.0556720981056653,0.05610940871074109
2037,0.05567165222416315,0.05610909527470885
2038,0.05567113406027602,0.056109254829826635
2039,0.055671102118057585,0.05610926994258077
2040,0.055670969004614546,0.05610928881340943
2041,0.05567058550210855,0.05610902018735392
2042,0.05567037634493419,0.05610898811675161
2043,0.05567009088708254,0.05610880288527275
2044,0.05566978918729875,0.056108806242650855
2045,0.055669432936772685,0.05610875339446164
2046,0.055669054309760234,0.056108712876117496
2047,0.055668771403516164,0.05610880759440921
2048,0.0556686165803623,0.05610876309268399
2049,0.05566831410753617,0.056108728612010196
2050,0.05566821564985255,0.05610871294613926
2051,0.05566743296643386,0.056108077138162855
2052,0.05566690342963248,0.05610774773998772
2053,0.055666205780317474,0.056107191197597564
2054,0.05566584000852112,0.05610686449902609
2055,0.05566552610640056,0.05610694983980163
2056,0.055665203281205486,0.056106977627689264
2057,0.05566498555823383,0.05610697733752918
2058,0.05566464371999919,0.05610697614776305
2059,0.05566433373526744,0.05610696882687261
2060,0.055663985746427794,0.05610686185057202
2061,0.055663797764837895,0.0561068240702172
2062,0.05566338469423037,0.05610657029505191
2063,0.055662913445172935,0.05610624576973618
2064,0.05566279672270695,0.0561062504597987
2065,0.05566260615044441,0.05610618231042391
2066,0.05566240339084642,0.05610626569153356
2067,0.05566201598656046,0.05610662629940817
2068,0.055661675536233406,0.05610679455798975
2069,0.05566158804386218,0.05610678736205795
2070,0.05566122741494915,0.05610669379402506
2071,0.05566082339816388,0.05610643503614091
2072,0.055660489550668636,0.05610629978718174
2073,0.05566007169477785,0.05610632399629847
2074,0.055659955449306846,0.0561063329527097
2075,0.05565955416377482,0.056106333505910204
2076,0.05565924583997011,0.05610625654921119
2077,0.05565896918500474,0.056106183868072916
2078,0.05565874035822986,0.05610613497538069
2079,0.05565858272138191,0.05610614181298486
2080,0.055658334010070795,0.056106174133637596
2081,0.05565826114227498,0.056106169259352204
2082,0.05565794281605541,0.0561061301157275
2083,0.055657694365848935,0.056106162854027475
2084,0.055657457025467365,0.05610623510638866
2085,0.055657191402187105,0.05610599064404072
2086,0.05565673039067232,0.05610591590154313
2087,0.05565657688029696,0.056105943139096504
2088,0.055656056707054764,0.05610562739671969
2089,0.05565559925408482,0.05610543072398841
2090,0.055655306420801284,0.05610527380329675
2091,0.055654808288306046,0.05610509971354571
2092,0.05565475811771311,0.05610515761453604
2093,0.05565450486668374,0.05610515750373353
2094,0.05565416000431806,0.05610514382632607
2095,0.05565381072976575,0.056105086136383354
2096,0.055653379654577596,0.056105044334934705
2097,0.055653312010079205,0.05610504349962349
2098,0.05565267643410552,0.056104437051111435
2099,0.055652313149872096,0.05610435828336137
2100,0.0556520749528934,0.05610433114711584
2101,0.05565163385555602,0.056104318608911866
2102,0.05565150694264241,0.056104197766630906
2103,0.05565143722945367,0.05610419532424743
2104,0.055650988976349236,0.05610422365387868
2105,0.055650639061667555,0.056104354450164255
2106,0.055650557462515564,0.056104359773157794
2107,0.055650156670815146,0.056104298222883466
2108,0.05565014267941856,0.056104297099426874
2109,0.055649916011208646,0.05610427928195371
2110,0.055649857357329045,0.05610430377395615
2111,0.05564973413427546,0.05610432934356405
2112,0.05564942218616445,0.056104304779540884
2113,0.055649412194589194,0.05610430467652194
2114,0.05564920084995035,0.05610428001382707
2115,0.05564880730507819,0.05610433045687262
2116,0.05564841821325398,0.05610438513184228
2117,0.05564819806241135,0.05610435303954991
2118,0.05564794894458883,0.05610439743565908
2119,0.05564768804223696,0.05610443070117235
2120,0.05564742216785127,0.05610451517926764
2121,0.0556472219629885,0.056104488148720856
2122,0.055647099456201,0.05610448663785551
2123,0.05564682264609264,0.056104387555456936
2124,0.055646482392165804,0.05610438820251331
2125,0.05564595328605896,0.05610422968926404
2126,0.0556456566472441,0.0561042002330567
2127,0.05564532838468465,0.05610419428307284
2128,0.05564521640184295,0.05610427598390674
2129,0.055644945584632316,0.05610422185988975
2130,0.055644839423710124,0.05610423686344887
2131,0.05564449673053274,0.05610420052701147
2132,0.05564420263365138,0.05610417860315052
2133,0.0556440134887104,0.05610414137738502
2134,0.05564367730249986,0.05610400219666708
2135,0.05564350125437893,0.05610398519715263
2136,0.05564333849776064,0.05610395072023019
2137,0.055643221378285763,0.05610395441511185
2138,0.05564307009993479,0.05610374048446314
2139,0.05564259065965883,0.05610365041056655
2140,0.055642223402451875,0.05610356051685708
2141,0.05564192469011398,0.056103762909473526
2142,0.055641876999357666,0.0561037718178212
2143,0.05564159800497277,0.05610369970972913
2144,0.05564132811958634,0.05610378242699435
2145,0.05564104880614653,0.05610376589688238
2146,0.055640750462453585,0.05610381248972975
2147,0.055640500101955974,0.056103816264713086
2148,0.055640339549201175,0.056103810856009996
2149,0.05563982669766758,0.056103586619655636
2150,0.05563962957550039,0.05610360847633227
2151,0.055639372429763516,0.0561035429231017
2152,0.05563909902508818,0.05610341683293278
2153,0.05563888088871979,0.056103439379761505
2154,0.05563857078065981,0.05610328716632015
2155,0.05563832283152061,0.056103278791306804
2156,0.05563823372387905,0.05610329333896456
2157,0.05563792470253832,0.05610328275936255
2158,0.055637671160779646,0.05610325336497465
2159,0.0556374176988493,0.0561033451546969
2160,0.055636948992623454,0.0561032330132208
2161,0.05563650274635536,0.0561032796934045
2162,0.05563607415625335,0.056103053370361984
2163,0.05563569447985165,0.0561030860371627
2164,0.055635016224286654,0.056102458823447277
2165,0.05563451059647215,0.05610243275810754
2166,0.05563443720849058,0.05610244840761565
2167,0.05563403380896549,0.05610250463714104
2168,0.0556339828724127,0.05610248835461123
2169,0.05563368952382247,0.056102500121269036
2170,0.05563339811528904,0.056102472464541156
2171,0.05563304861996343,0.05610216423548819
2172,0.05563268171607727,0.056102112956874936
2173,0.05563247492545413,0.05610204734301178
2174,0.05563188827503839,0.056101901026695204
2175,0.05563140997843176,0.05610181582531107
2176,0.05563137276025839,0.056101818325946254
2177,0.055631209340850585,0.056101794924315836
2178,0.05563077705187889,0.0561018687481268
2179,0.05563038749984916,0.056101671417767604
2180,0.05563021253391449,0.05610162663225923
2181,0.0556299750295518,0.056101522319675245
2182,0.05562969480868929,0.056101426348104444
2183,0.05562931042442463,0.0561014415930368
2184,0.05562904655866263,0.05610131032030666
2185,0.05562879718543791,0.05610119321543763
2186,0.05562858295993718,0.056101043699090074
2187,0.055628413559699996,0.05610104896228815
2188,0.055628324198367954,0.05610108093272124
2189,0.055628208187766516,0.05610112908128616
2190,0.0556278430126138,0.05610099979420829
2191,0.0556274962603875,0.05610099088187435
2192,0.05562726236854465,0.056100999098863014
2193,0.055627004201974445,0.05610099612505187
2194,0.055626691615919335,0.05610103349186702
2195,0.05562633819591147,0.05610107510986058
2196,0.05562608399502787,0.05610101100717802
2197,0.055625643056964234,0.05610082487659426
2198,0.05562530781835522,0.05610070030438524
2199,0.05562493947714732,0.05610054073351285
2200,0.05562476288180876,0.056100544819895425
2201,0.0556244462148596,0.05610054719499631
2202,0.05562428957319031,0.0561005476431857
2203,0.05562397460451361,0.056100481551344755
2204,0.05562345285690401,0.05610051113366445
2205,0.05562315279026223,0.05610036505314692
2206,0.055622886051598416,0.056100415858283
2207,0.05562260627513624,0.05610045385763572
2208,0.05562227914338866,0.056100563399880544
2209,0.05562172395310143,0.056100277438309205
2210,0.05562159434119096,0.056100317583843956
2211,0.05562153546026028,0.0561003312970926
2212,0.05562143741691754,0.05610034196034988
2213,0.055621069355866866,0.056100331758689594
2214,0.05562069489123615,0.05610008672044701
2215,0.05562049102473672,0.05610016082930176
2216,0.05562039064006215,0.05610012774012429
2217,0.055620120708989466,0.05610011357028405
2218,0.05561975510822168,0.05610020008763242
2219,0.055619398550198706,0.056099955661948794
2220,0.05561926818625619,0.05609995679262416
2221,0.05561890866933002,0.056099917490608026
2222,0.05561874099342076,0.05609987860054673
2223,0.055618503614121614,0.056099773919774595
2224,0.055618279995930386,0.056099745683047424
2225,0.05561800755437402,0.056099689090385714
2226,0.0556176308916032,0.056099462991048274
2227,0.05561750773148201,0.056099452451177735
2228,0.0556174384435773,0.05609939039242366
2229,0.05561714819249998,0.05609921987686365
2230,0.055616913863562885,0.056099209554717124
2231,0.05561668415963538,0.05609927378340984
2232,0.05561643500373168,0.05609929708423816
2233,0.055616348472807914,0.05609929316957074
2234,0.055616301260596794,0.05609927035183645
2235,0.055616276422389116,0.05609927211441308
2236,0.05561597637001404,0.05609919549592501
2237,0.05561553057999633,0.056099219580270775
2238,0.055615218924596484,0.056099153608177396
2239,0.05561493546069655,0.05609914281336319
2240,0.05561466492807182,0.05609913681340248
2241,0.05561439986835884,0.056099098946534254
2242,0.055614052772380795,0.05609905972372258
2243,0.05561366834676556,0.0560990776726979
2244,0.05561349582966322,0.05609917832296328
2245,0.055613279195163574,0.05609910217798709
2246,0.05561312456859113,0.05609905831758709
2247,0.05561281137546166,0.05609915649414004
2248,0.05561243677659725,0.05609919354126811
2249,0.05561234737484999,0.05609919008230201
2250,0.05561229491192206,0.056099162391705475
2251,0.0556119469889398,0.05609907538247921
2252,0.055611646301881396,0.05609908977657459
2253,0.055611346519060585,0.0560991121271071
2254,0.055611004151054036,0.05609906118563769
2255,0.05561092862228541,0.056099062124358355
2256,0.055610828919283775,0.05609907849452559
2257,0.05561047603689527,0.05609900179740475
2258,0.05561018458471718,0.0560990199562611
2259,0.055609954662332,0.05609898768413019
2260,0.05560937715950823,0.05609891483096845
2261,0.0556090973922371,0.056098857971261865
2262,0.05560888926627,0.056098894826035556
2263,0.05560876864298785,0.05609890043645276
2264,0.055608545985993914,0.05609880636262752
2265,0.055608213430660636,0.05609874534361416
2266,0.0556078613596641,0.05609860395066447
2267,0.05560765155217,0.05609860639644908
2268,0.055607451331936966,0.05609865852548654
2269,0.05560735559897647,0.056098613981462105
2270,0.05560703567320475,0.05609861193522441
2271,0.055606858381541065,0.056098636194599365
2272,0.055606775092105,0.0560986084815684
2273,0.05560653247037458,0.056098554692712896
2274,0.05560621428844751,0.0560984979742533
2275,0.05560579892454958,0.056098313271635045
2276,0.055605326566647795,0.056098394835153775
2277,0.05560509009045041,0.05609829803084301
2278,0.05560488691543322,0.05609824449956242
2279,0.055604627388652066,0.056098206185863655
2280,0.0556043887977837,0.05609806604028271
2281,0.055604034310514985,0.056097992067133985
2282,0.05560375354437412,0.05609800038499653
2283,0.0556035011963102,0.05609807151700048
2284,0.05560326620196579,0.05609804773253609
2285,0.05560310039840679,0.05609802203622483
2286,0.05560284417235935,0.05609816678903497
2287,0.05560279815072119,0.056098187318647075
2288,0.055602736021689726,0.05609819289736238
2289,0.0556023275450397,0.05609803128555389
2290,0.055602009313189656,0.05609799713158276
2291,0.055601707402515334,0.05609794676957124
2292,0.05560160080850032,0.05609792978185297
2293,0.05560126473736576,0.05609797287338317
2294,0.055601021850780606,0.05609797423729842
2295,0.0556006707833517,0.056097956656870465
2296,0.05560065599207026,0.05609795502747754
2297,0.05560034686798667,0.056097875964174676
2298,0.055600042815223065,0.056097781708708584
2299,0.055599953654798494,0.05609779079984028
2300,0.05559965491029019,0.05609769702497843
2301,0.05559932906905098,0.05609765886778165
2302,0.05559901175313605,0.056097403679519396
2303,0.055598664413347085,0.056097311938388364
2304,0.05559836030237908,0.0560973877267333
2305,0.055598094007181104,0.05609742082763904
2306,0.05559793372603021,0.05609741485152323
2307,0.055597848092641566,0.056097358521712805
2308,0.055597619399723276,0.0560973594148449
2309,0.05559732265966594,0.056097367236023515
2310,0.055597019426127034,0.05609722161201266
2311,0.05559675336602,0.056097223101944794
2312,0.05559648056293248,0.05609724763261078
2313,0.05559626122211732,0.056097051561082474
2314,0.05559579808581804,0.05609680573365252
2315,0.05559539054652494,0.056096794814542265
2316,0.05559519816573582,0.05609663215331659
2317,0.055594936350737756,0.056096573888849054
2318,0.05559460538578375,0.056096557488671164
2319,0.05559442435092578,0.056096456007795906
2320,0.05559410649678152,0.05609637541669629
2321,0.05559380110012903,0.05609636024586259
2322,0.05559367061969643,0.05609636969333934
2323,0.055593533963965144,0.05609639407945629
2324,0.055593135895778925,0.05609628834250956
2325,0.05559268043461648,0.056095919087382436
2326,0.055592320670169455,0.056095923289196895
2327,0.05559210444944817,0.056095867403727864
2328,0.05559188959273046,0.05609582968664352
2329,0.05559184223751427,0.05609582513122433
2330,0.055591099462654246,0.056095439146989036
2331,0.055590718537970575,0.05609550041495
2332,0.05559059816333611,0.056095440434295145
2333,0.05559031274696666,0.05609542649963509
2334,0.05559012034686657,0.056095372117803646
2335,0.05558985621897124,0.05609539529669706
2336,0.05558940651093215,0.056095073816819295
2337,0.055589296362917366,0.05609504351451184
2338,0.05558895903477211,0.05609494289699423
2339,0.055588706793473865,0.05609495656379198
2340,0.055588469141028655,0.056094946953709625
2341,0.055588266409553104,0.056094946026801935
2342,0.055587916583745456,0.05609487102628798
2343,0.05558766945467417,0.05609475396029776
2344,0.0555874678949767,0.05609473954584645
2345,0.055587126883272345,0.056094597637956246
2346,0.055586770030676934,0.05609458262791376
2347,0.05558657695107205,0.05609473552128017
2348,0.05558632699554978,0.056094934668883024
2349,0.055585922414261184,0.056094862575977254
2350,0.05558579907988252,0.05609481203254418
2351,0.0555854329379505,0.05609449569936644
2352,0.055585226779173234,0.056094584078778695
2353,0.05558491514596885,0.056094624273371495
2354,0.055584637610808646,0.05609463044627142
2355,0.05558415987256064,0.05609435681512932
2356,0.0555839680792505,0.056094356548045836
2357,0.05558384399211895,0.05609433785892001
2358,0.055583548010058374,0.05609435843903003
2359,0.05558350884092107,0.05609433794159839
2360,0.055583236330172495,0.056094284293439364
2361,0.055582741072921896,0.05609430355925172
2362,0.05558253136417608,0.05609429906534977
2363,0.05558215345424978,0.056094295963603685
2364,0.055581896620649364,0.0560943080933988
2365,0.05558160194957251,0.05609419318337811
2366,0.05558157395821983,0.05609419369126008
2367,0.055581378530237056,0.05609414203579492
2368,0.055581341162185785,0.056094145777722704
2369,0.05558105350776749,0.056094073082497066
2370,0.05558074818100654,0.05609403285575994
2371,0.055580611348964304,0.056094015480259024
2372,0.055580239677661084,0.05609393449498703
2373,0.05557985808839473,0.05609390293777778
2374,0.05557957899000684,0.05609394550466702
2375,0.0555791336503301,0.05609391462848898
2376,0.055578844096635924,0.056093891136321766
2377,0.05557853463972687,0.056093986833266975
2378,0.05557819938010535,0.056093876936495285
2379,0.05557791387621328,0.05609386721876455
2380,0.05557785521548229,0.05609385501421598
2381,0.0555775938448456,0.05609376007910595
2382,0.05557721822372891,0.056093582411520265
2383,0.05557681978006346,0.05609341060681455
2384,0.055576706147249216,0.05609347033026622
2385,0.0555764936289925,0.05609342293143022
2386,0.05557621813041416,0.056093538922693795
2387,0.055576093448544396,0.05609354586791884
2388,0.05557558507040445,0.05609323867788544
2389,0.05557518268109423,0.0560932178123129
2390,0.05557499761753237,0.0560932070287124
2391,0.0555749497385702,0.056093228982203425
2392,0.05557465387769827,0.056093265547039715
2393,0.05557415159129275,0.0560929208215525
2394,0.055573789953966536,0.05609283341882168
2395,0.05557352576096872,0.05609287324389688
2396,0.05557346040469019,0.05609285904462208
2397,0.055573259348878565,0.05609283141439735
2398,0.05557322136638277,0.05609280469619874
2399,0.0555729848486362,0.05609277539860026
2400,0.05557290052195757,0.0560927901815073
2401,0.05557269121897704,0.0560927855267516
2402,0.055572396835704044,0.05609285949100295
2403,0.05557201398918502,0.05609269489175571
2404,0.055571880925619516,0.05609265477527129
2405,0.055571412110215934,0.056092247638645114
2406,0.05557112516664154,0.05609235311878862
2407,0.05557075258259128,0.05609229832083335
2408,0.055570342195329546,0.05609218787355075
2409,0.05557012819928368,0.05609223201873256
2410,0.05556984928555917,0.05609231288807626
2411,0.055569580447490975,0.056092394625932164
2412,0.055569367460380395,0.05609234450773897
2413,0.055569283499441166,0.05609236022542493
2414,0.05556894268968246,0.05609237120003918
2415,0.05556861917555078,0.05609225866113591
2416,0.05556830554932663,0.05609231592719384
2417,0.05556815650929969,0.05609221929134637
2418,0.055567850726868546,0.05609216957296978
2419,0.05556761049086779,0.05609213653806453
2420,0.05556755366995859,0.05609214456688208
2421,0.055567314124580006,0.05609213380763478
2422,0.05556694755474624,0.056092177781511446
2423,0.05556685124405873,0.05609213122013451
2424,0.05556665488828775,0.056092180398061645
2425,0.05556636301598634,0.05609219349521244
2426,0.05556596343705612,0.05609212507079856
2427,0.055565675187438664,0.05609208111678072
2428,0.055565434377286164,0.0560920516371339
2429,0.05556513203232153,0.056092036284909726
2430,0.055564876264166604,0.05609196020134006
2431,0.055564602062211796,0.05609198212580691
2432,0.05556425363457607,0.0560920329732246
2433,0.055564035199847595,0.05609196464224829
2434,0.0555639772828143,0.056091959512332326
2435,0.05556366903176515,0.05609193028009748
2436,0.05556342356312502,0.05609194254734814
2437,0.055563070614148426,0.05609193339861682
2438,0.05556265813949722,0.05609193586307167
2439,0.05556234375685528,0.056091997871810385
2440,0.05556210443393491,0.05609196930686643
2441,0.05556168821780678,0.05609188327864833
2442,0.0555614003968428,0.0560918821808023
2443,0.05556136083364427,0.0560918850822925
2444,0.05556096186385364,0.05609170152187042
2445,0.05556071843094667,0.056091546508627764
2446,0.05556038142724756,0.0560912212966609
2447,0.055560112657594564,0.05609116014929776
2448,0.055559908654453274,0.056091080390476146
2449,0.05555973375271961,0.05609102842946347
2450,0.055559419059676374,0.05609097070172971
2451,0.0555592923215651,0.05609098016412605
2452,0.055559003150963834,0.05609108109787985
2453,0.055558711122428606,0.05609104188363739
2454,0.055558195294561255,0.05609078594352576
2455,0.055558078764755874,0.05609078781268023
2456,0.05555791907567937,0.05609078806078141
2457,0.05555767615689476,0.05609070191706754
2458,0.05555763086378125,0.056090695719999056
2459,0.05555736199623823,0.056090773844285645
2460,0.05555702671487603,0.05609070166467994
2461,0.05555685819852969,0.056090749436399114
2462,0.05555669614660927,0.05609075325075813
2463,0.05555642987172413,0.056090638100391256
2464,0.05555609132204034,0.056090626121887345
2465,0.05555577713459738,0.05609056890854412
2466,0.05555538466651924,0.05609063612630491
2467,0.05555517934553613,0.0560906000647106
2468,0.055555025341448114,0.05609062911318284
2469,0.055554643620271925,0.056090527589723084
2470,0.055554129009885794,0.05609030587875099
2471,0.0555538974431513,0.056090318477388434
2472,0.055553574056824144,0.05609022141748302
2473,0.05555339159889304,0.05609012643364227
2474,0.05555305656403959,0.05608997843055245
2475,0.05555272026368647,0.05608994634272361
2476,0.05555244885682451,0.056090097194784236
2477,0.05555207475141842,0.05609015182346698
2478,0.05555173783831853,0.05609007648336313
2479,0.0555516615533096,0.05609003791036135
2480,0.055551582223708665,0.056090029246843635
2481,0.05555131363803674,0.05609006982576241
2482,0.055550998247338224,0.056090143060828886
2483,0.05555093363420606,0.0560901472719188
2484,0.05555056390686933,0.0560899648641624
2485,0.05555015126931437,0.05608998982623254
2486,0.05555009568673342,0.05608999275789199
2487,0.05554982255741367,0.056089827308570255
2488,0.055549462071083175,0.056089574370341906
2489,0.055549236974061646,0.05608959820006536
2490,0.05554896686116204,0.056089609813244096
2491,0.055548595797084474,0.05608949897522657
2492,0.0555483412301832,0.0560895411080018
2493,0.05554826262856849,0.056089568683793854
2494,0.055548015355943,0.05608956765904007
2495,0.05554780067577915,0.05608951327362123
2496,0.05554751671511777,0.056089595670360155
2497,0.055547090423123446,0.05608956468255088
2498,0.05554652955388668,0.05608913328456041
2499,0.055546266138909624,0.05608900718382016
2500,0.05554608799390328,0.056088980110961785
2501,0.0555457960023077,0.05608897472434363
2502,0.05554543454469067,0.05608901157379676
2503,0.055544919540296056,0.05608898621383672
2504,0.05554460383113952,0.05608899694105559
2505,0.05554439525339311,0.05608898387327227
2506,0.05554403591124741,0.05608903018672613
2507,0.05554369105699881,0.05608894527372379
2508,0.055543598781468834,0.05608895013492398
2509,0.05554328591591924,0.05608885769127816
2510,0.055543271951783484,0.05608885720519104
2511,0.05554304138902512,0.05608888885288335
2512,0.05554262917492594,0.056088790506842935
2513,0.05554228028830821,0.05608864640799126
2514,0.055541909306932286,0.05608863443111209
2515,0.05554158253963265,0.05608850522386995
2516,0.055541214631716365,0.05608849963041988
2517,0.05554118651443598,0.05608851766365796
2518,0.0555409093429512,0.05608849232536632
2519,0.05554056839514047,0.05608841837274061
2520,0.05554046882858369,0.056088450033587735
2521,0.05554015234663642,0.056088393725793585
2522,0.05553997980243808,0.056088331864571676
2523,0.05553993060008541,0.05608835600667904
2524,0.05553945101710255,0.056088362761359936
2525,0.05553917866630898,0.05608834583789858
2526,0.055538922891103015,0.056088244856957216
2527,0.0555386526006826,0.05608820262080959
2528,0.055538550161482535,0.05608820656499562
2529,0.05553851756978586,0.05608819301776838
2530,0.05553821710370217,0.05608818724942711
2531,0.05553773118773456,0.05608805823591219
2532,0.05553766852253771,0.05608809426077037
2533,0.05553740364382493,0.05608800521886741
2534,0.05553712424104742,0.05608799884463798
2535,0.055537054793584985,0.05608802780438256
2536,0.05553679258571905,0.0560881736761162
2537,0.055536598599012395,0.05608819004037226
2538,0.05553632594185369,0.05608818839265779
2539,0.05553615225829008,0.05608818853892319
2540,0.05553586702023485,0.05608834884410555
2541,0.0555356557435021,0.056088321361034095
2542,0.05553523039179323,0.05608830186100035
2543,0.05553499008913994,0.056088288054055975
2544,0.05553474093621468,0.056088096719861466
2545,0.05553455673275149,0.056088043631941954
2546,0.055534280580669844,0.056088061237641644
2547,0.05553385095318243,0.05608799786723734
2548,0.05553337318145843,0.05608775786572883
2549,0.05553316681627649,0.05608776450666057
2550,0.055533007159332105,0.05608781987390899
2551,0.05553268972854757,0.056087818715533984
2552,0.05553256590352123,0.05608779410543423
2553,0.055532308299953884,0.056087851334162594
2554,0.05553202958987481,0.056087870988982366
2555,0.05553198300853501,0.05608786974878493
2556,0.05553187966279399,0.05608785177054685
2557,0.055531836528903235,0.05608785109877878
2558,0.055531750003945016,0.05608775250841706
2559,0.05553159530489296,0.05608766693442718
2560,0.05553135979330201,0.05608771388599063
2561,0.05553123209927832,0.05608769322579107
2562,0.05553091711303805,0.05608759783468235
2563,0.055530770091751745,0.056087643011929006
2564,0.055530440881336914,0.056087578191736945
2565,0.05553004854263277,0.056087510573631524
2566,0.05552977425090565,0.05608741274009025
2567,0.0555295057290354,0.056087355325690105
2568,0.05552918090061035,0.056087366315784475
2569,0.05552892856015262,0.05608740891733831
2570,0.05552873607498506,0.05608743840222706
2571,0.05552829378822506,0.05608730319627596
2572,0.055527921261867653,0.05608741804967482
2573,0.05552753211188948,0.05608733157817561
2574,0.05552728577804498,0.0560872793125268
2575,0.0555270428669742,0.05608719838634048
2576,0.05552673783150307,0.056087340261171244
2577,0.05552648678427519,0.056087253882280266
2578,0.05552604989277527,0.05608727643907713
2579,0.05552589947181112,0.056087246296511774
2580,0.055525831268291206,0.05608723826003171
2581,0.05552543173478438,0.056087148796252526
2582,0.055525231306458686,0.056087090523360944
2583,0.05552499344160527,0.05608703420872482
2584,0.055524529971506933,0.05608689088339229
2585,0.05552444909148137,0.05608689700197825
2586,0.05552425814234961,0.05608683200671006
2587,0.055524052340879905,0.05608692450296681
2588,0.05552368943874888,0.05608657469665333
2589,0.05552360762777843,0.056086578827427604
2590,0.05552352663676719,0.056086584144925934
2591,0.055523339885885946,0.05608660536068699
2592,0.055523098286666475,0.05608653452167816
2593,0.05552273263875594,0.056086522061978256
2594,0.05552235621391091,0.056086558489926455
2595,0.05552211851675279,0.05608653185004247
2596,0.05552162978995251,0.05608639923900271
2597,0.05552133342507587,0.05608641592775962
2598,0.055521063051380756,0.05608643925341008
2599,0.05552084572138114,0.056086372327329895
2600,0.05552070064541663,0.05608642368400574
2601,0.05552051271165653,0.056086358152800185
2602,0.05552015052521978,0.05608627153881459
2603,0.055519771055642514,0.0560863242712899
2604,0.05551959097745238,0.05608636600313693
2605,0.05551921711167869,0.05608641220337235
2606,0.05551891491487575,0.05608648694541104
2607,0.05551869742125739,0.05608643364134418
2608,0.05551842577637763,0.05608645012404994
2609,0.055518127188980436,0.056086516048615004
2610,0.05551789777922007,0.0560865554261859
2611,0.055517668923672756,0.05608650872615123
2612,0.05551727808303036,0.05608650353576085
2613,0.05551696396991708,0.056086423340360944
2614,0.05551669057089832,0.056086457352662704
2615,0.05551645193608563,0.056086457329163016
2616,0.05551622098969204,0.056086430877753446
2617,0.05551578861457739,0.05608643621457768
2618,0.05551557221188943,0.056086391606875466
2619,0.05551534801414505,0.05608637299093007
2620,0.05551520567238701,0.056086377069773076
2621,0.05551501754218524,0.05608638689218293
2622,0.0555147767570899,0.05608631312557038
2623,0.05551440964867494,0.056086400141527104
2624,0.055514134297550685,0.05608640599188592
2625,0.05551398033679052,0.05608639325143122
2626,0.055513776542292274,0.05608640814746751
2627,0.055513402317946846,0.05608637669710868
2628,0.05551309795469654,0.056086413881464715
2629,0.05551274750367768,0.05608647606420606
2630,0.05551273408255129,0.05608647605406745
2631,0.05551237374164903,0.05608639514090907
2632,0.05551213967973835,0.05608640882031204
2633,0.05551189393629749,0.05608641342882432
2634,0.05551176115285057,0.05608640260659506
2635,0.055511417003516854,0.056086318345099986
2636,0.05551106575278681,0.05608626077930645
2637,0.055510796462482345,0.056086190954155145
2638,0.055510661500675386,0.0560861312074827
2639,0.0555104252872714,0.056086160528753745
2640,0.05551031836054105,0.05608612501262384
2641,0.055510015673351516,0.05608604749426107
2642,0.055509547086449285,0.05608616702478903
2643,0.0555094319579027,0.05608619619453045
2644,0.05550914800629515,0.056086302481915706
2645,0.05550882579766247,0.056086249208206866
2646,0.05550865538469193,0.05608621631181505
2647,0.055508243047621364,0.05608618099427273
2648,0.055508023540545445,0.05608612771822981
2649,0.055507709329767625,0.05608621214482301
2650,0.05550742029314937,0.05608627065638355
2651,0.05550712054097193,0.056086309384423334
2652,0.055507031030373966,0.05608632149022219
2653,0.055506688482530826,0.05608645866391094
2654,0.05550629317211727,0.056086645363340876
2655,0.05550585986851394,0.05608658758467828
2656,0.05550578649809118,0.056086599062864985
2657,0.05550557410932108,0.05608670448776472
2658,0.05550518477004954,0.056086723665449104
2659,0.055504926450172055,0.05608672406484454
2660,0.055504792612112136,0.05608673375075422
2661,0.05550448739211269,0.05608672692670207
2662,0.055504205427451464,0.05608671481855591
2663,0.05550379252586936,0.05608679496965855
2664,0.055503406582384666,0.05608670552749892
2665,0.05550336238858882,0.05608670759684527
2666,0.05550310274680207,0.05608671555675328
2667,0.05550285707541967,0.05608676684186311
2668,0.05550257542140631,0.05608664733312161
2669,0.05550235074984891,0.05608661142277247
2670,0.05550227189452702,0.05608661574817455
2671,0.05550207455715,0.05608650778799596
2672,0.05550189713913091,0.05608655801460447
2673,0.055501656892763436,0.05608654620498728
2674,0.05550124153456821,0.0560866741445401
2675,0.05550095922338153,0.05608668409844087
2676,0.05550072427747763,0.056086676046406124
2677,0.05550048351515615,0.05608676149364563
2678,0.05550031713359505,0.05608670486803429
2679,0.0555000768702707,0.05608664452881204
2680,0.05549971685717726,0.056086749612793044
2681,0.05549944128860907,0.05608683231729845
2682,0.05549918528110193,0.056086802727915386
2683,0.055498911875537967,0.056086779910277273
2684,0.05549887308969263,0.0560867885754617
2685,0.05549880242250776,0.05608682061260023
2686,0.05549850092612464,0.056086754475203636
2687,0.0554982595696682,0.056086726488383955
2688,0.05549776180318552,0.056086649309686834
2689,0.055497585730740026,0.05608662002688197
2690,0.05549751097394498,0.05608661510692898
2691,0.055497222535141534,0.05608669437464615
