0,0.1601353502485757,0.160334670890648
1,0.15412281325909152,0.15433180311871647
2,0.1484477181178638,0.14866597382008825
3,0.14313306652549476,0.1433690782350398
4,0.13814264281367516,0.1383897132170149
5,0.13333814560166662,0.13358696952222252
6,0.12906608685232324,0.1293106085702281
7,0.12462939209566617,0.12487847596089754
8,0.12060681835368191,0.1208570829701788
9,0.11706680902453233,0.11732195955759951
10,0.1134697558874889,0.11373741560050579
11,0.10990058643646158,0.11016972041068829
12,0.10696668337013342,0.10722939001136762
13,0.10383566405693266,0.10409937642169186
14,0.10092266116220157,0.10117863425393378
15,0.09829927780456096,0.09855667601462063
16,0.0957704466737427,0.09602626206963577
17,0.0935066465988262,0.09375995227411738
18,0.09116833442051649,0.09142281496189625
19,0.0889243213969886,0.08917775006353369
20,0.08680142138523732,0.08705196035143335
21,0.08490068227246587,0.08513854468165759
22,0.08328993566082457,0.08351710233520417
23,0.08158718969593026,0.08180745607284347
24,0.0802145158129501,0.08042639350851942
25,0.07892369966337118,0.07912202683711336
26,0.0774156844662912,0.07760833110527701
27,0.07607846169012333,0.07626971219498276
28,0.07484000843053545,0.0750331978647634
29,0.07364414035996222,0.07383121805865421
30,0.07251529601711666,0.07269560041668748
31,0.07152956094965195,0.07170202772656167
32,0.07059462950178426,0.07075726540466186
33,0.06980179195702606,0.06995879972323893
34,0.06898142442106865,0.06913292244795126
35,0.0682629136873333,0.0684048865457778
36,0.06765574058166866,0.06778846007341524
37,0.06696658110740462,0.06709819153178803
38,0.0663125617841878,0.06643676857198985
39,0.06577591526833276,0.06589457863516411
40,0.06524075767650148,0.06535419779556907
41,0.06470145890457517,0.0648101074244347
42,0.06421715124565172,0.06432141881369915
43,0.06382630600662872,0.06392377594528506
44,0.06338535131671079,0.06347878546232416
45,0.06298540054907288,0.06307263224388991
46,0.06263963560451301,0.06272314293302746
47,0.06229131652372438,0.06236907447334827
48,0.0619539626296237,0.06202775295092734
49,0.06165514091207125,0.06172113761393508
50,0.061409982944236816,0.06147055379475865
51,0.06114747145587256,0.0612049878425895
52,0.06089066291770703,0.0609424735476522
53,0.060651793904096106,0.06069944064469391
54,0.06045260183877938,0.060499148463191675
55,0.06024424499052347,0.06028867982274384
56,0.06003548520612192,0.06007646855619261
57,0.05985954964462534,0.05989738077224736
58,0.05969299493747224,0.059729703442220845
59,0.05953952792783959,0.05957148424954556
60,0.05940372685445551,0.05943150185412484
61,0.059267489990157594,0.05929344222199943
62,0.05914754894718798,0.059171881778422475
63,0.05902613106983066,0.059048276813708715
64,0.05891593863424358,0.05893257171987699
65,0.05881352505427807,0.058826345202661875
66,0.05871990455078034,0.05872849006341134
67,0.05863731777377649,0.05864231804009846
68,0.058550544752204996,0.058549951528979446
69,0.058471086376375,0.05847053307422884
70,0.058393956009794266,0.058389923268099594
71,0.05832535642518117,0.05831884355809367
72,0.05825768069496495,0.05824989339948268
73,0.058180369224929064,0.058170443287083186
74,0.058098167050269836,0.058088367658240596
75,0.05803210865249235,0.058021003966436405
76,0.057975802041096765,0.05796633695085816
77,0.05792342022615295,0.057913544213367196
78,0.05785958264499038,0.057848328129327574
79,0.05781711000020581,0.05780416180371726
80,0.057763309728938735,0.05774997859016144
81,0.05772716152094847,0.05771371382429809
82,0.057691525511181486,0.0576770226339543
83,0.05765356722202438,0.057638687650853046
84,0.05760566243299817,0.057589513107474594
85,0.05757731592458534,0.05756023863260139
86,0.05753815262127383,0.05752033996665501
87,0.05750712171485998,0.057489092448606414
88,0.057470066450969866,0.05745238895541318
89,0.05743809869345411,0.057419149584078004
90,0.057416294840535995,0.05739651783259797
91,0.05738673002581139,0.05736715820604382
92,0.05735327868097721,0.05733297006232488
93,0.05732543256163771,0.057304398641275706
94,0.05730351394648908,0.05728108660834869
95,0.05728237603404145,0.05726016417885645
96,0.057265157148159516,0.05724267418253481
97,0.05724636325723888,0.057224450161231524
98,0.05722796109753662,0.05720455079275815
99,0.057203931637280235,0.057180295239602164
100,0.05718471131826416,0.057160888966233774
101,0.05717024467628271,0.057146164247263105
102,0.05715071756138729,0.05712773720848334
103,0.05713505361991233,0.057110137339390056
104,0.05711801711093288,0.0570921389331618
105,0.057103313039136405,0.057077693842625926
106,0.05708484022741991,0.057058706157493554
107,0.057069552583376405,0.057044765892855114
108,0.05705684079401751,0.05703252889928729
109,0.057044202304967574,0.05702033018350336
110,0.057030823793703486,0.057006388492624106
111,0.05701901537193476,0.05699418515291051
112,0.05700382416877736,0.05697950887529313
113,0.05698735612149367,0.056962752807228255
114,0.05697473989064728,0.05695070203981781
115,0.05696359862625238,0.056938373399069174
116,0.05695430668765822,0.05692998382805401
117,0.056944142690892756,0.056919407837244015
118,0.05693710221448181,0.05691199471624025
119,0.05692492578847827,0.05690043938227499
120,0.05691874105700634,0.056893863662818595
121,0.05691103210705018,0.0568861270299529
122,0.05690270795790641,0.05687806531112322
123,0.056893871703488204,0.05686909977972597
124,0.056888771538339565,0.05686376864097095
125,0.05687971145808662,0.056853285276236
126,0.05687054760691359,0.056844806975531244
127,0.05686429842101075,0.056838734084301665
128,0.05685544140633917,0.056829417780156224
129,0.0568482543339791,0.05682171930297831
130,0.05684413652528561,0.05681792048748305
131,0.056833529517737416,0.05680774606999488
132,0.056828265643915216,0.056803647512241436
133,0.05682068809425202,0.056794811061654876
134,0.05681172357754327,0.05678593747780748
135,0.05680399947286883,0.056778387796739764
136,0.056795499633343724,0.056769338991972076
137,0.05678729368379449,0.05676185759395756
138,0.056782355245644255,0.056757837669295375
139,0.05677583249842162,0.05675157393185623
140,0.05677175189023903,0.05674749591534454
141,0.056764790492547325,0.056740636902826144
142,0.05675875668771244,0.05673401796920712
143,0.056755532752389294,0.056729965148802415
144,0.05675189369031947,0.05672634117662589
145,0.0567480947980969,0.05672305780671818
146,0.05674162682145742,0.056716232294056826
147,0.056737615992582285,0.056712377822570985
148,0.056732814710961525,0.05670778376661519
149,0.05672902189445292,0.05670453987240724
150,0.05672575759563663,0.05670189595697574
151,0.05672252351269044,0.05669929490833371
152,0.056718135218926866,0.05669483202285474
153,0.056712300362332387,0.05668911496280445
154,0.056709526640921,0.05668711239322869
155,0.05670283571758934,0.05668061928463393
156,0.05669974432568388,0.05667814563425788
157,0.05669736830582485,0.056675912834453286
158,0.0566904717145349,0.05666943749845725
159,0.05668638283807131,0.05666444538699827
160,0.05668083775183202,0.05665897934686208
161,0.05667501032257951,0.05665408671965496
162,0.05667095878259706,0.05664974326829855
163,0.056667774729123384,0.0566475122925373
164,0.05666463220192952,0.05664478189227486
165,0.056659948773193705,0.05664070974484301
166,0.056656756214722666,0.05663765809523224
167,0.05665368807640227,0.05663476347310881
168,0.05665102069780458,0.056632971657364015
169,0.0566475540979607,0.056629321328735154
170,0.05664230949520789,0.056624283947234746
171,0.056639675780029874,0.056621854679799154
172,0.05663500848473787,0.056618084816719025
173,0.05663254937478794,0.056615948816061606
174,0.05662823324924095,0.05661085804248615
175,0.05662539394461483,0.0566074526673523
176,0.05662087955388939,0.056603374225703676
177,0.05661885220487016,0.0566018969459646
178,0.056616676131897706,0.05660043654774088
179,0.05661097409244609,0.05659531713774206
180,0.05660889988315702,0.05659288314952959
181,0.05660602320692305,0.05659027597129114
182,0.05660136925206771,0.05658640003453312
183,0.056597244736004707,0.056582930906046096
184,0.056593463456189604,0.056578804769215646
185,0.05659101972499015,0.056576888377813904
186,0.05658894679869514,0.05657495293963188
187,0.056586876671740775,0.05657350508594293
188,0.056584756336245476,0.056571460659105614
189,0.05658097177449072,0.05656795949821218
190,0.05657943909477312,0.056567192420237083
191,0.05657681017853689,0.056564853395592044
192,0.05657464659604101,0.05656226165701904
193,0.0565730867854158,0.05656110157319463
194,0.05657133617320321,0.05655996666525131
195,0.05656893071690042,0.05655791683686826
196,0.056566692251973485,0.05655597610136135
197,0.056564862297569685,0.05655417871360001
198,0.056562174808431474,0.05655239166306201
199,0.056560466412461555,0.0565517960755615
200,0.056556599281776254,0.056548424037262957
201,0.05655282338030468,0.05654499035697483
202,0.056548496932517206,0.05654088979970706
203,0.05654536643229782,0.05653784787809959
204,0.056541496184703235,0.056533897811898985
205,0.05653722444731033,0.05652957238905519
206,0.05653440693710372,0.056527300961771346
207,0.05653235093524205,0.05652557821601467
208,0.056530227025191254,0.05652383411237258
209,0.0565281038361317,0.056522470791592366
210,0.056525545107504876,0.056520708226629475
211,0.05652331204090124,0.05651914001748014
212,0.05652124449078532,0.05651782988739095
213,0.05651925352449936,0.05651604842988933
214,0.05651528874451172,0.056513085290107325
215,0.05651218261747852,0.05650994610475786
216,0.056510929352849806,0.056509050511632915
217,0.056508667983030406,0.0565073207980504
218,0.05650503549072358,0.056503844735209
219,0.05650124742543049,0.05650052413979792
220,0.056499475501596716,0.056499433959581985
221,0.05649749117429937,0.056497787395730664
222,0.056494102783629305,0.05649501773307369
223,0.05649234187400733,0.056493931813521574
224,0.056490315942589485,0.05649245182857995
225,0.05648888066398727,0.056491463606162834
226,0.05648591199375066,0.056489410841671785
227,0.056484128011698526,0.05648806129112712
228,0.05648156973524343,0.05648567120032797
229,0.05647989358630254,0.05648435806080151
230,0.05647750773030176,0.056482225226591486
231,0.05647491680657846,0.05647991542577177
232,0.0564737712241201,0.05647904077533418
233,0.05647190432213391,0.05647715823515394
234,0.05647039206460799,0.05647630344147947
235,0.05646849762561192,0.05647510924544086
236,0.05646735693805129,0.056474733368000074
237,0.056465808963194614,0.05647364627068423
238,0.056464109480401634,0.05647227001788516
239,0.05646277910727403,0.05647131799114113
240,0.05646009646084555,0.05646850713381531
241,0.05645842476492765,0.05646730316143028
242,0.056456401245073576,0.05646570400714665
243,0.05645479405834626,0.05646460327341864
244,0.05645118164971608,0.05646127046605757
245,0.05644952161417469,0.0564595677133294
246,0.056448440579979726,0.05645875905392043
247,0.05644663604161513,0.05645765635312832
248,0.05644494644204224,0.05645596308108521
249,0.05644363579493367,0.0564555130132261
250,0.05644136372172568,0.056454172056731464
251,0.05643984354979508,0.05645337448202051
252,0.05643726325966546,0.05645152441604521
253,0.05643599127069851,0.05645086955649419
254,0.056434391809107635,0.05644969178062402
255,0.05643297997137888,0.056448997241941745
256,0.05642956190430012,0.05644553758624871
257,0.056427011381801354,0.05644354706293999
258,0.05642578032112605,0.05644278586751085
259,0.05642436994112884,0.0564417273087364
260,0.05642272430107884,0.05644048974059714
261,0.05642113439223706,0.05643970971342435
262,0.05641927022680363,0.056438322410069526
263,0.05641689390917222,0.05643580313319311
264,0.05641479427508266,0.05643424667435069
265,0.0564122702384583,0.05643204842881058
266,0.05641101423613256,0.05643148727171938
267,0.05640889497944788,0.056429565999853826
268,0.056407293257740146,0.0564283369348723
269,0.05640614144038585,0.05642738424387766
270,0.05640451785926821,0.05642602491772361
271,0.056401782594070256,0.056423247982248056
272,0.05640049942714485,0.0564224981160808
273,0.05639801081763878,0.05642001205788056
274,0.056396352046840056,0.05641866835662226
275,0.05639373457905181,0.056415998004217
276,0.0563924555452921,0.05641533340485643
277,0.056391042363473816,0.0564140887231615
278,0.05638856526958307,0.05641229687498079
279,0.05638644393189207,0.05641032182845734
280,0.05638421781123756,0.05640838877094548
281,0.056382996855442354,0.05640804843322511
282,0.056380929062348026,0.056405675265919185
283,0.056379722176156784,0.05640540295879972
284,0.05637896083609532,0.056404950521859655
285,0.05637793111198053,0.05640404017196691
286,0.0563768738554957,0.0564035237424712
287,0.05637603402895569,0.05640281669070152
288,0.056373864906799805,0.056400843041215336
289,0.056372506858567574,0.056400359921926824
290,0.05637161321762775,0.05639979773869919
291,0.05636910494562126,0.056397894963612916
292,0.05636746656910149,0.056396726500039684
293,0.05636574617980867,0.0563949947024744
294,0.05636382685540655,0.056393420849770705
295,0.05636213617525122,0.056392187664436016
296,0.05636039738843498,0.05639076472286207
297,0.056359572725303356,0.05639067948040284
298,0.05635861854647304,0.056389942329398646
299,0.05635766343894566,0.05638938196817069
300,0.05635682211322009,0.05638916346982503
301,0.05635493505045073,0.05638758374361027
302,0.05635371051895861,0.05638707340160234
303,0.056350427791528886,0.05638428742492844
304,0.05634877252853943,0.05638312987502006
305,0.05634680392219762,0.05638122923958641
306,0.056344834261438,0.056379992559840476
307,0.05634365334633769,0.05637910006043734
308,0.056342900743160854,0.05637894751303306
309,0.05634129753529585,0.056377735593575194
310,0.0563399170606304,0.0563763660865397
311,0.05633826714904711,0.056375270808688274
312,0.056337035503400745,0.05637426527613604
313,0.05633535381143644,0.0563728433096844
314,0.05633455409952114,0.056372611436552755
315,0.05633358426535678,0.05637246534446432
316,0.056332256802900535,0.056371237004939706
317,0.05633111002222167,0.05637030990141498
318,0.05633036305246558,0.056370053256601015
319,0.05632934494793412,0.05636956795573548
320,0.05632817445432251,0.05636872737218946
321,0.05632689817058082,0.056367814104921386
322,0.05632595620179887,0.05636708156478431
323,0.056324573044903334,0.05636607704219983
324,0.05632359713886052,0.05636545959249228
325,0.056321499884143464,0.05636357795838916
326,0.056320702138135156,0.05636319638821062
327,0.05631993837219962,0.056362819797445146
328,0.056319084502702815,0.056362216270944815
329,0.05631823937273457,0.0563625671902267
330,0.05631648857685619,0.05636179332908984
331,0.05631454815670592,0.0563598005084015
332,0.05631352587864365,0.056358893449833775
333,0.05631224237837573,0.05635799877146959
334,0.056310828894723164,0.05635698812525009
335,0.05630986447216376,0.0563560128007034
336,0.05630900784477059,0.05635537330074928
337,0.05630784750527483,0.056354337471052944
338,0.05630701057477071,0.05635355668288633
339,0.05630586679323723,0.05635295773410611
340,0.05630491262840885,0.056352261425730216
341,0.056304027270345086,0.05635193349057753
342,0.05630087601041283,0.05634909065685981
343,0.056297822508638795,0.05634629489565619
344,0.05629680232188615,0.05634569612796155
345,0.056295456654373265,0.056344620710382425
346,0.056294450248855515,0.05634427626375016
347,0.05629363641767111,0.056343542385549575
348,0.056292951059886506,0.05634310999578986
349,0.0562917057315112,0.05634175678392626
350,0.05629046024212492,0.056341009900878126
351,0.05628891441784424,0.05633977132642998
352,0.0562881731661043,0.056339156169092665
353,0.05628680908058899,0.05633785626129983
354,0.05628531794111157,0.056336795724625396
355,0.05628333455809599,0.05633467511799545
356,0.056282147134559306,0.05633410088892393
357,0.056280911613916025,0.056332802469605446
358,0.05628020064792862,0.0563325394273959
359,0.05627914576310956,0.05633176025548619
360,0.056278397137257435,0.056331775670054964
361,0.05627643857258555,0.05633040867081647
362,0.056275722766636345,0.05632994217679833
363,0.056274460085023306,0.05632902396251719
364,0.056271830551576835,0.056326517369728754
365,0.056271267830579445,0.05632647699194105
366,0.05626947041173675,0.056325100278239636
367,0.05626871453549855,0.05632449312439014
368,0.05626747366793885,0.056323373506052155
369,0.05626641892417025,0.05632241118857335
370,0.056265407512460355,0.05632150304889399
371,0.05626323979692257,0.05631936137365916
372,0.05626258401456266,0.05631888908700491
373,0.05626197233231699,0.05631837966001766
374,0.05626035002688761,0.05631748164985589
375,0.056259572168197915,0.05631717220356774
376,0.05625768126712171,0.056315887299497526
377,0.056256922600761615,0.056315580601788415
378,0.05625559494897686,0.05631476840486576
379,0.056254624759505434,0.05631419933397017
380,0.056253286511773616,0.05631306000298171
381,0.05625193448240387,0.056311626229614845
382,0.056250571709807504,0.056310858898119376
383,0.056250023603790625,0.05631051158881738
384,0.05624875793242575,0.056309500265708
385,0.05624716645980134,0.05630796926039503
386,0.0562462459861783,0.056307767393496105
387,0.056245724483217255,0.056307528409589004
388,0.056245186677208826,0.05630773407225444
389,0.05624394228634819,0.056306589516735304
390,0.056241806149962034,0.05630462905770636
391,0.056240871253845415,0.05630411118788218
392,0.05624016244438446,0.056303724692208436
393,0.05623967571925117,0.056303511776830115
394,0.05623899001397978,0.0563033290716341
395,0.056237780342759794,0.05630252882173087
396,0.056237187982472854,0.056302453716703525
397,0.05623663241871691,0.05630268794250455
398,0.05623576704283933,0.05630201879599237
399,0.05623426158331266,0.05630076259696882
400,0.05623286607632722,0.056299956716949935
401,0.05623206182486393,0.05629942433489909
402,0.05623044745958575,0.05629790435295217
403,0.056229895669239964,0.05629767219836383
404,0.05622866210794646,0.05629682655112513
405,0.056227709090875,0.05629666656159849
406,0.05622684293917304,0.05629649058619515
407,0.05622622098187307,0.0562963595311395
408,0.05622563228098281,0.056296390876086545
409,0.05622422460837263,0.056295211837441884
410,0.056222841341129155,0.05629414547333525
411,0.05622208734092126,0.05629369023410714
412,0.0562215526459749,0.05629345480394295
413,0.05622062643119528,0.056292881434636365
414,0.05621993434029809,0.05629262655451275
415,0.05621938030547527,0.05629238766362599
416,0.05621685583987092,0.0562908500115569
417,0.05621552998322208,0.0562891961476985
418,0.05621410533287836,0.05628790789444946
419,0.05621315377788187,0.05628702965327443
420,0.056211640771999784,0.056286179161163706
421,0.05621022267215623,0.05628525840444441
422,0.05620926563255271,0.05628479936671075
423,0.056208497195214764,0.0562843480752157
424,0.05620670892223357,0.056282432253741875
425,0.056205997460635246,0.05628193439435935
426,0.05620472876556569,0.056280622107312675
427,0.05620155361364827,0.05627774850039803
428,0.0562004929566264,0.05627682831791647
429,0.05619954368124697,0.05627582448591057
430,0.056198373617052495,0.056275276965868454
431,0.0561977231006911,0.056275775800148184
432,0.05619657289315167,0.056274736098992965
433,0.05619564316877148,0.05627388877007173
434,0.056195010255687135,0.0562735012209047
435,0.05619380519873691,0.056272779029463635
436,0.0561926108370489,0.05627155226125409
437,0.05619201369089094,0.05627143188187786
438,0.0561910870777389,0.0562707888890991
439,0.056190037633221994,0.05626990320409593
440,0.05618877930702959,0.056269157394618734
441,0.05618776942410524,0.056268631890027086
442,0.056187053970962554,0.056268001679383464
443,0.0561857054937539,0.05626686073203241
444,0.05618511363745292,0.056266814749558074
445,0.056184012625508636,0.05626612460879127
446,0.056183566701985314,0.05626605251862709
447,0.05618254923006121,0.05626531726863338
448,0.05618164312233093,0.056264898929329406
449,0.05618004932980221,0.056263567354638847
450,0.056179048602162884,0.05626275580092072
451,0.05617809136713316,0.05626233980474994
452,0.056177526503624495,0.056262085868981807
453,0.056176951487916696,0.05626203289690015
454,0.05617640011747569,0.056261853476044184
455,0.05617490165186045,0.056260892375678384
456,0.05617364175140783,0.056259934819478906
457,0.056173094563869035,0.05625985202549705
458,0.05617246798247584,0.0562593645142658
459,0.056171307335992696,0.05625820116205726
460,0.05617039153741573,0.05625753803300555
461,0.05616967243896037,0.05625713896655896
462,0.056169102928450974,0.05625755910929498
463,0.056168523336169014,0.05625748450487294
464,0.05616798818294595,0.056257353759657076
465,0.056167358926187974,0.056257127116841346
466,0.05616663144050221,0.056256917728559855
467,0.056165544569371,0.056256152003384845
468,0.056165025980113976,0.056256124746421304
469,0.05616334764676864,0.056254667395975136
470,0.05616164620623596,0.05625286397287237
471,0.05616044392756741,0.05625275388995337
472,0.05615937402820154,0.056252023731023906
473,0.05615885355049212,0.056251901433237106
474,0.05615804739418561,0.05625176288768719
475,0.05615689865689936,0.056251287567576816
476,0.056155768405554383,0.05625009706390063
477,0.056155290731433834,0.05625025272483104
478,0.05615397685803722,0.056249394842501695
479,0.05615293898100202,0.05624872512686188
480,0.05615187083067642,0.05624768384369788
481,0.056150664020224166,0.05624680877077459
482,0.056150020841312535,0.05624689022615883
483,0.05614901845973599,0.056245972386048296
484,0.05614853768281972,0.056245933587775035
485,0.05614725243419623,0.05624501930221791
486,0.05614669144395635,0.05624483298582641
487,0.05614576857937926,0.05624417959121068
488,0.05614507057543189,0.056243785859005364
489,0.05614457726545825,0.056243748123803276
490,0.05614342727697663,0.056242646924067365
491,0.05614237413064695,0.056242154716504886
492,0.05614168901776135,0.05624169572476988
493,0.05614106466400556,0.056241548686116236
494,0.056140427346359746,0.05624136318296503
495,0.05614003033640325,0.05624126546302173
496,0.05613738000223088,0.05623858078294087
497,0.056136161064662266,0.056237455458861045
498,0.05613518841961999,0.05623681780418929
499,0.05613456049338431,0.05623644990228675
500,0.05613367898569882,0.05623636827340744
501,0.056132663305805915,0.0562356781045869
502,0.05613175922978025,0.056235336544944586
503,0.05613071484357366,0.05623455134436664
504,0.05613013290344392,0.056234385761467984
505,0.05612925722534244,0.05623406926873964
506,0.056128395011504795,0.05623357569249151
507,0.056124992796283975,0.05623109276755672
508,0.056124288140766455,0.05623063361044472
509,0.05612355783019814,0.056230587472272026
510,0.05612259426740155,0.056229986582054046
511,0.05612196970137692,0.056230015613533184
512,0.056121184828023384,0.056229499643849795
513,0.05612034766354666,0.05622904769790534
514,0.056119612022720325,0.056228895638863116
515,0.056117534494491604,0.0562267721219182
516,0.056116700090903096,0.056226159971740325
517,0.056115977142202816,0.0562256891348613
518,0.05611536869418711,0.05622559160690731
519,0.05611445780378896,0.05622491261329481
520,0.056114098186514624,0.056224747590250077
521,0.05611346601323845,0.05622436668841646
522,0.05611275236956609,0.05622396855022693
523,0.05611210575401172,0.05622326764217263
524,0.05611127063589299,0.05622267782292929
525,0.05611046593961969,0.05622252218906095
526,0.0561096317862687,0.05622190053186508
527,0.05610897987000829,0.056221765311021625
528,0.05610687033288818,0.05622051155013033
529,0.056106093082013773,0.05622021900575713
530,0.05610495437141411,0.05621936197589228
531,0.05610429080653902,0.05621893367270117
532,0.056103361209292005,0.05621814861892049
533,0.05610274312344658,0.05621812808644748
534,0.056101798060564305,0.056217315975245964
535,0.05610018913938539,0.05621614730339201
536,0.05609959546380621,0.056216036431597415
537,0.05609921530723466,0.05621606191139816
538,0.05609874423434977,0.05621593053546939
539,0.05609784707076804,0.05621535498696555
540,0.05609739726191382,0.056215434114366046
541,0.056096317238072256,0.05621481634582721
542,0.05609570605963634,0.056214737566639875
543,0.0560951604176521,0.056214490840367254
544,0.05609336430797306,0.05621283741793752
545,0.056092745247969526,0.056212549401487656
546,0.05609222415692385,0.0562123385332031
547,0.05609184243193746,0.05621222307121351
548,0.05609129194403313,0.0562120028842672
549,0.05609063067623169,0.056211845833769813
550,0.056090162627187856,0.056211803563984385
551,0.056089413832321244,0.0562113840274092
552,0.05608846741972663,0.05621101131775922
553,0.05608798413411243,0.05621099018366734
554,0.056087449994764366,0.056210985782787916
555,0.05608695640048302,0.0562109965940462
556,0.0560864298655519,0.0562109284210195
557,0.05608591610116884,0.056211040653068374
558,0.056084978897409314,0.05621058075989404
559,0.05608389497536836,0.05621012169332335
560,0.05608349686643281,0.056210167040872436
561,0.05608299869569708,0.05621015941382348
562,0.05608178207520333,0.05620954621821389
563,0.05608098141882275,0.05620886109393114
564,0.05608060249264196,0.05620883218689819
565,0.056080179662088094,0.05620886861066319
566,0.056079734105502085,0.05620873077892885
567,0.05607910827839097,0.05620875318702438
568,0.056077619560420934,0.056207844395426254
569,0.056076622914350366,0.05620677536144729
570,0.05607580836789488,0.05620610368478109
571,0.05607538104621728,0.056205980776670286
572,0.05607467658466389,0.056205348009699264
573,0.056074184351225256,0.05620522069323866
574,0.056073290614341596,0.056204358437899234
575,0.056072689691274366,0.056204158779279735
576,0.05607227176336453,0.056204199899556696
577,0.056071472325575085,0.05620361578460338
578,0.0560709950768087,0.05620340313311263
579,0.05607029853065564,0.05620308204586504
580,0.05606927945079766,0.05620215119133519
581,0.05606895731127614,0.05620206626547439
582,0.056068122170103,0.056201798149807705
583,0.05606741679055601,0.05620118636025878
584,0.05606667003250222,0.05620087992024323
585,0.05606610397351155,0.05620079534426519
586,0.05606526247071397,0.056200303940085704
587,0.056064819826185906,0.05620025361664692
588,0.05606448524654496,0.0562002027243867
589,0.05606371334332803,0.05619974955322061
590,0.0560628273623403,0.05619917145228555
591,0.05606146606881488,0.05619836333572881
592,0.05606075072883956,0.05619802396911799
593,0.056059673260232964,0.05619729312189332
594,0.0560584118309824,0.05619625143000049
595,0.056057907963294684,0.056196071202619984
596,0.05605717275885336,0.05619567648221973
597,0.05605679294262479,0.056195701019597706
598,0.05605638998059212,0.056195632620845294
599,0.056055456190264134,0.056195086806252556
600,0.05605481643724606,0.056194738430297826
601,0.05605434995332285,0.05619469487801819
602,0.05605379211036995,0.05619481879891205
603,0.0560530171254064,0.05619432721317909
604,0.05605254825672225,0.056194224500689456
605,0.056051957646506466,0.056193862160963726
606,0.05605130990469388,0.05619365263752276
607,0.056050758067257025,0.05619341881647338
608,0.05604952308222498,0.056193026700302344
609,0.056048744413014176,0.05619264468018575
610,0.056047577223129,0.05619221326102814
611,0.0560472124525368,0.056192226537135626
612,0.05604605825753431,0.05619176434523395
613,0.05604532255544741,0.05619132341364027
614,0.056044759760996425,0.0561911066800207
615,0.05604419506812828,0.0561908103566255
616,0.05604294965889446,0.05619004381228947
617,0.05604121228912492,0.05618886331273404
618,0.05604056542783443,0.05618859292585549
619,0.05604001818570035,0.05618840875295819
620,0.05603879418867452,0.056187756005998984
621,0.05603831979306053,0.05618766586244451
622,0.056037759606762,0.0561877583953115
623,0.05603621882476486,0.05618680634058725
624,0.056035334523566474,0.05618628779891835
625,0.056034404795363,0.05618552433924387
626,0.056033871339013414,0.05618560782235226
627,0.0560331579811086,0.05618510810244768
628,0.05603243239682459,0.05618481131199317
629,0.05603164138095342,0.05618531413267503
630,0.05603105001276918,0.05618525823582284
631,0.05603005420188615,0.05618454394631214
632,0.05602959493216922,0.05618427968913243
633,0.05602895263504161,0.056183878964679065
634,0.05602855725579893,0.05618396841544069
635,0.05602802258802932,0.05618365441785743
636,0.05602764743394378,0.05618352124894125
637,0.05602698841639111,0.05618296698385131
638,0.056026469175637354,0.05618299287193556
639,0.056025879846845074,0.05618289960048104
640,0.05602539266997418,0.056182961240515625
641,0.05602501898800242,0.05618265191765172
642,0.05602457948071322,0.05618285830941639
643,0.056021860913512994,0.05618071442507267
644,0.05602125172513444,0.056180172079543365
645,0.05602041188943861,0.0561794795040528
646,0.056019812792035516,0.0561791395375993
647,0.05601921266932375,0.05617880581871446
648,0.056018076838340265,0.056178331040789634
649,0.05601774807695123,0.05617835579755957
650,0.05601734363034994,0.056178365002176156
651,0.0560169687838965,0.05617827940500764
652,0.05601663163342389,0.05617820347302469
653,0.056016316351713565,0.05617843422621128
654,0.056015957862838923,0.05617831163712037
655,0.056015601853930994,0.056178271604434955
656,0.0560151554373581,0.05617808601392003
657,0.05601448031059813,0.056177675185767426
658,0.056012008665133846,0.056175844660716547
659,0.05601151964427862,0.056175793192922194
660,0.0560111684134397,0.056175797253447915
661,0.05601026156412645,0.056175140861760724
662,0.056009503180198664,0.056174785553403196
663,0.056008802537786145,0.05617437706989261
664,0.05600768555318183,0.05617379440091342
665,0.05600713985104753,0.05617344770113813
666,0.05600639506791549,0.05617285646167049
667,0.056006030247185055,0.056172629579748445
668,0.05600537659712464,0.05617224496186226
669,0.05600476552233347,0.056171933630132766
670,0.056004365287558304,0.0561722083580519
671,0.05600358355103855,0.05617148475879938
672,0.05600228062635005,0.05617061917469816
673,0.05600126527889866,0.05617001356295742
674,0.05600008763246175,0.05616920123111948
675,0.05599795090773726,0.05616726691703668
676,0.05599740114551159,0.056167163783699556
677,0.05599665057824793,0.056166351808814345
678,0.05599598773998007,0.056165897573361684
679,0.05599479160642522,0.05616499405236322
680,0.05599437176553264,0.05616486220848774
681,0.05599305131922878,0.056163731157079816
682,0.05599135238624174,0.056162696304106245
683,0.055990654260315985,0.05616216014668627
684,0.05598942863819725,0.056161226892235426
685,0.05598909165372529,0.05616127958337528
686,0.05598870059939192,0.056161354540734794
687,0.055988297288985814,0.056161096244652306
688,0.0559878955935157,0.05616114209657001
689,0.05598733030660104,0.05616072107726274
690,0.055987021410366544,0.05616068451945731
691,0.05598615226845546,0.0561602563018066
692,0.05598575212381206,0.05616028369364367
693,0.055985348186203016,0.056160331498445654
694,0.05598506183442355,0.056160212525662286
695,0.055984496988778616,0.056159968131704006
696,0.05598348832888934,0.05615971609385294
697,0.05598317858594082,0.05615980972744333
698,0.055982651873404655,0.05615957400062351
699,0.05598216714490587,0.05615958846046805
700,0.05598130407648429,0.056158941259741295
701,0.05598030317136419,0.05615849114257522
702,0.0559796246456465,0.05615840467966147
703,0.05597923202300098,0.056158473288640154
704,0.05597893565533421,0.05615853138675681
705,0.05597823002073937,0.05615803092758362
706,0.055977407886734123,0.056157814928073806
707,0.05597643173156121,0.056157197931692465
708,0.055975517948372376,0.05615635961520781
709,0.05597486108086122,0.05615606439375013
710,0.05597370179216411,0.056155295675090984
711,0.05597325140616477,0.05615515413519486
712,0.05597252804548245,0.05615485724850945
713,0.055971846589566006,0.056154621427343315
714,0.05597056450102526,0.05615326413127937
715,0.05596929484092495,0.05615208102959244
716,0.05596858797774577,0.05615146473545982
717,0.055966470412182216,0.056150490495450574
718,0.055965900391100394,0.0561505380890525
719,0.055965465309894075,0.056150445846978335
720,0.055965024917792316,0.056150435471451675
721,0.05596316221698285,0.05614900347499152
722,0.055962493406364944,0.05614864397419977
723,0.05596149419776474,0.05614794927106619
724,0.05596086271081691,0.056147783458096276
725,0.05596043978247774,0.056147737159833365
726,0.055960132803388296,0.05614788214707592
727,0.05595945074781001,0.05614754194801046
728,0.05595890684735522,0.05614723058696444
729,0.05595865805409288,0.05614723325798782
730,0.05595836186818453,0.056147223034156916
731,0.05595799521837941,0.05614711179881755
732,0.05595752011847242,0.056146996785172834
733,0.0559569563480419,0.056147011765643795
734,0.05595666894758288,0.05614712469078016
735,0.05595590812030075,0.056146796249973284
736,0.05595553706697212,0.0561468674104267
737,0.05595501467404639,0.05614662153379501
738,0.05595422710497042,0.056145861028730745
739,0.05595361565578295,0.056145681833643435
740,0.05595311144681702,0.056145496337548985
741,0.05595248640997559,0.056145311878418334
742,0.05595158375599378,0.05614454304291251
743,0.05595116204753412,0.05614450725145523
744,0.055950618673227995,0.05614441565527381
745,0.0559500675605731,0.05614428715568165
746,0.05594968714648595,0.056144233828257784
747,0.05594914495113307,0.05614409140868928
748,0.05594863962645429,0.056143942189729915
749,0.05594800773711994,0.05614382499193361
750,0.055947582105872036,0.0561437518380692
751,0.055947316977275695,0.05614358368443699
752,0.055946791965987196,0.05614337171342315
753,0.055946103121563576,0.05614332004574019
754,0.05594560448159878,0.056143040282065716
755,0.05594447380197975,0.05614186464528125
756,0.05594361560015213,0.056141212039537196
757,0.055943042120494835,0.056140995669736696
758,0.055942142137048075,0.05614059929908002
759,0.05594129221110176,0.056140015147564795
760,0.05594062973033551,0.05613981865654346
761,0.055939987705767316,0.05613963969486205
762,0.055939619522075344,0.056139508697787686
763,0.05593868392357683,0.05613905813672483
764,0.05593840936413136,0.05613928470424288
765,0.055937482019159046,0.056138570513275525
766,0.05593723213072369,0.05613872265030845
767,0.05593616027190443,0.056137755343209216
768,0.05593585144406263,0.05613770087582326
769,0.055935229077323755,0.05613761961658116
770,0.05593492547251046,0.05613757113867236
771,0.05593462887239344,0.056137516046272526
772,0.055934160534461486,0.05613750086157152
773,0.0559333775122055,0.05613716120152643
774,0.0559327241552928,0.05613703765590627
775,0.05593205869628118,0.05613666006450145
776,0.055931628497741775,0.056136821419813604
777,0.05593128122437364,0.05613670473069578
778,0.055931027567768056,0.056136958131928996
779,0.05593043336784224,0.0561369733820534
780,0.05592976966611569,0.05613674414165255
781,0.05592899074795342,0.05613628985542643
782,0.05592784878469111,0.05613521951425821
783,0.05592766041810716,0.05613530899188565
784,0.05592711329132876,0.05613512765248998
785,0.055925443575935777,0.056134269124613834
786,0.055923834599448115,0.05613329148643204
787,0.055921967364956734,0.05613201309641179
788,0.055921333299624607,0.05613107664899101
789,0.055920770175032906,0.05613078320957431
790,0.055920155484790623,0.05613048164350958
791,0.05591957119260528,0.056130052267946026
792,0.05591899355833613,0.056130224055292645
793,0.05591831643109751,0.056129968271957785
794,0.055917719831321926,0.05612972412406993
795,0.05591708723585718,0.05612922318759952
796,0.055916708569282894,0.05612929775226837
797,0.055916163913685576,0.056129333962972164
798,0.05591554295694346,0.05612919164807161
799,0.055915246682494,0.0561291952258443
800,0.055914885485720434,0.056129160944870575
801,0.05591439737942022,0.05612924062289194
802,0.055913903818144345,0.0561290699614199
803,0.05591325651459718,0.05612851946900381
804,0.05591280195786884,0.0561283208410217
805,0.05591253356007565,0.056128247857186245
806,0.05591213074586363,0.056128251862364156
807,0.055911107750385096,0.05612826489604132
808,0.055910227205241414,0.05612800939824214
809,0.05590936794250056,0.056127283887796864
810,0.05590879138077536,0.056127221298018316
811,0.05590846508282842,0.05612722604791127
812,0.05590796746887855,0.056127180909716544
813,0.055907652042592786,0.056127084564982894
814,0.05590696060854585,0.05612655017236445
815,0.05590619615743716,0.05612617407813386
816,0.05590567808388236,0.05612572766453985
817,0.055904996145327394,0.05612572392992054
818,0.055904627307270506,0.05612561827430711
819,0.055904428373548566,0.0561258233726206
820,0.05590399575823465,0.05612588416840948
821,0.05590374284559185,0.05612596161074557
822,0.055903124621029227,0.056125648202658245
823,0.055902731146439136,0.056125496262433294
824,0.055902300269776134,0.0561252702403964
825,0.05590207143448979,0.056125231476808285
826,0.05590184883984005,0.05612531980607244
827,0.05590104102619281,0.05612495890109308
828,0.05590058394242449,0.05612486681260782
829,0.055899938630316795,0.05612420494668355
830,0.05589937166378629,0.05612421630723475
831,0.05589906781788993,0.056124235703180286
832,0.05589860358369355,0.056124280748361115
833,0.055897961073578424,0.056123744820796
834,0.05589701601570505,0.056123317639776446
835,0.055896446643645084,0.05612337446346033
836,0.05589551835069285,0.0561220060167613
837,0.05589489449327062,0.05612257808713485
838,0.05589406290966778,0.0561219167458549
839,0.055893600252000776,0.05612152883161061
840,0.05589301765752805,0.05612117004196967
841,0.055892241939849374,0.05612071816159193
842,0.05589165048394313,0.0561208582120988
843,0.05589126689184517,0.05612095580972905
844,0.05589043506450853,0.05612052274054573
845,0.05589002725869274,0.05612039744289642
846,0.05588940216963267,0.05612020693773263
847,0.05588902223928323,0.056120145067495304
848,0.05588870626291512,0.056120137556833115
849,0.05588830239795444,0.05612002517346387
850,0.055888070419427005,0.05612003464722144
851,0.05588755577181441,0.056120053590056354
852,0.05588701090015058,0.0561200644710989
853,0.05588644618123127,0.056119853303946046
854,0.05588614176362109,0.056119807526777366
855,0.055885939442216225,0.05611983550476045
856,0.05588562349425535,0.05612010233702056
857,0.05588460921786343,0.056119554233557606
858,0.05588416791787934,0.056119384975940226
859,0.05588374830288518,0.05611926365168915
860,0.05588321552325781,0.05611912038814452
861,0.05588266663333118,0.05611875016294715
862,0.05588156295733281,0.05611724254078808
863,0.05588106851408739,0.05611709312168299
864,0.05588041958691266,0.0561165440071311
865,0.055879859884956785,0.05611628088607281
866,0.05587936286347938,0.05611621762032395
867,0.05587873631866368,0.056115799857704825
868,0.0558783831039033,0.056115923396961635
869,0.05587807074228451,0.05611570029937101
870,0.055877655055846465,0.05611575717367235
871,0.05587736159625563,0.05611580031067326
872,0.055876960179583185,0.05611558601892752
873,0.05587639798285593,0.05611509818973195
874,0.05587589275937794,0.05611487829036914
875,0.05587535253407292,0.05611468302001314
876,0.05587441445276076,0.056113771082419335
877,0.05587380490179215,0.056113312029149084
878,0.055873530093260834,0.05611326033521182
879,0.05587280535272089,0.056112594615105975
880,0.055872226434457745,0.056112318310028574
881,0.05587142282001773,0.05611155490275157
882,0.05587071585457329,0.056111023446540405
883,0.05587031305214362,0.05611085487304538
884,0.05586984926411992,0.05611097152345483
885,0.055869593052538316,0.0561109923284155
886,0.05586909720188673,0.05611111814888082
887,0.055868528819629934,0.05611049742638368
888,0.0558680433470676,0.05611042398948842
889,0.05586763437889489,0.05611022369904163
890,0.055867136572348,0.05611014739175961
891,0.05586596544792698,0.056109409426640784
892,0.05586537129705777,0.056109035266407335
893,0.055864629009019826,0.05610844549817122
894,0.05586415589660139,0.05610835887240214
895,0.055863677734870505,0.05610806528320737
896,0.05586334179267907,0.05610802749640952
897,0.0558624841751196,0.05610778647257113
898,0.05586203860013803,0.05610770845903071
899,0.05586155427986335,0.05610754286529102
900,0.055861150416647846,0.056107545123345655
901,0.055860656501710855,0.05610756713490566
902,0.05586033003236577,0.05610744441149951
903,0.055859656720515294,0.05610737212201822
904,0.05585928770574745,0.0561074408914922
905,0.05585882349063628,0.05610715016226792
906,0.055857555647731844,0.05610687257782952
907,0.05585727470152368,0.056106893877350204
908,0.055856693114431484,0.05610619871278987
909,0.0558560574853501,0.05610579420761086
910,0.0558556143575647,0.05610591617150054
911,0.055855168098517496,0.05610587760558825
912,0.05585458798923996,0.05610576866922037
913,0.05585434762442905,0.05610590405161132
914,0.05585373656584691,0.05610567132078645
915,0.055853229193960525,0.05610542977626037
916,0.055852704163598436,0.05610523135165226
917,0.05585208088551542,0.05610488291425742
918,0.055851120541566594,0.05610424122633102
919,0.0558500409106759,0.056103615750737634
920,0.05584957315708814,0.05610339612943408
921,0.055848883897197665,0.056102935909679796
922,0.0558483414704613,0.05610280220019438
923,0.05584811252579942,0.05610280627576247
924,0.05584757866237689,0.056102669172276694
925,0.05584721634259411,0.05610276870770404
926,0.055846739976666525,0.05610263512944138
927,0.05584655744460368,0.05610258960746049
928,0.05584613746656391,0.05610282074732774
929,0.05584573127360776,0.05610294947067762
930,0.055845269542828695,0.05610291740551161
931,0.05584467250149252,0.05610284337683567
932,0.0558442228767804,0.056102888332164695
933,0.055843699451860844,0.056103167562765274
934,0.05584326556974537,0.05610296723214755
935,0.05584311225374186,0.0561029712756454
936,0.055842691834922,0.05610282478671349
937,0.055842211239942624,0.056102618631072715
938,0.05584189455696946,0.056102820754605535
939,0.05584160691126598,0.056102665735736044
940,0.05584091493792252,0.05610244674142918
941,0.055840679099064115,0.05610270244133154
942,0.05584033146513039,0.056102720108575185
943,0.055840030825182393,0.05610264362683293
944,0.055839674920479115,0.056102720216917444
945,0.055839047533959844,0.05610238978078793
946,0.05583865510674295,0.0561024638297727
947,0.055838169632959456,0.05610234235489635
948,0.055837770335935524,0.0561021651333039
949,0.055836811935749256,0.0561016865909261
950,0.055836300195193735,0.05610126833420871
951,0.05583584752988085,0.05610100832563322
952,0.055835495096681356,0.05610081634352454
953,0.05583474062248191,0.0561002915747088
954,0.05583438066148073,0.05610018088026621
955,0.05583377688302863,0.05609993249693157
956,0.05583320224980812,0.056099737265062
957,0.05583296906042233,0.056099657591352686
958,0.05583219156303938,0.05609900568679414
959,0.05583174807406811,0.05609906829913109
960,0.0558312245305521,0.05609898838443208
961,0.05583053761839118,0.056098886545030806
962,0.05583034935102677,0.056099062807169545
963,0.05582987816227688,0.05609907845887958
964,0.055829338864278155,0.05609875995073663
965,0.05582855078367781,0.05609825838580339
966,0.05582807373821657,0.056098643461952216
967,0.055827892509442346,0.05609870034707666
968,0.05582745921197948,0.056098663199884546
969,0.055826500309831176,0.056098091623269876
970,0.055825994399615796,0.056097828340345345
971,0.055825502371073955,0.05609790087732773
972,0.05582503909124363,0.056097616792260836
973,0.05582472439896104,0.05609776013364221
974,0.05582417942765157,0.05609758941238036
975,0.05582366636312551,0.05609741558926996
976,0.05582291143746556,0.056097182653713766
977,0.05582236178243763,0.05609697999146093
978,0.05582201003980069,0.05609688664711714
979,0.05582157998971782,0.05609683421249426
980,0.05582109356997597,0.05609674826287625
981,0.05582000022818669,0.05609625568059504
982,0.055819456137852046,0.05609580796051339
983,0.055819156546803056,0.05609579426928401
984,0.055818597939095306,0.05609594897806036
985,0.0558177612162728,0.05609526080095275
986,0.05581724130700488,0.05609506241106738
987,0.055816918668033726,0.056095060576732234
988,0.05581643249844945,0.05609504447716776
989,0.05581605127014396,0.05609487872629377
990,0.055815626603977486,0.05609480453273941
991,0.05581542094189773,0.0560951141995814
992,0.055814901991117494,0.05609481060983662
993,0.05581376329087851,0.05609421894027459
994,0.0558130630491993,0.05609371269503926
995,0.05581240904495383,0.056093306592001756
996,0.055811913982416195,0.05609334346466853
997,0.055811505809202376,0.056093224018651126
998,0.05581088229021133,0.056092935483959015
999,0.05581057959760838,0.05609288033411378
1000,0.05581015819137869,0.056092829690881585
1001,0.05580947881417078,0.05609244829524561
1002,0.05580879649497462,0.05609203171935004
1003,0.05580838960239683,0.056091915897189516
1004,0.05580784205701292,0.056091664368933654
1005,0.05580729712199876,0.056091617496090776
1006,0.05580690187476161,0.05609148632384002
1007,0.05580638405513196,0.05609137181163445
1008,0.05580538362136836,0.05609092921984128
1009,0.055804963161865125,0.05609112450883441
1010,0.05580439886666978,0.0560911942521863
1011,0.055803924136521854,0.056090900213692944
1012,0.05580333124763688,0.056090427142835714
1013,0.05580282173631056,0.0560902464731527
1014,0.05580215780947401,0.05609008440340481
1015,0.055801717990266196,0.05608996481320434
1016,0.055801201717810535,0.056089764595020054
1017,0.0558006966274548,0.05608968183591881
1018,0.05580027586507424,0.05608977449555635
1019,0.055799813206628274,0.05608976964244017
1020,0.05579926461812373,0.056089777156284305
1021,0.055798739785087904,0.056089597116501695
1022,0.05579806141301262,0.05608927543222455
1023,0.05579772336490265,0.0560892941125859
1024,0.05579734732950766,0.05608927366322233
1025,0.055796874807232825,0.056089191786690154
1026,0.05579655516481681,0.05608909171841724
1027,0.055796168693721664,0.05608898677555236
1028,0.055795861660127184,0.056088957207249636
1029,0.05579531355397822,0.05608897844883142
1030,0.05579481052464254,0.056088882884357434
1031,0.055794393262178436,0.056088705722440006
1032,0.05579406298724307,0.05608864299075607
1033,0.05579324917364056,0.05608848765347683
1034,0.05579234970368315,0.05608772348645908
1035,0.055791898714918776,0.05608774738713928
1036,0.05579149368158858,0.056087617701351955
1037,0.05579116043441817,0.056087465816855656
1038,0.05579070974249363,0.0560873693706473
1039,0.05579041204286611,0.056087333739062696
1040,0.05579007232170806,0.056087376379124615
1041,0.055789765856576926,0.05608719466575579
1042,0.05578930384260459,0.05608700033215985
1043,0.055788691958755125,0.05608665745685535
1044,0.05578826893431039,0.05608653458017593
1045,0.05578777483591681,0.05608654433577715
1046,0.055787012836120885,0.05608645376596642
1047,0.055786736652202316,0.056086498162997205
1048,0.055786184960072524,0.05608653617451703
1049,0.05578483260114241,0.05608544397793163
1050,0.055784442213821686,0.0560853759281431
1051,0.05578397100610902,0.056085346830044985
1052,0.05578321996324866,0.056085225342432925
1053,0.05578278326111644,0.05608524357305366
1054,0.05578237476091842,0.056085196953460335
1055,0.05578190927366738,0.05608521375074018
1056,0.05578156501870091,0.05608532303481465
1057,0.05578108676819033,0.0560855135524936
1058,0.055780513181979234,0.0560855232880465
1059,0.05578032560339198,0.056085491780785264
1060,0.055779883853103195,0.056085391704263354
1061,0.05577949309392744,0.056085401892263756
1062,0.055778830084794895,0.056085437824568436
1063,0.05577783911152321,0.056084425475834504
1064,0.055777359959506514,0.05608429859422083
1065,0.05577693075780453,0.05608415559391542
1066,0.05577645718683639,0.0560840470640105
1067,0.055776153895161905,0.056083906955346804
1068,0.055775872057184775,0.056083845529586944
1069,0.05577538914239684,0.056083590609890724
1070,0.05577487129421221,0.05608330213216929
1071,0.055774477703176326,0.05608332611552379
1072,0.05577405683521279,0.05608331464888449
1073,0.05577357692546984,0.05608321550240284
1074,0.055773414416518105,0.056083164346098835
1075,0.055773120620032715,0.056083097391996066
1076,0.05577264413036971,0.05608288772636617
1077,0.055772015419913674,0.05608267839287513
1078,0.05577137683110191,0.056082688063900245
1079,0.055770977197531726,0.05608271189595538
1080,0.05577052789910337,0.05608276308545998
1081,0.05576988066557794,0.056082420697320445
1082,0.055769523310437635,0.05608225046154188
1083,0.05576885996048975,0.05608220871746547
1084,0.05576833825482955,0.056082137199288055
1085,0.05576778041038869,0.05608185244355519
1086,0.055767319120425055,0.05608178947763936
1087,0.05576685401422492,0.056081677356465305
1088,0.055766370291408525,0.05608151628734862
1089,0.05576577945565557,0.05608134630382495
1090,0.05576537759045375,0.05608119902964746
1091,0.05576485998195748,0.05608097452354404
1092,0.055764506243355695,0.056081031829828876
1093,0.05576411738752378,0.056081012250265475
1094,0.05576377109508699,0.05608094464774688
1095,0.0557633102731787,0.05608087861946977
1096,0.05576273721007749,0.056080499077118
1097,0.05576218269370094,0.05608062681371459
1098,0.055761685589454955,0.05608065198699042
1099,0.05576130700741629,0.05608054751512903
1100,0.055761027414106566,0.05608061809065459
1101,0.05576074856236275,0.05608067637296299
1102,0.055760388707565986,0.056080521444989394
1103,0.05575991959842284,0.056080320506137114
1104,0.05575967944100454,0.05608036571742312
1105,0.055759128114558125,0.056080357802484604
1106,0.05575867893096183,0.05608015816605989
1107,0.05575821154612682,0.056080148294719
1108,0.05575772403052965,0.05608029442390998
1109,0.05575717854587159,0.05608041423928811
1110,0.05575686995578793,0.05608037835831409
1111,0.05575635904090885,0.05608033812265107
1112,0.05575602526773309,0.05608013637780586
1113,0.055755335147015424,0.05607998243261874
1114,0.05575495275315438,0.056079861348755006
1115,0.05575434916095119,0.05607967672352602
1116,0.05575414881040703,0.056079650916903
1117,0.05575376492684487,0.056079820304258975
1118,0.05575342658172224,0.05607969528531233
1119,0.055753122494781406,0.05607973454376934
1120,0.05575257344722388,0.05607939634954331
1121,0.055752157775916425,0.0560793366943121
1122,0.055751697012866745,0.056079411366753554
1123,0.05575074976612228,0.05607882013291973
1124,0.05575037125840034,0.0560786608158022
1125,0.05574985235192488,0.056078520077742965
1126,0.05574871272295062,0.05607774832780753
1127,0.05574807580459662,0.056077514262430725
1128,0.05574764286385119,0.0560773495953636
1129,0.055746722587038645,0.056076766495726085
1130,0.05574633145700407,0.056076543126229235
1131,0.05574560426032566,0.05607621451478907
1132,0.05574511043754706,0.05607637597193501
1133,0.05574475414123524,0.056076568452752655
1134,0.055744363605568746,0.05607632448052573
1135,0.055744042429835675,0.05607642926792481
1136,0.05574347066713679,0.0560765637478012
1137,0.055743039090170074,0.056076345870633655
1138,0.055742612112649886,0.05607654283240594
1139,0.05574209053671054,0.056076525709473364
1140,0.055740794405771066,0.05607620359263284
1141,0.05574050119733385,0.05607630125488032
1142,0.05573995567710462,0.056076272975149465
1143,0.055739508039912136,0.056076157681548576
1144,0.05573868054155543,0.056076075560534
1145,0.055738209574241096,0.056075658383669444
1146,0.0557369857918058,0.056074431061516494
1147,0.05573654662168549,0.05607435453241007
1148,0.055735990543004876,0.05607437886476137
1149,0.05573556326140356,0.056074215368197795
1150,0.055735084287320644,0.05607409353895516
1151,0.055734714203235,0.05607413589283151
1152,0.055734339799323546,0.05607410050871445
1153,0.05573388277580786,0.05607424698585899
1154,0.0557334817385779,0.056074124310908025
1155,0.05573303717278375,0.05607383844288902
1156,0.05573270532107021,0.05607383941901046
1157,0.05573233691719221,0.05607381211168394
1158,0.05573188741113228,0.056073603246816955
1159,0.05573151831560585,0.05607343494387896
1160,0.05573107138425768,0.05607321458828315
1161,0.05573072397092405,0.05607315243662681
1162,0.05573040776929798,0.0560731597164067
1163,0.055729961086592776,0.056073105993773846
1164,0.055729437235770264,0.056073093467340226
1165,0.05572916044032242,0.05607323103403922
1166,0.05572895224607672,0.05607319350762101
1167,0.055728430276040374,0.05607285324457797
1168,0.05572802019891253,0.05607278639811188
1169,0.055727684310241984,0.05607288441392318
1170,0.055726945732651585,0.05607270148966155
1171,0.05572659509466347,0.05607261443300595
1172,0.05572621731817614,0.056072478877416516
1173,0.055725188372696355,0.05607216826255543
1174,0.05572464715292575,0.05607203336450788
1175,0.05572422415654161,0.05607191945953302
1176,0.05572377358783502,0.05607178380046521
1177,0.05572330093886021,0.05607161583590805
1178,0.055722697092416805,0.056071790799004054
1179,0.05572217620475058,0.056071774468078886
1180,0.0557218483814123,0.056071867182053196
1181,0.05572154314521997,0.05607178680883685
1182,0.055721096379786166,0.056071713236714955
1183,0.05572077795967972,0.056071694432255716
1184,0.05572021555850638,0.0560714706313542
1185,0.05571999877489025,0.056071554102257
1186,0.055719693176592866,0.056071615926228884
1187,0.05571926956181772,0.05607138230103834
1188,0.05571883837507003,0.05607137388709276
1189,0.05571848698512223,0.056071260078885285
1190,0.05571812009677496,0.056071379671089924
1191,0.055717479565333655,0.0560712727706627
1192,0.05571702350362219,0.056071295417152923
1193,0.05571687831904882,0.0560712587056869
1194,0.05571636665414278,0.05607095997463307
1195,0.05571606695016288,0.05607099160548085
1196,0.05571557627066438,0.056070675821959966
1197,0.055715189959784604,0.05607051856899707
1198,0.05571474618975295,0.056070375400058374
1199,0.05571444032320617,0.05607028480694374
1200,0.055714168998430534,0.05607027782147531
1201,0.055713775805932314,0.05607027673732412
1202,0.05571343924156143,0.05607024693933096
1203,0.05571310794441229,0.056070370108218894
1204,0.05571280717874162,0.056070375066346295
1205,0.05571234673888894,0.056070447363630475
1206,0.05571183632448898,0.056070275958281575
1207,0.0557114323242864,0.0560700316450204
1208,0.055710978749728676,0.056069951403895965
1209,0.055710353747860694,0.056069593036704946
1210,0.055709924242563554,0.05606944324588468
1211,0.05570961789676661,0.05606940256375346
1212,0.055709033551144024,0.056069276390946776
1213,0.05570876300133682,0.05606906509044744
1214,0.0557084564638809,0.05606911481629688
1215,0.05570808600509968,0.056069235011190516
1216,0.05570774614266267,0.05606899977306843
1217,0.05570752633808952,0.0560690033180429
1218,0.05570698376526029,0.056068422274284484
1219,0.0557064545937474,0.056068268014090365
1220,0.05570617682384623,0.0560682967493597
1221,0.0557058117054546,0.05606842926658532
1222,0.05570530935112658,0.05606822538973409
1223,0.055704827842846354,0.05606807488112095
1224,0.055703744862301424,0.05606698754168949
1225,0.05570347525698536,0.05606710233494029
1226,0.05570297414217283,0.05606701221462823
1227,0.055702712342957,0.05606689189860495
1228,0.05570246871463757,0.05606694096919087
1229,0.05570206175606443,0.0560668949340373
1230,0.055701392260538156,0.05606679334720178
1231,0.05570101094521096,0.05606660800710976
1232,0.05570056482372045,0.056066767357923306
1233,0.055700321485124715,0.05606661961340267
1234,0.05569999675330658,0.05606659642212063
1235,0.05569971616412441,0.05606667007760177
1236,0.055699213355954263,0.05606637013034446
1237,0.055698819701211495,0.056066265915748655
1238,0.05569867228382047,0.056066266522221846
1239,0.05569821475085088,0.05606608829253002
1240,0.05569782912772755,0.05606607763313724
1241,0.05569751254896258,0.05606621332628353
1242,0.05569715303555756,0.056066114515973584
1243,0.055696777192518844,0.05606586089043257
1244,0.055696483488874786,0.0560659396412949
1245,0.05569597629928108,0.056065651987834766
1246,0.055695714732369374,0.056065722112512546
1247,0.05569546818965588,0.056065689219061916
1248,0.0556948326568591,0.05606568836055056
1249,0.055694522642219024,0.056065704450709956
1250,0.05569418520287691,0.056065674755677634
1251,0.05569379604610786,0.05606565491901386
1252,0.05569332144916434,0.05606515478947163
1253,0.055692943367987816,0.05606514029561258
1254,0.05569274571168688,0.056065167521733725
1255,0.055692071567886935,0.056064560532621176
1256,0.05569155914326496,0.056064286394024804
1257,0.05569108408035041,0.056063969198278246
1258,0.05569057557389625,0.056064160271070015
1259,0.05568990411157043,0.05606369690325208
1260,0.05568953861759483,0.056063438691145356
1261,0.05568907892957315,0.05606305608963183
1262,0.05568880337879234,0.056063001754391745
1263,0.05568843557774849,0.056063047147650646
1264,0.05568816508064541,0.056062917187791654
1265,0.05568776057030859,0.056063028110579914
1266,0.05568736112510147,0.05606277900407943
1267,0.05568663342630152,0.05606257487848594
1268,0.055685583995530544,0.05606169798804556
1269,0.055685214658540254,0.05606160562227437
1270,0.055684842192592565,0.056061655677854524
1271,0.05568455984437637,0.05606166364337247
1272,0.05568359926491454,0.05606132229042512
1273,0.05568316788208699,0.05606125246961283
1274,0.05568247765727161,0.05606064297537871
1275,0.05568203001642521,0.05606038865275992
1276,0.055681684358772104,0.05606039475081833
1277,0.05568128153615253,0.05606045752843371
1278,0.05568109085561165,0.05606036600651924
1279,0.05568069016504723,0.05606032676302629
1280,0.05568020591749764,0.05606007385931089
1281,0.05567972596721069,0.0560597872425097
1282,0.055679502626932324,0.056059732271786754
1283,0.05567923096808445,0.05605986514385402
1284,0.05567875601742392,0.05605987729851911
1285,0.055678304895271424,0.056059785760618645
1286,0.05567795714026047,0.05605958183463039
1287,0.05567707104425067,0.056059000539087495
1288,0.055676730988718594,0.056059058722296516
1289,0.05567631751395725,0.05605895086379872
1290,0.055675957020098366,0.056058982015003714
1291,0.05567558514058654,0.05605901476886562
1292,0.055675213613985225,0.056059056356618855
1293,0.05567460582429536,0.05605913278097167
1294,0.055674438528451296,0.05605899408456513
1295,0.055674099156010036,0.05605892071792342
1296,0.05567371979763617,0.056058873970625804
1297,0.05567352774145638,0.05605893537483739
1298,0.05567301673326417,0.056059035270916664
1299,0.05567269744111202,0.05605906834959571
1300,0.055672443845700824,0.05605906081985515
1301,0.05567182808195091,0.05605902344528868
1302,0.0556714297177174,0.05605868694151546
1303,0.055670975548787506,0.05605846470373862
1304,0.055670449296630634,0.05605831069929278
1305,0.05567014760709278,0.05605823943704157
1306,0.0556697191829739,0.05605810346105135
1307,0.05566935329916791,0.05605827100215696
1308,0.05566892320720695,0.05605795076982614
1309,0.05566860776107681,0.05605777139509589
1310,0.05566834932465195,0.05605769843935731
1311,0.055667893973262064,0.05605775463056287
1312,0.0556675206050231,0.05605766505079389
1313,0.055667154580987234,0.05605735101812615
1314,0.055666780318569586,0.05605738909003732
1315,0.05566641684637212,0.05605739917448741
1316,0.055665975020707595,0.056057443552590215
1317,0.05566527291918885,0.05605702187311207
1318,0.05566465604808333,0.05605670451616065
1319,0.055664328862210406,0.05605685493613427
1320,0.05566364232927043,0.05605656026912218
1321,0.05566332556712574,0.056056645401089567
1322,0.05566280077054409,0.056056506093434336
1323,0.05566234413414666,0.056056704225931404
1324,0.0556619731686391,0.05605670940909467
1325,0.05566154341238198,0.05605661574745702
1326,0.05566097574117056,0.056056256833966485
1327,0.055660514784569085,0.05605606929841282
1328,0.055660172083467234,0.056055988682374006
1329,0.055659756389729774,0.056055903004131276
1330,0.05565947266852865,0.05605585893453117
1331,0.05565912278503409,0.05605555252755922
1332,0.0556588626838696,0.05605556298844885
1333,0.05565848817470595,0.05605577573339935
1334,0.05565813886012284,0.05605573862048872
1335,0.055657857324423785,0.056055647314901376
1336,0.05565754470647536,0.056055685965240055
1337,0.0556571954287805,0.05605551645960039
1338,0.05565684285640049,0.05605553278442882
1339,0.05565617441351017,0.05605512041487227
1340,0.05565582364021545,0.05605500514319377
1341,0.055655434267418584,0.056055172850392694
1342,0.055655033511720846,0.05605523880752699
1343,0.05565463232637236,0.056055057161716354
1344,0.055654115020762604,0.056054790090467675
1345,0.05565370088244624,0.05605481012304754
1346,0.05565341584860002,0.056054903608999965
1347,0.05565290861699705,0.05605490574059847
1348,0.055652476440242814,0.056054941978698605
1349,0.05565214844793279,0.05605501633819828
1350,0.055651818192959696,0.05605510930062588
1351,0.05565159022320537,0.05605518967622741
1352,0.05565127190332958,0.05605517873220442
1353,0.05565096416686779,0.05605500241496348
1354,0.05565037303383886,0.05605506345051133
1355,0.055649419245200483,0.0560543821013412
1356,0.05564912722027812,0.05605457067062962
1357,0.0556488771680074,0.0560546300137443
1358,0.05564858593996618,0.05605474944507389
1359,0.05564827265353955,0.056054695191707776
1360,0.055647715166845316,0.05605460190122131
1361,0.05564727011468403,0.056054336427482004
1362,0.055646814688713665,0.05605414465013495
1363,0.05564658108255745,0.05605412463632948
1364,0.05564634099986983,0.05605415616992687
1365,0.05564597575130872,0.05605376842867284
1366,0.05564567412970636,0.056053724308894354
1367,0.05564540280887443,0.0560535619845597
1368,0.05564522962787781,0.05605359590455179
1369,0.05564502943000851,0.05605369023471498
1370,0.055644663989991745,0.056053750697755325
1371,0.05564365541398091,0.05605323770353909
1372,0.05564324038495078,0.056053393827132855
1373,0.05564282181211381,0.05605317936752116
1374,0.055642451217020765,0.05605312017501727
1375,0.055641951857783756,0.056053113618272574
1376,0.055641680599801714,0.056053317627994835
1377,0.05564133925199201,0.056053502595765727
1378,0.05564112146078467,0.05605341277827785
1379,0.055640842718934956,0.056053509983409924
1380,0.055640390095881,0.056053569146014476
1381,0.05564010911399824,0.05605365467874899
1382,0.05563972635391924,0.05605370229271327
1383,0.055639422441588086,0.05605359336160384
1384,0.05563890107272747,0.05605367573362314
1385,0.05563859897658416,0.05605371258195072
1386,0.055638295309717485,0.056053632889288246
1387,0.05563791483623861,0.0560535351231721
1388,0.055637712980855666,0.05605355021411874
1389,0.055637277700026654,0.05605352563623817
1390,0.05563697012216769,0.056053681444148684
1391,0.0556366758735329,0.056053621919102584
1392,0.05563604524379154,0.05605383273768112
1393,0.05563555597050233,0.05605379668355304
1394,0.05563500902505914,0.056053917551491896
1395,0.05563469938753255,0.05605393342286056
1396,0.05563413340654264,0.056053744856531036
1397,0.055633796637904576,0.056053538220507744
1398,0.05563362861932799,0.05605374574754599
1399,0.05563315990505071,0.0560536377686333
1400,0.055632892354174256,0.0560537413801724
1401,0.05563256818948697,0.05605367505268349
1402,0.05563228275069442,0.056053811744605005
1403,0.05563191707685034,0.05605383098166356
1404,0.05563164647839934,0.056053716664063453
1405,0.05563134243338039,0.056053778491761304
1406,0.05563094837309406,0.056053693307583786
1407,0.05563057750792253,0.05605394292472772
1408,0.05563037686658398,0.05605404106239537
1409,0.055629950653553195,0.05605400657411445
1410,0.05562889876865478,0.05605329697309742
1411,0.05562857356010789,0.056053401645135656
1412,0.05562827306196368,0.056053465145925505
1413,0.05562775378670243,0.056053649907620906
1414,0.055627208362855486,0.056053448662391314
1415,0.05562682135873941,0.056053324518116926
1416,0.055626457665076436,0.05605327421742803
1417,0.055626282152249455,0.05605320215858039
1418,0.055626093982910484,0.05605339282052424
1419,0.055625708640076314,0.05605337323876369
1420,0.05562536227306447,0.056053415262626236
1421,0.05562494719208686,0.05605346890283049
1422,0.0556245711248986,0.05605357037092787
1423,0.05562441671284539,0.05605351220401332
1424,0.05562392845795419,0.05605351041223443
1425,0.055623033217434274,0.05605294039131951
1426,0.05562275541339664,0.05605273103338863
1427,0.05562259706444028,0.05605277158202295
1428,0.05562216323862729,0.05605272312588413
1429,0.05562154312424334,0.05605235284588023
1430,0.05562128424400313,0.056052556098738375
1431,0.055620961479659635,0.05605261317541024
1432,0.05562055487815708,0.056052422046650716
1433,0.05562013537671121,0.05605234368341582
1434,0.055619700397837334,0.0560523984446373
1435,0.055619313999451005,0.0560523848447397
1436,0.05561896919345242,0.056052339664449606
1437,0.05561863133001315,0.05605217761541751
1438,0.05561833297964464,0.05605212853679266
1439,0.05561736440391867,0.05605151249143034
1440,0.055616876363757305,0.05605133604734274
1441,0.055616493924084215,0.05605109273222343
1442,0.055616148199355536,0.05605097708091369
1443,0.055615816066476455,0.056051206346810885
1444,0.05561556102236683,0.05605127190873957
1445,0.055615132794012326,0.05605098942361295
1446,0.055614835262640536,0.056051003109122664
1447,0.05561457457081112,0.05605113981980558
1448,0.05561417453662278,0.05605095868418194
1449,0.05561381325940541,0.05605128492698044
1450,0.05561321724450715,0.056051139419130196
1451,0.055612831062411404,0.05605123311927597
1452,0.05561239853832137,0.05605117864490462
1453,0.055612012880692355,0.056051143127078484
1454,0.05561167788016385,0.056051072757802564
1455,0.05561140662828399,0.056051078394287794
1456,0.055611092589316555,0.05605108919141465
1457,0.055610680108092184,0.05605104900031428
1458,0.05561039471217972,0.056051078862513204
1459,0.0556099589352063,0.0560509124906595
1460,0.055609532568315995,0.056050803354086215
1461,0.055609101714827865,0.056050660874647405
1462,0.05560877143089614,0.05605066243356491
1463,0.05560824792733067,0.05605055388630897
1464,0.05560796175772179,0.056050688889533934
1465,0.05560767052921259,0.056050704443959466
1466,0.05560735446027905,0.05605058704412004
1467,0.05560692672037054,0.05605049556888001
1468,0.055606553717898084,0.05605047392498291
1469,0.05560626036833443,0.05605043406110471
1470,0.05560585003646864,0.05605035956710931
1471,0.05560511710779878,0.05604995950559212
1472,0.055604809028640706,0.05604993920002063
1473,0.055604350779503646,0.05604961953773192
1474,0.055603994070013506,0.05604952512236996
1475,0.055603459939288356,0.05604951775072799
1476,0.055603130804118606,0.056049360585500106
1477,0.05560282704803452,0.05604942283754188
1478,0.05560256896233056,0.056049301283666204
1479,0.05560225885908659,0.056049153120608416
1480,0.05560193924730583,0.056049341572379695
1481,0.05560165064766858,0.056049165514481164
1482,0.055601467113287284,0.05604916188385455
1483,0.05560103005597566,0.056049150803883833
1484,0.05560068712769268,0.05604907143072923
1485,0.0556004353909233,0.05604913678706043
1486,0.05560003345243408,0.056048827059162316
1487,0.055599875384481114,0.056048806249747965
1488,0.05559957549304022,0.056048879428165506
1489,0.05559924432900779,0.05604886187191541
1490,0.05559865313650504,0.05604892153321223
1491,0.055598000738846035,0.05604888829365608
1492,0.055597881567890015,0.05604882471850589
1493,0.055597629332805154,0.05604884426345415
1494,0.055597167107425044,0.05604879545610676
1495,0.055596857696653734,0.056048835082471646
1496,0.0555965816889937,0.056048877533274456
1497,0.0555962608954976,0.05604885634803806
1498,0.0555959134354034,0.05604889256266181
1499,0.0555955876708747,0.05604876627564453
1500,0.05559513365019516,0.05604860469389271
1501,0.05559469659881988,0.05604848731001359
1502,0.05559432658343225,0.056048235842483425
1503,0.0555939933056198,0.056048210428287115
1504,0.055593638937323345,0.05604849746160366
1505,0.055593347864266805,0.05604839806602244
1506,0.055593056063817675,0.056048476732856144
1507,0.05559257176219777,0.05604829106062995
1508,0.05559232960762849,0.05604835485219559
1509,0.055592070390189444,0.05604838178164519
1510,0.05559169054672394,0.05604813966384971
1511,0.05559137860394107,0.056048243374246604
1512,0.05559099592804167,0.05604839422031697
1513,0.055590106674714736,0.05604777856508128
1514,0.05558977992176904,0.05604759356379358
1515,0.05558953093786976,0.056047845098995346
1516,0.055588986037953245,0.05604763188597716
1517,0.05558816084031796,0.05604719149212416
1518,0.05558774927489694,0.05604688061314881
1519,0.055587245479892404,0.05604678130084042
1520,0.0555868360132714,0.05604649559857741
1521,0.05558626764839182,0.0560464605977723
1522,0.05558573711368041,0.056046352125700374
1523,0.05558532685675699,0.056046347003174915
1524,0.05558504799746921,0.05604629876415122
1525,0.05558473307686147,0.05604634558560848
1526,0.05558432968784963,0.05604599226055837
1527,0.05558360161999742,0.05604555676497345
1528,0.055583064155069466,0.05604550835130519
1529,0.05558272344330293,0.056045330975516026
1530,0.055582115467040054,0.05604478881139942
1531,0.05558170016576867,0.056044682203702366
1532,0.05558123925847454,0.056044468597240354
1533,0.0555809018358831,0.056044451592439634
1534,0.05558051932563042,0.056044426813180274
1535,0.05558018072848251,0.05604449810082673
1536,0.05557979942718444,0.05604435018073655
1537,0.05557946753890625,0.05604434631063723
1538,0.055578957914027796,0.05604407365441513
1539,0.05557832126926757,0.05604393797501485
1540,0.055577994946469644,0.05604381971509863
1541,0.05557755888842756,0.056043710881641465
1542,0.05557726458730733,0.05604374301533314
1543,0.055576970269922775,0.05604379261300671
1544,0.05557653963073456,0.056043833327569105
1545,0.05557614315236839,0.056043829534731145
1546,0.05557585168690978,0.05604374624560438
1547,0.055575586058439985,0.05604380497497907
1548,0.055575206149988524,0.056043763301849486
1549,0.05557491258070715,0.056043741612792755
1550,0.055574464576274366,0.05604370625974395
1551,0.05557412790640858,0.056043684707176654
1552,0.05557387604522627,0.05604371721850396
1553,0.05557373432549122,0.05604365327118334
1554,0.055573302529398856,0.05604342402535395
1555,0.05557285191589488,0.05604319186883172
1556,0.05557254143898217,0.05604336009073059
1557,0.05557214552180286,0.056043183011101526
1558,0.05557194873877248,0.056043057645443276
1559,0.05557172066420022,0.05604299404771015
1560,0.05557118621219792,0.05604313316684283
1561,0.05557093669776321,0.05604301987026247
1562,0.05557069035944666,0.05604310933972832
1563,0.05557039403742877,0.05604306309478275
1564,0.05557010765685257,0.056043304395232
1565,0.05556968474998866,0.056043434720286917
1566,0.0555692694710671,0.05604330662937226
1567,0.0555686723575926,0.056042753257045226
1568,0.0555683294504334,0.056042854673272274
1569,0.05556809415075243,0.05604295292042939
1570,0.05556782009840763,0.05604302581174967
1571,0.05556760065028,0.05604294272026982
1572,0.05556731329987561,0.0560431530695858
1573,0.05556692550165098,0.05604326118593154
1574,0.05556657891621707,0.05604327991647915
1575,0.05556635961568055,0.05604343955205758
1576,0.055566102685436505,0.056043479081696115
1577,0.0555658529454143,0.05604368323354081
1578,0.05556547716325495,0.05604354263195939
1579,0.0555651398955525,0.05604375262434617
1580,0.055564564370223835,0.05604343190091962
1581,0.05556424910412661,0.056043439764124216
1582,0.05556392304515264,0.056043405929436005
1583,0.055563680583688164,0.05604337048703934
1584,0.05556345873278635,0.05604335936291131
1585,0.05556305638587502,0.0560434452441419
1586,0.05556277500054728,0.05604331493522566
1587,0.05556252653155864,0.05604328853878396
1588,0.055562361632325884,0.05604332259520974
1589,0.05556185282211852,0.05604314471320988
1590,0.055561542805829325,0.05604304398792292
1591,0.055561143793019865,0.05604283879590776
1592,0.055560815885753324,0.056042802031328234
1593,0.0555604932551727,0.05604275740826319
1594,0.05556019429526756,0.05604266101762654
1595,0.05555979962599094,0.056042584480110874
1596,0.055559385759801044,0.05604236202167416
1597,0.055559081908379035,0.05604235155461173
1598,0.05555875955718865,0.056042358209970715
1599,0.055558445902168525,0.056042275516405136
1600,0.05555819625818802,0.05604216201704966
1601,0.05555791375448087,0.056041962123736584
1602,0.05555747886251683,0.05604176570699739
1603,0.05555707253472831,0.05604165536523493
1604,0.05555676156486568,0.056041522131685007
1605,0.05555642633381671,0.05604152136796106
1606,0.05555601697395445,0.056041444915371386
1607,0.05555567995723681,0.05604141742451237
1608,0.05555538939719781,0.05604142194760368
1609,0.05555504671493969,0.05604163068104545
1610,0.055554503187652926,0.056041500491177995
1611,0.05555401520056822,0.056041294011271156
1612,0.055553573892852356,0.05604110740396823
1613,0.055552696838995316,0.056040102761780265
1614,0.055552315644163346,0.056039689932886216
1615,0.05555201826969132,0.056039645640033754
1616,0.055551751254253885,0.05603958545008276
1617,0.055551514274515004,0.05603963314504326
1618,0.055551339597068525,0.05603967888468188
1619,0.05555080500120564,0.05603943560114667
1620,0.05555058109504981,0.056039548138841426
1621,0.05555027791316751,0.05603961691801346
1622,0.05554944606965589,0.05603892036804579
1623,0.0555491557414398,0.05603905699624398
1624,0.05554879226170811,0.056039059356614726
1625,0.055548429725581536,0.056039102700625364
1626,0.05554817192734235,0.05603903222070842
1627,0.05554779213817621,0.05603886992470935
1628,0.05554732091598769,0.05603884371630974
1629,0.05554708673095804,0.05603888696221317
1630,0.05554690597349982,0.05603900308184243
1631,0.05554664551812153,0.05603906360593354
1632,0.05554638697535832,0.05603900204081504
1633,0.05554615749395208,0.056038992024929145
1634,0.055545772121439685,0.05603902548403792
1635,0.05554554486296982,0.05603894080381749
1636,0.0555452462088405,0.05603888288127039
1637,0.05554488640327287,0.056038954521236826
1638,0.05554454752657475,0.056039053766017366
1639,0.055544135611404796,0.05603906915425808
1640,0.055543824856478685,0.05603909066896093
1641,0.0555433230662674,0.05603869047931614
1642,0.05554287074045925,0.056038494184932695
1643,0.05554266656431153,0.05603866786680595
1644,0.0555423811433871,0.05603870744424391
1645,0.055542080657847416,0.056038603319552134
1646,0.05554169194906894,0.056038557339333064
1647,0.05554107917522226,0.05603815968004868
1648,0.05554073026121136,0.056037800740172526
1649,0.05554049323157983,0.05603785322029192
1650,0.0555403491425591,0.0560379113415091
1651,0.055539995471739774,0.05603777964734772
1652,0.055539629200196165,0.0560375502577469
1653,0.055539425315974035,0.05603773376266859
1654,0.05553915090879277,0.05603777868301258
1655,0.05553854220108599,0.05603774227975421
1656,0.05553816088744009,0.05603775350291291
1657,0.055537678078338606,0.05603796118682862
1658,0.0555373424277869,0.056038012985424046
1659,0.05553703008537409,0.056038016041479816
1660,0.05553668564092124,0.056037927522656863
1661,0.05553622020163306,0.05603775480764099
1662,0.0555358403501956,0.05603760122975385
1663,0.055535416517367174,0.05603757016493995
1664,0.0555349097803198,0.0560377366878688
1665,0.055534627381051166,0.05603776682576351
1666,0.05553414043140619,0.05603747997004676
1667,0.055533768943637644,0.05603713474354985
1668,0.05553328641320379,0.056037159103856586
1669,0.05553286617388531,0.05603682120769321
1670,0.055532492115865494,0.056036743825081156
1671,0.05553215304660995,0.05603664801918421
1672,0.0555317722875332,0.05603664022418348
1673,0.05553152914394237,0.056036602393304
1674,0.055531155542462345,0.05603659051749728
1675,0.05553046057980191,0.05603574430264178
1676,0.05552987560418673,0.05603585786437562
1677,0.05552940446472941,0.056035749603797744
1678,0.055529017163912814,0.056035790615784446
1679,0.05552869604764639,0.056035658210211545
1680,0.05552834468768526,0.056035636984998145
1681,0.05552813543908992,0.05603563062469736
1682,0.05552787775570435,0.0560357391875292
1683,0.0555274193330202,0.05603564345708264
1684,0.055527287598910104,0.056035656156390876
1685,0.055526960480723746,0.05603564089786548
1686,0.05552663727041393,0.05603569504586237
1687,0.055526364848895615,0.05603573640866629
1688,0.055525985678728504,0.05603565451544979
1689,0.05552569395305194,0.05603559029964727
1690,0.05552541436196046,0.056035553658587235
1691,0.05552515661491108,0.05603546446359176
1692,0.055524799519484705,0.05603545752176094
1693,0.05552456162052641,0.05603565421521298
1694,0.05552422176823829,0.05603548097851048
1695,0.05552402920124654,0.05603565616607603
1696,0.05552384324014529,0.05603557120662153
1697,0.05552362973287048,0.05603559259309901
1698,0.05552336590667817,0.056035563246844715
1699,0.05552289617206606,0.05603533172169962
1700,0.05552249073127867,0.05603512548229934
1701,0.055522045001550765,0.05603485197086911
1702,0.05552164796157955,0.05603498264296713
1703,0.055521312437777526,0.05603495325986291
1704,0.055520829519919435,0.056034921803684974
1705,0.05552045204679402,0.05603469659589936
1706,0.05552022487859805,0.056034626285400936
1707,0.0555196042373828,0.05603471221875285
1708,0.05551926655480863,0.056034597828190445
1709,0.0555189352984208,0.056034694316498455
1710,0.055518602772107954,0.056034775823422436
1711,0.055518192805287594,0.05603460819493153
1712,0.05551784207502904,0.056034340080099165
1713,0.05551739658485181,0.056034418255767056
1714,0.055517125331728374,0.0560345805044113
1715,0.05551665738288628,0.05603428081602078
1716,0.05551635545773118,0.05603424162292543
1717,0.055516024114932574,0.0560341409537193
1718,0.05551562057235898,0.056034291708544556
1719,0.05551516041344797,0.05603439896921153
1720,0.055514780447237476,0.0560343400597449
1721,0.05551440656027376,0.05603443643863112
1722,0.05551398294983979,0.05603446349741744
1723,0.05551361895174631,0.056034297096943596
1724,0.05551323473858411,0.05603431556333375
1725,0.05551233879679764,0.05603366791717225
1726,0.05551155077352566,0.05603300868004572
1727,0.055511119751083096,0.05603299085946492
1728,0.055510793007711605,0.0560329223073166
1729,0.055510037504517294,0.05603228239998384
1730,0.05550962892430759,0.056032474845689496
1731,0.055509401876882795,0.056032548805841145
1732,0.05550900144725879,0.0560324304423073
1733,0.0555086992493795,0.05603247256946761
1734,0.055508411282048774,0.05603262487862972
1735,0.05550818375291609,0.05603267961728562
1736,0.05550783781736684,0.05603269379739172
1737,0.05550753822052225,0.05603259863747756
1738,0.055507281805620486,0.05603260522768847
1739,0.05550699314480492,0.05603243521509107
1740,0.05550659912398355,0.05603217247330819
1741,0.05550614115831604,0.05603190089861344
1742,0.05550562055279611,0.05603154876481514
1743,0.055505264601091626,0.05603149052659233
1744,0.05550489539820544,0.05603148558093178
1745,0.05550447702170724,0.05603144695800417
1746,0.055504118133358565,0.05603146962943711
1747,0.05550372246302645,0.056031220202816236
1748,0.05550346238502238,0.05603129557286979
1749,0.05550311253743664,0.05603143123706213
1750,0.05550290518208531,0.05603154381409397
1751,0.055502656899507244,0.05603132277176059
1752,0.05550249501735676,0.05603140569159843
1753,0.055502204563557325,0.05603130003896157
1754,0.055501702252062836,0.056031270378462436
1755,0.055501359069740165,0.05603116766410117
1756,0.05550104904491911,0.05603071749564362
1757,0.05550075670678056,0.05603082499274536
1758,0.05550030666587766,0.05603077460824099
1759,0.05549986127921655,0.05603102370763437
1760,0.055499422665731005,0.056031107067818484
1761,0.055498997862266385,0.0560309506337146
1762,0.05549870486819793,0.05603092282904321
1763,0.05549832757395378,0.056030997765548006
1764,0.05549802346579981,0.05603078043017882
1765,0.05549776197008273,0.05603063248597003
1766,0.055497278037373365,0.05603046868692684
1767,0.05549694217555885,0.05603045781732252
1768,0.05549666485394791,0.05603048471491198
1769,0.05549648092731541,0.056030623788170406
1770,0.05549611921223977,0.056030375345111696
1771,0.05549587111254349,0.05603054192908041
1772,0.05549541875290523,0.05603055545300686
1773,0.05549505896638384,0.056030439741809414
1774,0.0554946831479348,0.05603050014876739
1775,0.0554944520086431,0.05603061301435751
1776,0.05549405216503742,0.05603075181740557
1777,0.055493764576623604,0.056030628843413144
1778,0.05549356827702873,0.05603063450976946
1779,0.055492929965850986,0.05603053505581371
1780,0.05549265231671035,0.05603065345088434
1781,0.05549238599930095,0.056030591638814686
1782,0.05549207444095663,0.056030643368638625
1783,0.055491648577839406,0.05603052237781552
1784,0.05549132628215536,0.05603056621153911
1785,0.05549085978638472,0.05603024038871127
1786,0.05549060300210374,0.05603036649353179
1787,0.05549035477051894,0.05603046578714921
1788,0.0554901435334421,0.056030562167438645
1789,0.05548981907843998,0.05603049984166296
1790,0.05548952496425834,0.0560305896361082
1791,0.05548927979084386,0.05603051213389108
1792,0.05548896428617678,0.056030528554597225
1793,0.05548861489672513,0.05603056199819657
1794,0.05548837875064889,0.0560305270816096
1795,0.05548803929231608,0.056030244841734994
1796,0.055487536749431736,0.056030041392244094
1797,0.05548727429089795,0.05603006658879947
1798,0.055486849442092576,0.05603022083510109
1799,0.05548650871256491,0.05603019711185656
1800,0.05548623661335746,0.05603016007326389
1801,0.05548585430682473,0.05603016918222803
1802,0.05548567380475036,0.056030169535597564
1803,0.055485259554717274,0.056030070422509785
1804,0.05548486909518741,0.05602995091825533
1805,0.05548457943136609,0.05603000160391794
1806,0.05548419954153988,0.05602992105009054
1807,0.05548392854962958,0.05602999256445379
1808,0.05548364636319467,0.05603007070272088
1809,0.0554834157630403,0.056030180513783466
1810,0.05548325053578631,0.05603018894309887
1811,0.05548299469910427,0.05603002932377836
1812,0.05548267324554467,0.056030057669678356
1813,0.05548226915472988,0.05602992731031575
1814,0.055482133347449274,0.05602995259192791
1815,0.0554819309625058,0.05602999701254659
1816,0.05548152433121847,0.056030009101168635
1817,0.05548126707505986,0.05602990996991211
1818,0.055480946410254486,0.05602985100619773
1819,0.05548060432815673,0.0560299003744368
1820,0.05548040867206647,0.05602994561125839
1821,0.05548002190868625,0.056029857219654956
1822,0.05547967972907422,0.05602979699039566
1823,0.05547893757239456,0.056029306699109355
1824,0.05547836907797236,0.05602930853327636
1825,0.0554781169803408,0.05602923571207695
1826,0.055477706842723934,0.05602924127695258
1827,0.05547734605017897,0.056029147330211984
1828,0.05547696432388307,0.056029115234779
1829,0.0554765722526745,0.05602912578411664
1830,0.05547621968240711,0.0560292891919003
1831,0.05547581991046414,0.056029321208614175
1832,0.05547548595399179,0.056029159615037086
1833,0.05547522759538154,0.056029041592221926
1834,0.05547499218049969,0.05602903829422882
1835,0.055474388909153384,0.056028715673944296
1836,0.05547404267558711,0.056028821405588784
1837,0.055473566690967084,0.05602893610347005
1838,0.05547318262401973,0.05602880058304257
1839,0.05547295253022975,0.05602860093208018
1840,0.05547236887129746,0.05602812079896469
1841,0.0554720635235141,0.05602809202887919
1842,0.05547176553105151,0.056028061934003
1843,0.055471402652008645,0.0560280776113814
1844,0.055470972589836805,0.0560281332550586
1845,0.05547071649384202,0.05602805857650365
1846,0.05547042857042923,0.05602810644666362
1847,0.05547019289621289,0.056028199717443765
1848,0.05546973732520867,0.05602821427759636
1849,0.05546944171538823,0.05602818381587653
1850,0.05546889482285662,0.05602772278813656
1851,0.05546856972032992,0.05602767368265387
1852,0.05546836000665562,0.05602768289297836
1853,0.055468017520466595,0.056027748216189895
1854,0.055467857118023996,0.05602774903662916
1855,0.05546740406644803,0.05602745890138146
1856,0.05546718188881906,0.056027497204936605
1857,0.055466729836377085,0.05602730613440705
1858,0.05546637272089385,0.0560271171854178
1859,0.05546606524777426,0.05602701871898241
1860,0.05546583481508169,0.05602701705974334
1861,0.05546555178694717,0.05602697806457809
1862,0.055465159798591054,0.05602678200306286
1863,0.05546497799650858,0.05602689987421978
1864,0.05546481818196708,0.05602690596198257
1865,0.05546453225607847,0.05602689281717323
1866,0.055464024541319816,0.05602666724098553
1867,0.05546368773742706,0.05602682442770221
1868,0.05546334810949083,0.056026987070579744
1869,0.0554630110485458,0.0560269096485296
1870,0.05546266563979114,0.05602702657072781
1871,0.05546221202279011,0.0560268992328746
1872,0.0554616624358129,0.056026850789182715
1873,0.0554614554417401,0.056026898934902473
1874,0.05546099248432606,0.05602707418372367
1875,0.05546056202780027,0.05602692682691976
1876,0.05546012198346174,0.056026834155038445
1877,0.05545982088156672,0.05602663589425448
1878,0.05545949513729174,0.05602671379298602
1879,0.055458830838023,0.0560261189428228
1880,0.055458597764226875,0.056026022862223905
1881,0.055458205119568546,0.0560260819593897
1882,0.05545771535571023,0.0560258485764532
1883,0.05545729224338981,0.056025796500301914
1884,0.055457129277212115,0.056025812973882615
1885,0.05545669993597388,0.05602555948300699
1886,0.055456582232316615,0.05602566425089747
1887,0.05545628747492087,0.05602563378692903
1888,0.055455879208712346,0.056025365502844815
1889,0.05545560435571974,0.05602517791475643
1890,0.05545507332397244,0.05602512928650106
1891,0.05545466712840611,0.05602520784383476
1892,0.05545424634191304,0.056025064175363265
1893,0.055453835893679825,0.056024842002531786
1894,0.05545318294879982,0.05602453036383474
1895,0.05545275154480991,0.056024205756667236
1896,0.0554523735128867,0.05602406758183497
1897,0.055452133512566795,0.05602404029339603
1898,0.0554514384785108,0.05602355035950565
1899,0.055450989252551465,0.05602351159218888
1900,0.05545046399202271,0.05602386460124246
1901,0.05544986816696842,0.05602362940523761
1902,0.05544954601861758,0.056023515895519745
1903,0.055449283182595746,0.05602345578701118
1904,0.055448916289000096,0.056023409563802105
1905,0.055448675195678,0.056023305317485894
1906,0.055448129869828285,0.056023097861519336
1907,0.05544771885521436,0.056022942015535
1908,0.05544749790385695,0.05602297588325748
1909,0.05544726272147054,0.05602310672485172
1910,0.05544712290286105,0.05602316759125142
1911,0.05544673805723597,0.05602320098951497
1912,0.055446518087369404,0.0560232394923531
1913,0.055446163483057816,0.05602311887060241
1914,0.055445745862603854,0.056022977670010285
1915,0.055445372674734573,0.05602276174458556
1916,0.055444975010464345,0.05602266761966004
1917,0.055444799624487354,0.056022629970106604
1918,0.055444339940036794,0.05602251869158326
1919,0.055444087390621524,0.05602260891712168
1920,0.05544378544473257,0.05602250807663891
1921,0.055443579154335204,0.056022483250874555
1922,0.05544332315139945,0.05602236084775067
1923,0.05544309300428712,0.05602235596270847
1924,0.0554427519856938,0.05602236862558181
1925,0.05544224697077453,0.05602236223751632
1926,0.05544199653053623,0.056022463243834315
1927,0.05544177981816527,0.05602239410197872
1928,0.05544128098073999,0.056022341193392375
1929,0.0554411150015562,0.05602242235346057
1930,0.05544077601830401,0.056022423211355435
1931,0.055440486374198725,0.05602246105080588
1932,0.05544021209907233,0.056022425179299576
1933,0.05543989776128843,0.05602227748279222
1934,0.05543950926879768,0.056022142620186156
1935,0.05543918104429863,0.056022153860390396
1936,0.05543878921893607,0.05602217342299238
1937,0.05543841887713533,0.056021873011047774
1938,0.05543802614805436,0.056021734141021004
1939,0.05543783818521805,0.056021815250133486
1940,0.0554375592134172,0.05602182627972568
1941,0.05543720211336757,0.05602183811917435
1942,0.055436893123039045,0.05602185259505465
1943,0.05543659187165801,0.056021921264299224
1944,0.05543607993239399,0.05602226076018441
1945,0.05543567869672254,0.05602231190873442
1946,0.05543544336407645,0.05602219098892001
1947,0.05543505882635061,0.05602206448102666
1948,0.055434835048950526,0.056021795408941005
1949,0.05543435330407692,0.056021635894193365
1950,0.05543414121347005,0.056021571972948735
1951,0.05543387500528248,0.056021647365001426
1952,0.055433579220189,0.05602158639565028
1953,0.05543334611634164,0.05602153816137251
1954,0.05543297637851485,0.05602139612414064
1955,0.05543261565118257,0.05602123698316548
1956,0.05543218366302113,0.05602094534929063
1957,0.05543156154353726,0.05602049520541878
1958,0.05543115313055054,0.05602036230777125
1959,0.05543084533599089,0.0560201517292265
1960,0.05543051999825919,0.056020131074310225
1961,0.05543023173078978,0.056020057644092916
1962,0.05542993241591333,0.056020079635939884
1963,0.055429692333439196,0.05602016042942071
1964,0.05542908981180831,0.056019914697809294
1965,0.05542839171648583,0.05601914992109888
1966,0.05542818599408136,0.05601916816189228
1967,0.05542781750111142,0.056019021301095845
1968,0.05542745822389174,0.056019083595970826
1969,0.055427199007141804,0.056019031033120587
1970,0.05542667960162577,0.056018725865627984
1971,0.05542627499181181,0.05601871761446798
1972,0.05542598838191999,0.05601865671147349
1973,0.05542556901275298,0.056018480969470465
1974,0.0554253135799238,0.05601831967039899
1975,0.0554250224846254,0.05601841668269304
1976,0.05542466117779715,0.056018335311110355
1977,0.0554243332218967,0.056018253208466026
1978,0.05542389755150235,0.05601835239449727
1979,0.05542367533092985,0.056018409937972385
1980,0.05542342538642196,0.05601839564531121
1981,0.05542304734377169,0.05601828672141487
1982,0.05542278110376797,0.05601826599992789
1983,0.05542247538365616,0.05601836015960041
1984,0.05542225501907967,0.05601827745343987
1985,0.05542206047874285,0.056018311617676536
1986,0.05542186501408367,0.05601834536442827
1987,0.055421441848165304,0.05601833367442377
1988,0.05542111032085498,0.05601836500863575
1989,0.05542064108897249,0.0560182933479194
1990,0.055420341936130275,0.056018399975509836
1991,0.055419900223697444,0.05601806148694377
1992,0.05541946029688166,0.05601799228844928
1993,0.05541921146579626,0.05601780213008601
1994,0.05541873488675688,0.05601755522235928
1995,0.05541836677602741,0.056017481588812805
1996,0.05541801560452032,0.056017297291704224
1997,0.05541760865340656,0.05601722212227676
1998,0.055417193180516085,0.05601700000085484
1999,0.055416983690730455,0.056016777908887545
2000,0.05541659424840816,0.056016789819605985
2001,0.05541633453195594,0.05601671720610719
2002,0.05541598182255581,0.05601678683476556
2003,0.055415648510760425,0.05601662521243543
2004,0.055415463015605966,0.05601661470589974
2005,0.055415115944226254,0.056016403370472506
2006,0.055414828537697226,0.056016445361856
2007,0.05541392084756139,0.05601573706270767
2008,0.05541326813520529,0.056015084886717754
2009,0.05541294988636448,0.056014990361314076
2010,0.05541252262989232,0.05601477218704605
2011,0.05541211484738533,0.056014653975797496
2012,0.05541185111367296,0.056014681989371595
2013,0.055411507493433064,0.05601458110224812
2014,0.05541113400055044,0.05601467708468491
2015,0.05541068431476157,0.056014601650967534
2016,0.055410296227440675,0.05601461776989126
2017,0.05540987065642151,0.05601438819902066
2018,0.05540955648871432,0.05601426977822589
2019,0.05540924976410441,0.0560141513397976
2020,0.055408947629794265,0.056014188505464836
2021,0.055408771387294914,0.05601427459169697
2022,0.05540861819569743,0.05601439028799378
2023,0.05540823824548439,0.056014403930085374
2024,0.05540796342436797,0.05601428973702785
2025,0.055407546409443474,0.05601453001172822
2026,0.055407249682423915,0.056014460085936434
2027,0.055406905876566624,0.05601442461588108
2028,0.055406477305702063,0.056014427404433915
2029,0.055406169692691194,0.05601436845191749
2030,0.05540583917589517,0.05601440202126575
2031,0.055405503221877386,0.056014326615947185
2032,0.05540508845686081,0.0560142682350036
2033,0.05540479363881989,0.05601424146803924
2034,0.05540443868245958,0.05601434077225877
2035,0.055404105983844126,0.0560144128147623
2036,0.05540385715684112,0.056014362316080674
2037,0.05540341778848627,0.056014233502251966
2038,0.055403012633729785,0.056014254409398175
2039,0.05540270870993355,0.05601429318962414
2040,0.05540236821084752,0.05601437939653175
2041,0.05540190739853808,0.0560143571489596
2042,0.05540160736595267,0.05601426138229294
2043,0.055401237678514785,0.05601431998404747
2044,0.055401050729064816,0.056014282714047445
2045,0.0554008741029728,0.05601414198226206
2046,0.05540067196060698,0.05601424384781794
2047,0.055399868655192606,0.05601361859479451
2048,0.05539961666400372,0.05601368723993035
2049,0.05539920705797332,0.05601378049675086
2050,0.055398832634200326,0.056013816682429614
2051,0.05539848844429311,0.056013832294831985
2052,0.055398304403154054,0.05601360383103119
2053,0.055397965071102034,0.05601361105072797
2054,0.05539768906541363,0.05601352235261058
2055,0.05539730880320429,0.0560136356177398
2056,0.05539682743919028,0.05601358632411788
2057,0.05539663661355193,0.05601359482902851
2058,0.055396177652079874,0.0560136126757601
2059,0.05539599855748843,0.056013494150192564
2060,0.05539567127102689,0.056013298235454125
2061,0.05539547914903082,0.056013208057228384
2062,0.05539528503662857,0.05601332007353284
2063,0.055394941776692,0.05601323451562909
2064,0.055394675605098004,0.05601307528652826
2065,0.05539429459281581,0.05601310231354015
2066,0.05539402768101896,0.056013148513862535
2067,0.055393657554697,0.05601305344802183
2068,0.05539315101171579,0.05601334937153583
2069,0.05539292551499836,0.056013284542254065
2070,0.05539272052594774,0.0560133162001655
2071,0.055392208832698055,0.05601357181476129
2072,0.0553920209591376,0.0560134469938905
2073,0.0553917173238966,0.056013581264341215
2074,0.055391507038807714,0.056013594152229944
2075,0.055391289676318574,0.05601373796766997
2076,0.05539091151935764,0.05601379890359157
2077,0.05539071339262534,0.05601381082835972
2078,0.0553903172824696,0.056013902404812854
2079,0.05538993693880397,0.05601384256574267
2080,0.05538961064157923,0.05601373740733479
2081,0.05538943742616777,0.05601381826388509
2082,0.05538902724532353,0.05601359143263395
2083,0.055388739471575126,0.056013554512543716
2084,0.05538847103191513,0.05601370200994097
2085,0.055388273333969805,0.0560137230572456
2086,0.055388081009009736,0.05601379462934038
2087,0.05538783663659489,0.05601374224752448
2088,0.05538760359895325,0.05601366286314047
2089,0.055387285428135036,0.056013688649848764
2090,0.055386902560850014,0.05601361755815636
2091,0.055386669439989065,0.056013584440665135
2092,0.05538630601971062,0.05601348162365263
2093,0.05538596124708339,0.05601346108179493
2094,0.0553857228969645,0.056013588310677154
2095,0.05538550605934589,0.05601353177313314
2096,0.05538512367558564,0.05601354577283065
2097,0.05538481760127351,0.05601345283983781
2098,0.055384469648075765,0.05601335187134039
2099,0.055384073983849265,0.056013104966421576
2100,0.05538370022815971,0.056013205945277894
2101,0.055383300371361965,0.056013264070699904
2102,0.05538294897913322,0.05601323026130452
2103,0.055382802988127165,0.05601332736145605
2104,0.05538260674374356,0.05601333128034181
2105,0.05538225324264731,0.056013357194611146
2106,0.055381993403151815,0.05601303703240721
2107,0.055381605800036704,0.05601293386637795
2108,0.0553815036400836,0.056013027456471715
2109,0.055381105659668826,0.05601317792796336
2110,0.055380768428156237,0.056013091964348255
2111,0.055380184884359966,0.05601270020188093
2112,0.05537985969046354,0.05601272757600904
2113,0.05537954098975709,0.05601266168225133
2114,0.055378987588193734,0.05601253682985554
2115,0.05537875652667916,0.05601245943820498
2116,0.055378457586968674,0.05601231220457633
2117,0.05537801973047513,0.056012361298182725
2118,0.05537764975478399,0.05601242928537036
2119,0.05537735790681848,0.05601278190584451
2120,0.05537702690676353,0.056012716203736025
2121,0.05537662594645514,0.05601239850735238
2122,0.05537616141445785,0.056012278508744684
2123,0.055375753896266755,0.05601234209728935
2124,0.05537541595884561,0.05601244469892229
2125,0.055375014253899235,0.05601232009048858
2126,0.05537473269186442,0.05601226187328727
2127,0.05537445051906199,0.05601219317868845
2128,0.05537412578946899,0.056011848502872524
2129,0.05537378105129538,0.05601168848997683
2130,0.055373447698749224,0.05601151732312244
2131,0.055372935129141175,0.05601153330417519
2132,0.05537266922640933,0.056011613497398735
2133,0.05537230978174511,0.05601149349185945
2134,0.05537203657177611,0.05601153111364921
2135,0.05537183976522668,0.056011584901986586
2136,0.05537139753474443,0.056011929813636105
2137,0.05537111774146393,0.05601190999344993
2138,0.05537092554363631,0.05601181161992424
2139,0.0553707788880836,0.056011886051209284
2140,0.05537062381305541,0.05601193402788344
2141,0.05537040429933633,0.056011873757499074
2142,0.05537009136890415,0.0560119219668047
2143,0.05536976291738002,0.05601187641947956
2144,0.055369395941729724,0.05601181510698595
2145,0.055369088264864245,0.05601192522383196
2146,0.055368839186271425,0.05601184800921386
2147,0.05536860566560561,0.056011514183328025
2148,0.055368025322851566,0.05601161572865517
2149,0.055367631883553675,0.05601156355446727
2150,0.05536742557017366,0.05601150301793379
2151,0.055367197829868674,0.05601151603590358
2152,0.05536688074733047,0.05601146039400108
2153,0.05536659965686727,0.056011416139701314
2154,0.05536638289964444,0.05601150111911639
2155,0.05536609525998809,0.056011333415850136
2156,0.05536569595632133,0.056011374416732644
2157,0.05536526116663215,0.056011599570210804
2158,0.055365010058993504,0.05601161520986184
2159,0.05536455322577582,0.05601161579142035
2160,0.05536421641241959,0.05601158310545515
2161,0.05536359236799594,0.05601090999796092
2162,0.05536322897956403,0.05601081556328051
2163,0.05536302582850676,0.05601089184907488
2164,0.055362764064067455,0.05601094004425994
2165,0.055362265848294456,0.05601101760902361
2166,0.05536198408909287,0.056011027950447545
2167,0.05536157524468939,0.056010941564612796
2168,0.055361365894510274,0.05601095369135562
2169,0.0553611852717205,0.05601087768019967
2170,0.05536080709069068,0.056010869677093296
2171,0.05536059872920477,0.05601095541048736
2172,0.05536026303398998,0.05601084469649436
2173,0.05535989239774829,0.05601078716722864
2174,0.055359429564762086,0.05601096294788619
2175,0.05535917825472482,0.056010824412210114
2176,0.05535884633734256,0.0560110016185337
2177,0.05535861522944919,0.05601113297853648
2178,0.05535839010449269,0.0560108160811878
2179,0.05535776754110275,0.056010680910988944
2180,0.055357485139496496,0.05601067512697505
2181,0.055357073674370684,0.05601079436101371
2182,0.05535690837181669,0.056010795384469465
2183,0.05535670296645375,0.05601073603905175
2184,0.055356421631914836,0.05601089651481845
2185,0.055356103640274656,0.0560108988727932
2186,0.055355805746988916,0.05601049679222956
2187,0.055355417101501506,0.05601035026735619
2188,0.05535528552464796,0.05601034876506656
2189,0.0553551000129279,0.05601041390790224
2190,0.05535472819655799,0.056010274688461155
2191,0.05535452430509294,0.056010399686180455
2192,0.05535428078730379,0.05601067691142799
2193,0.05535402175197343,0.05601077416060179
2194,0.05535376953765134,0.05601066130090518
2195,0.0553534458386869,0.0560105462650613
2196,0.05535330701251376,0.05601055517966551
2197,0.05535287188665192,0.05601044541351873
2198,0.055352503498146466,0.056010398138270266
2199,0.055352209631504425,0.05601039153804135
2200,0.05535200603123133,0.05601036949195922
2201,0.05535164791429313,0.056010466387326215
2202,0.05535151925615419,0.056010422042599664
2203,0.05535124967393312,0.056010351399628566
2204,0.05535097535235033,0.056010301484726806
2205,0.055350644176582836,0.05601042719126279
2206,0.05535024344854355,0.05601027257827422
2207,0.055350029932283745,0.0560103016895877
2208,0.05534958423922152,0.05601038386045293
2209,0.05534930334959756,0.0560104641431126
2210,0.055349059354607565,0.05601040526082234
2211,0.055348859530092,0.056010443607514636
2212,0.05534848066613424,0.05601062690839111
2213,0.055348189302680685,0.05601071207180768
2214,0.05534789848251369,0.0560105341684504
2215,0.055347614374328946,0.05601048815194359
2216,0.055347357395628835,0.05601044459160173
2217,0.055347137974650344,0.05601051604949343
2218,0.05534673133679278,0.056010446152013484
2219,0.05534653916729817,0.056010486913135635
2220,0.055346330312453146,0.05601057547866313
2221,0.055346094762781226,0.056010586453267966
2222,0.055345886155856686,0.05601066781283076
2223,0.05534562731746465,0.056010594837920834
2224,0.055345408602128554,0.05601068978722323
2225,0.0553452302903522,0.05601065227180474
2226,0.05534493288062195,0.0560107936551768
2227,0.05534461415960978,0.05601087251396819
2228,0.05534435407481177,0.05601076706264761
2229,0.05534405121090403,0.05601060371206039
2230,0.055343581850443656,0.05601063121748635
2231,0.05534331552087675,0.0560106966149093
2232,0.055342925879559426,0.05601039195723941
2233,0.055342620766046215,0.05601027075310708
2234,0.05534232270776297,0.056010355474394646
2235,0.05534208489432682,0.05601052490126984
2236,0.055341831211271626,0.05601049202258156
2237,0.055341584636728884,0.05601056364283593
2238,0.055341209078779145,0.056010472041771765
2239,0.05534095389915549,0.05601071436399171
2240,0.05534079356491311,0.05601076627856387
2241,0.05534001734518867,0.056010107831475524
2242,0.05533981519263454,0.0560102437268683
2243,0.05533928330316219,0.05601049843308053
2244,0.05533889149789528,0.05601049041531063
2245,0.05533863165894235,0.056010581025694166
2246,0.055338376115689494,0.05601069593923118
2247,0.05533804425884247,0.056010526254151184
2248,0.05533774098555264,0.05601053805290678
2249,0.055337448121288185,0.05601063162420642
2250,0.05533714900116583,0.056010598911340914
2251,0.055336747504874426,0.05601067980878303
2252,0.05533642040311135,0.05601084140956844
2253,0.05533620939635369,0.05601077831195325
2254,0.05533583854668111,0.05601076377716186
2255,0.05533564685401658,0.05601078025688515
2256,0.05533543660560289,0.05601087936387916
2257,0.05533512798201153,0.056010996198208526
2258,0.055334857930620665,0.05601092627201943
2259,0.055334639385222074,0.056010971732275844
2260,0.055334367020469954,0.056011107126587384
2261,0.0553340340242623,0.0560111124625085
2262,0.0553336444799743,0.056011163145624404
2263,0.05533330432942683,0.056011158019372426
2264,0.055333035295213336,0.05601109028473299
2265,0.05533266889258577,0.05601123449481857
2266,0.05533239019601896,0.056011072889284655
2267,0.055332049498477885,0.05601123841706276
2268,0.05533178428365396,0.05601115155313954
2269,0.055331353866390515,0.056010799880518596
2270,0.05533095167641234,0.056010606804052315
2271,0.0553306009718972,0.05601020014585037
2272,0.05533035336866183,0.05601023608506163
2273,0.05533003161402866,0.056010338369692325
2274,0.05532977335196969,0.05601041919273153
2275,0.05532964183649489,0.05601049454165348
2276,0.05532938536147731,0.05601049900220062
2277,0.05532923918543132,0.05601054953587254
2278,0.0553288088911952,0.05601088872018595
2279,0.05532847027080164,0.05601103231238246
2280,0.05532812169874921,0.056011110864596064
2281,0.05532780414470251,0.0560110342166553
2282,0.055327246263315866,0.05601096297101838
2283,0.0553269271285569,0.05601097807379317
2284,0.05532671163357839,0.05601106840078354
2285,0.05532640654301103,0.05601102244200034
2286,0.055326121675396675,0.056011222310522704
2287,0.05532584743429115,0.0560111838660143
2288,0.05532533918223056,0.05601133772303704
2289,0.055324952198747994,0.05601134257773871
2290,0.055324628210485984,0.05601135383846282
2291,0.05532426289240157,0.05601126766876347
