0,0.16305486126440366,0.1632375696969604
1,0.1596469367648233,0.15982817070657473
2,0.15634552717756717,0.15652386625356562
3,0.1531688878934302,0.15334486248834767
4,0.1500496673772126,0.1502214808436617
5,0.14695401973307914,0.14712143891910162
6,0.14401497039383204,0.14417904781466828
7,0.14115550214300662,0.1413170128848414
8,0.13837438399317623,0.1385331259203845
9,0.13567570249739017,0.13583370718091256
10,0.13312967458883448,0.1332873513471334
11,0.13057528621443817,0.1307317022660873
12,0.1281059309527884,0.1282614291579883
13,0.12572064451508588,0.1258732443137436
14,0.12340102021851086,0.12355672413738451
15,0.12123716063756883,0.12139296734982326
16,0.11910539067688011,0.11925826500933837
17,0.11695875148585673,0.11710661618344409
18,0.11497163758719293,0.11511979927060069
19,0.11293581979298377,0.11307745275296492
20,0.11106222126448302,0.1112006776168829
21,0.10908859098438058,0.1092260474221037
22,0.1071524134446149,0.10728605594793278
23,0.10529411873360199,0.10542310246994423
24,0.10349121261266134,0.10361913808562098
25,0.10182356037379142,0.10195031410553923
26,0.10015209223732821,0.10027389960189047
27,0.09854655402945571,0.09866363803816385
28,0.09698741990267465,0.09710001122567787
29,0.09547602227559106,0.09558544453341172
30,0.09404992227708198,0.09415625262737762
31,0.09268765159847171,0.09279011800792304
32,0.09136648308121771,0.09146525163239944
33,0.09003916785626007,0.0901323919429931
34,0.08874918987582849,0.08883933642058513
35,0.08751221985969675,0.0875980077045463
36,0.08634203787917705,0.08642174882642498
37,0.08516271965135691,0.08523937390688027
38,0.08402164431415483,0.08409482744949649
39,0.08293179299711957,0.08300188689742605
40,0.08190247897516796,0.08196708572576274
41,0.08090572920273943,0.08096641356555206
42,0.07994036565333036,0.08000043130216704
43,0.07902924093882552,0.07908792510376415
44,0.07816183194538248,0.07821878978657922
45,0.07733269373883048,0.07738633128470092
46,0.07648268991507821,0.07653276476308579
47,0.07568863555715641,0.07573915050581362
48,0.0749039844648284,0.07495085755137013
49,0.07417358650734804,0.0742183459555817
50,0.07343753841520245,0.0734800407182708
51,0.07279299639257487,0.07283274098479386
52,0.07212038256458476,0.07215741027850554
53,0.07152188641559697,0.07155673738928399
54,0.07089062240873677,0.07092229546887507
55,0.07029046781818561,0.07031894662891716
56,0.06970993209979613,0.06973646459816533
57,0.06919578812649008,0.06922177356721533
58,0.0686768450708912,0.06870213373754014
59,0.06815948457695592,0.0681824852908276
60,0.06767845233361146,0.06769874872113552
61,0.06722602999886912,0.06724297942192199
62,0.06678441880877783,0.06680025421120724
63,0.06634915915949731,0.06636307751434277
64,0.06597154051906966,0.06598265228083643
65,0.06558239437486632,0.06558965683929821
66,0.06522828877808903,0.06523394354443113
67,0.06486872594941143,0.06487086361079436
68,0.06452472987698826,0.06452497976043205
69,0.06419252839319882,0.06419124734494268
70,0.06387772447574042,0.06387530544340919
71,0.06356806680641662,0.06356378968970924
72,0.0632768385592136,0.06327133220030608
73,0.06298924738960457,0.0629816083626831
74,0.06273458197539644,0.0627253800976711
75,0.06248290926287021,0.062471795776338906
76,0.06223043985256516,0.062217939332868344
77,0.061993074438107594,0.06197799466903939
78,0.06177349272184315,0.06175733908985199
79,0.06155549195243903,0.061537743149695026
80,0.06135229879856156,0.06133254646039193
81,0.06115639643076122,0.06113495503107387
82,0.060969129234434,0.06094495387135164
83,0.06079876073992422,0.060773290063445604
84,0.060614591515962615,0.06058862710487352
85,0.060451778896639746,0.06042649245782715
86,0.060296843459126566,0.060269236012657185
87,0.06013670033103808,0.060108467934314236
88,0.05998667074114257,0.05995729944601288
89,0.05985614087753662,0.059825855608276426
90,0.059714965176531236,0.059683496393983626
91,0.059584911522482235,0.05955234646249671
92,0.05946457865089325,0.05942999627568474
93,0.059346238693038546,0.059311076052223494
94,0.05923097855144787,0.059194954817118846
95,0.05912677638267227,0.05909015346858201
96,0.05903098663583801,0.05899443805192205
97,0.05893238903701252,0.05889470442020213
98,0.05884264473637454,0.05880508398001241
99,0.05874717002074143,0.058708126799130074
100,0.058660846555336384,0.0586204516376386
101,0.05857782986239244,0.058537103744360344
102,0.058497366039097866,0.058456520488236026
103,0.058418726928990354,0.058376883614360504
104,0.05834865355162592,0.05830614094754647
105,0.05827849369140135,0.05823442065015872
106,0.058208843124153975,0.05816411267505624
107,0.058146716531411416,0.05810095720976927
108,0.05808631563271918,0.0580404887371862
109,0.058031526339102545,0.05798440937543708
110,0.057974335376775016,0.05792690951636796
111,0.057922955528742416,0.057875468062064804
112,0.05787160284067484,0.05782397968289903
113,0.05782581168800193,0.05777795835057343
114,0.057781790644561515,0.05773379933584819
115,0.05774153333580515,0.05769287852507843
116,0.05769740675912656,0.057648076287880566
117,0.057654113495166304,0.057604751573918596
118,0.05761554782306478,0.057565604292810275
119,0.057579664930882,0.05752936096848907
120,0.05754041350941965,0.05749042184378324
121,0.05750598275212967,0.05745574760453382
122,0.05746933074856224,0.05741888309544208
123,0.05743457271063512,0.057383547386445063
124,0.057407387169044886,0.05735587127944743
125,0.05737699357407118,0.05732531685940443
126,0.05735160880544455,0.057299614917881644
127,0.05732288219258255,0.05727067027113032
128,0.05729471916425875,0.05724186478995126
129,0.05726929159351608,0.05721653169201177
130,0.05724404259553941,0.05719114472538273
131,0.05722259352106886,0.05716961320258891
132,0.057197817663510224,0.057145270298145416
133,0.05717529807028775,0.05712254536071246
134,0.057153601527326646,0.057101212870468446
135,0.057134036668153115,0.05708132655346763
136,0.057114476708429646,0.0570617837943359
137,0.05709771215448897,0.05704491423787643
138,0.05707937073039458,0.057026192747316365
139,0.057059821617489126,0.0570073562498363
140,0.057043308497305906,0.056990909005329216
141,0.05702609224999657,0.05697413981589611
142,0.05701138139078647,0.05695943418529794
143,0.056994572074365105,0.05694223279383829
144,0.05697955051732472,0.05692770908428398
145,0.05696481850411518,0.05691298798949665
146,0.056951672943796036,0.056900127600039804
147,0.05693773859180856,0.056886034198682926
148,0.05692450172944704,0.05687251605178484
149,0.056913063706908504,0.05686079549786522
150,0.05690084710209832,0.05684862000561846
151,0.05689041843960447,0.05683806914591686
152,0.056880252751660275,0.0568278461264783
153,0.05686837390741649,0.05681703964578364
154,0.0568568385457942,0.056805953412128955
155,0.05684636621184956,0.05679579442142351
156,0.05683628153109285,0.05678606082110533
157,0.056826514311769535,0.05677646059264152
158,0.05681654183857612,0.056766669866002255
159,0.05680839940576478,0.05675860679548116
160,0.056798531163602006,0.05674885905280784
161,0.05678934315964468,0.056739144996123925
162,0.056780784735644484,0.05673093273782462
163,0.05677236866176736,0.05672277677898816
164,0.05676437222112982,0.05671491363362853
165,0.05675757902755682,0.0567085167271463
166,0.05674989098165835,0.05670068277412648
167,0.056741188049379054,0.0566924905058251
168,0.05673428532896847,0.05668567452973451
169,0.05672845643382327,0.05667948517241698
170,0.05672178297159304,0.05667315321089183
171,0.05671569948431124,0.05666725362838371
172,0.05670979220448789,0.056661087489485014
173,0.05670345965262702,0.0566553282756201
174,0.056696615888618886,0.056648356581333006
175,0.056690594793794076,0.056642826344647006
176,0.05668488730181749,0.05663816383004665
177,0.0566788247843524,0.05663193212222378
178,0.056672702625090936,0.05662604853884946
179,0.05666716561854782,0.05662040685741043
180,0.056662581274774,0.0566164451811047
181,0.0566570619714209,0.05661080657305337
182,0.05665286554195789,0.05660663890175531
183,0.05664897905554536,0.05660283293816538
184,0.05664401309175334,0.0565977183885735
185,0.056640567914777576,0.05659430101887787
186,0.05663530804473077,0.056589289317626496
187,0.0566314186178549,0.056585661244838804
188,0.05662776624078961,0.056582204709637644
189,0.056623301027844505,0.05657781189685183
190,0.05661928524433121,0.05657420928800519
191,0.056615317909548345,0.056570686575501926
192,0.05661048771490795,0.05656682035133741
193,0.05660647775119083,0.05656319214390231
194,0.05660295130286657,0.05656009668894598
195,0.0565995179610623,0.05655679483257016
196,0.05659636478517336,0.056553917434913475
197,0.056592955604717464,0.05655060756258978
198,0.0565896081794307,0.05654777506380688
199,0.05658568393867278,0.056543772141934893
200,0.056583042549311784,0.05654166821742241
201,0.05657976465840954,0.056538609504922156
202,0.056575246841503876,0.056534920935880216
203,0.05657154080159153,0.05653158602971508
204,0.05656846123098849,0.05652902083013554
205,0.056565508601642674,0.05652688206397422
206,0.05656205127301157,0.056523558824545864
207,0.05655906610818902,0.056520830374060214
208,0.056556598139801205,0.05651825929303535
209,0.0565531541993309,0.0565149634439677
210,0.05655048509761035,0.05651239328420235
211,0.05654784446519793,0.05651004476625014
212,0.05654498350544521,0.05650761524870345
213,0.05654216338935762,0.05650493011390793
214,0.0565387771434431,0.05650161203285572
215,0.056535314353987266,0.056498686855491434
216,0.056532549577322955,0.056496405907080396
217,0.056530871907090614,0.056495066927270764
218,0.056527592741070956,0.05649197792040457
219,0.056525799428519714,0.05649026765389375
220,0.05652310414651248,0.056487829791560654
221,0.056521124397353,0.056486066897879335
222,0.056517855599407585,0.056483156476594736
223,0.05651407927048278,0.056479811569837605
224,0.056511561738125146,0.056477568342881056
225,0.056509017019171444,0.05647536304573411
226,0.05650690540082482,0.05647348614396649
227,0.05650482124102647,0.0564718447750793
228,0.05650221829575062,0.05646933475028798
229,0.0564993248173611,0.056466335050314835
230,0.05649596425028256,0.056463369546794755
231,0.05649355790726513,0.05646119969853093
232,0.05649144696923859,0.056459074917563856
233,0.056490138238188076,0.056458154873534186
234,0.05648816100717513,0.05645683704423619
235,0.05648681738241925,0.05645584259597765
236,0.05648540613260849,0.05645488085351537
237,0.05648331284876796,0.05645343357058885
238,0.056479923545321865,0.056450278517962416
239,0.056477884730379284,0.05644887193371121
240,0.05647591030696375,0.05644717395182702
241,0.056473576550054985,0.05644568253590982
242,0.056471577105399406,0.056443745689174284
243,0.056469819520127536,0.056442424649871724
244,0.05646780743026539,0.05644053610565546
245,0.05646563443928666,0.056438807030378575
246,0.05646544125298778,0.05643867636656255
247,0.05646373503583961,0.05643707236829706
248,0.056461696366881975,0.056435348303497564
249,0.05646011245962636,0.05643433200374398
250,0.056458643127131024,0.056432983941104096
251,0.056456609327208127,0.05643147240747371
252,0.056456035878144226,0.056430631739405386
253,0.056455019670745156,0.05642993687165399
254,0.05645359785813663,0.05642886753953884
255,0.05645188933335445,0.056427496582712455
256,0.05645019234695594,0.05642620933995671
257,0.05644815274165165,0.05642478648271157
258,0.056447571609369473,0.056424300092192424
259,0.05644620683233026,0.05642349305835349
260,0.05644430296972175,0.05642200084697857
261,0.056443069238908246,0.05642113906302842
262,0.05644146101336978,0.05641961577473422
263,0.056439898564797274,0.05641838781111041
264,0.0564380913603694,0.0564169697347048
265,0.056435944301484076,0.056415050592200984
266,0.05643502068645441,0.05641452977979467
267,0.05643322380034632,0.056413046033416014
268,0.05643113957874851,0.056411149807792584
269,0.05642962328264196,0.05641000350737012
270,0.05642761063663015,0.056408618969714906
271,0.05642642280231001,0.05640782437291144
272,0.056424289889011554,0.05640620868753054
273,0.05642303432483548,0.05640542210872597
274,0.056421746396083695,0.05640452946735874
275,0.05642052385019324,0.056403507693186125
276,0.056420448140292165,0.05640340522348798
277,0.05641837923926586,0.05640161380637408
278,0.05641701939110586,0.05640047522104637
279,0.05641594131651881,0.05639959853624258
280,0.05641426685019812,0.056398604613546115
281,0.05641248908761759,0.05639719653978792
282,0.05641048184976265,0.05639583421258237
283,0.056408392235159255,0.05639420202349775
284,0.05640702914003023,0.05639334532697571
285,0.05640570874614126,0.056392606474429
286,0.056404479135562326,0.05639158419165603
287,0.056403689483686965,0.056391019938439375
288,0.05640246639144578,0.05638983774622612
289,0.05640224287558843,0.05638964970884043
290,0.05640044613076005,0.056388701093755066
291,0.056399046005046985,0.05638755354642107
292,0.05639744330476125,0.05638623091913193
293,0.05639651438119952,0.056385663712603985
294,0.05639577816014835,0.05638508730084048
295,0.05639478658598767,0.05638464836961272
296,0.05639413339453653,0.05638415015483109
297,0.05639260591202467,0.056383426206146205
298,0.05639150145093309,0.05638288314223533
299,0.0563896694931953,0.05638181940605686
300,0.056387643833574454,0.056380183552874275
301,0.05638673398062405,0.056379714961001894
302,0.056386573655592714,0.056379586852340846
303,0.056385452376586855,0.056378957471277226
304,0.056384672007370726,0.05637827149055102
305,0.056382638128264426,0.05637654493034682
306,0.05638117034478458,0.05637574446306791
307,0.05638025403934209,0.056374823062101224
308,0.056376917773673055,0.05637260090254695
309,0.056373933009163935,0.05637022404962712
310,0.05637193175903254,0.05636873661205442
311,0.056370783259643654,0.056368182290762445
312,0.05636993863109714,0.05636754193248703
313,0.056367552236433915,0.05636536161769246
314,0.05636570830309167,0.0563643622120021
315,0.05636413975497162,0.05636303710959077
316,0.05636294531868139,0.05636280453193685
317,0.05636241196262483,0.0563626146837492
318,0.056360737376693046,0.05636099340106094
319,0.05636008021255764,0.05636070523864275
320,0.056358249415627566,0.056359541365399946
321,0.056357045366489895,0.05635903706430179
322,0.05635521239396953,0.05635746103436931
323,0.05635482913946645,0.056357320196489286
324,0.056353941025901966,0.05635662955725956
325,0.05635324946705899,0.056355955261191755
326,0.0563519519589687,0.056354687598900326
327,0.05635004019059885,0.056353313158245384
328,0.056348979995862004,0.056352664621621376
329,0.05634792046579947,0.056351727465661014
330,0.05634652580278015,0.056350457102176066
331,0.05634570892251123,0.0563500372220929
332,0.05634429133703384,0.05634887898794215
333,0.05634394963074302,0.056348826971492
334,0.05634214668049069,0.056347283754840605
335,0.056341076846432955,0.05634656205937139
336,0.05633980661195022,0.05634589417814462
337,0.05633853274458439,0.05634515670645055
338,0.056338349634318705,0.05634502768093453
339,0.05633661889678236,0.05634372541982108
340,0.05633612115394305,0.056343304350105
341,0.05633535537062151,0.05634282076990937
342,0.05633420789645006,0.05634222599640398
343,0.056333059340017616,0.05634145083053374
344,0.056333058378269615,0.056341450928050214
345,0.056332872679221394,0.05634129218422098
346,0.05633279663985475,0.0563412107667782
347,0.05633191520015176,0.05634064318432876
348,0.05633030293821434,0.05633925460935218
349,0.056329429792349735,0.056338514048640265
350,0.056328889218357756,0.05633822178542683
351,0.05632743229549939,0.056337110101996137
352,0.056326543461417154,0.056336674801246
353,0.05632484236913266,0.05633597371347599
354,0.05632395463773333,0.056335222137975184
355,0.05632390708357923,0.056335169606292604
356,0.05632267197973118,0.056334207332658065
357,0.05632178683312194,0.05633359142102971
358,0.05632120862911692,0.056333271682466435
359,0.05632088979131842,0.05633313785986312
360,0.05631971463343598,0.056332411892718134
361,0.05631890576206485,0.05633190701869737
362,0.05631789726388429,0.0563310481113096
363,0.056317178428136896,0.05633050904796133
364,0.056316209635220806,0.05632990892830184
365,0.056315557182288874,0.05632928592819431
366,0.05631394551681741,0.05632803175043081
367,0.05631391644127145,0.05632799906537244
368,0.05631291125925603,0.05632738208514465
369,0.05631148553962045,0.05632641169107465
370,0.05631000037141308,0.05632497071504595
371,0.05630867908422449,0.056324186830716695
372,0.056307293484602026,0.0563232166116558
373,0.056306140778262764,0.05632252870066757
374,0.056304853746505075,0.0563214576105847
375,0.05630434454401094,0.05632120861753987
376,0.056303346991805704,0.05632043259999772
377,0.05630204180283291,0.05631967453028065
378,0.056301069639674343,0.05631955926298191
379,0.05630055878519753,0.05631924354103919
380,0.056300432191796305,0.05631920323151558
381,0.056298036671110725,0.05631720485772361
382,0.056296785958133644,0.05631619112624619
383,0.05629506583000181,0.05631482398045201
384,0.05629468231353451,0.05631462760553731
385,0.0562935018106392,0.05631393740739095
386,0.05629231016769481,0.056312776273390604
387,0.056292180727412974,0.056312700650848736
388,0.05629152744633764,0.05631233233850066
389,0.056290082113476164,0.05631143146430654
390,0.05628876285527763,0.05631046928764581
391,0.05628829662252091,0.05631025476834668
392,0.05628753854082781,0.05630982227674795
393,0.056285880715797695,0.056308562364203264
394,0.056285523299935414,0.056308320818812777
395,0.05628378008669962,0.056306821929617404
396,0.05628264344203264,0.05630634556439257
397,0.05628193891404167,0.05630575244190758
398,0.056281093381553855,0.056305363751115556
399,0.0562802212187211,0.056305436766672184
400,0.056280023863292214,0.056305301866207476
401,0.05627885860042532,0.056304456249626954
402,0.05627677143857028,0.05630310320585613
403,0.05627569144417542,0.056302383144675255
404,0.05627458870321749,0.056301326752874845
405,0.05627458351454195,0.0563013319821434
406,0.05627426221147568,0.05630096106996953
407,0.056273346169450476,0.056300510434986205
408,0.05627181950761751,0.05629938608370913
409,0.05627127183469174,0.056299050318432235
410,0.05627125179559367,0.05629904624163716
411,0.056269731395725865,0.0562979118925569
412,0.056269652653480794,0.05629790382633389
413,0.05626855755726987,0.056297090403772954
414,0.05626807328997499,0.056296793125404754
415,0.056267833238506454,0.05629668311766905
416,0.05626727428391298,0.05629629160661931
417,0.0562654968426507,0.05629516653381292
418,0.056264678350716094,0.05629481001263345
419,0.056264229317146024,0.05629462057804395
420,0.0562638361830868,0.056294504110503664
421,0.05626350968945223,0.056294296031051835
422,0.056262031476607736,0.056293212838807456
423,0.056262014464811896,0.05629321884011905
424,0.05626109492447831,0.056292679154131046
425,0.0562601038843933,0.05629225151881077
426,0.05625947632440903,0.056291956198154164
427,0.05625944591311899,0.05629190777045176
428,0.056258711883183404,0.05629163241839378
429,0.05625813974082413,0.05629139341026243
430,0.05625711988606125,0.05629103180353525
431,0.056254895731553185,0.05628923011205702
432,0.056254548342107615,0.05628904744829137
433,0.05625416059224858,0.0562888975366706
434,0.05625334554567914,0.05628824955945151
435,0.05625260608712991,0.056287927103788306
436,0.05625151146313962,0.05628743332136661
437,0.056251080000019306,0.056287053558198824
438,0.0562503711363748,0.0562864763625512
439,0.05625028210526802,0.05628641793423402
440,0.05624960476211244,0.056286120620886046
441,0.056248471924237806,0.05628581927745738
442,0.05624708153346427,0.05628443885700206
443,0.05624702430440526,0.05628440163957462
444,0.056246187478570894,0.05628374929281728
445,0.05624600835685044,0.05628365089533771
446,0.05624539858550197,0.05628314502366243
447,0.0562449954053765,0.05628303680570789
448,0.0562446283291009,0.056282908220843884
449,0.05624330474203179,0.056281605565622825
450,0.05624243327911793,0.0562809989351756
451,0.056241249669851695,0.05628014015347842
452,0.05624047229659693,0.05627967834390543
453,0.05623966463088457,0.056279091610181575
454,0.05623843315025087,0.05627824203735041
455,0.056238413486857645,0.056278233012888125
456,0.056238223584403516,0.0562780907000674
457,0.05623809861576299,0.05627807831331509
458,0.05623745786289505,0.05627751797985594
459,0.056236531521822494,0.05627725351090427
460,0.05623652701701098,0.05627725314750269
461,0.05623586202329601,0.05627720458207699
462,0.05623486560991646,0.056276406107713416
463,0.05623431636288079,0.05627618696150006
464,0.056234242514434395,0.05627613335204037
465,0.05623293767279466,0.05627529065007622
466,0.056231999174028775,0.056275090002002176
467,0.05623044197772773,0.05627426752086935
468,0.05623017877022512,0.056274123536549196
469,0.056230036262262265,0.05627413193217786
470,0.056228905402278394,0.056273400292824245
471,0.05622890269357921,0.05627340030380243
472,0.05622736543467313,0.05627236338756294
473,0.05622634348759995,0.0562714875672278
474,0.056224718592180034,0.05627042263416118
475,0.056224306043758415,0.05627035203326298
476,0.05622335928415911,0.056269555016863385
477,0.05622309037226207,0.05626930202665236
478,0.0562228848795268,0.056269308748247336
479,0.056222258930146436,0.056269056914735056
480,0.05622205670762192,0.05626899890389309
481,0.05622128136795472,0.05626862581839039
482,0.05622104359029551,0.05626852761342997
483,0.056220414986444485,0.05626833479453299
484,0.056220159367491744,0.05626809076981954
485,0.05621970750479256,0.05626775607027948
486,0.05621850224714295,0.0562669876935097
487,0.05621787240888016,0.05626663289928342
488,0.056216828499476505,0.05626626757328609
489,0.05621656725540326,0.05626629905621784
490,0.05621453440413154,0.05626460887181294
491,0.0562142044761527,0.05626432340003001
492,0.05621401902901215,0.056264267935060244
493,0.05621331702332878,0.05626383856047709
494,0.056212468674047285,0.056263404188842285
495,0.056211967282274976,0.05626319995018791
496,0.05621173348296305,0.05626316566404794
497,0.05621049591636331,0.05626219442686794
498,0.05620890463766555,0.05626077387620189
499,0.056208665646601874,0.05626063122937863
500,0.05620798239431219,0.056260381982939416
501,0.05620723776451244,0.05626010115953489
502,0.05620648863665384,0.05625965799088721
503,0.05620490444377396,0.05625866253915488
504,0.056204418659218394,0.0562586147389337
505,0.0562032668694111,0.05625758719522516
506,0.0562022089421571,0.05625689355503872
507,0.05620105137614713,0.0562562847157855
508,0.056199749891217225,0.05625550684957527
509,0.05619968458396477,0.0562554824400542
510,0.056199221541098694,0.056255112260233386
511,0.056197650885767586,0.05625448588285059
512,0.05619742739617538,0.05625445936648816
513,0.056197058944159675,0.056254415916739575
514,0.056196069000792756,0.0562537690297916
515,0.05619423758592269,0.0562522657803664
516,0.056193057501662785,0.056251841146995545
517,0.05619215251428286,0.05625114489433063
518,0.05619214803062078,0.05625114485030749
519,0.056190247343533214,0.056249956600360834
520,0.056189219334948345,0.05624897379689762
521,0.056188644297362485,0.05624873257289919
522,0.05618731869430173,0.05624843313448169
523,0.05618663712775862,0.0562482939062863
524,0.05618628889852625,0.05624807099853879
525,0.056185357110028616,0.05624728412266872
526,0.056184211263131174,0.05624655869531435
527,0.05618270368347578,0.05624576937891166
528,0.05618180299870864,0.05624548273106621
529,0.05618032794170947,0.05624460473887913
530,0.05617888907878223,0.05624340788059135
531,0.05617802648132605,0.05624326793812515
532,0.05617712822602139,0.05624276732662902
533,0.05617616998197851,0.0562423484293141
534,0.0561755158728098,0.05624196559763953
535,0.05617408530913622,0.056241058613276135
536,0.056173032834928624,0.05624093969027092
537,0.05617247826782588,0.05624048479641196
538,0.05617098298359865,0.056239330275265134
539,0.05617018420861753,0.056239100787773576
540,0.056168746006352105,0.05623796912957194
541,0.05616756662916908,0.056236807673332403
542,0.056166546808420675,0.05623666798352507
543,0.05616515737446396,0.05623576495921996
544,0.05616372352995872,0.056235438335523795
545,0.05616271590275934,0.0562349217002966
546,0.056161885399944746,0.056234721696871576
547,0.05616122742970392,0.05623451810754601
548,0.05615940585916331,0.056232854587773023
549,0.05615890055335368,0.0562327666462133
550,0.05615876683893061,0.056232839385570534
551,0.056157112713161136,0.056232108708491074
552,0.05615620990385614,0.056231405848569456
553,0.05615459018018407,0.0562298200934859
554,0.05615316787276828,0.05622914932869984
555,0.05615220921311618,0.05622854498791615
556,0.056151288478853666,0.05622794008953776
557,0.056150017740797746,0.056227077500462186
558,0.056148918030856365,0.056225948254741705
559,0.05614804333888602,0.05622559499104936
560,0.05614664026657569,0.05622446525904015
561,0.056146246855775,0.05622415989053158
562,0.05614497301625985,0.05622327511045793
563,0.05614385058763166,0.056222247029195115
564,0.056142729020188395,0.056221374010655155
565,0.05614241001938196,0.05622117514786707
566,0.056141564418623974,0.05622099572099749
567,0.056140958638368335,0.05622048781184085
568,0.056140663363381256,0.05622025005269366
569,0.056140034731278377,0.05621964239742082
570,0.05613834207359123,0.056218090843253826
571,0.05613738986359485,0.056217911239437424
572,0.056136449273971066,0.056217304770956725
573,0.05613567470801601,0.05621676802639824
574,0.05613502725818292,0.056216566784349484
575,0.0561349327175519,0.05621656647575815
576,0.05613411020030768,0.05621609482304191
577,0.056133107428854995,0.05621561942897995
578,0.056132276472455604,0.05621481880096939
579,0.05613172716305278,0.05621429955169856
580,0.05613065642845804,0.05621396989847288
581,0.05613042977746973,0.05621388975778522
582,0.05612866187587663,0.05621266720963492
583,0.05612794769604937,0.05621222925856637
584,0.05612706161108735,0.05621205829465996
585,0.05612651582151997,0.056211593477715
586,0.05612574591875139,0.05621095318722015
587,0.05612430344485051,0.05620952223341543
588,0.05612333546174642,0.056209036626022425
589,0.05612316291898667,0.056208975523979327
590,0.05612225519627877,0.056208375996630325
591,0.05612071526825772,0.056207018342274796
592,0.056120244906208976,0.056206985881255216
593,0.05611949621916332,0.05620659197469954
594,0.05611880937452872,0.056206031059071786
595,0.056118666135427285,0.05620607214446949
596,0.05611712074244577,0.0562046616630958
597,0.056116027829476264,0.056203846908564635
598,0.05611517863985858,0.056203165457599194
599,0.0561147395104195,0.056202955551294134
600,0.05611447772655205,0.05620290690591324
601,0.05611365792377781,0.05620241011103835
602,0.056113424000437166,0.056202403270402074
603,0.056111698546730274,0.05620137409687757
604,0.056110094507571893,0.05619991383331733
605,0.05610899886127541,0.056199090274952665
606,0.05610833315067237,0.05619891977738379
607,0.05610731869413761,0.05619831751414912
608,0.05610641754177142,0.05619769988173177
609,0.05610543576034251,0.056197144427942415
610,0.05610416406309521,0.05619657110996463
611,0.05610350226140725,0.05619634064228503
612,0.05610275508819801,0.056195914824053984
613,0.05610178291620558,0.05619512251821033
614,0.05610109513156528,0.05619475849141437
615,0.056099926668060796,0.056193785338820204
616,0.05609912816399149,0.05619338843900205
617,0.05609791824017854,0.05619250848746028
618,0.05609710449406487,0.05619209561717698
619,0.05609610691896122,0.05619149016454824
620,0.05609516890174447,0.05619101369076513
621,0.056094830669086236,0.05619078383315659
622,0.05609411479266981,0.056190630431342585
623,0.05609295971629679,0.05618981648070975
624,0.0560917083656203,0.05618882467213012
625,0.05609137121501126,0.056188701769485754
626,0.05609092287997162,0.05618837639348343
627,0.05609013354963231,0.05618797598453718
628,0.05608925684722697,0.056187887652038866
629,0.05608839737369535,0.056186980155259456
630,0.056088291181452844,0.0561870371547042
631,0.05608702106779557,0.056186016607220106
632,0.056086648674747594,0.05618597467322673
633,0.05608616021957373,0.05618552470744566
634,0.056085519059763396,0.05618519089076016
635,0.056085266655063755,0.05618512106726091
636,0.05608493878419875,0.056184926714590765
637,0.05608367393961147,0.056184021069024884
638,0.05608248115689048,0.05618312873033958
639,0.05608128747351087,0.05618220250165905
640,0.056080864613473634,0.0561818786736915
641,0.05608009490856961,0.05618102036938257
642,0.05607941294522357,0.056180871134451464
643,0.05607863048586856,0.05618027054974174
644,0.05607807408363754,0.056180033609763876
645,0.05607758966407962,0.056179673178243426
646,0.05607686660748258,0.05617952186202979
647,0.0560761477162544,0.05617915316028808
648,0.05607496891971336,0.05617830836224243
649,0.056074233340627555,0.05617797269751934
650,0.05607365764176467,0.05617771950758714
651,0.05607351630843531,0.0561777215943873
652,0.05607231329849565,0.05617668403867936
653,0.056071633954627775,0.05617665598996322
654,0.05607082006738526,0.05617632807822455
655,0.056069964223493717,0.05617556521171266
656,0.05606854246279759,0.056174331730023175
657,0.05606840340296373,0.056174360561447194
658,0.0560676330778983,0.0561738419653045
659,0.056066697546913694,0.05617373438111327
660,0.05606526835866783,0.056172653753531476
661,0.05606508099855497,0.05617256020227673
662,0.05606432867330538,0.056172542708848854
663,0.05606360773390331,0.056172368066074806
664,0.05606292560716958,0.05617201587140046
665,0.0560619074694874,0.05617127269552404
666,0.05606168527651385,0.056171072740976505
667,0.056061006404031555,0.056171075945600515
668,0.05606083063523223,0.056170965844945187
669,0.05606056084182695,0.056170676981542315
670,0.056058945422203854,0.05616988481657367
671,0.056058685245160625,0.05616979239302269
672,0.05605747637627401,0.05616911278540027
673,0.05605743184813017,0.056169112601171876
674,0.056057306262450424,0.0561690733942539
675,0.056056532053145584,0.05616856394033282
676,0.056056444890599716,0.0561685856083851
677,0.05605565191121972,0.056167763408027
678,0.05605546293195483,0.05616779012331256
679,0.056054872055423796,0.056167223824702954
680,0.05605414402835566,0.05616686113450028
681,0.05605324743191951,0.056166792855399245
682,0.05605240662748149,0.05616634764952749
683,0.05605180562228512,0.056166187704934326
684,0.056050924550292196,0.056165453405212735
685,0.0560501561651862,0.05616481023949733
686,0.05604967765356344,0.05616455545062072
687,0.056049297142904866,0.05616442963724942
688,0.056048764468408625,0.05616409064772743
689,0.05604780574560017,0.056163835955859616
690,0.05604779590768709,0.05616383602965129
691,0.05604712872760761,0.05616324602160912
692,0.05604633669970414,0.056162977900388954
693,0.05604565004775658,0.056162538555602805
694,0.05604510022480788,0.05616211454816538
695,0.056045013316976804,0.056162114373178446
696,0.05604438697539422,0.056161969538385814
697,0.0560441306746021,0.05616171830134094
698,0.05604374268631178,0.05616160079007031
699,0.05604281911870705,0.05616082590342948
700,0.05604273521069222,0.05616084269714874
701,0.05604217240134508,0.05616035367604233
702,0.056041267177468504,0.0561598981097896
703,0.05604054751983678,0.05615962385754065
704,0.056040237469367093,0.056159479019397475
705,0.05603983892139181,0.056159247015164504
706,0.05603921128761513,0.056158750110475476
707,0.056038215268634686,0.05615796770534157
708,0.056037373928480405,0.05615754278631212
709,0.056036845486128736,0.05615734191255265
710,0.056036219210378345,0.05615678306099849
711,0.05603579053361099,0.05615653800264554
712,0.05603534847994587,0.056156289903778495
713,0.05603509516466717,0.05615631650723783
714,0.05603428643414838,0.056155824837693866
715,0.056033274991045094,0.05615506016465865
716,0.05603307935747646,0.05615502647522205
717,0.056032256124402595,0.056154884217555455
718,0.05603149309812621,0.0561546499639893
719,0.05603081233680016,0.056154171131707065
720,0.05603006456229165,0.05615396973778604
721,0.05602922970648872,0.05615323386962664
722,0.05602807776051019,0.05615229134606339
723,0.05602767798630511,0.056152134724238134
724,0.056027260182485585,0.05615188802258601
725,0.05602635220543661,0.05615136564929955
726,0.05602617058677914,0.056151203289165875
727,0.056025430496457994,0.0561513019379615
728,0.05602459266341189,0.056150626367711814
729,0.0560239216816457,0.05615062448899216
730,0.056023090857112386,0.056150298684240936
731,0.05602269143267426,0.056150313284519186
732,0.05602265916963575,0.05615031871067749
733,0.05602259108224081,0.056150321632488676
734,0.05602236335990059,0.05615018860053564
735,0.056021737268738936,0.05614997069667842
736,0.05602105485920427,0.056149745937088186
737,0.05602039114116336,0.05614940436223851
738,0.05601940097398868,0.056149094703954114
739,0.05601850054115841,0.05614886891110557
740,0.05601833597423435,0.0561487526070226
741,0.05601790068356999,0.0561483640787112
742,0.05601693424639169,0.05614804617773044
743,0.056016228419632774,0.05614749312255135
744,0.056015717797530104,0.05614709311422019
745,0.05601527807423202,0.05614681548862135
746,0.056014569745662345,0.05614621765359546
747,0.05601438682352522,0.05614616023322854
748,0.05601407425718121,0.05614596661245843
749,0.05601325192689353,0.05614500845009597
750,0.05601274137892765,0.05614483433676779
751,0.05601214952672223,0.056144445839035974
752,0.056011315416490993,0.05614381565760428
753,0.05601089743085554,0.05614391466284851
754,0.056010115919012116,0.05614339715133711
755,0.056009526844030766,0.05614315147754062
756,0.056008696378619376,0.056142530458520384
757,0.056007559852845876,0.05614194478137578
758,0.05600735415713153,0.056141820026249525
759,0.056007068530186714,0.05614166221607972
760,0.05600605273242578,0.056141047161542265
761,0.0560050492999051,0.05614003787704302
762,0.056004108413312,0.056139367057637814
763,0.056003824659195026,0.056139298761907756
764,0.05600252867693995,0.056138183865610994
765,0.056001920151114874,0.056137995336622136
766,0.0560010969855951,0.056137336957588733
767,0.056001002486262816,0.05613733811716263
768,0.05600039649588882,0.056137340784162854
769,0.05599959365566883,0.056137008539845795
770,0.05599846755589451,0.05613622574024253
771,0.05599751890854781,0.056135976407248614
772,0.05599690344307894,0.05613609574918414
773,0.05599608158441937,0.05613584780997705
774,0.05599561821658634,0.05613571405177054
775,0.05599472076557144,0.05613494897512994
776,0.05599442512637557,0.05613483490467812
777,0.05599361915747401,0.05613406191543353
778,0.0559923966204791,0.056133165262090313
779,0.05599130670357214,0.056132834773764614
780,0.05599113132107455,0.05613276508526604
781,0.055990305051408944,0.05613243758569373
782,0.05599011524410278,0.05613234807910068
783,0.055989436321660924,0.05613203697229997
784,0.05598874797197531,0.0561318321547807
785,0.05598822894009278,0.05613163124712468
786,0.05598764761628796,0.05613160193094018
787,0.05598690630702523,0.05613138091057501
788,0.05598669619379804,0.056131358812438
789,0.055986529561103275,0.056131316578982494
790,0.055985780917153324,0.056130756504235414
791,0.055985191120603406,0.05613047757219952
792,0.0559847307220791,0.056130185111740755
793,0.055983956460831666,0.0561296741941801
794,0.05598386544765256,0.056129598972805776
795,0.05598365932835968,0.0561294844614942
796,0.05598323099013235,0.05612921370355797
797,0.0559826406529683,0.05612909042340672
798,0.05598190206066615,0.05612873113199761
799,0.05598175320593593,0.05612866778795785
800,0.0559810890018396,0.056128428844897216
801,0.05598058229565727,0.056128346784518425
802,0.0559802607114498,0.05612823194465549
803,0.0559794718779069,0.05612752875019142
804,0.055978961935965806,0.0561272402898509
805,0.055977924278111095,0.05612669191030119
806,0.05597780800013684,0.05612664091138611
807,0.05597773715938277,0.05612661123348578
808,0.055977359321848705,0.05612633582989272
809,0.055976810791154394,0.05612632657552907
810,0.055976280611101784,0.05612609739082998
811,0.055976110314021554,0.05612610985485127
812,0.05597556361041936,0.05612582702942002
813,0.05597477803738037,0.0561254684717215
814,0.05597410750328879,0.056125328739558764
815,0.05597346405147059,0.056125040773601656
816,0.05597291294467089,0.05612480937979245
817,0.055972224611993755,0.05612463037213604
818,0.05597140700490622,0.05612430463550816
819,0.055971279325999684,0.056124253025608445
820,0.05597028397865298,0.05612341838843429
821,0.055969723518948473,0.05612277267583825
822,0.05596909546691052,0.05612252720150801
823,0.055969042788562254,0.056122527549424976
824,0.05596823862533937,0.05612201306957908
825,0.055967717202072366,0.05612199747444276
826,0.05596693187615695,0.05612148531783918
827,0.055966451610970906,0.05612130152046624
828,0.05596559849556947,0.056121526764735793
829,0.05596448071692897,0.05612127435411426
830,0.05596391418705413,0.05612091781270844
831,0.055963445435822975,0.05612076648532198
832,0.05596321919915817,0.05612073916827839
833,0.05596225345065788,0.05611995174234147
834,0.05596178301807628,0.0561198736908388
835,0.05596129902910938,0.05611958687782487
836,0.05596058356680946,0.056119363835588305
837,0.05596005369425984,0.05611901187643056
838,0.05595903617543688,0.05611842863576321
839,0.055958492440134275,0.05611833604001679
840,0.055957952361527064,0.05611783694760821
841,0.05595706637414492,0.056117546201894596
842,0.055956487606917044,0.05611713219359264
843,0.055955898182946544,0.056117081865474365
844,0.05595493343273044,0.056116584051835394
845,0.05595440648072336,0.05611621507672568
846,0.055953700117699096,0.0561159437661641
847,0.05595285247758693,0.05611574911622834
848,0.055952739062107154,0.05611572340721127
849,0.055952068125537234,0.05611543178982894
850,0.055951398102287865,0.056115125963130445
851,0.05595087738065923,0.05611510798841326
852,0.055949879375237516,0.05611459980644271
853,0.055949210637758595,0.05611411789619936
854,0.05594802510205267,0.056113684626862455
855,0.055947249589471226,0.05611378969652003
856,0.05594651124552768,0.05611351823047195
857,0.05594555826997435,0.05611267682964701
858,0.05594511643488586,0.0561123803525636
859,0.0559448647826814,0.056112391067709357
860,0.05594425705386528,0.0561119161295255
861,0.05594363666239014,0.056111699653859405
862,0.05594360312341862,0.05611169960155292
863,0.055942846631517405,0.056111550564176854
864,0.05594250374295617,0.056111207064445674
865,0.05594154535882235,0.0561109532235054
866,0.055940852402277745,0.05611068996382005
867,0.05594036926103673,0.05611006723991444
868,0.055940100799768286,0.05611000323252391
869,0.05593960491091063,0.056109763945433384
870,0.05593893619175695,0.056109459551479425
871,0.055938912280060975,0.0561094603302704
872,0.05593831666558691,0.05610933634762948
873,0.05593820470557152,0.05610935752314782
874,0.05593794626521791,0.056109232888902225
875,0.055937616760063216,0.05610909950035017
876,0.05593724941958073,0.05610911446918333
877,0.055936798697286357,0.056108689873989474
878,0.05593620025102972,0.056108425152402906
879,0.05593525672284205,0.056108100493454806
880,0.05593471373174273,0.056107826366257184
881,0.05593449161892563,0.056107721676142225
882,0.05593364924810529,0.05610730295813606
883,0.05593344400601262,0.056107177521665476
884,0.05593302470654213,0.056107020676628434
885,0.05593205299168813,0.05610625563205247
886,0.05593140385887769,0.056106219490659914
887,0.05593090819115243,0.05610615228974116
888,0.055930654918856924,0.056106082272254804
889,0.0559300312538258,0.05610624839664588
890,0.05592948136807065,0.05610588504548718
891,0.05592886707461005,0.05610546140589107
892,0.05592820685716935,0.056104894651647995
893,0.055927975695717946,0.05610491432532687
894,0.05592748704457007,0.05610461824201969
895,0.055926608413356546,0.05610426821815879
896,0.05592602407881422,0.056104088906278805
897,0.05592592726868509,0.05610408902856638
898,0.05592518105595636,0.056103951985354575
899,0.05592460655437245,0.05610379547110724
900,0.05592372421505257,0.05610346440077318
901,0.05592331238445963,0.056103099569374495
902,0.05592309582863276,0.05610305874727692
903,0.05592249082443505,0.05610264730670691
904,0.05592167388185546,0.05610239853988149
905,0.05592121228558849,0.05610246499061544
906,0.055920210017588894,0.056101818987036096
907,0.055920181212965034,0.056101820357793555
908,0.055919466110835266,0.05610181284288863
909,0.055919197159913926,0.05610156294140911
910,0.055918377562384054,0.05610111591569486
911,0.05591787584204339,0.05610083732918465
912,0.05591663198202552,0.05610095872285489
913,0.05591650772942812,0.05610099848128801
914,0.05591576341190367,0.056100248321204145
915,0.055915442609933516,0.056100240604601365
916,0.05591486093026137,0.056099639764132486
917,0.05591473401643545,0.056099681239895643
918,0.055914306620594455,0.056099459396935246
919,0.05591361469887502,0.056098993898554085
920,0.05591324078034141,0.0560988109424693
921,0.05591256221362665,0.056098464449449166
922,0.05591168896283623,0.05609818900856682
923,0.05591113327932376,0.056098141587518344
924,0.05591051878938686,0.05609775976113931
925,0.05591044364348442,0.0560977583390963
926,0.055909923944231533,0.056097302925367555
927,0.05590896481285288,0.056096949826872654
928,0.055908513881032906,0.0560969720014002
929,0.0559081554948215,0.056096939611726106
930,0.055907477098481685,0.05609668621759229
931,0.05590718653139727,0.056096427791437045
932,0.0559068539874271,0.05609623957575081
933,0.05590621596999477,0.05609606472121105
934,0.055905551439335135,0.05609611822734345
935,0.05590490249804103,0.05609552417792047
936,0.0559044994299717,0.05609529722241002
937,0.05590438062127848,0.05609517262530173
938,0.05590382596471497,0.05609484779101336
939,0.05590362467072084,0.05609483145501627
940,0.05590298768541343,0.05609438457063938
941,0.05590277544461518,0.056094223353918324
942,0.055902038300851505,0.05609384289547438
943,0.05590131958492343,0.05609365021680201
944,0.05590071326496997,0.0560933458061683
945,0.05590031310835902,0.05609310839901908
946,0.055899669847050484,0.056092884228517284
947,0.05589884307320322,0.056092781613290205
948,0.05589771231946268,0.05609240191128068
949,0.05589708593767389,0.056092010413123505
950,0.05589674740805517,0.05609183569991321
951,0.05589654996287898,0.05609166387971952
952,0.05589634383106556,0.05609161964113314
953,0.055896129704962966,0.05609153600883674
954,0.05589567976531402,0.05609121160045749
955,0.0558951935803582,0.056091099273196644
956,0.055894956291644024,0.05609096035971675
957,0.05589429983148235,0.05609064677270898
958,0.055893594287117515,0.05609041049571966
959,0.05589345477490555,0.05609041448804841
960,0.05589296302287426,0.05609036761166488
961,0.05589211394145373,0.05609047604392323
962,0.05589146614233251,0.056090268170403565
963,0.055891070523851186,0.056089866721817594
964,0.05589087602884934,0.056089786512976726
965,0.05589084014077562,0.05608977852279025
966,0.05589029029411125,0.05608982173451384
967,0.055889434042723354,0.056089771707878565
968,0.05588904035572334,0.056089551810713664
969,0.055888044174671955,0.05608928718866132
970,0.055887211792927466,0.0560889875775718
971,0.05588667066034271,0.056088867474886485
972,0.05588599215434764,0.056088367138900044
973,0.05588579288578616,0.056088297132018856
974,0.05588542231916215,0.05608812896557545
975,0.055884845632266235,0.05608815156332775
976,0.055884162852211,0.05608768785246824
977,0.0558835785309066,0.056087494019865285
978,0.05588313804525821,0.05608726973998799
979,0.05588281625070453,0.056087179851702904
980,0.055882076160838505,0.05608629014448417
981,0.05588150264188405,0.05608608809305847
982,0.05588081669723404,0.0560856419551188
983,0.055880206259906556,0.05608532392705007
984,0.05587950920148617,0.05608479726270124
985,0.05587883279347379,0.056084725103130915
986,0.055878121630424826,0.05608449044429165
987,0.05587721184669653,0.05608419823544373
988,0.05587643468567355,0.05608389719440104
989,0.05587559395813866,0.05608383026718277
990,0.055875110255376455,0.05608335650911115
991,0.05587509678978808,0.056083367739553316
992,0.0558749313060264,0.05608337374938094
993,0.055874518923483,0.056083098030788314
994,0.0558744357467931,0.056083098715915845
995,0.05587374976399353,0.05608311981475934
996,0.05587345747247821,0.056083060153620114
997,0.05587291086548869,0.05608289037748316
998,0.055872522936515054,0.05608292874562555
999,0.05587198599379568,0.05608299946889067
1000,0.05587164448964987,0.05608274490902435
1001,0.055871057036891804,0.056082450125625675
1002,0.055870505682172535,0.056082307608495925
1003,0.05586968738249028,0.0560821222093089
1004,0.055869214622445526,0.05608194066490818
1005,0.055868932062811204,0.0560816336045293
1006,0.05586822545814795,0.056081172500926785
1007,0.05586801623671035,0.05608114829741503
1008,0.05586759735429317,0.05608103976360479
1009,0.055867192416693565,0.05608092953146207
1010,0.055866701379564336,0.056080843955487236
1011,0.055866574566783726,0.05608082769875898
1012,0.055865986126764966,0.05608051697228409
1013,0.055865467969819116,0.05608046790118463
1014,0.05586482953946404,0.05608028232095417
1015,0.05586421459901149,0.056079782767750386
1016,0.05586351616670335,0.0560797282519096
1017,0.0558629391059615,0.056079734273551146
1018,0.05586222186796168,0.056079466849000496
1019,0.05586152445699137,0.056079218218633924
1020,0.05586086612776355,0.05607903854204944
1021,0.05586065543062467,0.056078904693900394
1022,0.05586013595280008,0.05607876657844714
1023,0.05585981276146463,0.05607834816953894
1024,0.05585959538317008,0.05607818904343779
1025,0.05585900297108701,0.05607813729537361
1026,0.05585848597186836,0.05607801134218167
1027,0.05585773099424505,0.05607789078674843
1028,0.05585746690618433,0.056077682372922835
1029,0.055856869174305435,0.056077368168997735
1030,0.055856276219793076,0.05607730854145124
1031,0.05585578062005853,0.05607709686475895
1032,0.055855093926026916,0.05607714601895058
1033,0.0558545551543714,0.05607691719814479
1034,0.055854149839533025,0.056076767865538
1035,0.055853995922568525,0.05607675853995491
1036,0.05585348129451936,0.056076704372120555
1037,0.055853046588108864,0.056076552637475754
1038,0.055853004753217195,0.05607655390018452
1039,0.055852649139133285,0.056076214645076575
1040,0.055852489398632556,0.05607617959807522
1041,0.05585193757578086,0.05607586144352709
1042,0.05585123422842844,0.056075568373000734
1043,0.055850807757626256,0.056075426079643435
1044,0.05585022809446178,0.05607519851917211
1045,0.05584992396208924,0.05607524014706174
1046,0.05584966349957942,0.0560751468757937
1047,0.055849089070500305,0.05607515558596379
1048,0.055848207497387024,0.056074569818018914
1049,0.05584772074908588,0.05607449946228424
1050,0.05584735474547003,0.0560743402935213
1051,0.05584682861966941,0.05607445178118841
1052,0.05584674426973142,0.05607447755153108
1053,0.05584604619759264,0.05607395365013285
1054,0.055845324459717176,0.05607342864869535
1055,0.05584491116517411,0.0560733461555831
1056,0.055844257599464,0.05607274611836268
1057,0.05584387801307052,0.05607272550851455
1058,0.05584314665351112,0.05607261075993548
1059,0.05584265661712671,0.0560724309580314
1060,0.05584217163382579,0.05607237098985292
1061,0.05584179968605185,0.05607199299422497
1062,0.05584129222784844,0.056071742534542564
1063,0.05584120859915639,0.05607169949174601
1064,0.055840496441559265,0.05607148453893743
1065,0.05584004511342105,0.056071250361931606
1066,0.05583947995760802,0.05607079723799907
1067,0.05583894340591117,0.05607072843356059
1068,0.05583840981955616,0.05607037456476102
1069,0.05583801843262814,0.05607031232931075
1070,0.055837718077452685,0.05607018694688805
1071,0.05583705950841241,0.056070012464199744
1072,0.055836741926990556,0.05606986921338675
1073,0.055836574973792866,0.05606987334300925
1074,0.055836530410206614,0.05606987980211464
1075,0.05583582796496974,0.05606969905008578
1076,0.055835254663201446,0.056069664999099204
1077,0.055834968415790526,0.05606968484718647
1078,0.055834791208407765,0.05606970771574435
1079,0.055834649101556874,0.05606964774008644
1080,0.05583446541839225,0.056069662582016226
1081,0.05583387758645699,0.05606930515674706
1082,0.05583320956416322,0.05606866685472707
1083,0.055832654451876976,0.0560683494927671
1084,0.05583241397927411,0.056068196929130634
1085,0.05583177772980003,0.05606808378579073
1086,0.05583117519930949,0.05606799163747917
1087,0.055830937620473024,0.056067850143951686
1088,0.05583044424059761,0.05606774576969429
1089,0.055829875638022414,0.05606766361006642
1090,0.05582979538634112,0.056067660932341154
1091,0.05582927330267137,0.05606779924978537
1092,0.05582869788797983,0.05606759518652375
1093,0.0558282189391948,0.05606758069988953
1094,0.05582793703460697,0.05606768718650114
1095,0.055827533378556116,0.05606788044835219
1096,0.05582699318374567,0.05606770591333984
1097,0.05582651911866499,0.05606781673433851
1098,0.055826502270763224,0.05606781554533226
1099,0.05582648488787714,0.05606781558029472
1100,0.05582595221217436,0.05606742294625524
1101,0.05582540623651432,0.05606739717637704
1102,0.05582494820581473,0.056067312303725456
1103,0.05582457080382757,0.05606720104425364
1104,0.05582380910913811,0.056067141285933104
1105,0.05582317474201912,0.056067116407140405
1106,0.05582263500692576,0.056066874548486786
1107,0.055822209879933124,0.05606662262768225
1108,0.05582187833495046,0.05606652919163506
1109,0.055821773499454795,0.05606652107987109
1110,0.05582096276159429,0.05606639424392273
1111,0.055820474866525194,0.056066297003053496
1112,0.055820437334830726,0.05606629768543638
1113,0.055819864424629176,0.056066219853672834
1114,0.055819327740988085,0.05606594708783411
1115,0.055818812701904835,0.056065930312757715
1116,0.055818424906046604,0.05606574429253022
1117,0.05581789605489002,0.05606546139012993
1118,0.05581724979949651,0.05606547719618804
1119,0.055817218742327146,0.05606547105505306
1120,0.05581707543545333,0.05606537015656137
1121,0.05581661043455863,0.05606523275616976
1122,0.05581637187520998,0.056065188376077164
1123,0.05581625726987257,0.056065078659115815
1124,0.05581558228303127,0.05606482845504667
1125,0.05581472918330499,0.05606474476782208
1126,0.05581414835279294,0.05606459383461958
1127,0.05581345588559904,0.05606447593584997
1128,0.055812879649782876,0.05606417056618353
1129,0.055812428230705306,0.056064036853409625
1130,0.05581172677293332,0.056063684723366945
1131,0.05581112323792288,0.056063276550967926
1132,0.05581051140356932,0.056063170936099214
1133,0.05581017653462256,0.05606325603535625
1134,0.055809527734955226,0.05606305871285738
1135,0.055808841639760895,0.0560626470133667
1136,0.05580799548870388,0.056062400962531754
1137,0.05580719580361538,0.056062248462841496
1138,0.05580688023477822,0.05606222716292913
1139,0.05580615548043335,0.0560616075651544
1140,0.05580583604171092,0.05606164647669881
1141,0.05580523925364636,0.05606158379963402
1142,0.05580478916788759,0.05606118130731429
1143,0.05580444718677049,0.05606096388422423
1144,0.05580438685999489,0.05606096968483631
1145,0.05580391393914623,0.05606079717780841
1146,0.05580343189263216,0.05606054909598159
1147,0.05580263614229873,0.056060373364678034
1148,0.055802036469672245,0.05606031529568007
1149,0.05580193456143076,0.05606028113040922
1150,0.05580169404689505,0.05606031326835277
1151,0.055801322156966766,0.05606023761332048
1152,0.0558008184321546,0.05606013793099944
1153,0.055800720081275984,0.05606012074765106
1154,0.05580009293523985,0.05605995902755328
1155,0.055799651984332455,0.05605970456754331
1156,0.05579926740784411,0.05605945737755608
1157,0.055799142822483445,0.05605949126038081
1158,0.05579864725865638,0.05605946215335623
1159,0.055798306928075955,0.056059400876387215
1160,0.05579774214968901,0.05605948075799298
1161,0.055797227057079644,0.05605902866444414
1162,0.05579687965995531,0.05605885304416256
1163,0.05579620546006067,0.05605902429531421
1164,0.05579583189379434,0.05605901019539267
1165,0.05579573458447179,0.0560589887679619
1166,0.055794983886182654,0.05605875166042962
1167,0.05579426174180429,0.05605876960555958
1168,0.055794226350684505,0.05605876767772246
1169,0.05579362558826182,0.05605851478299049
1170,0.05579321690879505,0.05605859997969198
1171,0.055793095945598586,0.05605856316399914
1172,0.055792568129671746,0.05605816884866706
1173,0.05579241722822232,0.056058106693838476
1174,0.05579187827672713,0.05605816519955924
1175,0.055791433849047764,0.056058090799911996
1176,0.05579050801948095,0.05605770717279731
1177,0.05579021629250696,0.05605749773592718
1178,0.05579000991142338,0.05605750266590422
1179,0.0557891587504422,0.05605744220438723
1180,0.05578901405842865,0.0560574370061918
1181,0.05578888386353821,0.05605733267054006
1182,0.05578835703193633,0.05605724132788827
1183,0.05578785888879208,0.05605713968527918
1184,0.05578745386254046,0.05605695384060434
1185,0.05578686402415664,0.056056828851742124
1186,0.05578671266926315,0.056056835861964235
1187,0.05578664901556373,0.056056835203087234
1188,0.055786154432749854,0.05605670946576622
1189,0.05578608253829766,0.05605669945464264
1190,0.05578531486912489,0.05605654504608876
1191,0.055784852231949685,0.056056405370980895
1192,0.05578443387352165,0.056056170710525204
1193,0.05578418942136111,0.05605616142042475
1194,0.055783864134905874,0.05605617428665619
1195,0.0557835877626552,0.0560561141666711
1196,0.05578253343395506,0.05605560790354979
1197,0.055782452749293984,0.056055612216675044
1198,0.0557819504041757,0.05605530711834076
1199,0.055781519918940044,0.0560552690844431
1200,0.055781227633572884,0.05605504184073154
1201,0.055780971708510194,0.0560549461649685
1202,0.055780722976487264,0.056054922227907575
1203,0.05578033608932377,0.05605489645164498
1204,0.05577953143924931,0.05605489453753893
1205,0.05577920664005704,0.05605480070112
1206,0.05577853639480884,0.05605429622914533
1207,0.05577798718299755,0.05605435447588691
1208,0.05577792984505288,0.05605436212620999
1209,0.05577786050856243,0.05605431730654782
1210,0.05577763285216172,0.056054193493609274
1211,0.05577723829743796,0.056054013243007156
1212,0.05577690079022446,0.056053789000247815
1213,0.055776502835078,0.05605353514332658
1214,0.05577573775265526,0.05605348990891734
1215,0.055774980050664405,0.056053297737227295
1216,0.055774736274635896,0.0560532210327397
1217,0.05577467579608135,0.056053228266608746
1218,0.055774223582805746,0.05605318790681275
1219,0.0557737960126041,0.05605320752694056
1220,0.055773709099018735,0.056053212625804996
1221,0.05577349766509771,0.05605313659697163
1222,0.05577288826279299,0.05605287856068384
1223,0.055772376021599276,0.056052784586562515
1224,0.05577229527994759,0.05605278395571349
1225,0.05577161181155641,0.05605250752778402
1226,0.055771608537612524,0.05605250756302162
1227,0.055771018413536357,0.05605254099245891
1228,0.05577038410713802,0.05605254614140963
1229,0.055770132211284566,0.05605228906400932
1230,0.05576965857411184,0.056052110613010624
1231,0.05576908073337847,0.05605165319365115
1232,0.055768744459349075,0.05605165507668833
1233,0.05576826558119132,0.056051591944019916
1234,0.05576785611824262,0.0560515665456781
1235,0.0557670986235829,0.05605148754799942
1236,0.05576655839424596,0.056051302905613505
1237,0.055766006216641906,0.05605104887347714
1238,0.05576550466047894,0.056050627605252
1239,0.05576528136012644,0.05605060835643068
1240,0.05576479787658987,0.05605046732548493
1241,0.05576399630602157,0.056050459938194144
1242,0.05576355058161378,0.056050284661452295
1243,0.055763311031280176,0.05605023434618797
1244,0.05576305872596216,0.056050061533554386
1245,0.05576302036174503,0.05605006570591067
1246,0.05576259336664904,0.05604977366016353
1247,0.05576248615631069,0.05604977981173315
1248,0.055762401501925477,0.05604977443761594
1249,0.055761923792240146,0.056049482839764124
1250,0.05576165311179059,0.05604943670688517
1251,0.0557610109503939,0.056049336124795686
1252,0.055760184279775325,0.05604927253343391
1253,0.05575931783724445,0.05604898696679902
1254,0.05575889289663565,0.05604885348328481
1255,0.055758405028002465,0.0560487809530034
1256,0.055757816535123766,0.05604877972689735
1257,0.055757677002073854,0.05604882233883372
1258,0.055757212788734044,0.05604888889383979
1259,0.055757123673596046,0.056048922007226824
1260,0.05575649273601395,0.0560488531365108
1261,0.05575605740673292,0.056048855560761356
1262,0.05575529656125767,0.056048694158508536
1263,0.055754624582952717,0.05604864865044419
1264,0.055753713754376925,0.05604827811321705
1265,0.05575313403764655,0.05604788534965233
1266,0.05575278221773447,0.0560478528886533
1267,0.05575242969143606,0.056047541926993245
1268,0.055752313632919284,0.056047537053174265
1269,0.055751995962973526,0.056047654375828336
1270,0.055751858716722384,0.056047654053769824
1271,0.05575129415576046,0.05604755055277508
1272,0.055751002911771874,0.05604743129984777
1273,0.055750650057348,0.05604728867475647
1274,0.05574995035305112,0.05604672054842166
1275,0.05574961615701153,0.056046613493530476
1276,0.05574917888536019,0.05604637593108235
1277,0.0557484487577386,0.0560461847442517
1278,0.05574826853668673,0.056046077565643546
1279,0.05574788183865898,0.056045968999272444
1280,0.05574772918504527,0.05604600568289644
1281,0.055747160271033734,0.05604585125627155
1282,0.05574668400311881,0.05604581669141914
1283,0.055746531200561625,0.05604578303218841
1284,0.0557461902721432,0.05604561893564242
1285,0.05574608008553558,0.056045579113062266
1286,0.05574587724427884,0.05604562495198444
1287,0.05574522278888542,0.05604559053619327
1288,0.0557443533823828,0.05604530225334921
1289,0.05574374353767012,0.05604513067697291
1290,0.05574360686267045,0.056045131091669254
1291,0.05574322221773646,0.05604482693033674
1292,0.05574279627975828,0.05604465336184396
1293,0.055742494190528874,0.05604479704305004
1294,0.055742007918430786,0.05604461824719778
1295,0.05574122679099008,0.05604436647965836
1296,0.05574066949575411,0.056044272333037756
1297,0.05574064263992519,0.056044272530101996
1298,0.05574050290526504,0.0560442178583801
1299,0.055740033881208156,0.05604431554613668
1300,0.05573986457591889,0.05604426914682396
1301,0.05573910759931716,0.056044132805913104
1302,0.05573867974563804,0.05604393630753166
1303,0.055738211161195164,0.056043781322583745
1304,0.055738061343439685,0.056043777545481
1305,0.05573751987274311,0.05604328238859064
1306,0.05573726104446279,0.05604321576330263
1307,0.055737167387217464,0.05604321738718239
1308,0.0557366140655937,0.056043060095361225
1309,0.05573614642322813,0.05604317881408731
1310,0.05573611146477148,0.0560431788361541
1311,0.05573570536417613,0.05604292540539448
1312,0.05573508610420258,0.05604283386539846
1313,0.05573468489356134,0.05604266493505601
1314,0.05573466109071868,0.05604266338462477
1315,0.055734166347026944,0.05604252565899098
1316,0.05573411278101424,0.05604251792752066
1317,0.05573369898289939,0.05604238209763873
1318,0.055733034787940824,0.056042204196062324
1319,0.055732597915572585,0.05604206902091269
1320,0.055731895613417314,0.05604190045623111
1321,0.05573133126201261,0.056041694743036385
1322,0.055730853570082284,0.05604177759833649
1323,0.05573031789776525,0.05604175014166015
1324,0.05572997147812053,0.05604166333710214
1325,0.05572992142542598,0.05604164508875176
1326,0.05572943922966469,0.05604136532776655
1327,0.0557292244187082,0.05604135756554224
1328,0.05572919380492906,0.05604135988596511
1329,0.05572912583086649,0.056041334738176615
1330,0.05572867893018691,0.05604128566170179
1331,0.05572804771600897,0.056040622346046384
1332,0.05572787362558117,0.05604051226497003
1333,0.05572754299391681,0.05604059398200004
1334,0.05572712102292324,0.05604034817093212
1335,0.05572700583811107,0.05604028370901783
1336,0.05572660641022484,0.05604022843446974
1337,0.055726323384749775,0.056040257311858084
1338,0.05572575568826997,0.05604018672426429
1339,0.05572566047547825,0.05604016693582049
1340,0.05572545612081063,0.056040128401613876
1341,0.055725188013892056,0.05604001729645596
1342,0.05572491847474703,0.05603990633417002
1343,0.05572485564639319,0.05603986290767602
1344,0.05572471563287232,0.05603986828031329
1345,0.05572435114393347,0.05603981269685159
1346,0.05572411074027058,0.056039814873941295
1347,0.055723994155697884,0.05603972663141545
1348,0.0557235816933503,0.056039624078095956
1349,0.05572341889808062,0.05603955203511819
1350,0.05572323387710981,0.0560395549774926
1351,0.05572289319517057,0.056039240753772875
1352,0.05572257198747811,0.056039221307357646
1353,0.055722135798909514,0.05603898361411449
1354,0.05572180449184254,0.05603913491665839
1355,0.055721171660722865,0.05603887402717074
1356,0.05572106419266347,0.05603879461354165
1357,0.05572058652461774,0.05603860129985735
1358,0.055720175313182525,0.05603845460898147
1359,0.055719791399086255,0.05603835552834501
1360,0.05571916164112235,0.056038103769454506
1361,0.05571847291439913,0.05603796866057618
1362,0.055718119548248436,0.05603799299564349
1363,0.05571758346694228,0.05603786003958459
1364,0.05571736216123629,0.05603796927530185
1365,0.055717292078838854,0.056037972760140387
1366,0.05571676773880026,0.05603791263896103
1367,0.05571669549535776,0.0560379013826868
1368,0.05571640970960213,0.0560377832035015
1369,0.05571636791509481,0.05603780645454892
1370,0.055716242590202185,0.05603780160736174
1371,0.055715753573915686,0.05603745594507352
1372,0.05571538249886636,0.0560373601870329
1373,0.05571520761162202,0.05603736644057179
1374,0.055714888247223295,0.05603715499976875
1375,0.05571452215425262,0.056036968532297164
1376,0.05571412031218555,0.05603668017889738
1377,0.055714019774755236,0.05603673592310683
1378,0.05571365946969219,0.056036612540000294
1379,0.05571363577448365,0.0560366413217258
1380,0.05571310523983319,0.0560364524203559
1381,0.05571248195738854,0.05603598243423451
1382,0.05571212798702247,0.056035897563114064
1383,0.05571186895990698,0.05603588312744448
1384,0.05571161660826054,0.056035746326057456
1385,0.05571125996653396,0.05603578026060518
1386,0.05571082903184053,0.056035674530624024
1387,0.05571081229459698,0.056035674251150046
1388,0.05571075683519207,0.056035650397240275
1389,0.055710583972361546,0.05603555506719511
1390,0.055710279253525806,0.05603546279689854
1391,0.05571016540944235,0.05603540881458055
1392,0.05570986080242026,0.05603532751675321
1393,0.0557095201855715,0.0560353463877579
1394,0.05570915653423575,0.056035378415693615
1395,0.055708702058204676,0.056035253612424854
1396,0.05570834643085574,0.0560352075033489
1397,0.05570829775394949,0.05603516398319883
1398,0.055708067957208646,0.056034965573816486
1399,0.0557075814977857,0.056034936857638995
1400,0.05570740427237486,0.05603487567023674
1401,0.055707211439533985,0.05603473812197265
1402,0.05570686503094058,0.05603454721979942
1403,0.05570632096965693,0.05603447837901029
1404,0.055705810603115025,0.05603453726781451
1405,0.05570580147354772,0.05603453724035006
1406,0.055705315350519514,0.056034571320557086
1407,0.05570515643485384,0.05603451822696703
1408,0.05570458016127238,0.056034125699975325
1409,0.05570422136975535,0.056034080891110845
1410,0.05570420259249968,0.05603408117931478
1411,0.055703832253396486,0.056034109027462836
1412,0.055703567572645385,0.05603408464370737
1413,0.05570296029410201,0.05603379526029236
1414,0.05570288100453023,0.05603377648864382
1415,0.05570230955181166,0.056033703615329854
1416,0.05570224413179898,0.05603371524732663
1417,0.055701621858584745,0.05603366496931931
1418,0.05570136473853548,0.05603359883639685
1419,0.0557013299286601,0.05603360179555665
1420,0.055700740426966405,0.05603362920779151
1421,0.05570040677661028,0.05603378817171656
1422,0.05569941302999682,0.05603345537650779
1423,0.05569914235680752,0.056033528721097625
1424,0.05569899948023883,0.05603339651327498
1425,0.05569859301983705,0.05603319210026396
1426,0.05569821931895755,0.056033021676499706
1427,0.055697731082595,0.05603277964627442
1428,0.05569744840522068,0.056032756474382335
1429,0.05569739197456114,0.05603275639621804
1430,0.05569720366417265,0.05603262097930736
1431,0.05569692316739471,0.05603259388840993
1432,0.05569644960864236,0.05603242607121186
1433,0.05569588738327485,0.056032079892408486
1434,0.05569536288599689,0.056032239951676104
1435,0.05569529572931117,0.05603220764465864
1436,0.05569471117189084,0.056032191480227304
1437,0.05569450851985233,0.056032227416482214
1438,0.05569413860330135,0.05603219053176839
1439,0.0556936716842302,0.05603215221887849
1440,0.05569365812412959,0.056032152052424546
1441,0.05569353989017223,0.056032157655265216
1442,0.055693197610431504,0.05603186466552298
1443,0.055692492718890645,0.05603161915189822
1444,0.055692243992124885,0.05603148198968551
1445,0.05569206462883606,0.05603145909967177
1446,0.0556917042225588,0.056031579122430133
1447,0.05569133196913613,0.05603153365439145
1448,0.05569108065087967,0.05603141653114771
1449,0.055690781269339115,0.056031453682130854
1450,0.055690202897340654,0.0560313956945554
1451,0.055689981904282974,0.05603130367618794
1452,0.05568918144563692,0.0560310074666583
1453,0.05568908348487988,0.056031075490272274
1454,0.055688993514771384,0.056030973244029884
1455,0.05568879283058344,0.05603095431197846
1456,0.055688400515624674,0.056030849617120355
1457,0.055688287634864525,0.05603082221731087
1458,0.05568784064107355,0.05603055447460081
1459,0.05568774302601102,0.056030551234945145
1460,0.05568730238419319,0.0560307342538698
1461,0.05568660844988601,0.056030643528637646
1462,0.05568630990248355,0.056030667945267815
1463,0.05568555757676749,0.05603029578861243
1464,0.05568517742098935,0.056030231940504514
1465,0.055684859498233645,0.05602993043619415
1466,0.055684724936701395,0.056029922005529795
1467,0.055684614632556466,0.05602992550702806
1468,0.05568434499633334,0.056029917322771974
1469,0.055684241377825655,0.05602987150314976
1470,0.05568372792618511,0.056029659308884164
1471,0.05568340356669676,0.0560294325036154
1472,0.055682754873625964,0.056029387319118565
1473,0.05568220911218508,0.056029153618817884
1474,0.05568180481228838,0.05602911927640612
1475,0.05568147072361149,0.056028974285306586
1476,0.05568067956330663,0.05602885189306415
1477,0.05568004479037603,0.05602881754425776
1478,0.05567962781055941,0.05602881895849239
1479,0.05567931594817313,0.05602887524577703
1480,0.0556788523372009,0.056028871052234835
1481,0.055678651745823225,0.056028837533695586
1482,0.05567817069269541,0.05602854756810687
1483,0.05567813213000912,0.056028539203291504
1484,0.05567813068870594,0.05602854115771886
1485,0.0556775288839575,0.05602840521402548
1486,0.05567714458724549,0.05602840375428271
1487,0.05567663429097561,0.05602841170900164
1488,0.05567547323867802,0.0560275747131367
1489,0.05567508855479209,0.05602767326478541
1490,0.055674600055744955,0.05602771216470073
1491,0.05567415845254804,0.056027547286655106
1492,0.05567387717691657,0.05602740922987354
1493,0.055673613937310316,0.05602728421155268
1494,0.05567294027490755,0.05602695708818695
1495,0.055672251972580446,0.05602696880620595
1496,0.05567207560580649,0.05602694122196249
1497,0.05567168042450178,0.0560266347882273
1498,0.055671607035751226,0.05602656434377038
1499,0.0556715603508508,0.056026573563631485
1500,0.055671022294973206,0.05602645352268755
1501,0.05567057023664942,0.05602639408230387
1502,0.055670318438394484,0.056026227601732814
1503,0.05567019693656759,0.05602613730989199
1504,0.0556701127546753,0.05602614586364898
1505,0.055669659257819894,0.05602571465214679
1506,0.05566895248589075,0.056025695510433036
1507,0.055668535460619895,0.056025622106704066
1508,0.05566814596358171,0.05602561364112378
1509,0.0556677943458181,0.056025607668066725
1510,0.055667684237044546,0.05602555413016964
1511,0.05566752754292293,0.05602552247284009
1512,0.05566718860198096,0.05602551894336751
1513,0.05566671171858129,0.056025501354245645
1514,0.05566644525735266,0.0560254883855178
1515,0.05566630299882203,0.05602547170690745
1516,0.055666136042296414,0.05602544583891284
1517,0.05566609907784797,0.05602541959557424
1518,0.055665366182616326,0.056025114489441544
1519,0.05566527038075294,0.056025107570987415
1520,0.055664872793874894,0.056024816255157886
1521,0.0556646836484388,0.05602479893960643
1522,0.055664252323757865,0.05602474249292568
1523,0.05566377392283401,0.056024736894053656
1524,0.05566343074318151,0.05602455002246314
1525,0.0556626061848065,0.05602455068242729
1526,0.05566217416880596,0.056024360643637014
1527,0.055661852077886195,0.05602437545251626
1528,0.05566143149470591,0.05602426320440806
1529,0.05566104653998829,0.05602409794832759
1530,0.05566076064495862,0.05602413594144354
1531,0.055660580073149654,0.05602415326033503
1532,0.055660066647503045,0.05602399091314652
1533,0.05565967192681589,0.05602391534451329
1534,0.05565945580978016,0.056023847045129145
1535,0.05565879615848522,0.056023831836268516
1536,0.055658095561827846,0.05602341269902483
1537,0.055658054040752525,0.05602341117895363
1538,0.05565780796950919,0.056023442576678385
1539,0.0556573358193897,0.05602348852073482
1540,0.05565641763712484,0.056022693428718136
1541,0.05565591510257278,0.05602242765536535
1542,0.05565563276100903,0.05602240263313326
1543,0.05565549430139209,0.0560223547012662
1544,0.055654577211973005,0.05602216540753262
1545,0.055654243313512694,0.05602210313381197
1546,0.05565373702137047,0.056022297151783695
1547,0.055653380640984365,0.05602229886807448
1548,0.05565319653910205,0.056022288904827765
1549,0.055652884474612224,0.0560222345451183
1550,0.05565235023484669,0.05602232677921207
1551,0.05565223490157994,0.05602226128649431
1552,0.05565178409497248,0.05602196478720196
1553,0.05565169888932511,0.05602192844547493
1554,0.05565147273045752,0.05602192812008847
1555,0.05565095602176381,0.05602200913110064
1556,0.05565030819052224,0.05602180699506667
1557,0.055650232938669886,0.056021807303253464
1558,0.05565017068268059,0.0560218160819773
1559,0.055649782065446296,0.056021917817980965
1560,0.0556490589241322,0.056021872450980906
1561,0.05564861115398832,0.05602187906375913
1562,0.055648154979800184,0.05602159046898752
1563,0.05564733578032057,0.05602143506070631
1564,0.05564696750582807,0.0560212776880842
1565,0.055646541090310774,0.056021027178579666
1566,0.055646446427920715,0.056020988298663005
1567,0.05564621929955023,0.056020900348286155
1568,0.055645726627492426,0.05602087315352066
1569,0.0556452017427002,0.056020913992725324
1570,0.05564463608259666,0.05602051795213329
1571,0.0556439411256771,0.056020517023976896
1572,0.05564379952350013,0.05602045953117263
1573,0.05564336313046729,0.05602035745992587
1574,0.055642949136826395,0.05602025069413685
1575,0.05564274443654756,0.05602025959726717
1576,0.05564202972075964,0.05601994507239556
1577,0.055641419414395626,0.05601998170084095
1578,0.05564095209464406,0.05602006307092326
1579,0.05564076466096048,0.056020071552032154
1580,0.055640370294091544,0.05602005429307369
1581,0.055639845725452566,0.05602000170239563
1582,0.05563958459988228,0.0560199351045131
1583,0.05563926854974487,0.056020013276389544
1584,0.05563882476417134,0.056019965560120254
1585,0.055638454135008425,0.05601986018760196
1586,0.05563837735103777,0.0560198438798604
1587,0.055637903141589506,0.056019760638832815
1588,0.055637503006184155,0.05601960642724611
1589,0.05563707457157162,0.056019425716869235
1590,0.0556366337277265,0.05601947090507967
1591,0.05563606349729045,0.056019567501553846
1592,0.05563543632022941,0.0560196178781209
1593,0.055635032018132496,0.05601940866393678
1594,0.05563450802004477,0.05601932003908193
1595,0.055634148419458435,0.05601916633833659
1596,0.05563381475085809,0.056019044024177685
1597,0.05563352726982951,0.05601906705645385
1598,0.055633241133701106,0.05601899818075426
1599,0.0556327106311562,0.056019003679839044
1600,0.05563237414312058,0.056018900843180675
1601,0.05563208928800768,0.05601880101679587
1602,0.05563168105648578,0.05601858493343222
1603,0.05563121852703277,0.056018600583525285
1604,0.05563084384196931,0.056018534084065125
1605,0.05563052192374101,0.05601853060788197
1606,0.05562983796296759,0.056018259768550634
1607,0.05562957979089508,0.05601822379347389
1608,0.05562919136178074,0.056018271947130056
1609,0.05562860959964132,0.05601791027296484
1610,0.055628454826197625,0.05601789641335385
1611,0.05562811460949265,0.05601757243858764
1612,0.0556279094541911,0.05601750600095612
1613,0.055627211273766214,0.056017222065567564
1614,0.055626836172471154,0.05601714402842765
1615,0.05562619018629979,0.056017033810284375
1616,0.05562601822956084,0.05601702568614567
1617,0.055625586993326426,0.05601700461402858
1618,0.05562510371290235,0.05601696487410875
1619,0.05562446126998423,0.05601698194155197
1620,0.055624059771633115,0.05601670738948535
1621,0.05562379314241606,0.05601667922763799
1622,0.055623357104010826,0.0560166113674668
1623,0.05562300150672616,0.05601664382721248
1624,0.05562261448540963,0.05601661753898117
1625,0.055622190521838144,0.05601645487186948
1626,0.055621966875523315,0.05601639818058613
1627,0.05562188899682098,0.05601638845496998
1628,0.05562183226854917,0.056016345126047806
1629,0.055621485014358,0.05601620428652978
1630,0.055621107936951034,0.05601604152952741
1631,0.05562061112920105,0.05601617415225363
1632,0.055620608895658924,0.056016177685579656
1633,0.055620122777739534,0.0560160720403011
1634,0.05561962376493854,0.05601605736324365
1635,0.055619453851615146,0.056015928937706565
1636,0.05561880429606683,0.056015805941392376
1637,0.055618511309404615,0.056015776487746326
1638,0.055618186126615086,0.056015927015375166
1639,0.05561773098925455,0.056015659929380575
1640,0.055617648259059516,0.05601560006099709
1641,0.055617152370017554,0.0560155501411455
1642,0.05561683182223368,0.056015478994658946
1643,0.055616362532919815,0.05601544563384076
1644,0.05561625603831975,0.05601539193190371
1645,0.055616224048425,0.056015393957112324
1646,0.055615904316725986,0.05601523808563228
1647,0.055615456079646526,0.05601517114317468
1648,0.055615136034811365,0.05601511231129797
1649,0.05561475562113148,0.056014992291862194
1650,0.05561442656897087,0.05601479585646618
1651,0.05561407238983488,0.05601474100322977
1652,0.05561378235785786,0.05601464135584688
1653,0.05561368771112303,0.05601465382019673
1654,0.05561361105042552,0.05601466746208195
1655,0.05561324605256421,0.05601466076871428
1656,0.055612853530922476,0.056014555061434365
1657,0.05561209249195532,0.05601451415599465
1658,0.05561195133899819,0.05601446890243948
1659,0.055611738157123405,0.05601437868222921
1660,0.05561168329921473,0.05601437861279475
1661,0.05561129064852725,0.056014334930563035
1662,0.0556107818317825,0.05601423715890348
1663,0.05561070395376685,0.05601424602092093
1664,0.05561013299467924,0.05601447503095599
1665,0.0556092717610524,0.056014610183413444
1666,0.055609014934850695,0.05601463054758739
1667,0.055608866192646586,0.056014596417841685
1668,0.0556086128391793,0.05601456849821417
1669,0.05560824754975284,0.0560146523051217
1670,0.05560795659010905,0.05601464457310216
1671,0.05560782034336997,0.05601464148962308
1672,0.05560726329959093,0.05601461335099663
1673,0.055607201165283796,0.056014637446474266
1674,0.05560622590590374,0.05601430727134884
1675,0.05560589355767164,0.05601403783447243
1676,0.05560583907422024,0.05601403775261584
1677,0.05560543283892,0.05601402599676064
1678,0.055604549172733456,0.05601367285212533
1679,0.05560431146330543,0.05601364408005754
1680,0.05560397122470467,0.05601357254853078
1681,0.0556039353073918,0.056013570859433405
1682,0.05560376887108264,0.056013400823161336
1683,0.055603224940951025,0.05601340188512484
1684,0.055602822198590064,0.05601312574407714
1685,0.05560233300625177,0.056013264726197304
1686,0.05560219362060253,0.05601327616204764
1687,0.05560209461346698,0.05601333204117392
1688,0.05560204951528168,0.056013292184147245
1689,0.05560177015599204,0.05601319552669838
1690,0.05560176333128039,0.05601319553888827
1691,0.05560174965769925,0.056013188024367874
1692,0.05560161748342818,0.056013180827272156
1693,0.05560145547758268,0.05601309312382634
1694,0.05560076196207447,0.056012850707011674
1695,0.05560057956536803,0.05601274885682909
1696,0.05560001594836349,0.05601264801659779
1697,0.05559995746193692,0.056012642285664306
1698,0.05559936490754893,0.056012641289128626
1699,0.05559879995528452,0.056012660434129405
1700,0.05559852739460748,0.056012643986680634
1701,0.055598253066031056,0.05601259138259047
1702,0.055597863071048415,0.056012595114393285
1703,0.05559747042261646,0.056012615791400336
1704,0.05559695186161138,0.05601241396503148
1705,0.055596535716769716,0.05601221885726586
1706,0.05559630717527594,0.056012126727722655
1707,0.05559602086089121,0.05601204091374431
1708,0.055595305758698484,0.056012134761257826
1709,0.055595111196327575,0.05601201234083782
1710,0.05559486729739642,0.056011953756627195
1711,0.0555945319467639,0.056011794446714586
1712,0.05559419753522595,0.056011767272155254
1713,0.05559398572847261,0.056011678020151875
1714,0.055593693039492985,0.0560116824274286
1715,0.05559336867504337,0.05601171473140897
1716,0.05559306346009891,0.05601170089094636
1717,0.05559250385488698,0.056011542152074545
1718,0.055592094759677795,0.05601162147180168
1719,0.05559195952049992,0.05601162044864013
1720,0.055591617926864276,0.05601173181081339
1721,0.05559154263590024,0.05601170609458757
1722,0.05559094116782052,0.05601178115298351
1723,0.055590442121444004,0.05601171538239749
1724,0.055590184655847065,0.05601169696380389
1725,0.05558990942260604,0.05601166601188739
1726,0.05558955366723053,0.056011385362394014
1727,0.05558930778855848,0.056011130218321506
1728,0.05558929835253431,0.05601113490887957
1729,0.055589022621146726,0.0560111422263178
1730,0.05558850771816766,0.05601110525886801
1731,0.055588181111005726,0.05601109769006617
1732,0.05558779716688243,0.05601098945945292
1733,0.055587512751783856,0.05601098540540791
1734,0.05558744870323335,0.05601099738398074
1735,0.055587232237666165,0.05601074946975533
1736,0.05558690183754686,0.05601073665841732
1737,0.055586835146715925,0.05601073028791648
1738,0.05558640876851126,0.05601080069937877
1739,0.055586308262687116,0.05601077722942363
1740,0.055586094227139095,0.056010710827570614
1741,0.055586013371937054,0.05601077187613158
1742,0.05558548212734283,0.05601073641732703
1743,0.055585448835414886,0.05601073538780406
1744,0.05558495979810695,0.056010684756427016
1745,0.05558452212209063,0.0560106077562605
1746,0.05558405963630484,0.056010605843311426
1747,0.05558367759546067,0.05601056958536793
1748,0.05558283668127154,0.05601050702952364
1749,0.055582601117159194,0.0560104615732211
1750,0.055582514784732966,0.05601046449520849
1751,0.05558211544752404,0.056010400106905486
1752,0.05558164783728405,0.05601024604360723
1753,0.05558149819150459,0.0560101985154423
1754,0.05558129419552203,0.05601020554589095
1755,0.05558092336552515,0.05600997540188296
1756,0.05558046584027357,0.056010013728375864
1757,0.05557984584662524,0.056009883577689046
1758,0.05557965672020895,0.056009846637413756
1759,0.05557919504296229,0.05600973869318297
1760,0.055579131484059824,0.05600970931236644
1761,0.05557875634931873,0.05600965816611445
1762,0.055578651409557596,0.05600959867797037
1763,0.05557853761208539,0.056009628176687844
1764,0.055578454505227186,0.05600960654223961
1765,0.055578341910745316,0.05600960980943478
1766,0.05557807313727272,0.05600945579240409
1767,0.05557774177942845,0.05600943535031864
1768,0.05557731521941214,0.05600936700455344
1769,0.05557723837048192,0.05600936644995466
1770,0.055576583604257164,0.056009105653146776
1771,0.05557605458669341,0.05600907693652941
1772,0.055575849575867024,0.056009139038699605
1773,0.05557584046382908,0.056009140343944136
1774,0.055575751679952365,0.05600914081926417
1775,0.05557532648367578,0.05600895690887583
1776,0.05557486698873805,0.05600891897274393
1777,0.05557480355435929,0.05600893723841641
1778,0.05557477399854024,0.05600893715958678
1779,0.05557444823211609,0.056008947353080964
1780,0.05557407051394101,0.056008802205318085
1781,0.055573706384443505,0.05600884054432864
1782,0.05557343964132901,0.05600882872505234
1783,0.055573098540773344,0.0560086995422007
1784,0.05557289863755054,0.05600873558219256
1785,0.05557257819355497,0.05600878402490292
1786,0.05557239886692934,0.05600861312416988
1787,0.05557207762472424,0.056008612669140326
1788,0.055571886740005245,0.056008598074870665
1789,0.05557146511573048,0.05600860860261405
1790,0.05557111124832221,0.05600838934294611
1791,0.05557101740440649,0.05600839525223289
1792,0.05557063464232604,0.05600817550355362
1793,0.055570215581703566,0.0560083389437044
1794,0.05557007709061291,0.05600831972062747
1795,0.055569852806409345,0.0560083008511555
1796,0.0555693846037828,0.05600828978515162
1797,0.05556923312207102,0.05600819284693639
1798,0.05556859491807695,0.05600809119388631
1799,0.055567822949701445,0.05600795768647453
1800,0.055567309397604035,0.05600793175818042
1801,0.05556721377304115,0.05600795262307607
1802,0.055567017014547804,0.05600804867114157
1803,0.055566580590201614,0.056008193903381395
1804,0.05556655714351256,0.056008191975500714
1805,0.05556637235385858,0.05600804598912385
1806,0.05556607483328997,0.05600804419296848
1807,0.055565893052452006,0.056007934467737365
1808,0.05556553160753554,0.05600794566190078
1809,0.055565392168404205,0.056007930536164006
1810,0.0555648667315894,0.056007837078465954
1811,0.055564349570157046,0.056007682676004554
1812,0.05556420753146672,0.05600760296958495
1813,0.05556380412055178,0.05600768725643553
1814,0.05556318395081096,0.056007209807390046
1815,0.05556307048199786,0.056007125228450194
1816,0.05556274030644705,0.05600699122483359
1817,0.055562474445088654,0.056007045025295375
1818,0.055561989424985934,0.05600701134952147
1819,0.055561808037448694,0.0560069424479322
1820,0.05556155453168827,0.056006969783379636
1821,0.05556151854713104,0.05600697712037119
1822,0.05556094209886788,0.05600686533263217
1823,0.05556034099856324,0.05600689605966566
1824,0.05556018037877046,0.05600691933963356
1825,0.05555984663139719,0.05600689883061491
1826,0.055559556766128296,0.056006841670000224
1827,0.055559437051375025,0.05600677942845048
1828,0.05555896150565842,0.05600659645359421
1829,0.055558381642129964,0.056006583702156616
1830,0.055557713342171945,0.056006666519023154
1831,0.055557463132402014,0.05600653625734711
1832,0.055557371549737035,0.05600650269121042
1833,0.05555718645556507,0.0560064267278277
1834,0.055556873103086615,0.056006176421050324
1835,0.05555639787479172,0.05600626623977745
1836,0.05555633800061032,0.05600621065687968
1837,0.055555957209874635,0.05600616260753059
1838,0.055555815175814226,0.05600613636644071
1839,0.055555212694715674,0.05600597930962721
1840,0.055554748844928024,0.05600576057408402
1841,0.05555432451466511,0.05600571774730009
1842,0.055554061912769195,0.05600565855484758
1843,0.05555377660174981,0.05600539654881407
1844,0.05555301640082149,0.05600517023147756
1845,0.055552852042247906,0.056005149482078645
1846,0.05555233687452809,0.05600513084497559
1847,0.055552122887611015,0.056005061012343545
1848,0.05555178211226216,0.05600500065393096
1849,0.05555101352029358,0.05600492556111347
1850,0.055550508963888974,0.0560048941606768
1851,0.055550471791654024,0.05600488935274348
1852,0.055550167152476626,0.05600487356372473
1853,0.055549584585756366,0.05600492134035945
1854,0.055549516376479056,0.056004933316188145
1855,0.0555493518395675,0.05600478308344641
1856,0.05554928824497637,0.056004740950646684
1857,0.05554883295309292,0.05600472437231136
1858,0.05554850086932307,0.05600467705893155
1859,0.05554823540493512,0.05600472093756106
1860,0.055548105669128184,0.056004676666736475
1861,0.05554802751378697,0.0560047200780429
1862,0.05554763641635202,0.05600452534241283
1863,0.05554717255055266,0.05600460406573704
1864,0.055546476960262915,0.05600465776567056
1865,0.05554618903516615,0.05600469605187959
1866,0.055545767295700994,0.056004719812496266
1867,0.0555455323892585,0.05600473550880103
1868,0.055545169013258205,0.056004727707530504
1869,0.05554501632284501,0.05600467192085301
1870,0.05554484296992559,0.05600471392227688
1871,0.055544482466569275,0.05600463030479647
1872,0.05554404283820752,0.05600459717810595
1873,0.055543781803910015,0.0560046797235591
1874,0.05554345602948713,0.056004739223692104
1875,0.05554287254036325,0.05600469943598777
1876,0.0555423289603215,0.05600474450987759
1877,0.05554200533379788,0.05600475807178856
1878,0.0555419790268062,0.05600476644178167
1879,0.055541712144934814,0.05600492438926658
1880,0.055541614280026366,0.05600497376762564
1881,0.05554102764043683,0.05600492026439856
1882,0.055540492660208815,0.05600466708563578
1883,0.055540029075944866,0.05600457032926359
1884,0.055538957287068494,0.05600395920561455
1885,0.05553839068297105,0.056004139742314094
1886,0.05553784886801669,0.05600421024251104
1887,0.055537682325659206,0.05600414820050798
1888,0.05553745098273944,0.05600409184981564
1889,0.05553657962189227,0.05600361408281811
1890,0.05553625464755178,0.05600363181504128
1891,0.05553572159911604,0.05600359898698515
1892,0.05553527772768282,0.05600331088143908
1893,0.055535009164258055,0.05600324672414312
1894,0.055534925530465816,0.05600329084326745
1895,0.05553472076613298,0.05600326750161177
1896,0.0555341188714076,0.05600328158211297
1897,0.05553399586601992,0.05600322203237282
1898,0.055533696494076794,0.05600316588490329
1899,0.05553333742293865,0.05600323295988262
1900,0.055533183609959194,0.056003245712807924
1901,0.05553250722290061,0.056003217690078315
1902,0.05553190502874602,0.0560030902839659
1903,0.055531311930907504,0.05600294687912198
1904,0.05553072094049315,0.05600299851649223
1905,0.055530471042033916,0.05600299421279323
1906,0.055530126672511955,0.05600306626725389
1907,0.05552964597317565,0.05600301625042923
1908,0.05552913248591675,0.05600302210168062
1909,0.05552899719722568,0.05600301816521752
1910,0.055528640011341474,0.05600302260518357
1911,0.05552818846133518,0.056003059383821364
1912,0.05552774076839246,0.05600304852373084
1913,0.05552732449085722,0.056003252495876274
1914,0.05552709832994481,0.05600322993475053
1915,0.05552697720830275,0.05600326108080471
1916,0.05552692259848579,0.05600327260500745
1917,0.05552647319011671,0.05600330497956073
1918,0.05552565630865438,0.05600333484250236
1919,0.05552496713385345,0.05600336870598728
1920,0.05552468379816392,0.05600335330307602
1921,0.055524307931986726,0.05600321634770547
1922,0.055523504243209516,0.056003216451172316
1923,0.055523296085899926,0.056003284633339034
1924,0.055522671044642265,0.05600299207265198
1925,0.05552251393203071,0.05600313253744487
1926,0.05552237687705129,0.05600312158354211
1927,0.05552217849666861,0.056003142290711995
1928,0.055521944071057885,0.05600319481039932
1929,0.05552191524469452,0.056003197113314904
1930,0.055521468788531037,0.056003164517470956
1931,0.055521126095614735,0.056003142046373564
1932,0.05552069816091489,0.05600298879312426
1933,0.05552019521510776,0.05600298760251027
1934,0.055519660108002314,0.056002955450602965
1935,0.05551930176681544,0.05600273373239488
1936,0.05551895778123884,0.056002589316672714
1937,0.05551847269443297,0.05600263340856082
1938,0.055518256749933555,0.05600272432510897
1939,0.0555181584330595,0.05600265000397921
1940,0.05551772052335725,0.056002579762264276
1941,0.05551738439271499,0.05600252590119125
1942,0.055517299138143336,0.05600250457158152
1943,0.055516920056186365,0.05600256529907724
1944,0.05551682411056844,0.05600263383797199
1945,0.05551678232045197,0.056002633977386806
1946,0.0555165113623129,0.05600265488823656
1947,0.05551638702477783,0.05600265740283663
1948,0.055516210692069135,0.05600271879283716
1949,0.055515512841455075,0.056002709077897866
1950,0.05551490097083303,0.05600253989710467
1951,0.05551449936290929,0.056002670183734796
1952,0.055513930218046535,0.056002697529423155
1953,0.0555131654522,0.05600232236008663
1954,0.05551296284807505,0.05600224990560609
1955,0.05551291912297884,0.056002250463724305
1956,0.055512735039690286,0.05600214686600045
1957,0.055512690375922324,0.05600214314732093
1958,0.05551249520293923,0.056002127932049985
1959,0.05551206528962391,0.056002139800874276
1960,0.05551161296096123,0.05600223566522649
1961,0.05551101487478138,0.056002235686842
1962,0.055510409482482245,0.056002297462110995
1963,0.055510020120471085,0.056002277348232585
1964,0.05550968491160026,0.05600227084437481
1965,0.055509494602142107,0.05600223036808635
1966,0.05550913981775862,0.05600222749865307
1967,0.05550874464339892,0.056002320153646666
1968,0.055508584554873126,0.056002299013383335
1969,0.05550836779541408,0.05600236374245099
1970,0.05550796684772838,0.05600237170890139
1971,0.05550792260244913,0.05600237858655218
1972,0.055507566676597814,0.05600227887420758
1973,0.05550724389908416,0.05600221206277581
1974,0.0555071728799102,0.056002152328694585
1975,0.05550681296102443,0.056001994650302256
1976,0.05550670423649487,0.056002054696252974
1977,0.05550662247734131,0.05600201336280016
1978,0.05550627506163958,0.056001695393671884
1979,0.055506068343120586,0.05600162963772228
1980,0.0555059144136648,0.056001430864579795
1981,0.05550577195165915,0.056001341103473094
1982,0.055505706457837166,0.05600136852886629
1983,0.05550557739837088,0.05600133822595932
1984,0.05550516690999217,0.056001308342421716
1985,0.0555046059010559,0.05600135383619445
1986,0.05550444226431477,0.056001255633675154
1987,0.055504205619682556,0.05600116885795377
1988,0.055504061969553396,0.0560011339316715
1989,0.055503408612235926,0.0560011195852847
1990,0.05550292867774778,0.05600108869964007
1991,0.055502374338199906,0.05600094245791918
1992,0.05550214840134891,0.0560009814257846
1993,0.05550182479214548,0.05600089255904546
1994,0.05550179008577644,0.05600088340590861
1995,0.05550135941900015,0.056000855858063185
1996,0.055500972038561226,0.05600088795667305
1997,0.05550059490704907,0.0560008306696892
1998,0.055500495543193286,0.05600086482728133
1999,0.05550015249210204,0.056000836153126156
2000,0.055499707871169035,0.05600077614471142
2001,0.05549911298368189,0.05600069225099185
2002,0.055499051324637914,0.056000685686935024
2003,0.05549862035153097,0.056000713046469294
2004,0.0554985452643339,0.056000686346957686
2005,0.05549815603089393,0.05600065184968575
2006,0.05549776318438049,0.056000614024869694
2007,0.055497393721035786,0.05600058004072001
2008,0.055496961577827145,0.056000438718681406
2009,0.05549680135174162,0.05600044575236237
2010,0.05549675360396456,0.05600044589881384
2011,0.0554966017931949,0.056000442534096806
2012,0.05549651325476498,0.0560004011617691
2013,0.05549640477638086,0.056000428634790746
2014,0.055495885623652624,0.05600019367502273
2015,0.05549575278903966,0.05600018935627669
2016,0.0554953622171507,0.056000054264237556
2017,0.05549486134161456,0.05600004274111771
2018,0.055494835582130655,0.05600003357259923
2019,0.05549457216218545,0.05599995062995275
2020,0.05549445838476378,0.05599994295155705
2021,0.05549420081904209,0.05599991434981011
2022,0.05549398822140562,0.05599991906808629
2023,0.05549379239488671,0.055999947855167896
2024,0.05549373851271081,0.05599995780669446
2025,0.05549364441543067,0.055999942492011553
2026,0.05549348479177315,0.055999953570707514
2027,0.05549310247642391,0.05599981819584705
2028,0.05549265034857537,0.05599965833821579
2029,0.055492296699977926,0.05599954592114791
2030,0.05549179876295535,0.055999293206290365
2031,0.055491358923699635,0.05599916478407714
2032,0.055490640779065854,0.055999046254950176
2033,0.05549032831866901,0.0559992186066874
2034,0.055490084952636895,0.055999095481492546
2035,0.05549000908617157,0.055999056502806836
2036,0.05548978936180002,0.05599900835297275
2037,0.05548921900040756,0.05599909772857681
2038,0.055488689646287524,0.055999080793170425
2039,0.05548855350626964,0.05599906367012296
2040,0.055488242092082744,0.05599893052256153
2041,0.05548796410354084,0.05599894842804325
2042,0.05548714520424042,0.055998802267472926
2043,0.05548680958117609,0.05599892209890868
2044,0.05548662006649464,0.05599889504647954
2045,0.05548657739027269,0.055998898815079586
2046,0.05548623429495629,0.05599891195990924
2047,0.05548563294909305,0.05599860798202129
2048,0.055484982640994475,0.05599841500384796
2049,0.05548446513083756,0.055998387622738684
2050,0.055484298543025605,0.05599837206635291
2051,0.05548374651127065,0.055998489489536174
2052,0.0554829685625167,0.0559979225808151
2053,0.05548295248982297,0.05599792249720706
2054,0.055482493106642314,0.055997886649861245
2055,0.05548204730074624,0.05599791116565301
2056,0.055481931739908646,0.055998109019559136
2057,0.055481818264514454,0.05599809809102098
2058,0.05548153773139743,0.055998124414509146
2059,0.05548129879603304,0.05599792465970748
2060,0.05548086722372985,0.05599798236438408
2061,0.055479937184311316,0.05599772199408011
2062,0.0554797121447779,0.05599773887508771
2063,0.055479197103295436,0.05599770858918679
2064,0.05547877029861511,0.05599779360620262
2065,0.055478298551145694,0.05599769367473362
2066,0.05547778028655261,0.055997670028912594
2067,0.055477386978429515,0.05599752273387717
2068,0.0554769702185266,0.05599754612397351
2069,0.055476245428844204,0.05599756791358375
2070,0.05547611911969555,0.0559975011067236
2071,0.05547601652865012,0.05599743629279189
2072,0.0554758713981622,0.05599737734510543
2073,0.05547528229784234,0.05599745532925336
2074,0.05547481803056277,0.05599747647248682
2075,0.05547440254950568,0.0559974350723909
2076,0.05547392628126377,0.05599745334607705
2077,0.0554728728091547,0.05599663526233394
2078,0.05547272569726803,0.0559966899565113
2079,0.0554721319886772,0.055996515195272906
2080,0.05547206222105081,0.055996555938865586
2081,0.05547177936064516,0.055996464303301206
2082,0.05547171265676341,0.0559964143957226
2083,0.05547146290017367,0.055996415404230976
2084,0.05547110341951747,0.05599606891604935
2085,0.0554707271867063,0.0559958981869807
2086,0.05547057984692078,0.05599588911338597
2087,0.055470381248234064,0.0559957548573595
2088,0.055470364566590456,0.05599575457903801
2089,0.055469960338970746,0.05599573852824225
2090,0.05546949411937044,0.055995422477554166
2091,0.05546922028487091,0.055995326527702075
2092,0.055468596276118255,0.055995262491917074
2093,0.05546824204769508,0.05599495654135045
2094,0.05546781527286674,0.05599507103162897
2095,0.055467385240251216,0.0559949178714546
2096,0.05546734016406187,0.05599491825249345
2097,0.05546702981741581,0.0559948435075296
2098,0.05546661305115785,0.0559947058147416
2099,0.055466065652887156,0.055994610193216415
2100,0.05546559036141226,0.05599467639291783
2101,0.05546543733817876,0.05599470595237772
2102,0.05546490891666572,0.05599465119089026
2103,0.05546453548554941,0.05599442750576638
2104,0.05546399572923603,0.05599436678064176
2105,0.0554634545852652,0.0559944780064554
2106,0.05546317902694567,0.05599441389018948
2107,0.05546266598315742,0.05599430166939071
2108,0.0554625867629748,0.05599432697386208
2109,0.05546212483589052,0.055994247596939495
2110,0.055461741977794875,0.055994313388158724
2111,0.05546168755528179,0.05599431530399053
2112,0.055461320230047406,0.055994466183392023
2113,0.055460726307260656,0.05599425093350752
2114,0.05546046563326028,0.055994224792273097
2115,0.055459984916785894,0.05599421979161617
2116,0.05545966381561428,0.055994193072300975
2117,0.05545914393883782,0.05599396144031893
2118,0.055458733373483164,0.05599399172218129
2119,0.05545864580891899,0.05599395127666532
2120,0.055458376004073114,0.05599396836765401
2121,0.05545825854790488,0.055993975675373515
2122,0.05545800001124011,0.05599385546573006
2123,0.05545776474946263,0.055993867393638264
2124,0.05545753988126582,0.05599365756952014
2125,0.05545720852315097,0.05599370510693089
2126,0.05545683890330926,0.055993703156914654
2127,0.055456275828396524,0.05599375943108233
2128,0.05545592075576033,0.05599363651109411
2129,0.05545539994285877,0.055993410640814735
2130,0.0554550628744244,0.05599333771254151
2131,0.05545477913744209,0.05599328897051883
2132,0.055454199130232217,0.05599323393450261
2133,0.05545349077097422,0.055993176379800974
2134,0.0554532113170966,0.055993233761889395
2135,0.055453135673320525,0.05599325403891346
2136,0.05545274449159129,0.055993206054028695
2137,0.05545230842349136,0.05599328749101249
2138,0.05545211042113981,0.055993273738112685
2139,0.05545202306930502,0.055993315940489195
2140,0.055451748630670004,0.05599327451538164
2141,0.05545136219703353,0.055993162339446165
2142,0.0554513302619157,0.05599315307882919
2143,0.055450848303527,0.055993258420402266
2144,0.05545077210235829,0.055993287926351755
2145,0.05545041431988491,0.055993178021905426
2146,0.055450159705050565,0.05599322832793504
2147,0.05544970847194045,0.05599297741507972
2148,0.05544936081257536,0.05599279672762294
2149,0.05544910609015968,0.0559928778790716
2150,0.05544898232015553,0.05599285264671298
2151,0.05544848392724578,0.05599288557951792
2152,0.05544796154863509,0.055992955196607755
2153,0.05544777056580986,0.05599296880121244
2154,0.05544768306359245,0.055992952967705845
2155,0.05544716527117357,0.05599290327742715
2156,0.055446911599552846,0.055992842963959726
2157,0.055446741689554345,0.055992796101198825
2158,0.05544651770324846,0.05599283219441769
2159,0.055446326831615496,0.05599281463913814
2160,0.05544597920314746,0.055992693893578104
2161,0.05544585555558589,0.0559926903384718
2162,0.055445358511620794,0.055992692176937746
2163,0.05544483842346518,0.05599273612707881
2164,0.05544448243687048,0.05599254176126066
2165,0.05544440649631589,0.055992569608415685
2166,0.055444205518657516,0.055992495401086265
2167,0.055443905955977396,0.05599242431597312
2168,0.05544328533819179,0.05599256429019451
2169,0.05544280702201442,0.05599251924562989
2170,0.0554424247727636,0.055992506464433676
2171,0.055442209613230015,0.05599246043986994
2172,0.05544202582101509,0.0559924222371092
2173,0.055441338436417194,0.05599253149692001
2174,0.05544066896128231,0.055992593979522824
2175,0.05544050306637106,0.05599257472196227
2176,0.05543976515805968,0.05599256102322647
2177,0.055439188714592705,0.05599271908279365
2178,0.055438798055360894,0.055992749362440516
2179,0.05543857943862077,0.055992657844757675
2180,0.055437993278769394,0.05599271360815917
2181,0.055437866678064884,0.05599273099280068
2182,0.05543752385854549,0.05599272957838611
2183,0.05543728343900886,0.05599261797419899
2184,0.05543697257796853,0.055992573391138285
2185,0.05543662180693295,0.055992479712373124
2186,0.05543632841000238,0.05599239333995981
2187,0.055436014384684186,0.05599216299930022
2188,0.05543592353151872,0.05599217918296344
2189,0.05543578130673382,0.05599218234311263
2190,0.05543551322983479,0.0559921514247341
2191,0.05543506391791226,0.05599209167128932
2192,0.05543495455479797,0.05599208780718523
2193,0.055434731281375556,0.0559920641524666
2194,0.05543432623577634,0.055992166844265216
2195,0.05543392239280211,0.05599208347720955
2196,0.05543382106912039,0.05599208074801043
2197,0.0554332231937388,0.0559917370166868
2198,0.05543279706058351,0.05599175712766253
2199,0.05543255913230548,0.05599165648797578
2200,0.055432107432525315,0.05599164721298982
2201,0.05543203032349774,0.0559915783822206
2202,0.05543170088626566,0.05599150121819167
2203,0.055431455212296886,0.05599148476309702
2204,0.05543077808481341,0.05599131942105112
2205,0.0554303458437442,0.05599123368941489
2206,0.05542985671783643,0.055991075996040966
2207,0.0554295145312916,0.05599098962961342
2208,0.055429068226312814,0.0559910756788955
2209,0.055428580226885356,0.055991064298753
2210,0.055428270679161694,0.05599092945753105
2211,0.05542814778088936,0.05599091301709111
2212,0.055427841009133526,0.0559909829619355
2213,0.055427460776875305,0.05599089650175677
2214,0.05542742012095982,0.0559909182156559
2215,0.055426995616556125,0.0559910253050654
2216,0.05542679644241657,0.055990897496808335
2217,0.05542678398920499,0.05599088282292024
2218,0.055426687539213954,0.05599084948820983
2219,0.05542624117287151,0.055990826414257386
2220,0.055426026441808225,0.055990581412779135
2221,0.055425702974494555,0.055990598920627146
2222,0.055425235192081826,0.055990639509939794
2223,0.05542521361844709,0.0559906484437794
2224,0.05542483575268065,0.0559907665770671
2225,0.05542464748067684,0.05599071448709397
2226,0.05542433507341497,0.05599054909144115
2227,0.055424273638985375,0.05599054585072013
2228,0.05542391641602268,0.05599048972805233
2229,0.05542321565766401,0.05599040455071729
2230,0.0554231480594338,0.05599040298971783
2231,0.05542294358952238,0.05599040165056323
2232,0.05542280478193044,0.05599031543961199
2233,0.05542240563539152,0.05599013661882144
2234,0.055421890534877644,0.055989935506282874
2235,0.055421650110317654,0.05598996068092479
2236,0.055421451826630455,0.055989935528216905
2237,0.05542086960281751,0.055990023698967474
2238,0.05542072799052353,0.0559900228093133
2239,0.05542028208870983,0.05599007341616539
2240,0.05542017084137303,0.055990062117991256
2241,0.055419967427646905,0.055989996456814135
2242,0.05541949747147877,0.05599006554426893
2243,0.055419465217430824,0.055990077537055365
2244,0.05541943733773481,0.055990079582792646
2245,0.055418985501258636,0.055989801695958075
2246,0.055418784429793165,0.055989727579720094
2247,0.0554181572607344,0.05598984467293675
2248,0.05541799362555909,0.05598983826502975
2249,0.055417095673806184,0.055989576331209816
2250,0.0554167933846154,0.05598941670511808
2251,0.055416230957021965,0.05598939053826828
2252,0.055415900460296416,0.0559894759380144
2253,0.05541561984619806,0.05598944390973131
2254,0.055415473510808715,0.05598940499864808
2255,0.0554150528088199,0.05598949418613776
2256,0.05541501667419068,0.055989494534671336
2257,0.05541462177937025,0.05598943309533622
2258,0.05541458584231926,0.05598945552981963
2259,0.05541451753619343,0.05598944698712031
2260,0.05541444256915766,0.055989451078997665
2261,0.05541407241255136,0.055989420306556424
2262,0.055413982339708456,0.05598942183800686
2263,0.055413704282517344,0.05598941069284178
2264,0.055413257838189886,0.055989448520984975
2265,0.05541282642236173,0.05598945524738488
2266,0.055412147071752356,0.05598913363281166
2267,0.05541174574193452,0.055988936289883655
2268,0.055411477236080545,0.05598883698199891
2269,0.05541104342916517,0.055988757513578555
2270,0.05541057266914505,0.055988844709014454
2271,0.055410248478160486,0.05598869174661858
2272,0.05540967390136834,0.05598845968374811
2273,0.05540960215276165,0.055988468225913315
2274,0.0554092150699235,0.055988603273073846
2275,0.05540865760077572,0.05598844944982456
2276,0.05540803593323392,0.05598848130781783
2277,0.05540745744576671,0.05598845864997514
2278,0.05540734291052781,0.05598838796323315
2279,0.055406625057710455,0.05598844644060408
2280,0.05540654637075115,0.05598843342297277
2281,0.055406008086399686,0.055988477635387036
2282,0.0554059474267453,0.05598848797205797
2283,0.055405645695471864,0.05598837035263678
2284,0.0554054082056382,0.05598852898606987
2285,0.05540532892226687,0.055988511578752294
2286,0.055404914543410434,0.05598854452125079
2287,0.05540471298994041,0.05598852300038614
2288,0.05540431631308985,0.055988392955357055
2289,0.05540394326945254,0.055988341510543674
2290,0.05540346155966733,0.05598832886270069
2291,0.05540323339345741,0.055988328533545836
2292,0.055402901884718206,0.05598833127741779
2293,0.05540274972653528,0.055988339925180035
2294,0.05540246127137443,0.05598818299352974
2295,0.05540243911686046,0.055988180311479875
2296,0.0554019253643995,0.05598777643982811
2297,0.055401546433798486,0.055987697117946524
2298,0.05540151812087832,0.05598771747137775
2299,0.055401086026304606,0.05598768715563215
2300,0.05540092336053157,0.05598760875548853
2301,0.055400456946672394,0.055987540199449584
2302,0.05539981278788083,0.05598758395864861
2303,0.055399511140821596,0.055987529265184584
2304,0.05539938523535689,0.0559874725520226
2305,0.05539936047085481,0.055987481535473504
2306,0.05539911279740201,0.05598739682928134
2307,0.05539873160304786,0.05598752471237223
2308,0.05539838455855516,0.055987475583259096
2309,0.0553981568416683,0.05598759822851513
2310,0.05539765628786972,0.05598769831402631
2311,0.05539711261920922,0.05598777641108999
2312,0.05539676407078384,0.05598775371859442
2313,0.055396129038469605,0.055987662328955884
2314,0.055396104995835166,0.05598765774186489
2315,0.055396004928407974,0.05598765144421916
2316,0.05539555599744666,0.05598776397810179
2317,0.05539533711646337,0.05598769630618001
2318,0.055394623189315345,0.055987862881798064
2319,0.05539404609442456,0.055987709001518234
2320,0.055393655940705236,0.05598771555023646
2321,0.05539353191617791,0.0559877380543506
2322,0.055393460072217036,0.05598773333466813
2323,0.05539331030770956,0.05598766038645556
2324,0.05539301814842051,0.0559876742973239
2325,0.05539256705059855,0.05598758445133823
2326,0.05539248588485417,0.0559875927247976
2327,0.055392050427335346,0.05598753658759954
2328,0.05539174850674252,0.05598743211149298
2329,0.05539126685791076,0.05598730437015026
2330,0.055390826103403644,0.05598731357961667
2331,0.05539071373051006,0.05598729717569237
2332,0.055390291577172214,0.055987181312255684
2333,0.055390172448701896,0.0559871791028955
2334,0.05538983962578576,0.05598716953915337
2335,0.05538951447351131,0.055987156723834176
2336,0.0553893350117534,0.05598707185045651
2337,0.05538878030297222,0.05598709064084821
2338,0.05538820497926846,0.05598723074008633
2339,0.0553877756135713,0.05598735475905334
2340,0.055387330211401936,0.05598708824192025
2341,0.055387038979763596,0.05598707915202419
2342,0.055386518090401494,0.05598693383449854
2343,0.05538587040639823,0.05598677680647049
2344,0.055385374483550465,0.055986758793959854
2345,0.05538514153321351,0.05598672618663581
2346,0.05538482467741718,0.05598657589766756
2347,0.055384431198147066,0.05598655660698568
2348,0.055384278694207416,0.05598648637670402
2349,0.05538394144927428,0.05598655444269121
2350,0.05538319599082181,0.055986335580580616
2351,0.0553830694699354,0.055986354421808826
2352,0.05538299020277206,0.05598635825476564
2353,0.055382645175347224,0.055986281797067966
2354,0.05538263116692776,0.0559862806175316
2355,0.05538214891878682,0.05598626976607533
2356,0.055381921406954276,0.05598629663113307
2357,0.05538167192812466,0.0559862836917588
2358,0.05538135504410344,0.05598625895864434
2359,0.05538101481908975,0.0559862301098135
2360,0.05538080194458228,0.055986218545326295
2361,0.05538076321213057,0.05598621342830204
2362,0.0553803437786515,0.05598609140302015
2363,0.055380279587119476,0.05598610113785729
2364,0.05538015356526651,0.055986103905892676
2365,0.05537930535517062,0.05598591160833961
2366,0.05537899758527654,0.05598582446949595
2367,0.0553788462659912,0.055985830692204835
2368,0.05537850763523059,0.05598587490530343
2369,0.055378226143861134,0.05598576391438604
2370,0.055377605670518165,0.05598573504264568
2371,0.05537721990032269,0.05598581847622341
2372,0.0553768812196541,0.05598585127218845
2373,0.05537679605794435,0.05598585104292106
2374,0.05537636782044048,0.05598583148257108
2375,0.05537603292207463,0.05598576548659406
2376,0.05537579566580069,0.05598571798740624
2377,0.05537557324018893,0.055985679336560866
2378,0.055375146146897994,0.055985657229554966
2379,0.05537446040743465,0.055985447994398446
2380,0.05537405725607489,0.05598541507482424
2381,0.05537382209080167,0.0559853683555064
2382,0.05537326853303014,0.05598524027507171
2383,0.05537317653500797,0.055985280153638274
2384,0.05537296976599139,0.05598522778042096
2385,0.05537265830628852,0.055985060665098764
2386,0.05537245501764676,0.0559849501029691
2387,0.055372317353908386,0.05598492517922814
2388,0.05537225915163905,0.055984901689061756
2389,0.0553720857707356,0.0559849923647529
2390,0.05537178726713823,0.05598508155732908
2391,0.05537146305947421,0.0559851504202379
2392,0.05537119926773869,0.055984968058486025
2393,0.055371090822434674,0.0559849270138945
2394,0.05537106667381051,0.055984927062999415
2395,0.05537065265131014,0.05598491384193717
2396,0.05537015974981755,0.05598476885076046
2397,0.05536986088204409,0.0559846781756861
2398,0.055369573669847696,0.05598472714929763
2399,0.055369176979994224,0.05598468922973341
2400,0.055368985846488535,0.05598468400480594
2401,0.055368862517701435,0.05598474105624797
2402,0.055368347631643625,0.05598473941942947
2403,0.055368119259345185,0.05598476737700537
2404,0.05536746212569024,0.055984718858943024
2405,0.055367301449972296,0.05598473627134886
2406,0.05536728493987893,0.05598473907814981
2407,0.05536713407730481,0.055984664558322766
2408,0.05536679839036657,0.0559844586643425
2409,0.055366655595091276,0.05598442957344326
2410,0.055366281105843136,0.05598435267139743
2411,0.05536583952708598,0.055984443601253424
2412,0.055365745499003687,0.05598445186214525
2413,0.055365621611951236,0.05598441739763807
2414,0.055365247450131945,0.05598420807222028
2415,0.055364904256023695,0.05598422312609035
2416,0.05536450914956282,0.05598419859882644
2417,0.055364325568721375,0.05598419315929391
2418,0.055364316483348074,0.05598419320629901
2419,0.05536424490307179,0.0559841609366872
2420,0.05536376226064261,0.055984163236067676
2421,0.05536342127791343,0.05598424995315598
2422,0.05536317035438516,0.055984241028670875
2423,0.05536310719342956,0.055984247824821205
2424,0.05536306843751041,0.05598423291611937
2425,0.05536285744727646,0.0559842643405264
2426,0.05536242397406926,0.0559840970959299
2427,0.05536211461538074,0.05598408820396823
2428,0.05536171518912225,0.05598395332332047
2429,0.05536114716324869,0.055984087517908517
2430,0.05536073373074108,0.05598396542958833
2431,0.05536071660465636,0.055983965620576746
2432,0.055360578808009785,0.05598401263436787
2433,0.05536026807622074,0.05598401860510793
2434,0.05535977845848789,0.05598395309969288
2435,0.05535971353528481,0.05598393852540841
2436,0.05535944107649176,0.05598398443067173
2437,0.055359066247563614,0.055983700241794665
2438,0.05535865055414377,0.05598358911264456
2439,0.055358352564871954,0.055983567855330665
2440,0.055357934518788954,0.05598359040710617
2441,0.05535769346235025,0.05598358654257332
2442,0.05535724726160871,0.055983628606168026
2443,0.05535695991268715,0.05598358411465367
2444,0.05535627345930762,0.055983542617471585
2445,0.055355865884852515,0.05598340862403949
2446,0.05535584729868495,0.05598341488845636
2447,0.05535582789554743,0.055983402442467085
2448,0.055355350220027716,0.05598338806675485
2449,0.05535508372198336,0.05598334163914512
2450,0.05535471534593402,0.05598313624534916
2451,0.0553543182328358,0.05598300188446161
2452,0.05535406652901321,0.055983011215424205
2453,0.05535336586815233,0.05598295607930096
2454,0.05535311299221736,0.05598287948975214
2455,0.05535304034679361,0.05598275771693384
2456,0.05535282245223608,0.05598279401746274
2457,0.055352448576734506,0.05598290341083263
2458,0.05535213132152776,0.055982837046173586
2459,0.05535167329990208,0.055982833817715995
2460,0.055351374471371256,0.055982822888069834
2461,0.05535090496463348,0.0559827468834186
2462,0.05535057729013587,0.05598271211482808
2463,0.05535049886049089,0.05598273545828933
2464,0.0553501093485423,0.05598284532047164
2465,0.055349873437326336,0.05598280662390383
2466,0.055349470066784465,0.05598282064327855
2467,0.05534916245476847,0.0559828892897191
2468,0.055349059568252756,0.05598289964867698
2469,0.05534873376445929,0.05598286880082397
2470,0.05534831745386654,0.055982943289335764
2471,0.05534796630094478,0.055982892995790456
2472,0.05534792698403214,0.05598290840911941
2473,0.055347449728145016,0.055982895283594375
2474,0.0553470676138682,0.05598285107855484
2475,0.05534664453021931,0.05598284106727461
2476,0.055346542025706415,0.05598286880616167
2477,0.05534617831155381,0.055982810970512026
2478,0.055346169970778715,0.05598280333507191
2479,0.055345759616726525,0.055982867405703865
2480,0.05534508312345916,0.055983063809852684
2481,0.05534492641172556,0.05598313207922659
2482,0.05534458749728958,0.05598307325499903
2483,0.05534437198907429,0.05598302477884044
2484,0.05534407986306761,0.05598295590466399
2485,0.05534372972081167,0.0559828976870071
2486,0.05534361025824011,0.05598295670157402
2487,0.05534309899710253,0.055983004748629446
2488,0.055342820425264824,0.055982938252209576
2489,0.055342605992047905,0.05598285757721802
2490,0.05534251770558942,0.055982862618437795
2491,0.05534244953725808,0.055982864588943956
2492,0.05534227776105126,0.05598272059914927
2493,0.05534186419095119,0.055982774612607644
2494,0.05534128925298132,0.05598282508022073
2495,0.05534082953146755,0.05598243807368382
2496,0.05534063127019927,0.05598247054522215
2497,0.05534041263520097,0.055982438308644376
2498,0.055340139559084775,0.05598250288530998
2499,0.05533966555981482,0.05598249722430125
2500,0.05533919057518662,0.05598251364805929
2501,0.055338496103986466,0.05598254197503201
2502,0.055338326315641555,0.05598248066236748
2503,0.05533819008603164,0.05598251232928274
2504,0.055337731896384544,0.05598239680590066
2505,0.05533732969391604,0.0559820984410229
2506,0.05533726826753615,0.055982097745742226
2507,0.05533714789946142,0.055982109246002186
2508,0.05533680283743938,0.055982197596432574
2509,0.05533645221309414,0.05598222137134125
2510,0.05533642333430258,0.05598223158591794
2511,0.05533640532250898,0.05598224113304618
2512,0.05533627522685791,0.05598219129079247
2513,0.05533613714338216,0.055982148117393445
2514,0.055335647737384204,0.05598209852281065
2515,0.05533502290533889,0.05598194139378994
2516,0.05533474775309547,0.055981991671715026
2517,0.05533442125258848,0.05598201216147202
2518,0.05533432264656774,0.05598199750960467
2519,0.05533378314434531,0.05598200830374819
2520,0.05533336344623094,0.05598193567766212
2521,0.05533332662014124,0.055981931224692
2522,0.055333230881989943,0.055981928299806555
2523,0.055332552564862615,0.055981745419237
2524,0.0553321373188702,0.05598176527364909
2525,0.05533190220496215,0.05598161127478756
2526,0.05533156651470846,0.05598155875388984
2527,0.0553312176958161,0.05598135942806991
2528,0.055331009308968206,0.055981303190000165
2529,0.055330750834462386,0.05598125755188354
2530,0.055330692952934496,0.055981241681696894
2531,0.055330421190801504,0.05598123575204997
2532,0.055330148891655516,0.05598124213155874
2533,0.05533004542764313,0.055981241345124076
2534,0.055329895987243555,0.055981200159873644
2535,0.0553295084710907,0.055981160331420185
2536,0.05532932013938557,0.05598118277443095
2537,0.05532886959619067,0.0559811718524343
2538,0.05532843357334697,0.0559810198634169
2539,0.05532832743542015,0.055981006008014145
2540,0.0553280334439822,0.05598089135444852
2541,0.05532771944016013,0.05598100626046948
2542,0.055327459286136235,0.055980877441850985
2543,0.05532713881169458,0.055980767050292916
2544,0.055326787469642556,0.05598086665534835
2545,0.05532670996345563,0.05598086926424366
2546,0.05532642520803148,0.055980693192968625
2547,0.05532595942822029,0.055980708510768966
2548,0.055325854234804,0.05598068492379119
2549,0.05532575290039169,0.05598070928131472
2550,0.055325475386206927,0.05598079002919735
2551,0.05532537603534379,0.05598077872646526
2552,0.05532495755007109,0.05598059393727793
2553,0.05532454740670823,0.05598033263520038
2554,0.055324136425162644,0.05598019922296074
2555,0.05532372658299998,0.055980294237570435
2556,0.05532366453566904,0.055980240019331315
2557,0.055323618900677586,0.05598023481951163
2558,0.05532323287671034,0.05598020440079517
2559,0.05532295756812515,0.05598023973912402
2560,0.055322886627772856,0.055980228761889725
2561,0.05532229251132296,0.05598003861429808
2562,0.055322210179962285,0.05598006896763554
2563,0.055322060938314856,0.055980102183512646
2564,0.05532173741537659,0.055980151641773085
2565,0.055321578350025206,0.05598007184236154
2566,0.05532153117363047,0.05598007071739957
2567,0.05532142890367874,0.05598004501209529
2568,0.055321092229916505,0.055980131235966325
2569,0.05532099433371319,0.05598012394466519
2570,0.05532063798397659,0.05598012314130499
2571,0.055320408092942794,0.05598012766136371
2572,0.05532010359327188,0.05598001449792662
2573,0.055319744197210446,0.05598007804604885
2574,0.05531951148830437,0.055980150657894606
2575,0.05531924084581422,0.055980222695932856
2576,0.055319163339575275,0.05598017458157556
2577,0.05531885677239615,0.05598021886867884
2578,0.05531837573056368,0.055980216498409945
2579,0.055318118916134355,0.05598021334953763
2580,0.05531754638590663,0.05598018153844203
2581,0.05531751279982399,0.05598017526063446
2582,0.0553174547770233,0.05598017709385451
2583,0.055317353867825665,0.055980197994479834
2584,0.05531707226095155,0.05598021496078912
2585,0.05531705118476618,0.05598021297377569
2586,0.055316889159600674,0.055980145535587354
2587,0.05531648017694191,0.05598014856329606
2588,0.05531623907029771,0.05598017464542005
2589,0.05531594860144802,0.05598018646174393
2590,0.055315690495861304,0.055980091439488476
2591,0.05531540682677839,0.05597993385241727
2592,0.055314883215178454,0.055979906591236035
2593,0.05531481663467629,0.05597991700697396
2594,0.05531415045960614,0.055979964358760084
2595,0.055313825091639734,0.05598003041479104
2596,0.055313616969300455,0.05597999522765814
2597,0.055313224484148785,0.05598005194769437
2598,0.05531307198372852,0.055980052641748074
2599,0.055312774767461666,0.05597990061164557
2600,0.05531262118504085,0.05597990487769692
2601,0.05531253108548943,0.05597988043630065
2602,0.05531209886479698,0.05597991051583301
2603,0.05531188223695368,0.05597978018503041
2604,0.05531174397341322,0.05597976220888002
2605,0.055311289860700184,0.055979794718772145
2606,0.055310922740918145,0.05597980444624812
2607,0.05531077517701937,0.05597978327818341
2608,0.05531046927381555,0.05597999418881308
2609,0.05531007324134417,0.0559801117653548
2610,0.05531005193711362,0.05598011166203734
2611,0.05530987335045381,0.05598004524760916
2612,0.055309550532043346,0.05598011411137678
2613,0.05530946418136846,0.055980148432159704
2614,0.05530922366955907,0.055980210487257195
2615,0.05530918795847402,0.05598021312152504
2616,0.055308923205868124,0.05598024894801236
2617,0.05530843918387335,0.05598034268042546
2618,0.05530815083676309,0.05598038787512192
2619,0.05530791515107092,0.05598038208653135
2620,0.05530767123485016,0.055980384176426486
2621,0.0553072658467468,0.05598041099706724
2622,0.05530712352419344,0.05598038832266468
2623,0.055307097385142494,0.05598039034372478
2624,0.055306624325429245,0.05598022713845527
2625,0.055306419904983244,0.055980275046492764
2626,0.055305958924164685,0.05598008014777824
2627,0.05530527144717726,0.05598004118460487
2628,0.05530483198372158,0.05597988690340569
2629,0.0553046484017967,0.055979829941368985
2630,0.05530430558098761,0.055979825756896986
2631,0.05530392324196158,0.05597952525407719
2632,0.055303500863925555,0.05597956582458835
2633,0.05530286228920827,0.05597940017100568
2634,0.055302452746208736,0.0559790851776363
2635,0.05530216823900435,0.05597911836694873
2636,0.055301833453869804,0.05597898153314955
2637,0.05530146151332711,0.055979063718548806
2638,0.05530133456524039,0.055979122960545226
2639,0.05530085330495342,0.05597920636079746
2640,0.05530020468174078,0.055979263159641864
2641,0.05530016599118915,0.055979262837521755
2642,0.05529985040091226,0.05597935034595121
2643,0.05529940799029912,0.05597939019889358
2644,0.05529916469766504,0.055979293671480405
2645,0.055298888240253107,0.055979226756481364
2646,0.05529859913518386,0.05597923160194437
2647,0.0552984306874797,0.055979172532497484
2648,0.05529811303594466,0.05597913532649669
2649,0.05529804461169064,0.05597913744354502
2650,0.05529783179117568,0.05597915993336151
2651,0.05529748032636189,0.05597915275059123
2652,0.05529732464030906,0.055979135836096906
2653,0.05529730288428903,0.055979139948458156
2654,0.05529708482610006,0.05597908276093053
2655,0.05529686237167147,0.055979141277980586
2656,0.05529627827102921,0.05597930365502043
2657,0.05529617264692493,0.05597928564400178
2658,0.05529613367357627,0.055979283007871174
2659,0.05529599938644202,0.0559792755122438
2660,0.055295818056859854,0.05597922487383355
2661,0.05529531950574857,0.05597912788250522
2662,0.05529508543457324,0.05597914394711249
2663,0.055294983102749246,0.05597913248595986
2664,0.055294590515151426,0.05597897433895766
2665,0.05529433592372298,0.05597881866332886
2666,0.055293790978716305,0.05597866844673788
2667,0.05529374249891264,0.055978697139124095
2668,0.05529369296345332,0.05597867948661253
2669,0.055293331024379874,0.05597850377577505
2670,0.0552928940134172,0.05597852081285353
2671,0.05529239239530119,0.055978389650734
2672,0.055292335168874863,0.055978398186093556
2673,0.05529208420670029,0.05597846544567112
2674,0.05529180659535102,0.055978498915645956
2675,0.055291542363282556,0.05597845792137777
2676,0.05529097806949018,0.05597821776489171
2677,0.05529082575825306,0.055978209306563186
2678,0.05529040421904297,0.0559782258470125
2679,0.055290047303957396,0.05597832210815872
2680,0.055289808135002935,0.05597822899896769
2681,0.05528969533250249,0.05597820171124886
2682,0.05528958499452867,0.05597821225633865
2683,0.05528932907871631,0.05597820389033898
2684,0.05528928660019637,0.05597824844664615
2685,0.05528893488306629,0.05597816615045859
2686,0.05528848214238658,0.05597825476605393
2687,0.0552880035158078,0.05597823516738422
2688,0.05528789701029933,0.05597826850382674
2689,0.055287815862530044,0.055978269928002054
2690,0.05528723425788167,0.055978305047325025
2691,0.055286843183457536,0.05597838929832943
2692,0.055286404721984025,0.05597833116261094
2693,0.055286334978068494,0.05597829729166496
2694,0.05528599609529393,0.05597824612537766
2695,0.05528575231522439,0.05597825050200153
2696,0.055285402876469415,0.05597827954506856
2697,0.05528537291672886,0.055978280592750174
2698,0.05528486953353051,0.05597852181314076
2699,0.05528461856461831,0.05597859950524904
2700,0.05528439712909445,0.05597854630211088
2701,0.05528425449261478,0.055978521301709425
2702,0.05528360910452359,0.05597853161681925
2703,0.05528324118150928,0.05597834710034057
2704,0.055282784456069996,0.05597824402628877
2705,0.055282655421800386,0.05597833138115322
2706,0.05528244149832476,0.05597839834087087
2707,0.05528238030981422,0.05597838108240666
2708,0.0552823593821279,0.055978375918363216
2709,0.055281737452404764,0.05597838248743892
2710,0.0552815590150371,0.05597836546199787
2711,0.055281441892301074,0.05597836384546272
2712,0.0552811876314661,0.05597831490706126
2713,0.05528112893049284,0.05597832148518821
2714,0.055280963765338254,0.0559782740258682
2715,0.055280445639007754,0.05597808687781142
2716,0.05528021053694521,0.05597794654294613
2717,0.05527985992651274,0.05597787584887761
2718,0.05527982104446251,0.05597789004055187
2719,0.05527940838273128,0.05597795230461971
2720,0.055278896527048205,0.055977988692903026
2721,0.05527879315377509,0.0559780286262439
2722,0.05527831751878154,0.05597817112880677
2723,0.055277787977735984,0.05597800729312656
2724,0.05527730257228434,0.05597786496782763
2725,0.055277164305845436,0.05597786835483018
2726,0.05527685393130172,0.055977957277518704
2727,0.05527669070065063,0.055977889713697083
2728,0.05527640904960155,0.05597802390204858
2729,0.05527631435449737,0.05597803592032704
2730,0.05527610285933968,0.0559780253584259
2731,0.05527567029970215,0.055978037714507406
2732,0.05527560472700743,0.05597805390062113
2733,0.05527526566901272,0.05597794127543712
2734,0.05527492060084275,0.055978099666906166
2735,0.05527467151296947,0.055977874114797634
2736,0.05527437598429931,0.05597781733359912
2737,0.05527413035310131,0.05597786636313706
2738,0.055273261350814014,0.055977168119959404
2739,0.0552731692234072,0.055977169387061584
2740,0.05527300096944438,0.055977173509229206
2741,0.05527295406107427,0.05597717238772268
2742,0.05527263766188036,0.055977128121465276
2743,0.05527250138634177,0.055977125681484434
2744,0.05527223920812085,0.055977114722379206
2745,0.055272039613340915,0.05597716350146899
2746,0.055271881539927535,0.05597713602961147
2747,0.05527153653359081,0.05597709771099451
2748,0.055271430210535856,0.055977058829386014
2749,0.05527121610657792,0.055976831054292076
2750,0.05527099852239842,0.055976823492828426
2751,0.05527091410479749,0.055976826384893444
2752,0.05527042590397192,0.055976969236459055
2753,0.055270193078651865,0.05597684941549966
2754,0.05527009057918645,0.05597682509515163
2755,0.05526979418143055,0.055976776897442
2756,0.055269157775232204,0.05597679043520841
2757,0.05526885844159377,0.0559767627743322
2758,0.055268600390181805,0.055976666768735556
2759,0.0552681183841522,0.05597672159894951
2760,0.055268007540348406,0.05597666658055801
2761,0.0552678059288321,0.05597675713964348
2762,0.05526768268283368,0.05597678241740371
2763,0.05526761438965498,0.05597672855082297
2764,0.05526756970926126,0.055976739842349514
2765,0.05526724473066306,0.05597646683520434
2766,0.055267202994724776,0.055976470868897774
2767,0.05526690620133735,0.055976446815137006
2768,0.05526634438732201,0.05597643652294885
2769,0.05526603757517495,0.055976423676693816
2770,0.05526569032891677,0.055976445005047684
2771,0.05526522707016591,0.05597642574249003
2772,0.0552651368639498,0.055976395137852235
2773,0.05526466223817305,0.05597638643746458
2774,0.055264479090033986,0.05597634458639604
2775,0.05526403550141955,0.05597627293291552
2776,0.055263954076723854,0.0559762577608749
2777,0.05526391141584328,0.05597627868855455
2778,0.05526383176300706,0.05597628148245349
2779,0.05526372842966128,0.05597625052168981
2780,0.05526352952691257,0.05597620987703071
2781,0.05526327732537583,0.05597619977044453
2782,0.05526288521150343,0.055976177414098195
2783,0.05526240000646881,0.055976101529940085
2784,0.055261956095979496,0.05597616908127688
2785,0.055261702109393,0.0559760682629526
2786,0.05526163301853219,0.05597604272910238
2787,0.05526156693658792,0.055976042316601256
2788,0.05526115320800232,0.055975946235123815
2789,0.05526061573362468,0.05597579427454805
2790,0.05526025304539001,0.05597577449944756
2791,0.055259744549892104,0.05597570878494012
2792,0.055259375209665715,0.05597550890745386
2793,0.05525904049660868,0.05597562516100748
2794,0.05525871167942429,0.05597547836399052
2795,0.05525809858231427,0.055975328510105775
2796,0.05525779505820674,0.05597552756164226
2797,0.05525760568929014,0.055975502332564264
2798,0.055257202468622514,0.05597557677087797
2799,0.055256798156925954,0.0559754575539077
2800,0.05525675437531523,0.05597544703203126
2801,0.05525640196048936,0.05597555589554298
2802,0.055255870265678415,0.05597549806668603
2803,0.05525539743289603,0.055975491491196155
2804,0.055254945647912994,0.05597555056431879
2805,0.055254668219831875,0.05597547024612019
2806,0.055254321379155306,0.055975594389700845
2807,0.05525383465212212,0.0559756773157799
2808,0.055253372756341027,0.05597559870409984
2809,0.05525327508495849,0.05597562690976336
2810,0.055253159649270606,0.05597566157638438
2811,0.055252799620080506,0.05597563201428056
2812,0.05525249389483623,0.05597567413076863
2813,0.055252141103265505,0.05597560779302204
2814,0.05525157336462623,0.05597549719698156
2815,0.055251313358618194,0.055975448014314554
2816,0.05525104009523613,0.055975344644927656
2817,0.05525089300910497,0.05597537597727589
2818,0.05525023963734565,0.05597532593015552
2819,0.05524970983169707,0.05597534214638068
2820,0.0552492504185327,0.05597542434195649
2821,0.05524898030466216,0.055975395876006195
2822,0.0552487818519675,0.05597541243587052
2823,0.055248198964550875,0.05597558892928773
2824,0.05524819297557348,0.05597559353603477
2825,0.055248130459270836,0.05597559876649868
2826,0.055248096424634935,0.05597558450305038
2827,0.055247969383138536,0.055975584043920085
2828,0.05524772765001915,0.05597556525902661
2829,0.05524745708298124,0.05597543763308622
2830,0.055247271871998425,0.05597537490657646
2831,0.05524676447514539,0.055975408316469334
2832,0.055246635899901426,0.055975468735630377
2833,0.05524634230571014,0.05597548936645312
2834,0.05524596014542265,0.055975423700361085
2835,0.05524577116830253,0.05597540293322736
2836,0.05524554110282205,0.05597546721229428
2837,0.05524514727052491,0.05597549279063615
2838,0.0552451230771982,0.05597547830531303
2839,0.05524458991760218,0.05597536362260041
2840,0.05524428758088448,0.055975394314739794
2841,0.055244232685115566,0.055975381171122544
2842,0.055244023026928206,0.055975385281234566
2843,0.05524382574960201,0.055975373379954355
2844,0.05524374010501359,0.05597536412259198
2845,0.055243545513088466,0.05597541812266178
2846,0.055243287505656956,0.05597525988809741
2847,0.05524317803031775,0.05597527167112383
2848,0.055243160063949845,0.055975272487806156
2849,0.05524255914313082,0.05597540546289363
2850,0.055242545821271596,0.055975406388425436
2851,0.05524242599075461,0.05597537444494745
2852,0.05524210730888174,0.05597533644860711
2853,0.05524186540352535,0.05597535910690056
2854,0.05524162752416209,0.05597513669667281
2855,0.05524117935633746,0.05597513544019999
2856,0.055241109847198315,0.05597513152332732
2857,0.05524099153139644,0.05597512219660869
2858,0.05524080441534387,0.055975012451453275
2859,0.05524078812128547,0.055975007629841186
2860,0.055240507047064645,0.05597511416039036
2861,0.05524017483786218,0.05597526875725063
2862,0.05523998795754158,0.05597520234131489
2863,0.05523968638025853,0.05597527955964709
2864,0.05523959852060435,0.055975278411132326
2865,0.05523914297156524,0.05597534910694772
2866,0.05523858658560527,0.05597552965575077
2867,0.055238360372399625,0.05597557380754955
2868,0.05523784413885475,0.05597537720840966
2869,0.055237794984913414,0.05597536786811758
2870,0.055237576516850996,0.05597525260098862
2871,0.05523746734276517,0.055975261205755494
2872,0.055237235001860695,0.05597538170265497
2873,0.055236826065103384,0.055975366095240606
2874,0.05523659027473423,0.05597523117604852
2875,0.05523656390950356,0.055975241158311845
2876,0.055236441099760336,0.0559751974215271
2877,0.05523612192354886,0.0559751606243786
2878,0.055235690857655714,0.055975167932651566
2879,0.05523541618754885,0.05597515422145819
2880,0.055235243492694264,0.05597508742958954
2881,0.0552352014894909,0.05597509991385482
2882,0.05523517782005711,0.05597509748018412
2883,0.0552349775051384,0.05597507621141221
2884,0.05523474959810051,0.055975050010116385
2885,0.055234699951107726,0.0559750241890659
2886,0.05523422098872398,0.055975146607664165
2887,0.05523413495750305,0.05597516791947825
2888,0.055233621543336595,0.055975184411456824
2889,0.05523333330249711,0.055975039650233586
2890,0.055233154663264346,0.05597506774013701
2891,0.05523269936181896,0.05597505512801869
2892,0.05523218592331582,0.055975113827684345
2893,0.05523195311438732,0.055975090735411785
2894,0.055231520342987755,0.055975123781650676
2895,0.055231169576509864,0.055975177245005184
2896,0.055230832106983284,0.05597508955668978
2897,0.05523076612979038,0.055975088895951514
2898,0.055230607715032784,0.05597507520013371
2899,0.05523051475881009,0.05597504180151265
2900,0.05523001387094388,0.05597518876657982
2901,0.05522999190981555,0.05597518951661923
2902,0.05522969175550568,0.055975186228767626
2903,0.05522938225926918,0.05597526817985123
2904,0.055228967892067736,0.055975097994466406
2905,0.05522838963425057,0.055975158859421996
2906,0.05522807052265328,0.05597500110750794
2907,0.05522760978634285,0.055974895299259864
2908,0.05522731060325927,0.05597483769423196
2909,0.05522698750548552,0.05597478348216912
2910,0.0552268067530406,0.0559747459422192
2911,0.05522648033922314,0.05597479633253099
2912,0.05522616639010779,0.055974901294924044
2913,0.05522603663445067,0.05597495807967634
2914,0.05522588248744422,0.05597496710740941
2915,0.05522513230496602,0.05597507149629975
2916,0.0552249740191992,0.055975043476401004
2917,0.05522447973859611,0.05597509902657388
2918,0.05522403936438591,0.0559751063702328
2919,0.05522390620091772,0.055975078412681886
2920,0.05522347514541774,0.055975040895985505
2921,0.055223279976617294,0.05597510463451858
2922,0.05522311703697047,0.05597509830896589
2923,0.05522271820009717,0.05597509669660419
2924,0.05522240720000421,0.0559750512327925
2925,0.055222257053691944,0.055974981404751295
2926,0.055221924799627294,0.05597493641950066
2927,0.055221532662321784,0.055974900437277084
2928,0.055221341853834684,0.05597502510020628
2929,0.055220909705878625,0.05597493172008546
2930,0.05522055133767261,0.0559748784810611
2931,0.0552197478329272,0.055974202469589535
2932,0.05521947767872256,0.05597420277814871
2933,0.055219094296074515,0.055974223426705716
2934,0.055218777409219176,0.0559741880327175
2935,0.05521840057870778,0.055974212862880054
2936,0.05521807597669349,0.05597447473480952
2937,0.05521776260470203,0.05597442468012268
2938,0.055217309467877965,0.05597444658999886
2939,0.055217173073241956,0.055974483112916806
2940,0.055216863266483965,0.05597434847659989
2941,0.0552165080603517,0.055974393635932845
2942,0.05521601895035831,0.05597461015858946
2943,0.055215935005064956,0.055974611483017495
2944,0.0552157511767563,0.05597455687088955
2945,0.05521540199997678,0.05597454137896765
2946,0.05521526389930847,0.05597449505496712
2947,0.05521489076926573,0.05597444996468692
2948,0.05521436123978148,0.05597444182424357
2949,0.05521402484098264,0.055974376751436246
2950,0.055213749009591154,0.0559744660436663
2951,0.055213524933774856,0.05597449516581897
2952,0.05521327568423514,0.05597429757598376
2953,0.05521262907412467,0.055974508029327526
2954,0.05521259595966879,0.055974512836675226
2955,0.05521233238849694,0.05597459270193926
2956,0.05521223575004109,0.055974595694831715
2957,0.055212214770214665,0.05597459569529722
2958,0.05521193924841894,0.055974598301327186
2959,0.05521190605762998,0.05597459692700231
2960,0.05521179073993149,0.055974589015043284
2961,0.055211498623229084,0.05597455942092401
2962,0.055211485870081664,0.05597456752495862
2963,0.055211213618315234,0.05597437489193407
2964,0.05521089583682123,0.05597425659889979
2965,0.05521039280279935,0.05597448316664211
2966,0.055210172609966524,0.05597441363986747
2967,0.0552097307942823,0.05597434978586205
2968,0.05520935821943709,0.0559743682200858
2969,0.05520893316787016,0.05597436103990956
2970,0.055208450855293835,0.055974297460251086
2971,0.05520811862603131,0.05597436642074414
2972,0.05520806188520256,0.05597435306176093
2973,0.05520776390099665,0.05597448486246586
2974,0.05520762995183256,0.05597451330818658
2975,0.05520753603283882,0.05597446069595448
2976,0.055207235990651034,0.05597451357801881
2977,0.055206765769502585,0.05597447437593184
2978,0.05520644441056978,0.055974622431175174
2979,0.055206387579946295,0.05597459318004028
2980,0.055206014137168094,0.05597453563323127
2981,0.055205967298370726,0.05597453551840036
2982,0.055205615058746604,0.05597463111970052
2983,0.05520520966909105,0.055974604148580166
2984,0.055205102899880724,0.0559745230823739
