0,0.16293250651245486,0.16311033792919225
1,0.15953668378471447,0.15971207195220907
2,0.15624440102409665,0.15642290055206273
3,0.15301495559031855,0.1531910577435271
4,0.1499240700496918,0.15009760482481838
5,0.14692537191403363,0.14709798211537436
6,0.14392504487397056,0.14409393830434147
7,0.14108877468053072,0.14125412678926874
8,0.1383397506093282,0.13850030970265723
9,0.135639561063835,0.13579495224667384
10,0.13301083245434234,0.13316542154149966
11,0.13047713426787313,0.13063029510048102
12,0.12800655233249297,0.128159137128594
13,0.12560009249576273,0.1257504415014669
14,0.12333613166662818,0.12349051785764904
15,0.12106318887402835,0.12121114831098334
16,0.11882210746929993,0.11896789346090206
17,0.11665944452493474,0.11680125730312818
18,0.11458878936608254,0.11473046533694112
19,0.11253683485415644,0.11267617399536675
20,0.1105552700817654,0.11069451175351903
21,0.10870024999465534,0.10883867485909218
22,0.10688826788830792,0.10702518071770646
23,0.10509864461476771,0.10523143928963208
24,0.10337890676031586,0.10350631685002726
25,0.10170215127302472,0.10182526775107714
26,0.1001100888911822,0.1002308366335262
27,0.09861299119836205,0.09873529160598861
28,0.09714239832453218,0.09726152364322473
29,0.09573722792630775,0.0958578302624557
30,0.09427787519758403,0.09439519398373371
31,0.09292314842226441,0.09303767239441192
32,0.09158420186666934,0.09169894082485831
33,0.09036867539400961,0.09048313830849519
34,0.08915789194920243,0.08926929516775076
35,0.08797193195569056,0.08808445293811684
36,0.08679394276520039,0.08690333107562803
37,0.08569020595658078,0.08579367067212637
38,0.0845736316739989,0.08467487066456084
39,0.08350197343509048,0.08359968891481534
40,0.08248217533698184,0.0825800297119196
41,0.08149310818100534,0.0815878557486427
42,0.08050934717113509,0.08060297294848177
43,0.0796164964197813,0.07970815267644947
44,0.07870121692263209,0.07879126836127238
45,0.07787930970089903,0.07796825083766333
46,0.07707903043293256,0.07716747361866938
47,0.0762464143167372,0.07633352146657561
48,0.07543252325522962,0.07551716072447544
49,0.07468979938910841,0.0747706462059812
50,0.07395402300035366,0.0740333219983715
51,0.0732760299343736,0.07335324688998007
52,0.07259481170865277,0.07266808159084055
53,0.0719469995188851,0.07201546614467914
54,0.07134137705379405,0.07141000216141619
55,0.07077868042853443,0.07084427762689414
56,0.0702147151414006,0.07027732516009588
57,0.06968741768694216,0.06974934376742158
58,0.0691696451762149,0.06923126239050711
59,0.06865167838215513,0.0687106074633823
60,0.06820780171065122,0.06826164160522394
61,0.06775391495411674,0.06780772849824918
62,0.06731379719731104,0.06736792447600354
63,0.06688438249117962,0.06693849982333985
64,0.06648672328342174,0.06653937524069597
65,0.06608353684181525,0.06613452109475068
66,0.06571265201124972,0.06576167864984944
67,0.06537468703954863,0.0654201285085542
68,0.06503451011686073,0.0650787588195568
69,0.0647148835251318,0.06475877390533129
70,0.06437964498874628,0.06442209306636308
71,0.06407461833926795,0.06411610624619841
72,0.06377888440272718,0.06381818364901752
73,0.063501056565379,0.06353956805502148
74,0.0632396802416314,0.06327518580099367
75,0.0629726336087379,0.06300675622817019
76,0.06272003663307663,0.06275231134243646
77,0.06246941562329521,0.06250004034886555
78,0.06223558248735263,0.062263967248124316
79,0.06200445629749631,0.062030750160237506
80,0.06178415822494695,0.06180961434347503
81,0.06156689700086266,0.061590091994167394
82,0.06137574857334927,0.06139667716033373
83,0.06118360506590822,0.061203480657691926
84,0.06100862911153003,0.061027534926777816
85,0.06084159724512891,0.060859204006433944
86,0.060687913530593586,0.06070385307972559
87,0.060537496803390815,0.060553080855384044
88,0.060381884919322205,0.06039581822566178
89,0.060237927208379116,0.06025109373821385
90,0.06009388067492295,0.060104515755969645
91,0.0599632420842765,0.05997211272917717
92,0.05983757627023613,0.05984550970213964
93,0.05971320219296729,0.059719417205802795
94,0.05959256086322086,0.05959699064591483
95,0.05948461081642945,0.05948693803427085
96,0.05937400862340944,0.059375459630737246
97,0.059270723128623665,0.059270861113709376
98,0.059165628195116456,0.05916495285708098
99,0.059068362078695646,0.05906644412981397
100,0.05897423718435342,0.05897116023077551
101,0.0588788059581745,0.058874356578210135
102,0.05879342703911189,0.058787226991941686
103,0.05870547540800375,0.05869801260813525
104,0.05862077494962494,0.05861248395394629
105,0.058541462861187527,0.0585320408023586
106,0.058472195974189865,0.05846042591523622
107,0.05839833335361915,0.05838578605238165
108,0.05833013869790194,0.05831648622249985
109,0.058265287512083284,0.05825114640815007
110,0.05820113556110135,0.05818522277469462
111,0.05813934385807654,0.05812210696617202
112,0.05808212046439049,0.05806359943718729
113,0.05802828031797089,0.058009031025160696
114,0.05797630210891114,0.05795597607265222
115,0.05792547335797461,0.05790427786441282
116,0.05787583934914017,0.057853609982066734
117,0.05783059927175159,0.0578077587553726
118,0.05778660015938585,0.05776269639091431
119,0.05774369182489966,0.05771991030285376
120,0.05770308044314382,0.057678866168034026
121,0.05766573909047612,0.0576402121081701
122,0.05762786640844062,0.05760190442486765
123,0.05759393084684587,0.05756812869381562
124,0.05756042076708036,0.057533795803885186
125,0.05753125182907403,0.05750412727538026
126,0.057499655318462226,0.057472615270562896
127,0.057470077212483865,0.05744268064468573
128,0.05743949116592727,0.05741226115390523
129,0.057410811186609366,0.05738321451027617
130,0.0573835201328957,0.05735494449282352
131,0.057356259084365764,0.057326964185106674
132,0.05733084569318935,0.05730145762286323
133,0.05730683932346159,0.05727754655468217
134,0.057284407030030515,0.057254891087310855
135,0.057260654264198574,0.05723005790190951
136,0.05723963830892449,0.057208818233231394
137,0.0572180029112161,0.05718656921733764
138,0.05719681792188546,0.05716618903351256
139,0.05717488082245775,0.057144157963876646
140,0.057155779208043565,0.05712471386723132
141,0.057138126643967176,0.05710672940113525
142,0.057120776851155686,0.05708882269676734
143,0.05710395872459296,0.0570715034302945
144,0.057087504128234996,0.05705501834471674
145,0.05707388557836892,0.05704078225925026
146,0.05705864583823694,0.05702570973134657
147,0.05704470456489629,0.05701158814374894
148,0.0570295388798144,0.05699648464544303
149,0.05701426491557362,0.05698109686785025
150,0.05700138723010104,0.05696756774948697
151,0.056989407355667696,0.056956099859385115
152,0.056974826245293174,0.056942159912859155
153,0.05696403948468069,0.05693107587154587
154,0.05695135773144745,0.0569180561582043
155,0.056940138348628114,0.056906086876640755
156,0.056929196011419964,0.05689512374383828
157,0.056917796862892264,0.05688364901255638
158,0.05690705031506096,0.056873089114453726
159,0.056895790194515114,0.056863052385079375
160,0.056886462054411724,0.05685365362545741
161,0.0568779624405877,0.05684531824215765
162,0.05686910859000593,0.05683653120720346
163,0.05686087779010829,0.05682840293211484
164,0.05684984756909463,0.056817721063341105
165,0.05684140621367617,0.056809773955840866
166,0.05683258816702537,0.05680051497718049
167,0.056824398743204226,0.05679235553149433
168,0.05681680207473615,0.05678466942595505
169,0.05680720167796904,0.05677508436133176
170,0.05680065078563367,0.056768277883347144
171,0.056791890765167295,0.0567606133374635
172,0.05678453893117085,0.05675283915426658
173,0.05677864342522124,0.05674722203351145
174,0.05677127705512412,0.056740498833458226
175,0.0567648465730823,0.056734315243750055
176,0.05675766085086609,0.05672783246693332
177,0.05674946301072502,0.05672004596094794
178,0.056743094689100666,0.056713778157996
179,0.05673735160741179,0.05670802783270239
180,0.05673297465767463,0.05670367995047682
181,0.05672811498571478,0.056698521714509904
182,0.056722001093671356,0.056692399317910105
183,0.05671606658767614,0.056687146695302774
184,0.056709149174143964,0.05668044994860281
185,0.056703790473018344,0.05667524314585903
186,0.05669967937586507,0.05667105071960219
187,0.05669492855694375,0.05666624872544082
188,0.056688098123067146,0.05665967853565834
189,0.05668320857536453,0.05665507356716224
190,0.05667936384370204,0.05665135114614446
191,0.05667432662174573,0.056646516583617385
192,0.056669627210409114,0.05664195420693689
193,0.05666379694372928,0.05663675582174388
194,0.05665776102922563,0.05663060058636559
195,0.056653895541595334,0.056626649285912704
196,0.056650396995422916,0.056623358269225946
197,0.05664660116462516,0.05661968303880798
198,0.056642598163537144,0.056615650598499025
199,0.056638921864855495,0.05661221043080316
200,0.05663471952337232,0.05660837494533158
201,0.05663183261417632,0.0566053817753397
202,0.05662812835343414,0.05660206433423845
203,0.056623847486587886,0.05659881088431795
204,0.05661981125919899,0.056595009994238256
205,0.05661496811619221,0.05659041225064257
206,0.05661102393104092,0.056586935164546576
207,0.056607467424344575,0.056583971869149804
208,0.05660346092815772,0.05658027978118814
209,0.05660011471774999,0.056577320129069374
210,0.05659742553377862,0.05657473182627281
211,0.0565941785403098,0.056571548634181824
212,0.05659169736217914,0.05656957790539265
213,0.05658887343537088,0.05656708444156561
214,0.05658637438622359,0.05656496589475512
215,0.05658431449707273,0.056563338848409514
216,0.05658160675715769,0.05656088839802963
217,0.05657849191742044,0.05655777251969723
218,0.05657438626455648,0.05655396731636181
219,0.05657191413072774,0.05655144002179284
220,0.05656827176377704,0.05654846735841299
221,0.05656565955222141,0.056546159084994614
222,0.056561089164259705,0.05654270668922409
223,0.05655716189986418,0.05653898669094667
224,0.056555243443081625,0.05653720330100869
225,0.056551515516730676,0.05653342653084203
226,0.05654916664400901,0.05653134824296303
227,0.05654675624874746,0.05652906111117032
228,0.056544807005256235,0.05652790952928199
229,0.0565417380634102,0.056525268304899054
230,0.056538267258672635,0.05652182936330224
231,0.05653464137458341,0.05651902621210436
232,0.05653241616287527,0.05651702712090846
233,0.05653038846061794,0.05651500191890419
234,0.05652848123781551,0.056513805857175546
235,0.05652516900210417,0.0565109504304271
236,0.05652323942645436,0.056508917196201464
237,0.056519244027934554,0.05650544077816244
238,0.05651700251579269,0.05650355166015181
239,0.05651382356873775,0.056501022842522626
240,0.05651200777199555,0.05649940075242603
241,0.056509799355116415,0.05649745702771163
242,0.05650824206029987,0.056496197486112176
243,0.05650558743863022,0.05649384558105089
244,0.05650379455001621,0.05649196396420638
245,0.056502114275144164,0.05649029361797618
246,0.0565004635514817,0.05648883742650988
247,0.05649847002174154,0.05648746357664139
248,0.056496475043079704,0.05648606052719266
249,0.05649505881532387,0.05648477748917285
250,0.056493287420256964,0.05648316303522672
251,0.05649128574139856,0.056481742930633086
252,0.05648966911745883,0.05648047137250153
253,0.0564877039649689,0.05647881636280729
254,0.05648619308185919,0.05647759790237445
255,0.05648447648758884,0.05647635520261656
256,0.05648297102496883,0.05647491641932977
257,0.05648132764231925,0.05647363453433897
258,0.05647926779866365,0.05647192350991771
259,0.0564778034817821,0.05647040181324674
260,0.05647534996544698,0.0564692259647943
261,0.056473453744047344,0.056467607514533585
262,0.056472036518136155,0.05646635843984293
263,0.0564698677935281,0.05646452866287091
264,0.05646873148592818,0.05646353413813387
265,0.05646523094067834,0.05646079922457122
266,0.05646372275174244,0.05645963638638804
267,0.056461561160178975,0.05645773698282951
268,0.056460227969827886,0.05645664399752751
269,0.056458752666962535,0.05645560391758311
270,0.05645696205574856,0.05645399597491733
271,0.05645378759859822,0.056451017650853655
272,0.05645238782612138,0.056449835523864775
273,0.056450601448823884,0.05644835455043302
274,0.056448199186316814,0.0564458695084457
275,0.05644686803006201,0.05644479164981432
276,0.05644501235926876,0.05644330754675774
277,0.0564430798616794,0.05644186633016008
278,0.05644141849942077,0.05644030279315835
279,0.05643906208995782,0.05643824188343201
280,0.056437211724665245,0.056436433189466804
281,0.05643471908990703,0.0564343158903996
282,0.05643315847354457,0.056433401934123543
283,0.056431580350960554,0.05643237056627591
284,0.0564305559194077,0.05643125951851356
285,0.05642922908891862,0.05643027793552948
286,0.05642743026036569,0.05642859270313329
287,0.05642625200873954,0.05642756093641498
288,0.05642468446337382,0.056426194841473286
289,0.05642243179298885,0.05642415368788294
290,0.056421547105477865,0.056423408313183356
291,0.05642038533670853,0.05642233462758907
292,0.05641736055421585,0.056420062064522054
293,0.05641542219666377,0.05641842729854824
294,0.056413372628723424,0.05641649056903324
295,0.05641244221955435,0.05641581640929442
296,0.05641048879693202,0.05641433353328857
297,0.05640838966234533,0.056412541873992146
298,0.05640688306534551,0.05641131090156009
299,0.056405348671732976,0.056410769479433784
300,0.05640450130214349,0.0564099158182473
301,0.056403155926885905,0.056408885372141955
302,0.05640300823604265,0.05640874887142528
303,0.05640184922842977,0.05640809192326635
304,0.056401056562732615,0.05640751982448795
305,0.05639938949137495,0.056406446309486914
306,0.056398183961346604,0.0564056773874224
307,0.05639781110682251,0.0564055072223543
308,0.05639594154942342,0.05640450121452334
309,0.056394719634128815,0.05640406309123342
310,0.05639377318612182,0.05640338653795527
311,0.05639253203804341,0.05640282717226653
312,0.056391553442568326,0.056402427059857194
313,0.05639086014354499,0.05640229206312233
314,0.05638940833231037,0.056401199808811114
315,0.05638830541175833,0.056400292514953466
316,0.05638755001962565,0.05639991830538332
317,0.05638717187522435,0.05639963162477218
318,0.05638587203427848,0.0563990367374153
319,0.056385214330106966,0.0563985661529235
320,0.05638396547244998,0.05639739790452038
321,0.056382971816259224,0.056396544150714864
322,0.05638185667402573,0.05639570713255734
323,0.05638161958647124,0.0563954745527335
324,0.05638075981261538,0.05639471878026271
325,0.05637927207391297,0.056393576093045385
326,0.05637793981001216,0.05639258431650095
327,0.05637681563973421,0.056391735982733254
328,0.05637582187955037,0.056390705382426805
329,0.05637458628624123,0.05638966218888243
330,0.056373430350340904,0.05638878095120152
331,0.056372431755839406,0.056387941045120564
332,0.056371241108741865,0.056387203125155876
333,0.056370473272158605,0.056386567399625734
334,0.05636915979145458,0.05638593241808997
335,0.056367935561025415,0.0563850989442358
336,0.056367268918767116,0.05638459857656416
337,0.05636579747358536,0.05638361177323812
338,0.05636491902185682,0.05638279407327165
339,0.05636407491508325,0.056382126084433805
340,0.05636319429995477,0.05638147045859189
341,0.056362200974712076,0.056380677259410095
342,0.056361603726429815,0.056380204847207856
343,0.05636090798460504,0.05637977234118592
344,0.05635993455166014,0.056378903434815976
345,0.05635928778037619,0.05637833904854892
346,0.05635837677008154,0.056377453429885004
347,0.05635783114383742,0.05637698851785145
348,0.056355780223309775,0.05637564712493414
349,0.05635431921010905,0.056374421928066264
350,0.05635327496667897,0.056373463881864996
351,0.05635272790605105,0.05637311899102265
352,0.056350644911938384,0.0563717612386393
353,0.056349591317190355,0.05637119048179794
354,0.05634904426222477,0.056370825274408405
355,0.05634753149702708,0.05637031212133906
356,0.056345990620865136,0.05636884352102557
357,0.056345751987666955,0.0563687289167538
358,0.05634414074111889,0.05636745301701821
359,0.05634384456914662,0.05636722571779642
360,0.05634268366480206,0.05636659185635694
361,0.05634186342620122,0.05636577462615449
362,0.05634092152443316,0.05636512309763425
363,0.056339132704576265,0.05636353022918836
364,0.056338675814033165,0.05636322368463679
365,0.05633825983773394,0.05636288501480041
366,0.05633753344164574,0.056362511109692266
367,0.05633667593285739,0.05636187986049504
368,0.05633594206911222,0.05636155116502297
369,0.05633509853826689,0.05636086935348595
370,0.05633334916273852,0.056359791979043034
371,0.05633220681307722,0.056358919907072
372,0.0563299301712751,0.05635708576758858
373,0.05632827515685014,0.05635555937494718
374,0.05632809576606687,0.05635546460790934
375,0.056327895833228954,0.05635533949135136
376,0.056326635478356465,0.05635416563564739
377,0.05632512323036479,0.05635308520914037
378,0.056323959318709864,0.05635237943288572
379,0.05632276748891554,0.056351376077811634
380,0.05632202746507943,0.05635078470282846
381,0.05632058361629875,0.05634965750904676
382,0.0563181767153989,0.056347576321055005
383,0.05631680151180107,0.056346812244595014
384,0.05631657347315825,0.05634664382191084
385,0.05631574249709691,0.0563460130707707
386,0.05631416442740629,0.0563448738793925
387,0.05631335837593711,0.05634474777424261
388,0.05631270791639023,0.056344306766995395
389,0.05631161233048368,0.056343668642843146
390,0.056309626431382334,0.05634207302768513
391,0.056308826409462505,0.05634158567471246
392,0.05630777364650334,0.05634150024632396
393,0.056306904117919894,0.05634081720776079
394,0.05630538468730828,0.056339791790731106
395,0.05630412596559701,0.056338992872712775
396,0.05630335497605275,0.056338782172360935
397,0.0563017361322243,0.05633728421415368
398,0.056300591676992716,0.05633625033888661
399,0.056299569114164644,0.056335385649544906
400,0.05629889424323114,0.05633508342568694
401,0.056297837248309605,0.05633456622075305
402,0.056296603349502865,0.05633336472193335
403,0.05629535242863075,0.056332870602073204
404,0.0562934405081345,0.05633104135095615
405,0.05629236896595355,0.05633037871440637
406,0.05629191421820576,0.056330220300886115
407,0.05629074503662133,0.05632966765340675
408,0.056289839945462425,0.05632900923819906
409,0.05628798879014117,0.05632765928183444
410,0.05628672586455149,0.056326818639072185
411,0.0562854644813551,0.05632635886865177
412,0.05628454460768597,0.05632583424216467
413,0.056284535299535046,0.05632584997231998
414,0.0562828261716016,0.056324660483298185
415,0.05628138109351297,0.05632351077912251
416,0.056280239221947824,0.05632258751966103
417,0.05627825223220213,0.056321901133427534
418,0.056277410029390476,0.05632157924299539
419,0.05627688890847932,0.05632117553721098
420,0.05627461417016164,0.0563195893440389
421,0.05627397529835253,0.056319182083611564
422,0.056273154521621016,0.056318497562540155
423,0.05627211093685093,0.05631804968312171
424,0.05627134670035176,0.05631748023305106
425,0.056270638302235804,0.05631718425875616
426,0.0562695884329927,0.05631652465486113
427,0.05626798416754231,0.05631571791027801
428,0.056266936094111264,0.05631464892857098
429,0.056265834028515,0.0563136380359219
430,0.05626454745534722,0.056312682489110116
431,0.05626424305818368,0.056312622363855425
432,0.056263806635258054,0.05631214279955011
433,0.056262890322895075,0.05631167406134733
434,0.056261996406384455,0.05631137830229275
435,0.056261687372221626,0.0563111554234207
436,0.05626097223426539,0.056310526263524556
437,0.05625998622688052,0.056309632993793754
438,0.0562586037987445,0.056308816319850005
439,0.05625672376563159,0.056307307377187595
440,0.056254941961221966,0.056305728768493185
441,0.05625413311176286,0.056305500715659505
442,0.05625339346072447,0.05630498730727929
443,0.05625270016022378,0.056304649063724635
444,0.05625142099853587,0.05630394092955164
445,0.056250852182387096,0.05630374956230014
446,0.05625066522622752,0.05630353242482679
447,0.05624974082851559,0.05630342362271428
448,0.056248691149359015,0.05630325892184704
449,0.0562478076230177,0.05630257611353361
450,0.05624643089515477,0.056301592492658224
451,0.05624585337579156,0.05630119932079022
452,0.05624517525396751,0.056301016309172155
453,0.05624436861178872,0.056300328448584576
454,0.05624333149347592,0.056299874722057545
455,0.05624209630273137,0.05629904631371389
456,0.0562411357859106,0.056298085337240775
457,0.05624046875203041,0.05629785404571056
458,0.05624003915327916,0.05629785445134182
459,0.05623887611247659,0.05629684801679951
460,0.056237674976106,0.056296707916945306
461,0.05623699097248191,0.056296602117333235
462,0.056236457947951644,0.056296255147942224
463,0.05623565443865152,0.056295815725827786
464,0.05623418819469404,0.05629474950674053
465,0.0562327424724551,0.05629373904860063
466,0.05623176529439897,0.0562930656601311
467,0.056231673144445764,0.056293029026258885
468,0.056231572979338756,0.05629294588540932
469,0.05623092375989971,0.056292545389085034
470,0.05622943700330022,0.0562913966283516
471,0.05622815387241629,0.056290778255896505
472,0.05622696645846031,0.0562900575183414
473,0.056225656598032976,0.05628967034940348
474,0.056224320951962455,0.05628889229591344
475,0.056222459631589054,0.05628770720378798
476,0.05622235866137421,0.05628766390407968
477,0.05622163954319521,0.05628734193945247
478,0.05622066975553788,0.056286642443651336
479,0.0562199994118034,0.05628643966977329
480,0.05621845276247999,0.05628528090888595
481,0.05621763676654936,0.05628536000046613
482,0.05621659980583535,0.05628458247877028
483,0.05621548129235847,0.05628356000676936
484,0.056213737945773196,0.056282085421759914
485,0.05621217493899377,0.056280810651751396
486,0.056211647151512625,0.05628058497869226
487,0.05621016314167914,0.05627967421562131
488,0.05620932292251409,0.056279629967485464
489,0.0562084332873954,0.056278785603108804
490,0.05620825382518053,0.05627883517886793
491,0.056207538603065876,0.056278307469446044
492,0.056206700066623407,0.05627764353854223
493,0.056205160395269446,0.05627672099708964
494,0.056204457384491625,0.05627644096804796
495,0.05620366817387406,0.05627581183819458
496,0.05620295637349028,0.05627548588353853
497,0.05620217541693171,0.05627521794584052
498,0.056200856620476546,0.05627445448610531
499,0.05619991365169136,0.05627371343165081
500,0.056199681099618266,0.056273674706703386
501,0.056198481669831137,0.056272870485505416
502,0.05619727739532743,0.056272194584158754
503,0.05619624994422353,0.05627136389020366
504,0.05619465036895683,0.05627024592121874
505,0.0561932359625683,0.05626933307000467
506,0.05619203316510079,0.05626848937566011
507,0.056190905093626516,0.05626829438549286
508,0.056189392913219754,0.056267150451198365
509,0.05618913306838038,0.056266961612303996
510,0.05618738924307428,0.05626556169581484
511,0.05618641777163337,0.056264783610184194
512,0.05618556931572191,0.056264418501263756
513,0.05618486283767535,0.05626389015457786
514,0.05618312550399636,0.056263192799965174
515,0.056182475342593796,0.05626273607301049
516,0.056181884151789374,0.056262381782485105
517,0.056180536660543116,0.0562611046139688
518,0.05617985433207471,0.05626072838687182
519,0.05617915799307126,0.056260400301772595
520,0.056178278884119845,0.056259801094159484
521,0.056177431841540955,0.056259318724635916
522,0.05617641806227293,0.05625911490637131
523,0.05617433034047688,0.056257786613387165
524,0.05617330593607772,0.05625714331998383
525,0.056172031003057954,0.05625622684321804
526,0.056170454761080305,0.05625526978859865
527,0.05616983596303029,0.056254898547812446
528,0.05616886269410503,0.05625423448029075
529,0.05616832797012703,0.05625394063471749
530,0.056167383440054765,0.05625334462915678
531,0.05616710831540056,0.05625318063586672
532,0.056166406008290745,0.05625283263309876
533,0.05616479905377773,0.056251782449677205
534,0.0561635296473056,0.05625089839005234
535,0.05616276114184978,0.05625071954020224
536,0.05616274173578061,0.056250688025063375
537,0.056162086571607095,0.056250687362202186
538,0.05616113377168016,0.05625005534453757
539,0.05615988895308438,0.056249017663303084
540,0.05615871744950713,0.0562482445557373
541,0.05615801797789175,0.05624765464711669
542,0.056157419692601386,0.05624756362907655
543,0.056157059549520036,0.05624738632198554
544,0.0561565034873758,0.05624701607761854
545,0.05615592638851213,0.056246648626438044
546,0.05615512828702763,0.05624645035052151
547,0.05615393646976104,0.056245971964933195
548,0.05615330752150099,0.05624551034406297
549,0.056152972678531365,0.056245299482056275
550,0.05615194861544118,0.05624452708191161
551,0.05615059108553115,0.05624327827169047
552,0.05614922071335546,0.05624259915655799
553,0.05614808362145814,0.05624183070985527
554,0.056147550290921604,0.05624189333494721
555,0.05614601274742275,0.05624118006720587
556,0.05614527802027496,0.0562410814888919
557,0.05614444801703024,0.05624040968010203
558,0.05614319700086741,0.05623960987820136
559,0.05614241948379219,0.05623995444640807
560,0.05614148295135808,0.05623908242348544
561,0.0561399856063344,0.05623794135255373
562,0.05613893806856704,0.056237509616549816
563,0.056137571666032136,0.056236689932056765
564,0.05613673364082756,0.056236069875628666
565,0.0561355935010184,0.05623520074531336
566,0.05613489284088447,0.056234772417087055
567,0.0561335333029367,0.05623397615904026
568,0.05613212230118607,0.056233126435448526
569,0.056130674898256315,0.05623242538111469
570,0.056129649699967366,0.0562317304655631
571,0.05612877513076154,0.056231125464254635
572,0.05612831521345641,0.056230779979462304
573,0.05612678363528521,0.05622991177225888
574,0.05612550366193374,0.05622910619228382
575,0.05612472722643687,0.056228885031010666
576,0.05612359189993655,0.05622816967878844
577,0.05612228666339424,0.056227200971859986
578,0.05612140272574637,0.05622683483682414
579,0.056120018868684965,0.0562259694671655
580,0.05611928837541214,0.0562253909805818
581,0.05611860292561175,0.05622540626964842
582,0.05611723726257653,0.05622493166941266
583,0.056116285982381296,0.05622406550990861
584,0.05611475375541481,0.056222944395450745
585,0.0561139003530222,0.056222503187118994
586,0.05611316266282663,0.056222249094294324
587,0.056111980694808536,0.056221604129381486
588,0.056111549118559166,0.05622145673636119
589,0.05611075952315763,0.056221004358803756
590,0.056110002658055165,0.05622061840160927
591,0.0561091252287126,0.05622001116019572
592,0.05610742381680548,0.056218607570073326
593,0.056106873915807334,0.056218552719690736
594,0.056106074689113786,0.05621827320708076
595,0.0561050277795117,0.05621766983534821
596,0.056103718432562885,0.056217510386861964
597,0.056102532513980584,0.05621726211682079
598,0.05610173676883824,0.056216779589712516
599,0.05610076638892288,0.0562164569406062
600,0.05610054449312238,0.056216271864717116
601,0.05609920129601387,0.05621559600651273
602,0.05609861161385154,0.05621520941128582
603,0.05609773163907059,0.05621480461524012
604,0.05609697306099404,0.05621415352663669
605,0.05609617890170056,0.05621385589333981
606,0.056095446564611726,0.05621317060803454
607,0.05609468732326261,0.056213080021807665
608,0.05609400024105952,0.056212835651990964
609,0.056093673143371395,0.056212660677377374
610,0.056092979908431054,0.05621196691012136
611,0.05609218706217598,0.05621153572652542
612,0.05609159183960301,0.05621131678178304
613,0.056090943794621956,0.05621115615750398
614,0.05608969190155613,0.05621079194501654
615,0.056088269474311524,0.05620995114456649
616,0.056087457233456074,0.056209358768492354
617,0.05608688737533831,0.05620897393639994
618,0.05608578810415277,0.0562085478923943
619,0.056085247142623876,0.05620808943379969
620,0.05608416831557064,0.05620766012384338
621,0.05608381353756698,0.056207488430702265
622,0.05608311565530042,0.0562070958192313
623,0.05608240595652644,0.05620655345384544
624,0.056081246606726254,0.05620586465692438
625,0.05608041759732171,0.0562054560427113
626,0.05607978796723714,0.056205179741766954
627,0.05607918464756557,0.05620492564438586
628,0.05607840971441044,0.05620442409664017
629,0.056077541036609245,0.05620384875399266
630,0.056076951206718004,0.05620357387235114
631,0.056076490697531615,0.056203291310770606
632,0.0560758875608246,0.05620309639216059
633,0.05607527963986149,0.05620265100101915
634,0.056074254516678274,0.05620227098527553
635,0.05607361004982289,0.05620180057957504
636,0.05607291566873143,0.056201713232885524
637,0.05607234368267262,0.05620148187520191
638,0.05607179173059545,0.056201249369098344
639,0.056070512157191214,0.05620048547051663
640,0.05606974751576836,0.05620031549756135
641,0.05606871713811479,0.056200144653351644
642,0.0560677976779042,0.056199909092645564
643,0.05606703562030294,0.056199290315736075
644,0.05606654088178975,0.05619906923415305
645,0.056066010568740055,0.05619889922486546
646,0.05606542029335251,0.056198723539897244
647,0.05606504847686941,0.05619848305808751
648,0.05606385407425812,0.05619773360422855
649,0.056063266175036756,0.056197196854145606
650,0.05606207158514,0.056196675239953094
651,0.05606156009895323,0.0561963414387345
652,0.05606116356018765,0.05619607533808033
653,0.0560602538628939,0.056195337316037625
654,0.05605964585636666,0.056195122847833415
655,0.05605856790509649,0.056194310972870115
656,0.05605757838804248,0.05619352162443678
657,0.05605705141334018,0.05619323457108031
658,0.056056254814729624,0.05619315569628793
659,0.05605563450198465,0.05619255401408616
660,0.05605513329072022,0.05619220462035053
661,0.056054509683875195,0.05619187927197606
662,0.05605382670333098,0.056191674077999534
663,0.05605349230859663,0.05619146114168077
664,0.0560520538687168,0.05619033792902428
665,0.056051397587387794,0.056189986918664524
666,0.05605084501150716,0.05618985055302365
667,0.056049596447532865,0.05618913503067968
668,0.056049111606080414,0.05618880201040338
669,0.05604826202071084,0.05618818416424677
670,0.05604742425209683,0.05618763667933057
671,0.056047301503721524,0.05618756662714689
672,0.056046928298149765,0.05618753514085515
673,0.05604602507282863,0.05618742156947329
674,0.05604571836256739,0.05618739753173821
675,0.05604489070897203,0.056187249304213815
676,0.0560441734379433,0.056186825700074654
677,0.056043468455384216,0.05618682426616027
678,0.05604344299714887,0.05618682588804574
679,0.056042447056934744,0.056186394544769744
680,0.05604202564774256,0.05618623444130299
681,0.056041644829044945,0.056186009311595446
682,0.05604058920540317,0.05618583131352514
683,0.05603924025432986,0.05618541857753197
684,0.05603865658405527,0.05618500495342973
685,0.05603767219036256,0.05618430699647388
686,0.0560370517017046,0.0561837646107611
687,0.05603681442958699,0.05618365339889293
688,0.056035999320401236,0.05618313409820996
689,0.056035719291895186,0.05618309704221718
690,0.05603511177022686,0.05618307112846132
691,0.05603444414321026,0.05618261421490357
692,0.056033884020265164,0.05618275009664891
693,0.0560333359714432,0.05618220454255143
694,0.05603220902067721,0.056181335971286835
695,0.05603128768453431,0.056181349655905106
696,0.05603097496882067,0.056181285052152585
697,0.056030736953197394,0.05618116100805504
698,0.05603006588209154,0.05618064523958349
699,0.056028711613573715,0.05618009090515999
700,0.056027718363344484,0.0561795070466615
701,0.056027104012555645,0.056179437778095496
702,0.056027006068523,0.056179386219474554
703,0.056026088897687704,0.05617913302953995
704,0.05602552490640675,0.05617894162615581
705,0.05602438486911392,0.056178339350999376
706,0.056023681218696074,0.056178227397293994
707,0.05602302724872188,0.05617766003182238
708,0.05602239258961888,0.05617742822110931
709,0.056021495218522344,0.05617713548922141
710,0.0560208620212224,0.056176646887778306
711,0.05601998080805423,0.05617598997776128
712,0.05601994961937279,0.05617598570909189
713,0.05601861282272703,0.05617544565836604
714,0.05601805515902435,0.05617526880110966
715,0.05601746657610673,0.056175220032054295
716,0.05601689201823798,0.05617494056378709
717,0.05601660179695196,0.056174803432887305
718,0.05601599924094947,0.056174564631002
719,0.0560156372525217,0.05617436807478719
720,0.056014857166158734,0.05617381043891326
721,0.056014509297980734,0.056173707193797884
722,0.056013181262640176,0.05617320111180272
723,0.05601290896828377,0.056172991955238755
724,0.05601244904532287,0.05617268512526434
725,0.05601192004501801,0.05617238597888263
726,0.05601135120045629,0.05617231641864644
727,0.05601087585734215,0.05617212592029786
728,0.05600981950213276,0.05617115587169669
729,0.05600902683954997,0.05617057079773882
730,0.05600862370229607,0.056170200226225216
731,0.05600750329098177,0.05616968932088338
732,0.056006934624200436,0.056169475436596235
733,0.05600615128443433,0.05616894367130724
734,0.05600533033843997,0.05616890500129274
735,0.05600482193300984,0.05616889438822573
736,0.056003943122755646,0.05616824265476929
737,0.05600364419859523,0.056168019469165144
738,0.056003032553812226,0.05616780566188685
739,0.056002860338959314,0.056167800616814034
740,0.056002295095801194,0.056167531984523726
741,0.056001722553650095,0.05616726339281342
742,0.05600098397816704,0.05616685729767459
743,0.05600034851164997,0.056166706198028396
744,0.05599941177447579,0.05616611909849342
745,0.05599897505387548,0.056166161527239404
746,0.055998380987386,0.05616619747663035
747,0.05599745077784169,0.0561656473722512
748,0.05599684364770318,0.05616522786056286
749,0.055996558197281936,0.05616508074863765
750,0.0559953050562437,0.056164525356451785
751,0.05599493452223882,0.05616438734311505
752,0.05599443656260582,0.056163989467051964
753,0.05599394210552271,0.056163646237857724
754,0.05599343768190116,0.05616338422230039
755,0.055992419546951125,0.05616261209728895
756,0.05599142846527281,0.0561618540495934
757,0.0559906344923524,0.05616177484895127
758,0.05598976905847324,0.05616127197639464
759,0.05598930293211796,0.056160875284051615
760,0.05598839303524278,0.05616015145489415
761,0.05598778536900934,0.05615963448681465
762,0.05598766474115765,0.05615961737561453
763,0.05598708968961911,0.056159360955282095
764,0.05598605671977273,0.05615864335729844
765,0.055985827032102926,0.056158452934050966
766,0.05598577221003996,0.05615841977205068
767,0.0559854681822337,0.05615821202265312
768,0.05598468375447662,0.05615806447030093
769,0.055984550682987494,0.05615798931375438
770,0.055984012187717855,0.05615792319496765
771,0.05598378195679389,0.0561577494247618
772,0.055982949707492666,0.05615710549259678
773,0.05598226640188699,0.056156836320339645
774,0.05598178024582746,0.05615674242078516
775,0.05598087342552624,0.056156880153956396
776,0.05598040249430143,0.056156605026462476
777,0.0559799706085505,0.056156383557689794
778,0.055979673555719436,0.05615629223276968
779,0.05597910646093964,0.05615590905098651
780,0.055978588214330306,0.056155417187686574
781,0.055978166313062905,0.056155174660276426
782,0.05597747288476403,0.05615468121141771
783,0.055976875463189774,0.05615465597224159
784,0.055976395170837856,0.056154329475799084
785,0.055975792139570636,0.05615418850522645
786,0.05597487267173369,0.05615358455248392
787,0.05597438262881203,0.056153415992607994
788,0.05597411661916659,0.05615335330045991
789,0.055973341990072555,0.056153051527863276
790,0.055972705651757944,0.056152687490383435
791,0.055971890883826245,0.056152294747093545
792,0.05597144345062421,0.05615195740628455
793,0.05597091038823775,0.05615184844171049
794,0.05597026801322677,0.05615177247291278
795,0.05596981793284971,0.05615136994141541
796,0.05596893388507337,0.056150779938816384
797,0.055968053238283084,0.056150075188172076
798,0.05596743745278316,0.05614982930310426
799,0.05596723696381959,0.05614963931159636
800,0.05596643376593352,0.05614887140818646
801,0.055965965997084005,0.05614859308595454
802,0.05596545170056366,0.05614818387238153
803,0.05596467405479948,0.05614761302574917
804,0.05596405937788511,0.05614724857488503
805,0.05596381051736225,0.05614714488543075
806,0.05596273541654293,0.05614687983064236
807,0.05596179013071777,0.056146761449791784
808,0.05596157769473632,0.0561466597352852
809,0.055961438313554726,0.05614660455861725
810,0.05596056922307326,0.05614623148802816
811,0.055959957718656965,0.05614624197769768
812,0.05595935365997983,0.056146214959120526
813,0.05595856078416404,0.05614566719412944
814,0.0559580232461975,0.05614550514965817
815,0.05595738260676435,0.05614552246428469
816,0.05595673431237121,0.056145101495252
817,0.055955920195254104,0.056144439521285665
818,0.05595549948481438,0.05614435881139904
819,0.05595486463194519,0.05614385678106471
820,0.05595393060449524,0.05614381944609008
821,0.055953239080149944,0.05614333196381345
822,0.05595263744735381,0.05614299803153213
823,0.05595203731780432,0.05614287732924849
824,0.055951909317147566,0.05614285389362524
825,0.05595183898133185,0.05614285373141517
826,0.05595142749738858,0.056142474677657664
827,0.05595060482146149,0.05614171314581798
828,0.05595013970985285,0.05614171233929309
829,0.05594945648046491,0.05614129001759262
830,0.055949101679560125,0.056141122814208126
831,0.055948481173396694,0.05614101765464991
832,0.05594785236137008,0.05614058023953157
833,0.05594703158311528,0.056140237122410064
834,0.055946392822272865,0.056140304419172254
835,0.0559462649245797,0.056140342531263605
836,0.05594615904046102,0.05614035288935873
837,0.05594568965263865,0.05613988704898047
838,0.05594473986199327,0.05613959945011386
839,0.05594385779843546,0.0561393854383394
840,0.05594325809228679,0.05613891535575966
841,0.055942646830851164,0.05613864585639338
842,0.05594175962026927,0.05613821583521931
843,0.055940992684211606,0.05613799748695577
844,0.05594038763711095,0.05613793626103491
845,0.055939655974189234,0.0561376180217366
846,0.055938893627952735,0.05613714085735056
847,0.05593806967026006,0.05613701955483025
848,0.055937669187157674,0.05613707995591456
849,0.055937426135620666,0.05613695043458637
850,0.05593662374132363,0.05613638606742289
851,0.055936593851164305,0.05613638760512936
852,0.055936496721045885,0.056136390728591896
853,0.05593531989777747,0.05613577311988484
854,0.05593499145943435,0.05613560739224133
855,0.05593450973380708,0.056135139745413495
856,0.05593427532968568,0.056135089535406656
857,0.055933890926558726,0.05613500499232293
858,0.055933472494662434,0.05613476587064001
859,0.0559331158518524,0.05613468364683567
860,0.055932618451910644,0.05613451464442473
861,0.05593201246204846,0.05613434992742826
862,0.055931277277477015,0.056133968308805515
863,0.055930229219311726,0.05613342772953674
864,0.05592947636755282,0.056133195808549884
865,0.055928470408133577,0.05613262925872931
866,0.05592775202400939,0.05613230853856701
867,0.05592712388923916,0.056132187432251554
868,0.055926966503040444,0.05613214571793463
869,0.05592630582565598,0.05613243904716643
870,0.05592541052730331,0.05613225997928183
871,0.05592524005516429,0.05613228802259135
872,0.05592484943677206,0.05613215245568059
873,0.05592405702643288,0.056131725332197326
874,0.055923636020076294,0.05613153265178829
875,0.05592256590460703,0.05613086203662421
876,0.05592206889091581,0.0561305313878248
877,0.055921181899109,0.05612977727221891
878,0.05592087224116001,0.05612953917953828
879,0.055920208755703235,0.05612959426356419
880,0.055919560860553295,0.056129124799482615
881,0.055919255767752966,0.05612883150910926
882,0.05591843704464324,0.05612883833254248
883,0.055917722944002476,0.05612822407657909
884,0.05591701960470643,0.056127906156092956
885,0.05591676811198759,0.056127747018690353
886,0.0559166237387011,0.056127630857607656
887,0.055916081927865104,0.0561276094277513
888,0.055915314221069594,0.056127629824949565
889,0.05591446235430871,0.056126872600137406
890,0.055914441262079714,0.0561268725959782
891,0.05591400212945208,0.05612648524915746
892,0.055913698865175825,0.05612624123878259
893,0.05591298314922672,0.056125857352310425
894,0.055912363456363814,0.05612562531130706
895,0.05591182528109054,0.05612542468928459
896,0.05591154609876287,0.05612542739244415
897,0.05591120151973481,0.05612516788437157
898,0.05591037157417118,0.05612475687106495
899,0.0559098837646251,0.05612447524497106
900,0.05590978338201735,0.05612443185770661
901,0.055909031497644104,0.05612406518241459
902,0.05590855270047051,0.056123770750802986
903,0.05590791329287959,0.05612385563676103
904,0.05590744651070834,0.056123530447191115
905,0.055907032729704785,0.056123509041572664
906,0.05590611172996098,0.05612272514071741
907,0.05590558721968882,0.05612249012172377
908,0.055905540049401375,0.05612244964709587
909,0.055904891021644414,0.056122150516744886
910,0.05590442254630267,0.056121887918485394
911,0.05590385989883918,0.056121611228755454
912,0.05590347971708505,0.05612155029486031
913,0.055903207099659936,0.05612146773745285
914,0.055902617859464494,0.056121431653054034
915,0.05590196214253989,0.056121024885472603
916,0.05590182325261702,0.056120991255707145
917,0.05590173102063921,0.056120977951193016
918,0.055900862730965416,0.05612046171256151
919,0.05590016442986315,0.05611987824177896
920,0.05589982677574994,0.056119604346530516
921,0.055899054585675546,0.0561195271376114
922,0.05589849555676416,0.05611920907057901
923,0.055897761679543335,0.05611910669537881
924,0.055897732967642604,0.056119112980509915
925,0.05589699310915786,0.05611898361747022
926,0.05589641981298796,0.0561187615879354
927,0.05589572529918032,0.056118259340521566
928,0.05589540205525395,0.05611836607712513
929,0.055894554204954906,0.056117532001137685
930,0.05589376174530824,0.05611733662502716
931,0.05589369581769627,0.05611733899299949
932,0.05589321630825891,0.05611715874430511
933,0.05589302480515084,0.056117046100834844
934,0.05589246899702343,0.05611674712458792
935,0.05589206563149314,0.05611668740792093
936,0.055891955904460146,0.056116593226239485
937,0.05589129861931484,0.0561164042126771
938,0.05589074136172392,0.05611616892301922
939,0.05589025438479521,0.05611595210349817
940,0.05588975109540365,0.05611568537546598
941,0.05588923169838499,0.05611562023331768
942,0.05588827151650159,0.056115461379245106
943,0.05588806087725064,0.056115436265232264
944,0.05588720659734221,0.056115076962027076
945,0.05588625685182621,0.05611487997292426
946,0.05588614574924732,0.05611487794135805
947,0.0558855426858444,0.05611474335959903
948,0.05588516808467363,0.05611442241281024
949,0.055884746515940616,0.056114173725069307
950,0.05588402370661144,0.056114081748091335
951,0.05588394276963342,0.05611402516474184
952,0.05588337694352058,0.05611357419214844
953,0.05588297757422046,0.056113251293274206
954,0.05588289340042456,0.05611321658003218
955,0.05588262737378319,0.0561131754698757
956,0.05588205898271452,0.05611273104319277
957,0.055881396504746494,0.056112277590604796
958,0.055880744365728735,0.05611175432070693
959,0.055880104819167296,0.05611173047828092
960,0.055880016438458885,0.056111661282709585
961,0.05587939778832025,0.05611144401087708
962,0.055878967720582866,0.05611117505767936
963,0.05587849435792565,0.05611122879503949
964,0.055877679515035264,0.05611077579543269
965,0.055877061205141854,0.05611058788451818
966,0.055876579201354616,0.056110781319636725
967,0.05587571675637292,0.05611058031801781
968,0.05587474925214506,0.056110239954326485
969,0.05587434584929309,0.056110141926007454
970,0.05587376045195751,0.056109975362015306
971,0.0558726478080852,0.05610959513336176
972,0.05587232986665227,0.0561093825676557
973,0.05587216933761494,0.05610932920529365
974,0.0558713292837711,0.05610938536541937
975,0.055871079949289165,0.056109261320847655
976,0.05587096272717233,0.05610916545914007
977,0.055870355756118914,0.0561089066018845
978,0.0558697303474366,0.05610867137866505
979,0.05586915018415104,0.05610830988673851
980,0.05586898408034948,0.05610829248537822
981,0.055868434596858266,0.05610800045405817
982,0.055867469206438626,0.056107409663204044
983,0.05586730952583722,0.056107323217231206
984,0.05586720774890526,0.05610730728944293
985,0.055866642384643735,0.056106952803929015
986,0.055866191127823706,0.056106626681261026
987,0.05586557094103342,0.05610652780909878
988,0.055864782482053066,0.05610635103830342
989,0.05586437042686792,0.05610629782437075
990,0.0558642544629599,0.05610630623398079
991,0.05586372504335848,0.05610610811097949
992,0.05586267111299557,0.056105813546600145
993,0.05586231795176891,0.05610574119033124
994,0.0558617026707029,0.05610544232218226
995,0.055861149583855144,0.05610515696139524
996,0.055860229963754074,0.0561048802980291
997,0.055859701977696866,0.056104736323676796
998,0.055858570731713006,0.05610410507692819
999,0.05585771235835551,0.056103946576417874
1000,0.05585722815759668,0.056103855529028246
1001,0.05585711133249798,0.056103829888831516
1002,0.05585705878515107,0.05610383804932339
1003,0.055856474173014,0.05610378476201677
1004,0.05585609831083973,0.05610376065765843
1005,0.05585565663029716,0.05610348465781727
1006,0.05585548663364958,0.05610343061931101
1007,0.055854608970113045,0.0561033652598117
1008,0.0558535800339187,0.05610297888624573
1009,0.05585354385460067,0.05610299149284135
1010,0.055853057337166605,0.05610261517333021
1011,0.05585291235004513,0.05610250663900395
1012,0.055851999943407976,0.05610209158332741
1013,0.05585101525815843,0.05610169618198255
1014,0.05585039568027636,0.05610119582799534
1015,0.05584987448720544,0.05610120762229135
1016,0.055849238317130755,0.05610107485442338
1017,0.055849114436496705,0.056100904149720125
1018,0.05584833245199454,0.056100668722925656
1019,0.05584803211979691,0.05610060540344031
1020,0.055848019478920354,0.05610060728980369
1021,0.05584736826232974,0.056100260994237365
1022,0.05584718446538906,0.05610024846498896
1023,0.055847020224938246,0.05610015325695796
1024,0.0558462027643461,0.05609940351269047
1025,0.05584580238482709,0.056099095644590015
1026,0.05584559620753432,0.05609907981938202
1027,0.0558448265899938,0.056098778410800444
1028,0.0558438411423597,0.05609842523464207
1029,0.05584373938469746,0.05609831233869514
1030,0.055843509493467905,0.05609833133791223
1031,0.05584320553969429,0.05609818905651796
1032,0.05584262122798158,0.05609801056738625
1033,0.05584218263201132,0.05609800498109622
1034,0.0558415738351468,0.05609778327836711
1035,0.05584148144587687,0.05609780284691436
1036,0.05584082558996997,0.056097380993479946
1037,0.05584023080711354,0.056097205376195634
1038,0.05583996289245406,0.05609717664837228
1039,0.0558392158129883,0.056096888867358446
1040,0.05583852986427917,0.05609634636554192
1041,0.05583814396815879,0.05609635114088978
1042,0.05583765464503844,0.05609613258061727
1043,0.055837443297160685,0.05609608289865506
1044,0.05583688863520404,0.05609591009922479
1045,0.05583625781314379,0.056095855941512784
1046,0.0558361924997697,0.05609578205251569
1047,0.05583541906696738,0.056095776504037305
1048,0.055834480428689104,0.056095231931729744
1049,0.05583393917900154,0.05609483648930235
1050,0.05583321922589727,0.056094806244521865
1051,0.05583279757067391,0.05609474782359378
1052,0.0558320995257999,0.05609446431524935
1053,0.05583110790572313,0.056094302689387886
1054,0.05583063392629962,0.056094181156469594
1055,0.05583004729006876,0.056093856822431926
1056,0.05582918711843937,0.05609302842697927
1057,0.055828529903147045,0.05609283696985787
1058,0.0558280027717047,0.05609267684892657
1059,0.05582750976086813,0.05609284589131518
1060,0.05582673869597361,0.056092527663509424
1061,0.0558264102062455,0.056092322375314634
1062,0.0558259987069649,0.056092117742531346
1063,0.05582512655371408,0.056091703599774445
1064,0.05582458759232256,0.05609144042223341
1065,0.05582387360149673,0.05609130428349131
1066,0.05582386792639416,0.05609130430248251
1067,0.05582339040299307,0.05609135270189783
1068,0.05582279603935439,0.056091256119222194
1069,0.05582186984651821,0.05609091562530154
1070,0.05582081625415066,0.05609059922880309
1071,0.05582022461273651,0.05609029985641857
1072,0.05581960088397971,0.05609024119340961
1073,0.05581934024589408,0.05609022404352245
1074,0.05581904729682322,0.056089982731558706
1075,0.055818585963533215,0.05609008935807635
1076,0.05581826566723986,0.056089948976740626
1077,0.05581758017888667,0.056089420665338834
1078,0.05581719596258698,0.05608929565618802
1079,0.055816532059732846,0.05608935702705202
1080,0.055815768984446235,0.056089211237604214
1081,0.0558149290599873,0.05608882961918863
1082,0.05581433719755095,0.05608877008550361
1083,0.055813733362489584,0.05608822275113876
1084,0.05581341331004588,0.056088119757684095
1085,0.05581291362965327,0.05608796366241955
1086,0.05581271422747312,0.05608789773683709
1087,0.05581234059727029,0.056087700253028054
1088,0.0558119177923336,0.056087818817577705
1089,0.055811667253510874,0.0560877785885775
1090,0.055811214142778356,0.05608764460357735
1091,0.055810473217911494,0.05608751666830213
1092,0.05580987607747051,0.056087452322976794
1093,0.05580938856864711,0.05608731929908935
1094,0.055808962520742425,0.056087215247889524
1095,0.05580858364362051,0.05608707066831056
1096,0.0558084080001213,0.05608696254246161
1097,0.05580768309063924,0.05608673845120127
1098,0.05580763135707401,0.05608673943754006
1099,0.05580715087931074,0.05608663677663238
1100,0.05580684900181968,0.05608658755362899
1101,0.05580644624691919,0.056086405316319844
1102,0.055805866898361346,0.056086095305856426
1103,0.05580516320862393,0.056085845442710454
1104,0.05580502560844558,0.056085727522027035
1105,0.05580451665675508,0.05608540619478584
1106,0.05580398421110027,0.05608509963225378
1107,0.05580361496538874,0.05608474229527627
1108,0.05580301652323443,0.05608451110590429
1109,0.05580247208951444,0.05608413449875712
1110,0.05580194788134923,0.056084074722130325
1111,0.05580129082104087,0.056083893682682184
1112,0.05580124095224105,0.05608388402317875
1113,0.05580049669929922,0.056083646067907444
1114,0.05580025262069355,0.05608339838813125
1115,0.05579965376832805,0.05608298026712167
1116,0.0557989092472694,0.056082921333917145
1117,0.05579830105916091,0.0560827469999135
1118,0.055798095400295705,0.056082727344468765
1119,0.05579747499304934,0.056082389738366274
1120,0.055797091963579286,0.05608204869486116
1121,0.05579629935298472,0.05608195088000753
1122,0.05579573913702785,0.05608197459872301
1123,0.05579533566209436,0.05608179564661387
1124,0.05579490114932432,0.05608175237618324
1125,0.05579449563313613,0.05608151120207339
1126,0.05579401497330392,0.05608125843230842
1127,0.05579345125705442,0.056081247930401514
1128,0.05579284881384248,0.056081082905577714
1129,0.055792731899187216,0.056081064385313954
1130,0.05579228432560525,0.056081059356612714
1131,0.05579193794638163,0.056081143294376246
1132,0.05579139513934589,0.05608095792161817
1133,0.055790832056518136,0.05608082129882789
1134,0.055790230229799134,0.05608064996191636
1135,0.05578978807801431,0.05608050251172364
1136,0.055789770582540164,0.05608050207520234
1137,0.05578918719545422,0.05608009260035115
1138,0.05578848092947477,0.05607998146687664
1139,0.05578805436020697,0.056079686551006945
1140,0.05578758763000013,0.05607948727140666
1141,0.05578712510969575,0.056079131205281844
1142,0.05578665406861525,0.05607894082836279
1143,0.05578626353950948,0.056078802980475656
1144,0.05578591405104219,0.05607861675416455
1145,0.055785243086773066,0.0560785685014372
1146,0.05578500084549322,0.05607850441281404
1147,0.05578405172377478,0.0560782724181542
1148,0.055783889369080956,0.05607826684708652
1149,0.05578354790163427,0.0560781709078267
1150,0.055783419885091085,0.05607819079592121
1151,0.0557828886393183,0.0560780210246083
1152,0.05578244631070888,0.05607801274543352
1153,0.055782074102918404,0.05607801924005145
1154,0.05578161089668091,0.05607766824707893
1155,0.05578159008383584,0.05607767245721221
1156,0.0557808851270608,0.056077547127438
1157,0.05578010291581934,0.05607761930247366
1158,0.05577988551790808,0.05607759108284956
1159,0.05577959710466243,0.05607748908433228
1160,0.05577915495959192,0.056077213782357235
1161,0.05577902560204716,0.0560772154172909
1162,0.05577830169786172,0.05607684086332393
1163,0.05577802383111362,0.056076703601151794
1164,0.05577748143624394,0.05607643738736121
1165,0.05577722000820716,0.05607644147833412
1166,0.05577683266749088,0.056076258628169555
1167,0.05577642303875879,0.05607618784952699
1168,0.05577584503848905,0.05607623993400123
1169,0.055775772079674865,0.05607627452619074
1170,0.05577566906997813,0.056076243525544675
1171,0.05577498483597813,0.05607617113665761
1172,0.05577444298443743,0.05607598121122406
1173,0.05577396642238103,0.05607594526847709
1174,0.05577344679578151,0.056075786187165674
1175,0.055772976035947275,0.05607580539927708
1176,0.05577295139625444,0.05607581496090162
1177,0.055772442500411225,0.056075632947289206
1178,0.05577195625471421,0.056075604735701785
1179,0.05577164350572079,0.056075396617487304
1180,0.05577145608269292,0.05607526362339034
1181,0.05577109885041703,0.05607482042402286
1182,0.055770254719392766,0.05607503766997547
1183,0.05576967555276482,0.05607456791318377
1184,0.05576923075348255,0.05607462349831776
1185,0.05576871558661078,0.05607425926410058
1186,0.05576858592190829,0.05607422198763703
1187,0.055768142061707965,0.05607414933550537
1188,0.0557675923271079,0.05607382055708859
1189,0.05576753222797152,0.05607381602562563
1190,0.05576731438779059,0.05607384136401496
1191,0.055767088228909245,0.0560736493758341
1192,0.055766742042531806,0.05607348604649408
1193,0.0557664256683846,0.0560732360780235
1194,0.05576612573572329,0.05607305417606439
1195,0.05576574979292891,0.05607309470855428
1196,0.05576527600828174,0.056073042436229875
1197,0.05576485169810859,0.0560728211757881
1198,0.0557648403380788,0.05607282154241799
1199,0.055764185139070076,0.056072408484442476
1200,0.05576365063992524,0.05607242643617617
1201,0.05576274086171918,0.056072060378901306
1202,0.05576218301072631,0.05607184235370926
1203,0.055761417325774776,0.05607162661206397
1204,0.0557604008350611,0.056070715479555375
1205,0.0557597081995078,0.05607026960321071
1206,0.05575879161180529,0.056070112702108876
1207,0.05575840926523767,0.0560697622805679
1208,0.05575796115303464,0.05606978048316896
1209,0.05575734259030704,0.05606976226797781
1210,0.0557568526596804,0.056069656118201285
1211,0.05575630733057058,0.05606961805072264
1212,0.055755720395826665,0.05606972038944516
1213,0.0557554602034166,0.05606961829542857
1214,0.05575517108712873,0.0560696028297855
1215,0.055754995996696484,0.05606947773263642
1216,0.05575443828206799,0.05606935043627321
1217,0.055753903702147084,0.0560691718821043
1218,0.055753163943110945,0.056068762144316435
1219,0.05575232910002768,0.056068347810370296
1220,0.05575154864091117,0.056068197479026805
1221,0.055751365474152735,0.0560681840175411
1222,0.05575085096334574,0.05606818542585242
1223,0.055750124573788265,0.056067581213454655
1224,0.055749544839367934,0.05606740304466455
1225,0.05574894145487597,0.05606734013039297
1226,0.05574828046451322,0.05606702388605229
1227,0.05574779281057026,0.05606694630624768
1228,0.05574775199427394,0.056066951569176814
1229,0.05574724605304275,0.05606682640412158
1230,0.05574669332552258,0.05606652847911624
1231,0.0557462728914916,0.05606649192287251
1232,0.05574560021360687,0.05606622239215782
1233,0.055744873970293284,0.05606600644961622
1234,0.0557443876523752,0.05606581156501479
1235,0.055744264171343004,0.05606579887556169
1236,0.05574376905399878,0.0560657591513684
1237,0.05574300647199515,0.05606567061638792
1238,0.05574282283799046,0.05606569533827781
1239,0.055742369059353515,0.05606566535776783
1240,0.055742299762722776,0.05606567310638853
1241,0.05574165535828774,0.05606566035385786
1242,0.05574108856190968,0.05606546701995499
1243,0.055740928478314515,0.05606552634488503
1244,0.055740656393489955,0.05606550004937565
1245,0.05574015967201276,0.056065510107246065
1246,0.05573959088501961,0.05606535297152725
1247,0.05573903160941386,0.05606527325939933
1248,0.055738604372328325,0.05606520492853269
1249,0.05573787497082886,0.05606515354721966
1250,0.05573738826210482,0.05606502522730712
1251,0.0557366714155694,0.05606459537863729
1252,0.05573620891205812,0.0560643361921259
1253,0.05573541528867193,0.056064268104177556
1254,0.05573530141565966,0.056064177777025735
1255,0.05573497458385716,0.05606419018606167
1256,0.055734924552309204,0.05606415347251815
1257,0.05573419309259282,0.05606412479961072
1258,0.05573374179603118,0.05606385814242355
1259,0.05573328768396003,0.056063573252758646
1260,0.0557326460983099,0.05606350725740879
1261,0.05573216672194753,0.05606331008918048
1262,0.055731952624615444,0.05606325050177896
1263,0.05573145116003837,0.05606311921330172
1264,0.0557305889744501,0.05606285787795793
1265,0.05572999435236209,0.056062934572503616
1266,0.05572938417495603,0.05606268711485231
1267,0.055728897786093204,0.0560625183593811
1268,0.05572845958148853,0.056062316511870255
1269,0.05572786672886391,0.0560622716792644
1270,0.055727676010020495,0.05606221096597994
1271,0.05572739558063191,0.056062138005633026
1272,0.055726606307188446,0.05606172311527445
1273,0.05572605646945864,0.056061560762832634
1274,0.055725716524493644,0.05606135498619259
1275,0.05572499428843141,0.05606110358935329
1276,0.055724535458872265,0.056061116352574075
1277,0.055724401340935585,0.0560610943484368
1278,0.05572390045904493,0.05606113662312115
1279,0.05572341893815348,0.056061066922231846
1280,0.05572309811939077,0.05606115123483361
1281,0.05572255701114107,0.05606117728348877
1282,0.05572198015576408,0.056060986905967634
1283,0.05572113152969931,0.056060684671589
1284,0.055720404524635954,0.05606033714836336
1285,0.0557199829548916,0.056060119336463404
1286,0.05571906492589782,0.05605928856966553
1287,0.05571896539290946,0.05605928998950217
1288,0.055718155609601666,0.05605926921035045
1289,0.05571808136997029,0.05605926074991853
1290,0.0557175882863632,0.056059314708114205
1291,0.055717425058264554,0.05605918935336728
1292,0.05571681615915878,0.05605891649295197
1293,0.05571575825315173,0.05605846024342273
1294,0.05571542166784471,0.0560585133424833
1295,0.05571466328545445,0.056058377439252516
1296,0.055713727398052526,0.056057768992698355
1297,0.055712856976383215,0.056057247210927176
1298,0.05571221242420501,0.05605697572175845
1299,0.055711311987058164,0.05605681666772381
1300,0.05571071515881929,0.05605689974719158
1301,0.055710389892100115,0.05605667456144372
1302,0.05571010005325161,0.05605652271849661
1303,0.05570967062459903,0.05605649256706521
1304,0.05570894820369339,0.05605621928304672
1305,0.05570850826851196,0.056056175891760214
1306,0.05570782394920955,0.05605618132591973
1307,0.05570723191717478,0.05605628033276471
1308,0.05570700470438039,0.05605622179210547
1309,0.0557065188630175,0.05605585678589572
1310,0.05570615124883876,0.05605582875684907
1311,0.05570580278717117,0.05605555162990612
1312,0.0557053807123643,0.05605548242386978
1313,0.05570491993306571,0.05605534549368445
1314,0.05570443488993283,0.056055142026119914
1315,0.05570387889759793,0.056055129963414475
1316,0.0557031518811552,0.05605487575116696
1317,0.05570268027108682,0.056054906706113176
1318,0.05570198895037364,0.05605465555095592
1319,0.05570165383144736,0.056054752098286226
1320,0.055701243304491777,0.056054762561254065
1321,0.0557011424871487,0.05605471632733485
1322,0.05570049436564229,0.056054368035248894
1323,0.05570008592909663,0.05605407911315938
1324,0.055699626266219146,0.0560539080016067
1325,0.05569914513286097,0.05605371091424632
1326,0.0556986573143524,0.05605333313726948
1327,0.05569826968088598,0.05605312090236917
1328,0.05569776355739619,0.056052761729777585
1329,0.0556971603067186,0.056052598011961094
1330,0.05569646421613418,0.056052637384047685
1331,0.05569615853618644,0.05605258087723067
1332,0.05569564178180368,0.05605237894430132
1333,0.05569500773565183,0.05605249425628186
1334,0.05569461796139179,0.05605213387523489
1335,0.05569395910798278,0.05605167443588428
1336,0.05569378892617217,0.05605153559659061
1337,0.055693734593249694,0.05605153763758632
1338,0.05569316402959622,0.05605131600476159
1339,0.055692671883677526,0.05605139876857055
1340,0.055692322385028525,0.05605137949511097
1341,0.05569211145335024,0.05605130388970192
1342,0.055691547554497345,0.05605121334506032
1343,0.05569098555709252,0.05605110183658243
1344,0.05569056978760782,0.05605103699611779
1345,0.05568978715011333,0.0560510486658334
1346,0.055689699313720885,0.05605097844358172
1347,0.05568941898543568,0.056050834634776635
1348,0.05568879452264867,0.0560503935021266
1349,0.05568840907085943,0.05605035509648331
1350,0.05568785090788017,0.05605018996253059
1351,0.05568769079632204,0.05605014541818264
1352,0.05568759446818477,0.05605018800740578
1353,0.05568711790889898,0.056050130760867185
1354,0.05568674801183496,0.056049971567777065
1355,0.055686383293677685,0.05604966964027741
1356,0.05568603033573963,0.05604949584069411
1357,0.055685245355007025,0.05604898670486527
1358,0.055684609278443375,0.05604888896720573
1359,0.05568419152741528,0.056048754984889114
1360,0.05568363785767809,0.05604876562595145
1361,0.055683114769753614,0.056048591476092355
1362,0.05568297704228178,0.05604856018327873
1363,0.055682336467007355,0.056048577493651726
1364,0.05568195432376102,0.05604825787028055
1365,0.05568179956221272,0.05604821514020719
1366,0.055681664343072375,0.05604820787792886
1367,0.055681465328728495,0.05604813421266185
1368,0.05568094383649682,0.05604783929199893
1369,0.055680099903771846,0.056047717225825716
1370,0.05567938059780266,0.056047523166373264
1371,0.05567878483920949,0.056047289570145424
1372,0.05567827790445076,0.05604704299543398
1373,0.055677577096205286,0.05604674210842875
1374,0.05567729103317223,0.05604666425916389
1375,0.05567663053808597,0.05604668958014918
1376,0.05567613833641419,0.056046550101433196
1377,0.055675871793592936,0.05604648138711737
1378,0.055675313357147475,0.05604632302859935
1379,0.055675150230289495,0.05604629220367057
1380,0.055675050384788524,0.05604625665191566
1381,0.05567444199779276,0.05604606474774917
1382,0.05567379320622938,0.056046002529789675
1383,0.055673394849687974,0.056045978225956916
1384,0.05567302216883949,0.0560459856056656
1385,0.055672808118856575,0.05604593461887365
1386,0.05567230638764309,0.05604565088497896
1387,0.05567188423876138,0.05604559086240054
1388,0.05567155169216831,0.05604557041919354
1389,0.05567130941205492,0.05604556131566073
1390,0.05567083227901268,0.05604529906649172
1391,0.05567061549049777,0.056045256202508026
1392,0.055670164917330144,0.056045019860570124
1393,0.05566979183512432,0.056044955305032465
1394,0.05566938735448551,0.0560448500137538
1395,0.05566897828391873,0.056044840887533656
1396,0.05566847144296537,0.05604486406471475
1397,0.055667853628776444,0.05604459706579326
1398,0.055667591818985125,0.05604454761560286
1399,0.05566712233416683,0.05604456857231441
1400,0.05566706522161917,0.05604459015248076
1401,0.05566678192035634,0.05604456546440741
1402,0.05566624025526962,0.05604456500464874
1403,0.055665838089520504,0.05604452719318685
1404,0.05566531987294325,0.0560444598163189
1405,0.05566473187738633,0.05604444784702315
1406,0.05566447346785369,0.056044405231281506
1407,0.05566418016753868,0.05604423304781823
1408,0.05566393971455653,0.056044051052117905
1409,0.05566344462866545,0.056043611617859174
1410,0.05566304585579859,0.05604351492477721
1411,0.055662789545285585,0.056043466775343616
1412,0.05566254223635696,0.05604343243733668
1413,0.05566243677060192,0.056043417157121904
1414,0.05566234347196224,0.05604342068156744
1415,0.055661728492948294,0.056043438772164104
1416,0.05566135226582185,0.05604340572438082
1417,0.055660821291746806,0.05604336218299453
1418,0.05566038741113418,0.0560431683833277
1419,0.05565966754961122,0.056042984529161316
1420,0.05565936772475305,0.056042937073358744
1421,0.05565875660731981,0.05604285752700014
1422,0.05565840903409345,0.056042845133548076
1423,0.055657867749506026,0.05604266761026721
1424,0.05565742403596866,0.056042590922265476
1425,0.055657298675611866,0.05604254723422424
1426,0.05565667869784793,0.05604233458362233
1427,0.055655989015849096,0.056041926505283515
1428,0.05565555574567829,0.05604179691354723
1429,0.05565538397780791,0.0560417722086051
1430,0.05565487699935251,0.056041543811906944
1431,0.055654344786949125,0.05604137450903633
1432,0.055654253979713054,0.05604135531196539
1433,0.05565364346668323,0.05604148311997708
1434,0.0556530973795826,0.05604117664842854
1435,0.05565292447570507,0.05604113829126073
1436,0.055652835544593174,0.05604110149135518
1437,0.05565255842346052,0.056041103729474136
1438,0.05565245601242242,0.056041001474372694
1439,0.05565200120450857,0.0560407536640275
1440,0.055651700147339965,0.05604074889394324
1441,0.05565086014936561,0.056040541496745686
1442,0.055650805516157156,0.056040532958151985
1443,0.055650240753053554,0.05604058266391899
1444,0.05564937794003196,0.05604049240930382
1445,0.055648585015718545,0.05603974704816929
1446,0.05564831717133515,0.056039834009935806
1447,0.05564815253076434,0.056039766585466805
1448,0.055647774373149196,0.05603960701095649
1449,0.05564733097016671,0.05603951074492296
1450,0.05564693367069542,0.05603927991029169
1451,0.05564639312316705,0.056039346699388516
1452,0.05564587238153215,0.05603933827571577
1453,0.05564548104849274,0.05603915836590393
1454,0.055645183352708384,0.05603910604558135
1455,0.05564510064127659,0.05603904928442118
1456,0.05564480336034203,0.05603908946436272
1457,0.055644787308537995,0.05603908589354965
1458,0.055644273300361945,0.05603902312707806
1459,0.05564359881917469,0.0560391248678395
1460,0.0556429286545847,0.056039319374011624
1461,0.05564251280771044,0.0560392900847232
1462,0.055642171454040275,0.056039134664835955
1463,0.055641692405695754,0.056038676816752765
1464,0.055641053307157386,0.05603872185679298
1465,0.05564047946481161,0.05603880331789448
1466,0.05563989722623216,0.05603860378211343
1467,0.05563969977774536,0.05603860591447283
1468,0.05563949610485014,0.056038646605508724
1469,0.05563891752459366,0.056038538763677065
1470,0.05563840015834606,0.05603840072158755
1471,0.055637649293031714,0.056038471016013766
1472,0.05563725995153794,0.05603824078809218
1473,0.05563679613563198,0.05603827211527143
1474,0.05563641167638314,0.056038207591231175
1475,0.05563583164525575,0.05603822653359173
1476,0.055635711386525115,0.0560382667998996
1477,0.0556350904441729,0.056038098631598386
1478,0.05563456679177246,0.05603801127226136
1479,0.05563387924559112,0.056037755312651406
1480,0.05563376826539347,0.05603773809870117
1481,0.05563344089455684,0.056037515639878084
1482,0.055633017269725756,0.05603743725547648
1483,0.055632244201598784,0.05603704604958852
1484,0.0556316882870429,0.056036996741358445
1485,0.055631219311222516,0.05603686477554583
1486,0.05563070038132021,0.05603677155583601
1487,0.0556302643819753,0.05603668608460056
1488,0.0556297048265648,0.05603658640309237
1489,0.055629346039720105,0.05603669686746312
1490,0.055628533321826164,0.056035714925056775
1491,0.05562821719852519,0.05603570689145087
1492,0.055627825039989524,0.05603556042863793
1493,0.05562733104066995,0.05603549611772341
1494,0.05562701592074864,0.05603554095380839
1495,0.05562679364405945,0.05603562818148522
1496,0.05562636845211818,0.056035548665541904
1497,0.055626113718662135,0.05603562187406869
1498,0.0556252616668755,0.05603516426721266
1499,0.0556249444738892,0.056035182239497376
1500,0.055624489661593106,0.05603511566456873
1501,0.05562388466323813,0.056034777337886324
1502,0.055623361174876644,0.05603471122120535
1503,0.055623264693502567,0.05603470112565785
1504,0.055622875198789626,0.0560346432371417
1505,0.0556228500150484,0.056034634737739744
1506,0.05562239568405913,0.05603448664074595
1507,0.055622347137976993,0.05603447548187523
1508,0.05562160349374425,0.05603439506410595
1509,0.055620827296850965,0.05603407027217841
1510,0.05562048841378401,0.05603383620282603
1511,0.05562010799502194,0.0560337608782386
1512,0.05561966455794783,0.056033485506165354
1513,0.05561929858165228,0.05603357146499842
1514,0.055618860855753495,0.056033515352320894
1515,0.055618623141950534,0.05603347699209245
1516,0.05561817347668982,0.05603350717621238
1517,0.05561780092790676,0.056033444340964036
1518,0.05561742830572083,0.056033287623541136
1519,0.05561739000494291,0.056033288638949005
1520,0.05561726802024847,0.05603328734403363
1521,0.05561685939815437,0.05603314131792749
1522,0.05561674911728344,0.05603315038841199
1523,0.05561624166273641,0.05603317868955267
1524,0.05561587715105404,0.05603319976019251
1525,0.05561525897548144,0.05603291338039201
1526,0.05561459780518728,0.05603274447240053
1527,0.055614248478195606,0.056032686034149924
1528,0.05561350301363452,0.056032647218067215
1529,0.05561233700656182,0.05603187356612281
1530,0.05561231154054341,0.05603187641472266
1531,0.055611752652395006,0.05603192194780954
1532,0.05561142373432412,0.05603205232225479
1533,0.05561082527353159,0.056032097652309404
1534,0.05561042555683589,0.05603206697337651
1535,0.05560988881861607,0.05603199306055632
1536,0.05560965962047335,0.0560320338183839
1537,0.055608735147028486,0.05603199699750094
1538,0.0556083002922054,0.05603190064095243
1539,0.05560782886179655,0.056031763076344644
1540,0.05560701848539911,0.056031550218580556
1541,0.055606453688955115,0.05603134615706127
1542,0.05560587956061388,0.05603085759650651
1543,0.055605221467801724,0.056030657957349114
1544,0.055605076388470974,0.05603062827350406
1545,0.055604512230336765,0.05603063487130653
1546,0.055604009241896936,0.05603071682727095
1547,0.055603496009323,0.056030588908290345
1548,0.05560288679591637,0.05603035923883166
1549,0.05560279461683482,0.05603029172845901
1550,0.055602240961485985,0.05603023412080321
1551,0.05560185719088054,0.05603018067049614
1552,0.0556017643086631,0.05603017677582858
1553,0.05560128379586406,0.05603013580311788
1554,0.05560110679290709,0.05602992252699917
1555,0.05560064580432323,0.056029844470048364
1556,0.055600194657443654,0.05602980498524957
1557,0.05559964670460183,0.05602975408920467
1558,0.05559927262506723,0.05602974663192404
1559,0.0555991805711558,0.05602970824951962
1560,0.055599034642690885,0.05602968681968904
1561,0.05559869804300957,0.05602972402454679
1562,0.055598370155819136,0.056029478868981464
1563,0.05559780959257737,0.05602924602645446
1564,0.05559718547509315,0.05602900474149243
1565,0.05559667812759917,0.056029068281435515
1566,0.05559624056338048,0.05602895007578963
1567,0.05559594692369967,0.05602894694430609
1568,0.055595625723740924,0.05602871437539982
1569,0.05559485221414174,0.05602879714408485
1570,0.055594351718825256,0.056028718275521174
1571,0.055594036277796216,0.056028671587335425
1572,0.05559354760390353,0.05602857355614507
1573,0.05559313578748732,0.05602839998366296
1574,0.05559278914607601,0.056028437356016696
1575,0.055591993050814956,0.05602843478326926
1576,0.055591662447727494,0.05602827601908596
1577,0.0555910221705305,0.0560283156354799
1578,0.05559040821933647,0.056028037669693276
1579,0.055590235198055275,0.05602802996475886
1580,0.055589869067836,0.05602800563876935
1581,0.05558924955519202,0.05602762867429343
1582,0.05558919005796187,0.05602760975243046
1583,0.05558860319308952,0.056027523488077505
1584,0.05558793940942816,0.056027269685541746
1585,0.05558721706201658,0.05602719314121838
1586,0.055586748836772344,0.056027204118290416
1587,0.055586292906006265,0.05602693343652612
1588,0.055585696333582804,0.056026858898714636
1589,0.05558554412080799,0.05602693587080307
1590,0.05558499609239589,0.056026836845485734
1591,0.055584431600441235,0.05602628478288397
1592,0.05558386664223176,0.056026080004459515
1593,0.05558374585255591,0.05602603976232114
1594,0.05558335511459151,0.056025974174738855
1595,0.05558298782825154,0.056026008080087
1596,0.055582645741144326,0.05602575006668747
1597,0.05558189336854611,0.056025751768913855
1598,0.05558143598005836,0.0560256565104723
1599,0.05558101712327113,0.05602544420333024
1600,0.055580561370561714,0.05602528800813368
1601,0.05557981143190657,0.056025325180127705
1602,0.05557924968254012,0.05602520334971941
1603,0.0555788693589708,0.05602514825864734
1604,0.055578293967452494,0.056025220484158714
1605,0.05557759973694167,0.056025209489830786
1606,0.05557689869292753,0.05602524667892299
1607,0.05557636846135798,0.056024998079209104
1608,0.05557623448885934,0.05602500180085042
1609,0.055576170159769775,0.05602505582213477
1610,0.055575616167487185,0.05602491196495115
1611,0.05557488302879119,0.056024395226349534
1612,0.05557439132716961,0.056024319222960264
1613,0.055574272869511276,0.05602422679440864
1614,0.05557374144461592,0.05602417126185773
1615,0.05557327320877639,0.05602408341190873
1616,0.05557299031612656,0.05602414941709823
1617,0.055572600097019365,0.05602418953598081
1618,0.05557249695399141,0.05602413997908906
1619,0.055571989950206055,0.05602404457331931
1620,0.05557191570259298,0.05602398272094412
1621,0.05557134510092152,0.05602394887432394
1622,0.05557091620249075,0.05602390791969636
1623,0.05557030548955886,0.05602394191340498
1624,0.05557011720238464,0.05602387725461343
1625,0.055569799488553694,0.05602378033869723
1626,0.05556899717976841,0.056023837525945405
1627,0.055568944138728024,0.056023781932864086
1628,0.055568361725397884,0.05602365538018483
1629,0.05556782889509601,0.05602355129858903
1630,0.05556721464686405,0.056023301596614644
1631,0.055566429186987266,0.056022875573184236
1632,0.055565861151240466,0.05602283585370672
1633,0.05556509938289025,0.056022960683158846
1634,0.05556438714771475,0.05602274458151678
1635,0.05556404513125601,0.056022779215472704
1636,0.055563983063669456,0.056022765382102956
1637,0.05556325165313074,0.05602292473910917
1638,0.055562885371546085,0.05602238495100209
1639,0.055562283538581954,0.05602234126829255
1640,0.05556188870753651,0.05602200779729785
1641,0.05556174060581308,0.05602197939771687
1642,0.05556145353564003,0.05602196715362089
1643,0.05556089169320501,0.056021944830425614
1644,0.05556060626750105,0.056021908084927116
1645,0.05556051323988866,0.05602189460358003
1646,0.05556027009437813,0.05602182531240182
1647,0.05555990781522785,0.056021850585471517
1648,0.05555951017685027,0.056021909944249146
1649,0.055559373224525754,0.056021935290362423
1650,0.05555902549958437,0.056021908613687006
1651,0.055558637498367876,0.056021904497420685
1652,0.05555797936866912,0.0560218378293462
1653,0.055557586749037574,0.05602170108520693
1654,0.05555728114777924,0.05602163050902101
1655,0.05555685250717272,0.05602154916749408
1656,0.05555635201935986,0.056021354444520666
1657,0.055555661788798914,0.056021173892834474
1658,0.055555069553171355,0.05602098323072001
1659,0.055554508023010374,0.05602112156051106
1660,0.055553979105672446,0.05602105361439734
1661,0.05555353737656673,0.056021135720859365
1662,0.05555290397388837,0.056021260063480786
1663,0.055552676217519886,0.056021292050694185
1664,0.055552085935803824,0.056021060077990126
1665,0.055551566930098724,0.056020861028590746
1666,0.05555099408070428,0.05602098393078591
1667,0.05555082617676094,0.05602090852316052
1668,0.05555037657809693,0.05602062888802794
1669,0.055549893197035946,0.05602060332326757
1670,0.055549590387845196,0.05602057330306283
1671,0.0555493233782647,0.056020753480680786
1672,0.0555489087912614,0.05602080193358426
1673,0.05554841448304192,0.056020748626479336
1674,0.05554806143168594,0.056020673475572304
1675,0.05554782869235149,0.05602060091548393
1676,0.0555472240012998,0.05602050785825143
1677,0.05554718688552079,0.05602047318475135
1678,0.05554678394919736,0.056020311071146536
1679,0.05554636931007911,0.05602033258902782
1680,0.05554594084400617,0.05602028833753776
1681,0.055545525264174646,0.05602025957131762
1682,0.05554503502672234,0.05602010498908522
1683,0.055544723870231676,0.05602007535971209
1684,0.05554447471840108,0.05601991320107114
1685,0.0555438684777371,0.05601994207089294
1686,0.055543707745534694,0.056019997333410676
1687,0.05554297875208583,0.05601990716776585
1688,0.05554263690245354,0.056019887556733136
1689,0.055542280682484374,0.05601986250637561
1690,0.055541663955238074,0.05601969252633779
1691,0.055541090160650605,0.056019379313534866
1692,0.055540823777738314,0.056019355508718796
1693,0.055540173200101725,0.05601938442836623
1694,0.055540008235955986,0.056019269764376274
1695,0.05553953028938299,0.056019096212113574
1696,0.055538991398099626,0.05601896131613948
1697,0.05553871949961639,0.05601891327775373
1698,0.05553856932478293,0.056018870741470564
1699,0.055538351156111464,0.05601886554309702
1700,0.05553829070105152,0.05601886408421635
1701,0.055537878721095564,0.05601889919739978
1702,0.05553738578733176,0.056018812171664184
1703,0.05553715518247166,0.05601892843351673
1704,0.05553712437922154,0.05601894552490816
1705,0.055536755617409575,0.05601905704494264
1706,0.055536335008277524,0.05601885034599069
1707,0.05553567653472321,0.05601866953973692
1708,0.055535380848666716,0.05601856994258122
1709,0.05553500493821632,0.05601858956637764
1710,0.055534451312569136,0.05601861395849841
1711,0.05553399275059665,0.0560184540370312
1712,0.055533623634243995,0.056018480559667856
1713,0.05553350307409078,0.056018448414432105
1714,0.05553299319619923,0.05601834505533059
1715,0.05553267731007543,0.056018388836741366
1716,0.05553232335986276,0.056018492117501664
1717,0.05553185989984454,0.05601847575539314
1718,0.0555312927276152,0.056018383975086135
1719,0.055530846629083315,0.05601837689514572
1720,0.05553059204879232,0.056018289134542806
1721,0.055530235882127986,0.056018061947923865
1722,0.055530046887095626,0.05601811387873769
1723,0.0555295523812021,0.05601797134433052
1724,0.05552908260728198,0.056018020960994355
1725,0.05552853514274967,0.05601787640689897
1726,0.05552836671363466,0.0560178838302896
1727,0.05552830148632056,0.056017876826577634
1728,0.05552817979965092,0.05601786570419718
1729,0.05552768822412412,0.05601777409096175
1730,0.05552695550288731,0.05601804278217453
1731,0.055526431598136215,0.05601794571540101
1732,0.05552603032263967,0.056017931073010216
1733,0.05552560386646883,0.05601779832085592
1734,0.05552514666587686,0.05601776662594193
1735,0.05552486641220765,0.056017727885481094
1736,0.055524333313182794,0.056017613047778025
1737,0.05552363838267176,0.05601752273432188
1738,0.05552318839306058,0.05601732812849926
1739,0.055522846424303954,0.05601729408582953
1740,0.055522554663757294,0.05601723108029861
1741,0.05552244621121866,0.05601726563297112
1742,0.055522021247986754,0.05601696300999435
1743,0.05552191681188188,0.05601694678572075
1744,0.05552139270751264,0.05601687624344996
1745,0.05552089488744126,0.056016686138394244
1746,0.05552050289228282,0.056016686384722444
1747,0.05552025686637467,0.056016589805051926
1748,0.055519963822871346,0.05601655589119699
1749,0.05551938321450721,0.05601662471305748
1750,0.05551920881254106,0.056016582523099136
1751,0.05551849373377041,0.05601651845772899
1752,0.05551810980335565,0.05601642498433667
1753,0.05551773303980086,0.05601635117360979
1754,0.05551738173939058,0.05601632830193829
1755,0.05551713808087053,0.056016355356763595
1756,0.055516941652775764,0.05601615585115022
1757,0.055516935948841224,0.05601615614927621
1758,0.05551646001599937,0.056016006960971004
1759,0.055516267909568984,0.05601598016286954
1760,0.05551556156194401,0.056015955892785144
1761,0.05551522908012241,0.05601595271738719
1762,0.0555148418804721,0.0560159480780804
1763,0.05551413218755331,0.05601581715933653
1764,0.05551384942071953,0.05601588176249127
1765,0.05551317217020404,0.05601575011578428
1766,0.05551292196458247,0.05601579243274801
1767,0.055511881095057405,0.05601576174202669
1768,0.055511219626772815,0.05601572507014029
1769,0.05551095527187513,0.05601575609953999
1770,0.0555104859548126,0.0560157027177763
1771,0.05551010187292559,0.05601566471740823
1772,0.05550976677862712,0.05601560269198507
1773,0.05550971182603821,0.05601561921120862
1774,0.055509559531270375,0.05601563056402199
1775,0.05550915764613362,0.05601571159519799
1776,0.055508676771338195,0.05601537352752196
1777,0.055508391628361714,0.05601530486288317
1778,0.05550816898155047,0.05601518178298604
1779,0.055507554783893784,0.05601482902406493
1780,0.05550728149684256,0.05601483757334789
1781,0.055506611327337,0.05601483933264005
1782,0.05550651678686957,0.056014761462965516
1783,0.05550606567204569,0.05601466821115484
1784,0.05550559778960679,0.056014744997108054
1785,0.055505057969547536,0.05601465287323619
1786,0.055504640348314566,0.05601443122237775
1787,0.05550436449900171,0.05601436407248764
1788,0.05550415054154591,0.05601436577147888
1789,0.055503789102201995,0.05601429329633003
1790,0.05550365871085343,0.056014254490206916
1791,0.055503369325415684,0.05601436170620492
1792,0.05550327269602794,0.05601434800936727
1793,0.05550299221362126,0.05601429288388239
1794,0.05550269256360703,0.05601422644305314
1795,0.05550211073360614,0.05601425604794823
1796,0.05550177530640209,0.0560141524951634
1797,0.05550109370545471,0.05601388029791623
1798,0.05550077646375376,0.05601380788782238
1799,0.05550057800997201,0.05601388922320553
1800,0.05550018392170251,0.05601368693604654
1801,0.055499620804184906,0.056013619245167644
1802,0.055499340858486984,0.05601362198717198
1803,0.055499123364117116,0.056013608603703344
1804,0.05549864947347146,0.056013584970773835
1805,0.05549805609794963,0.0560135078679277
1806,0.05549770137061087,0.05601347903456199
1807,0.055497645633902616,0.0560134664737343
1808,0.05549713325899639,0.05601358945888606
1809,0.055496499687185646,0.056013712795351805
1810,0.05549594984503658,0.05601382673845692
1811,0.05549544683338876,0.05601387081221903
1812,0.055495092726678255,0.05601381342656547
1813,0.055494215590615875,0.05601360656156762
1814,0.055494209605774454,0.056013604531944344
1815,0.05549372667545347,0.05601349134787541
1816,0.055493594816634934,0.05601342913588279
1817,0.055493082574433486,0.05601344888119078
1818,0.05549285886585138,0.05601341977633237
1819,0.05549243609452363,0.05601341596239389
1820,0.05549194677995913,0.05601333040149643
1821,0.055491924155919525,0.05601332596926229
1822,0.05549177568748309,0.05601320086956804
1823,0.055491215599443,0.056013069966460056
1824,0.05549085743685351,0.05601307424447278
1825,0.05549032837756538,0.056012953083140006
1826,0.05548994496034549,0.056012796740578026
1827,0.055489408588343336,0.05601269841047439
1828,0.05548906452424287,0.056012717105594176
1829,0.05548834630300172,0.05601257802150402
1830,0.055488037772524985,0.056012636852616524
1831,0.0554876180390021,0.056012515958776835
1832,0.055487030976615,0.0560123981941055
1833,0.055486927247224205,0.05601237608852326
1834,0.05548660509510791,0.05601209491062757
1835,0.0554861520251938,0.05601207071680475
1836,0.0554860060971408,0.056011991036158865
1837,0.05548545897876161,0.05601205522263691
1838,0.05548499316551915,0.05601204000242868
1839,0.0554849364259093,0.056012044251010536
1840,0.05548435127248089,0.05601189169503773
1841,0.0554840518459812,0.05601190762508085
1842,0.05548352300041256,0.05601176737908417
1843,0.05548314374193508,0.05601160239434989
1844,0.05548256038993178,0.05601132257339022
1845,0.05548228658863222,0.056011197798046045
1846,0.05548206709807249,0.056011099140607666
1847,0.05548181923934946,0.056011057465454366
1848,0.05548130713494046,0.05601110107059944
1849,0.05548082439194632,0.05601088730732046
1850,0.05548034786161387,0.056010812780945725
1851,0.05548001102712321,0.0560106773974302
1852,0.05547948431484832,0.05601078055597817
1853,0.055479098302005564,0.05601063034824594
1854,0.05547902434270053,0.05601062911235523
1855,0.05547871963141406,0.056010441547701996
1856,0.05547841594230639,0.056010316011315724
1857,0.05547793167300527,0.056010134636649625
1858,0.05547772398177263,0.05601007555998002
1859,0.055477568401660626,0.056010054708810354
1860,0.05547710049228203,0.05600978203658469
1861,0.05547664980145784,0.05600985449476568
1862,0.05547648955483263,0.0560098062832771
1863,0.055475987938926705,0.05600979174413704
1864,0.05547571552581441,0.05600960910957208
1865,0.055475358484502725,0.056009414841513464
1866,0.05547492853548441,0.056009079207387555
1867,0.0554746941059259,0.056009077050999015
1868,0.055474226651685846,0.056009081733741736
1869,0.05547418244608701,0.05600905750525466
1870,0.055473551149540216,0.05600886968015225
1871,0.05547311927328772,0.05600878650522412
1872,0.05547287154374435,0.05600883717811792
1873,0.05547228788594397,0.05600867895363042
1874,0.05547212684035436,0.05600866584342149
1875,0.05547185544530559,0.056008534232889734
1876,0.05547146418890669,0.05600853301909003
1877,0.05547140263301273,0.05600850575149775
1878,0.05547089976473013,0.05600854762141656
1879,0.05547020580010178,0.05600833057718132
1880,0.0554700184938434,0.05600829160170192
1881,0.0554694974896511,0.05600820894409896
1882,0.05546912235070224,0.056008228976166606
1883,0.055468833083596,0.05600824593805457
1884,0.055468406219063224,0.05600816884178524
1885,0.05546816425718812,0.05600814012880976
1886,0.05546779517046192,0.056008027687877424
1887,0.05546774914431217,0.05600803066656946
1888,0.055467253543707615,0.05600804345783565
1889,0.05546681838598171,0.05600793870181322
1890,0.055466420997938075,0.05600794170547715
1891,0.05546588408028298,0.0560078698305557
1892,0.055465487243686704,0.05600777633852618
1893,0.05546495017979465,0.05600762215045065
1894,0.055464575375797784,0.056007666065073
1895,0.05546438235201407,0.056007676557861444
1896,0.0554639202155108,0.056007441580009726
1897,0.05546384190179139,0.05600745725276789
1898,0.05546326449861839,0.05600729440711113
1899,0.055462913610818475,0.05600720740510898
1900,0.05546240412192678,0.056007089321464816
1901,0.0554622358281167,0.05600706272432463
1902,0.05546177788771847,0.05600712343047116
1903,0.05546117630714862,0.05600689737964465
1904,0.055460929515503264,0.05600682151197533
1905,0.05546068719030513,0.056006676043599046
1906,0.055460468846030946,0.056006597173387386
1907,0.05546035983103718,0.05600657248032304
1908,0.05546004504571289,0.05600643382481733
1909,0.0554596625256602,0.05600657800013155
1910,0.055459226359012764,0.05600646728303918
1911,0.05545869041418147,0.056006500791291665
1912,0.05545857093936788,0.05600646842657895
1913,0.055458488608857236,0.056006430966139865
1914,0.05545812604799175,0.056006354544441486
1915,0.05545808047845097,0.05600635836562363
1916,0.05545761486375193,0.056006056849264636
1917,0.055457246966835384,0.05600591915810946
1918,0.05545667364877003,0.05600586922872506
1919,0.05545616375249774,0.056005824229928905
1920,0.05545590838342069,0.056005755744113046
1921,0.05545544403621642,0.05600544027123348
1922,0.055455065456783095,0.05600541110787132
1923,0.05545452606954817,0.056005224489446975
1924,0.05545428454141929,0.05600516967354826
1925,0.0554539680782213,0.05600523572990128
1926,0.055453633143952206,0.05600515136933209
1927,0.05545355589649102,0.056005140552309
1928,0.05545284147996731,0.056005276213709966
1929,0.055452720470901655,0.05600531138730869
1930,0.055452104076653276,0.05600541867504316
1931,0.055451857244383555,0.056005385870184256
1932,0.055451740822277946,0.05600541997057118
1933,0.055451523191779734,0.05600541270233023
1934,0.05545120621060741,0.05600535151318834
1935,0.055451132372167596,0.056005345592997705
1936,0.055451051218212206,0.05600530185274728
1937,0.055450867261123804,0.056005292401647054
1938,0.05545061817236012,0.056005292151895876
1939,0.05545023734553563,0.05600525274218398
1940,0.05544959620241759,0.05600523841032096
1941,0.055449329996683436,0.05600523625261706
1942,0.0554490176946859,0.05600519407433325
1943,0.05544854806443538,0.05600516520659875
1944,0.05544814778117993,0.056004974040556904
1945,0.05544780048654194,0.056004980239906466
1946,0.0554473488520102,0.05600489056474478
1947,0.05544714232771857,0.05600489631532289
1948,0.05544684755661886,0.05600484906456017
1949,0.055446371119667576,0.05600464989431321
1950,0.055445940519195006,0.056004543825973994
1951,0.05544539760868157,0.05600434532089735
1952,0.05544488208920536,0.056004331219342174
1953,0.05544486877507878,0.05600433181616786
1954,0.055444281742542005,0.05600439045364436
1955,0.055444108470094074,0.056004403492907556
1956,0.055443541794293304,0.056004349689333335
1957,0.055442950907320335,0.056004316212430905
1958,0.05544238154281531,0.05600443841681556
1959,0.05544234639059204,0.05600443432269123
1960,0.05544189035988909,0.05600431712082719
1961,0.05544144864361644,0.056004057849819204
1962,0.055440914294437704,0.05600410893370716
1963,0.055440817624193985,0.056004109745514945
1964,0.055440380321931035,0.05600374669383513
1965,0.05544019673287502,0.056003782089719824
1966,0.05543992854254477,0.056003796010816065
1967,0.05543966302531591,0.05600376464847873
1968,0.05543923119397198,0.056003640271239455
1969,0.055438922547650336,0.05600380469466289
1970,0.05543835639254836,0.05600373420763079
1971,0.05543791970989308,0.05600358131029327
1972,0.055437443504140475,0.056003589987178706
1973,0.05543721794747343,0.056003585484449836
1974,0.05543696004167197,0.056003367349774145
1975,0.05543631723703943,0.0560034404699755
1976,0.055435749662568284,0.05600360331337297
1977,0.05543531446575922,0.056003600623885916
1978,0.055435260049759065,0.05600358254557734
1979,0.055434497112084986,0.05600349462081757
1980,0.055434091487686674,0.056003518886274105
1981,0.055433666898243854,0.05600362150346721
1982,0.05543335592119554,0.05600349384005863
1983,0.055432843675180546,0.056003597032930306
1984,0.05543253490949493,0.056003445046525
1985,0.05543244905131518,0.05600340126543839
1986,0.05543197321901561,0.0560033501226999
1987,0.055431588734926485,0.05600338838520216
1988,0.05543109511584974,0.05600333967557167
1989,0.05543080551945687,0.056003279858534705
1990,0.055430162549408066,0.05600316384358488
1991,0.05542975523562267,0.05600300688319333
1992,0.0554293573598937,0.05600309640816973
1993,0.05542893223851312,0.056002941837056903
1994,0.055428511268920365,0.05600300341371382
1995,0.05542805955324152,0.05600288576433435
1996,0.055427985101628,0.056002847225935466
1997,0.05542775547974973,0.056002763911629914
1998,0.055427544917857785,0.05600274118312498
1999,0.055427126279889515,0.05600271282362667
2000,0.055427002834401294,0.05600275285886905
2001,0.05542678599869335,0.05600259313963454
2002,0.0554262664142548,0.05600194466436526
2003,0.05542583496559084,0.056002037402238865
2004,0.05542564051594806,0.05600208572022316
2005,0.0554249912556732,0.056001580137401405
2006,0.05542498701214277,0.05600158020124544
2007,0.05542457771893556,0.0560016014407134
2008,0.055423936129813244,0.05600153115685499
2009,0.055423647605240746,0.056001498011300235
2010,0.05542325245173036,0.056001332460420945
2011,0.05542293894354344,0.056001129506181954
2012,0.055422297002219824,0.05600120058380316
2013,0.05542198587706313,0.05600112224591224
2014,0.055421449324563596,0.0560009694262478
2015,0.05542144087999333,0.05600096339386112
2016,0.05542129323076964,0.056001017149548166
2017,0.055420844745879494,0.05600097739581269
2018,0.05542028734727806,0.05600080814081525
2019,0.05541992470055239,0.05600077173251777
2020,0.055419461787862265,0.05600079138040925
2021,0.055418981830877956,0.056000867084364275
2022,0.055418685943599055,0.05600090066891362
2023,0.05541794677028008,0.05600084560313316
2024,0.05541786071516646,0.05600083652294417
2025,0.05541768710696612,0.0560007873625152
2026,0.05541713436483267,0.05600061911608156
2027,0.055416979587891844,0.056000574086054807
2028,0.05541677790940222,0.056000586459996005
2029,0.05541613074596814,0.05600080640050186
2030,0.05541582919587381,0.05600073839234774
2031,0.055415327038041806,0.05600080624207153
2032,0.05541496615077523,0.056000703780198585
2033,0.05541434345073424,0.05600082155550115
2034,0.05541403934441356,0.056000966185268904
2035,0.05541355788184914,0.056000821758107056
2036,0.05541314943201604,0.05600084632826677
2037,0.05541287622897408,0.05600086150497578
2038,0.055412660989654715,0.05600087235085669
2039,0.05541252653287512,0.05600070981334985
2040,0.05541204388694649,0.05600055817366608
2041,0.05541165738484317,0.05600063012668622
2042,0.055411040136538386,0.05600049172320134
2043,0.05541102539692771,0.05600048958886812
2044,0.05541049348786093,0.056000573801369045
2045,0.05541008842250516,0.05600063194582539
2046,0.0554096190386864,0.056000590947119074
2047,0.055409278269864644,0.056000484560238394
2048,0.05540898470685012,0.0560004852418551
2049,0.05540871840843171,0.05600037509960225
2050,0.05540860755955374,0.056000322230897105
2051,0.05540815295108506,0.056000230673931686
2052,0.055407834612022096,0.05600027663563384
2053,0.055407484217741845,0.056000223602134774
2054,0.05540705466958841,0.05600022909664992
2055,0.05540633979459367,0.05600047089438759
2056,0.055405930665414306,0.056000372547611685
2057,0.05540553899925904,0.05600033373940591
2058,0.0554053664008497,0.05600025093612386
2059,0.0554046888791828,0.05600030703919232
2060,0.05540403304639451,0.05600020800133096
2061,0.05540387710292471,0.05600019247514668
2062,0.055403824057298746,0.05600018955561294
2063,0.055403316760400535,0.0559998206504654
2064,0.055402920078429375,0.05599970029439478
2065,0.055402858927048035,0.05599968735749565
2066,0.05540233577108385,0.05599978197895721
2067,0.0554019792845782,0.0559997561242802
2068,0.05540189933856356,0.05599975133603306
2069,0.05540159550746547,0.055999738941899094
2070,0.055401479168730984,0.055999669050459694
2071,0.05540108775703874,0.05599972397236095
2072,0.055400534684493415,0.055999674203001046
2073,0.05540035953456308,0.0559996969077752
2074,0.05539987685901133,0.05599963829737083
2075,0.055399609740847316,0.055999610805710344
2076,0.055399523692278047,0.05599961139393085
2077,0.05539924325204461,0.055999564196416274
2078,0.05539895706485915,0.05599974298171826
2079,0.05539887443941702,0.05599973511057239
2080,0.05539881041912421,0.0559997222593884
2081,0.05539818213020697,0.055999907697698456
2082,0.05539813817053636,0.0559999082533582
2083,0.055397742492783904,0.05599997119648145
2084,0.055397114394239916,0.05599987175827932
2085,0.05539649083628902,0.055999890398592975
2086,0.055396160377639336,0.05599984253296017
2087,0.055395896337411626,0.055999714147820824
2088,0.05539531597276401,0.0559997248207519
2089,0.05539500493277821,0.05599965607869443
2090,0.05539484527153096,0.055999626258938055
2091,0.05539440802879325,0.05599951218990197
2092,0.05539431653637397,0.0559994836708635
2093,0.055393957560017325,0.05599954042674693
2094,0.055393682755128806,0.055999533017399857
2095,0.05539316422943063,0.05599938603368226
2096,0.05539312165882199,0.05599938074559317
2097,0.05539293078630374,0.05599943729533366
2098,0.05539245336064527,0.0559994548529879
2099,0.05539184836592524,0.055999512402129026
2100,0.05539182766021141,0.05599946513468799
2101,0.05539169019438014,0.055999470289329244
2102,0.05539124919926968,0.05599936073765366
2103,0.0553911380274169,0.05599937290138577
2104,0.05539061448922236,0.055999244808961464
2105,0.05539028874236576,0.05599919173689866
2106,0.05538990215483295,0.05599910498487655
2107,0.05538951251821637,0.055999064686205045
2108,0.0553891109584661,0.05599909195176246
2109,0.05538846875264086,0.055998973000243576
2110,0.0553877497977985,0.05599890487284156
2111,0.0553875717194131,0.05599888267893804
2112,0.055386967808183564,0.05599873169270778
2113,0.05538693093547709,0.05599870517552442
2114,0.05538649218469032,0.05599880021760738
2115,0.055386063699387096,0.05599873129612453
2116,0.0553859778984836,0.05599867141565795
2117,0.05538576957002048,0.05599861833106184
2118,0.05538545921504162,0.05599859937094643
2119,0.05538487331434632,0.055998463795572904
2120,0.05538483330832813,0.05599848311557096
2121,0.0553846644117447,0.05599856062327092
2122,0.05538438670075301,0.05599852196189759
2123,0.05538413186826114,0.05599848302715379
2124,0.05538352520717225,0.055998328035363795
2125,0.05538296930941399,0.05599827396209931
2126,0.055382619972125915,0.05599830533278162
2127,0.055382414676843315,0.05599817412353459
2128,0.05538233401453917,0.05599817817505085
2129,0.05538223211474625,0.05599818925631664
2130,0.0553818921808204,0.055998262751559814
2131,0.05538162007666411,0.05599814430221305
2132,0.05538131804405472,0.055998118734560634
2133,0.055380780959987094,0.055997921246356254
2134,0.05538041592120646,0.055997891846371876
2135,0.055379982695646104,0.05599791734467793
2136,0.05537973520916052,0.05599786310112352
2137,0.05537927833969708,0.05599786328933834
2138,0.055378962630495895,0.055997826107336085
2139,0.05537856737747196,0.055997638063277434
2140,0.055378087705516055,0.05599766588989112
2141,0.05537802547585422,0.055997673880723076
2142,0.05537756266064271,0.055997671209983106
2143,0.05537729186045623,0.05599773376141362
2144,0.055377136568985956,0.0559977575140816
2145,0.05537675617824647,0.055997665711660434
2146,0.05537636543995563,0.05599771953245533
2147,0.05537607207158159,0.055997583604324296
2148,0.05537570015391704,0.05599736223683577
2149,0.05537563719438967,0.0559973782928902
2150,0.05537529833112632,0.055997649789684814
2151,0.05537494544013336,0.05599767777015382
2152,0.05537463331473638,0.055997566195627575
2153,0.055374234116766674,0.05599749839147984
2154,0.05537334100922083,0.055997344723959265
2155,0.05537286400124867,0.05599733962187938
2156,0.05537223662011714,0.055996804166013055
2157,0.055371683914920936,0.055996775317703154
2158,0.055371392305341285,0.05599679560519243
2159,0.05537087277848037,0.05599683156939966
2160,0.05537053478776773,0.05599679697413312
2161,0.05537035754689286,0.055996816746813095
2162,0.05536973333874552,0.0559968466758068
2163,0.055369639462248224,0.05599680249738205
2164,0.055369197911813293,0.055996749593562566
2165,0.05536887523692259,0.055996693437998
2166,0.05536879515362998,0.055996693552848816
2167,0.05536854590945181,0.05599664028300109
2168,0.05536841577849233,0.05599667654930061
2169,0.05536787092828554,0.05599661506939341
2170,0.055367294346517014,0.05599647545367456
2171,0.05536706328653156,0.055996432906041546
2172,0.05536651766546603,0.05599646925793402
2173,0.05536608701911943,0.05599632217410382
2174,0.05536574586519786,0.055996224512356536
2175,0.05536557914698905,0.05599620815977896
2176,0.055365249748675446,0.05599619253279402
2177,0.05536507070696598,0.055996145612268136
2178,0.055364790919696635,0.0559962193675314
2179,0.05536478194006732,0.05599622116105894
2180,0.05536430686895049,0.05599609578553582
2181,0.05536405125351637,0.05599592037811261
2182,0.055363661060517155,0.05599585997678335
2183,0.05536364145172714,0.055995867659180104
2184,0.0553636180416764,0.05599586827994555
2185,0.05536338690056615,0.055995819599756386
2186,0.05536302233339893,0.055995853142271075
2187,0.055362576257216044,0.055995883979299776
2188,0.055362163771994294,0.055995734817297575
2189,0.05536186135179962,0.0559954487278196
2190,0.055361791965154804,0.05599546624786055
2191,0.05536152792427281,0.05599544215035965
2192,0.055361324850043324,0.05599538525370076
2193,0.05536096090248504,0.05599530264203475
2194,0.05536060193004187,0.055995267342103625
2195,0.05536037459831329,0.05599526132328861
2196,0.05536012654081933,0.05599521800176523
2197,0.055359588222880056,0.05599478936406537
2198,0.055359315116897075,0.05599464134920732
2199,0.055358928483134125,0.05599451582515412
2200,0.05535886634826832,0.055994557195294566
2201,0.05535859160119965,0.05599442006686481
2202,0.05535809395426625,0.05599438354091343
2203,0.055357922727095235,0.055994405428447705
2204,0.055357558677653254,0.05599439753570275
2205,0.055357298295255444,0.055994438802603956
2206,0.055356527336713306,0.05599440718383859
2207,0.05535642262493389,0.05599441194991049
2208,0.05535619148278549,0.05599436117744516
2209,0.05535563191664284,0.05599421688405183
2210,0.05535527441608579,0.05599414906573677
2211,0.05535473392962557,0.05599429955185964
2212,0.0553544509180605,0.05599420911944387
2213,0.055354013751212475,0.0559941983730168
2214,0.055353569815398025,0.05599403193015357
2215,0.05535349335988011,0.05599402075485546
2216,0.05535328475004588,0.0559938954696436
2217,0.055353220050998395,0.05599388622535244
2218,0.05535312775198437,0.05599386295249663
2219,0.05535266404163616,0.05599375490686456
2220,0.0553524999867983,0.05599370032977573
2221,0.05535198709706191,0.05599379016775599
2222,0.055351640446008196,0.055993746254675375
2223,0.05535111961398503,0.05599370142842677
2224,0.05535081138743357,0.05599373607540397
2225,0.0553505010668019,0.05599356807884871
2226,0.05535024374574948,0.055993514250844645
2227,0.05535017504228363,0.05599350945689593
2228,0.05535011150728529,0.055993524924632825
2229,0.055349612818495264,0.05599350797175312
2230,0.05534916531609147,0.05599342155943908
2231,0.05534859252899533,0.05599312220380347
2232,0.055348444495189414,0.05599306064152628
2233,0.05534791446462048,0.05599316258175942
2234,0.05534744323043966,0.055993120121838894
2235,0.055346732727877185,0.05599306919097429
2236,0.055346249292789584,0.0559931706245502
2237,0.055346104277992685,0.05599311081701371
2238,0.05534609718333641,0.055993107929414906
2239,0.05534602083600367,0.05599309932540305
2240,0.055345877241273836,0.055993074163646295
2241,0.05534533597521743,0.05599323324943252
2242,0.055345237511460595,0.05599317253218935
2243,0.05534475587329161,0.055993215351328056
2244,0.05534421481014786,0.05599331032962132
2245,0.055343766047893005,0.05599323569402048
2246,0.055343556943596245,0.055993224105401494
2247,0.05534349874990591,0.05599321385180192
2248,0.05534340376059378,0.05599319374976535
2249,0.05534275271242038,0.05599331511735988
2250,0.055342727422648154,0.05599331596814254
2251,0.05534268979549975,0.0559933103773085
2252,0.05534253764156929,0.05599330829544302
2253,0.055342478469601046,0.05599328243948413
2254,0.05534210336496037,0.0559931859342184
2255,0.055341522809352554,0.05599297721714403
2256,0.05534136396103709,0.05599301162307853
2257,0.055341349998631904,0.055993012494686197
2258,0.055340799315836534,0.05599297080709486
2259,0.05534039634510104,0.055992929788356134
2260,0.055340338963316936,0.05599292786625624
2261,0.05534005175609859,0.05599283678686779
2262,0.05533967628475216,0.05599294680514267
2263,0.05533923439311627,0.055992924127233876
2264,0.05533899595958149,0.05599285541331534
2265,0.05533874777164575,0.05599284584975785
2266,0.0553382425446683,0.055992896592412564
2267,0.05533790309243032,0.05599276062751886
2268,0.05533763927871417,0.0559926744610896
2269,0.055336999432394715,0.055992729549723466
2270,0.055336493747407164,0.05599274753812307
2271,0.055336407836394756,0.05599274629127129
2272,0.055336156932743644,0.055992708989369734
2273,0.055335767332579895,0.05599261597213407
2274,0.055335371752608165,0.05599268855611823
2275,0.055334901533041055,0.055992797685906676
2276,0.05533468949233821,0.055992808135429166
2277,0.05533439200110202,0.055992822609345315
2278,0.05533409640839942,0.055992885782397896
2279,0.055333725298059404,0.05599290649786644
2280,0.055333323605291106,0.055992800673354395
2281,0.05533268036198501,0.055992696532872824
2282,0.05533236846704201,0.055992662545258184
2283,0.055332016107627044,0.05599272870320776
2284,0.055331565950443806,0.05599272036318494
2285,0.05533136903782685,0.055992749503162166
2286,0.05533106726404571,0.05599270292722109
2287,0.05533045607956477,0.05599264771255174
2288,0.05532975450352089,0.05599227904207796
2289,0.05532942368473195,0.05599219475021245
2290,0.055329102718514864,0.055991975681331733
2291,0.05532884946731476,0.05599189130796874
2292,0.05532849130495827,0.05599174063482131
2293,0.05532838348356209,0.05599169499325161
2294,0.0553278204288653,0.055991773320806563
2295,0.05532745702195652,0.05599174307317472
2296,0.05532695476918062,0.055991744869150775
2297,0.05532653497074521,0.05599171346130564
2298,0.05532612223520463,0.05599182063993898
2299,0.05532574833282711,0.055991617428710234
2300,0.0553254145408507,0.055991694982042844
2301,0.05532535240955742,0.05599164730829543
2302,0.055325095241735,0.05599181772579427
2303,0.05532461907381252,0.055991693818652565
2304,0.05532424069882519,0.05599173249481522
2305,0.055324169105388385,0.05599173065009619
2306,0.05532370640394788,0.055991744614852124
2307,0.055323623538525574,0.05599169193308829
2308,0.05532318663674678,0.05599155589518732
2309,0.05532313376095289,0.05599155297984365
2310,0.055322964165476836,0.05599154099020204
2311,0.055322329010370805,0.0559915369103402
2312,0.055321816102356036,0.05599158550122997
2313,0.05532138350574399,0.055991673024550485
2314,0.05532090407036277,0.055991765333883586
2315,0.05532055145305188,0.055991783308308826
2316,0.055320247047298106,0.05599159136588354
2317,0.05532020488239387,0.055991593367489066
2318,0.05531954937996914,0.05599147701012983
2319,0.055319427026680704,0.0559914561970004
2320,0.05531922816205948,0.05599141763860804
2321,0.05531914384814349,0.05599141710763704
2322,0.05531874715380092,0.05599140800081448
2323,0.055318429828473695,0.05599136666891593
2324,0.05531795649069679,0.0559913846779706
2325,0.055317483757328305,0.055990966066984414
2326,0.0553170027341041,0.055991030801391006
2327,0.055316609283967796,0.05599096621822917
2328,0.05531598295155027,0.055991014346028274
2329,0.05531590437592139,0.05599103234254564
2330,0.055315397277927655,0.055991184559671614
2331,0.05531495759980321,0.05599117404001699
2332,0.0553142819076628,0.055991175367381116
2333,0.05531355491726765,0.05599124307788774
2334,0.055313157471135896,0.05599126630314925
2335,0.05531275051366447,0.05599117009282133
2336,0.05531243873606003,0.05599089011288642
2337,0.05531229784210534,0.05599086016619151
2338,0.05531227078555778,0.05599086040461526
2339,0.055312011499152436,0.055990772244577276
2340,0.05531156134992963,0.05599054901631798
2341,0.055311303170135155,0.05599064451212269
2342,0.05531108704784144,0.05599062506061938
2343,0.055310818440231134,0.05599059665790519
2344,0.05531064319507891,0.05599056343623933
2345,0.05531055196521823,0.055990551583002354
2346,0.05531023617470985,0.05599054070583794
2347,0.05530973963496699,0.05599048018128749
2348,0.055309358974382716,0.05599052899953396
2349,0.055308828252370636,0.05599069090684232
2350,0.05530823298724268,0.05599030503536894
2351,0.05530789157115146,0.05599049455944416
2352,0.05530745724162757,0.05599035606447855
2353,0.05530689303525524,0.05599036222711576
2354,0.05530686527511036,0.055990353832484824
2355,0.05530659648343868,0.05599020924812671
2356,0.05530649021029413,0.05599025767990668
2357,0.055306065853278366,0.055990225101647945
2358,0.05530593051901032,0.0559901688083001
2359,0.05530559061992075,0.055990153126008746
2360,0.05530523133926993,0.05599007213768994
2361,0.05530495323942303,0.05599010315921813
2362,0.055304490137797334,0.05599010851230615
2363,0.05530391449685847,0.0559900568751817
2364,0.05530350420432138,0.05599010482450302
2365,0.05530305893679067,0.055990230144717996
2366,0.05530273438651334,0.05599017040969249
2367,0.05530237065321558,0.05599023015735523
2368,0.05530205720827996,0.05599034497613871
2369,0.05530179409225101,0.055990429764216885
2370,0.05530167811080002,0.05599035342911941
2371,0.05530154798780427,0.05599035286813018
2372,0.05530130138002339,0.05599038324625365
2373,0.05530097974514515,0.055990386565919
2374,0.055300652548082495,0.055990333882150835
2375,0.05530015445140655,0.05599033513410063
2376,0.0552997288424229,0.055990298199102145
2377,0.055299143817907175,0.05599027680386586
2378,0.0552990150931629,0.055990259342379764
2379,0.05529857184593497,0.05599013438947295
2380,0.0552985347291329,0.05599012798012212
2381,0.0552980677862831,0.055990220547272644
2382,0.05529775247888387,0.05599012060713777
2383,0.05529749236005182,0.05599013258493349
2384,0.05529695630795271,0.05599018352191929
2385,0.05529664314837408,0.05598995530585324
2386,0.05529649059737734,0.05598997522814163
2387,0.05529616117833453,0.05599000472889582
2388,0.055295735616187856,0.05598986195543075
2389,0.05529553938738548,0.055989803688977276
2390,0.055295474131654414,0.055989802206914484
2391,0.05529526285227785,0.055989807255001335
2392,0.055294751897544285,0.055989739537352895
2393,0.05529426586384556,0.0559898049534412
2394,0.05529417443425589,0.05598982856002996
2395,0.055293951330307095,0.05598974634580838
2396,0.05529348255402574,0.05598977107003057
2397,0.05529299172535173,0.055989704582546464
2398,0.055292492123426996,0.055989715276466
2399,0.055292218976655344,0.055989778178765014
2400,0.05529174406883833,0.05598978716958362
2401,0.05529150543702048,0.05598967958753842
2402,0.05529098992367058,0.05598942339245479
2403,0.05529088427577648,0.0559894203946449
2404,0.05529042778509112,0.05598905261689151
2405,0.05529005530770745,0.05598902606390474
2406,0.05528971086782358,0.0559890148288833
2407,0.055289259737093276,0.05598899099990112
2408,0.05528883030413509,0.05598905856683969
2409,0.05528879318572617,0.05598904795861611
2410,0.05528854839983042,0.05598907568239669
2411,0.05528811979668573,0.055988979137749015
2412,0.05528777685205043,0.055989057015269496
2413,0.055287690540657866,0.055988966737702824
2414,0.05528716882188387,0.05598873065835385
2415,0.05528714071761873,0.05598872637370386
2416,0.0552867971063402,0.055988660209026216
2417,0.05528665260839444,0.05598873960517279
2418,0.05528615983829271,0.055988781631509645
2419,0.05528601894853164,0.05598878118014705
2420,0.055285581309046615,0.05598859657548808
2421,0.055285417760411584,0.05598856001961971
2422,0.05528480949776282,0.05598847027982008
2423,0.05528478166127125,0.055988471424565915
2424,0.05528420018581719,0.05598816175878677
2425,0.055283780260471524,0.055988300989140094
2426,0.05528342275829192,0.05598827149592806
2427,0.055283152640317516,0.055988296082430465
2428,0.05528277138186849,0.055988381954801
2429,0.05528208610834635,0.055988361402414935
2430,0.055282025150519325,0.05598836731473479
2431,0.05528182349064613,0.055988347868683994
2432,0.05528154750953236,0.05598829584636386
2433,0.055281197376124164,0.05598837542686486
2434,0.05528117954177075,0.05598836590746832
2435,0.05528097100628894,0.055988368812909854
2436,0.055280588087671875,0.05598856401148655
2437,0.055280567706244316,0.05598856508571465
2438,0.0552800401431105,0.05598860146014698
2439,0.05527973885721407,0.05598870350703085
2440,0.0552795392327702,0.055988660381692035
2441,0.05527919642540088,0.05598864993620051
2442,0.05527861613964161,0.05598817413750487
2443,0.05527838551186635,0.0559880340557121
2444,0.05527832508939471,0.05598802442092872
2445,0.05527794304972212,0.055988173646485874
2446,0.05527777228332138,0.0559881391423116
2447,0.05527745763742228,0.05598825260770575
2448,0.055277061280064564,0.055988263387749156
2449,0.05527677885510229,0.055988246782087275
2450,0.0552758990927115,0.055987848165238815
2451,0.05527566444967098,0.055987868344333155
2452,0.05527531622845192,0.0559878338917519
2453,0.05527524340374424,0.05598786657196446
2454,0.05527494695197215,0.055987879869208
2455,0.055274454917741335,0.055988100779745135
2456,0.0552740172167367,0.05598803876090389
2457,0.0552736962166896,0.055988005400815055
2458,0.05527350411647818,0.05598808278302162
2459,0.055273248364447164,0.055988043029599074
2460,0.05527311084350555,0.0559880515851848
2461,0.05527261200643515,0.05598809575650505
2462,0.055272316081654574,0.05598820741708312
2463,0.05527194680552392,0.0559883272283705
2464,0.055271896675991944,0.05598827140905377
2465,0.055271746195590936,0.05598820514312881
2466,0.05527172090084366,0.05598820946178307
2467,0.055271218200452124,0.05598830356287357
2468,0.05527097979431082,0.055988213263946776
2469,0.05527061280615748,0.0559881476492924
2470,0.05527029109838351,0.05598799795656417
2471,0.05526995836954941,0.05598803997025826
2472,0.055269774838628855,0.05598798876161511
2473,0.055269563349957106,0.05598805230704798
2474,0.05526939613471118,0.055987976628094224
2475,0.055269200403240085,0.055987957883804146
2476,0.05526886461462346,0.05598793690666824
2477,0.05526869049601294,0.055987941396890326
2478,0.05526863776504494,0.05598789129186676
2479,0.05526838084243393,0.055987866403570716
2480,0.055268046278585475,0.05598785117594565
2481,0.05526772071737879,0.05598779525467175
2482,0.055267373311648334,0.05598766769683191
2483,0.05526701605512924,0.055987760009200124
2484,0.05526654668986261,0.055987734717797485
2485,0.05526617849695911,0.05598771206057901
2486,0.055265830672637066,0.055987815997467424
2487,0.055265241250561176,0.055987965805331955
2488,0.05526466450478485,0.05598793804060911
2489,0.055264470444738464,0.05598790428720514
2490,0.055263977793319194,0.055987881508225534
2491,0.055263473062935095,0.05598786973283055
2492,0.05526303963432977,0.05598793706694178
2493,0.05526291944844844,0.05598794136372798
2494,0.055262748910420226,0.05598794415831222
2495,0.05526239808959943,0.05598799873575998
2496,0.055262336830645645,0.05598803340067397
2497,0.05526228892493128,0.055988010086863584
2498,0.055261970743212874,0.055987841920597387
2499,0.05526151879094034,0.05598785017400092
2500,0.055261388870767876,0.05598777482836515
2501,0.05526103814421044,0.055987743484053644
2502,0.05526065753801583,0.05598765306571612
2503,0.05526034946941891,0.05598746864127901
2504,0.05526019375780729,0.05598744806194492
2505,0.055260173751158,0.05598745059341106
2506,0.05525973284977468,0.05598751592193078
2507,0.055259277671013095,0.055987374430452014
2508,0.05525918773059052,0.055987304824116575
2509,0.055259001155685744,0.05598730223618872
2510,0.05525870569826429,0.055987304438922456
2511,0.05525817879744905,0.05598720644088395
2512,0.05525771897063846,0.05598702846851022
2513,0.055257589658852364,0.05598704683538778
2514,0.05525717869453389,0.055987029286470036
2515,0.05525713023359225,0.05598702401610492
2516,0.05525687661541712,0.05598692875856153
2517,0.05525629199121632,0.05598693233126084
2518,0.05525618781374068,0.055986927068731096
2519,0.05525597106715581,0.055986954848236604
2520,0.055255546804974104,0.05598700109780474
2521,0.05525493587175274,0.05598697892379953
2522,0.055254563956675086,0.055986920187431566
2523,0.05525442476902782,0.055987043699953894
2524,0.055253986589886346,0.0559870090262695
2525,0.05525351977694045,0.05598668062359564
2526,0.05525306930903771,0.05598676183249693
2527,0.05525266995729246,0.05598638702678248
2528,0.05525232472693993,0.05598625254410639
2529,0.05525202664674647,0.05598616606276544
2530,0.055251686001763216,0.055986173116086585
2531,0.055251376824448514,0.05598610635058344
2532,0.055251372233972064,0.05598610713495858
2533,0.05525090026198193,0.055986070318571
2534,0.05525018942585169,0.05598579297955022
2535,0.05524989178125694,0.05598576886186449
2536,0.055249688318997056,0.05598577816422596
2537,0.055249200242435126,0.055985810971820135
2538,0.05524867263815676,0.055985822182477045
2539,0.05524838885057772,0.05598580938469973
2540,0.05524805697654593,0.05598583082061918
2541,0.055247603152770386,0.05598587603737061
2542,0.05524730995935803,0.05598580553237219
2543,0.05524729304868158,0.05598583290412054
2544,0.05524668390835376,0.055985755705271124
2545,0.055246288315501366,0.055985602182630184
2546,0.055246140950287,0.05598556716680639
2547,0.05524596728597414,0.05598563063441183
2548,0.05524594050969387,0.05598562257379751
2549,0.055245391508597586,0.055985620592964254
2550,0.05524532559167787,0.05598563875724571
2551,0.0552448166755347,0.05598572036160613
2552,0.055244746009986634,0.05598572048706147
2553,0.05524469742385699,0.05598572817800669
2554,0.0552445236409279,0.0559855977884776
2555,0.05524393720676938,0.05598517552370416
2556,0.05524333389604966,0.05598504054505415
2557,0.05524295548726186,0.05598475763611246
2558,0.05524291418274165,0.05598473942712449
2559,0.05524273683759141,0.05598475861040709
2560,0.05524232288549949,0.05598475684748997
2561,0.05524190320986738,0.05598498654056877
2562,0.05524146912418476,0.055984816817754544
2563,0.05524143226109396,0.055984823230440316
2564,0.05524101717918957,0.055984913018474296
2565,0.055240562668878446,0.05598513211494503
2566,0.05524023164208317,0.05598513839616173
2567,0.05523981082301545,0.05598513473135631
2568,0.055239509425520826,0.055985170000836255
2569,0.05523912315031453,0.0559852722348786
2570,0.0552387502325271,0.05598519474574896
2571,0.055238233946418504,0.05598522560019145
2572,0.05523786544301156,0.05598532564745316
2573,0.05523725520190119,0.055985412553186675
2574,0.05523683573473739,0.05598528819813589
2575,0.05523676484839872,0.05598530388726935
2576,0.0552365378539683,0.05598522965325432
2577,0.05523612836561817,0.05598521385385248
2578,0.055236027241453774,0.05598521956001274
2579,0.05523597445331158,0.05598524128601767
2580,0.05523592967669117,0.05598523981560194
2581,0.055235525906438376,0.0559851332716784
2582,0.05523533624527428,0.05598513792384014
2583,0.05523507639996959,0.05598510672454575
2584,0.05523502779490401,0.055985105171127265
2585,0.05523476679456683,0.0559852852804732
2586,0.055234411108126276,0.05598529619153901
2587,0.05523400934179833,0.055985421653637554
2588,0.0552337595138323,0.05598543538926125
2589,0.05523357280957047,0.05598545164522471
2590,0.05523331893908247,0.05598543758853715
2591,0.05523292230187126,0.05598527350818003
2592,0.0552324711151382,0.05598525424460432
2593,0.05523233362767497,0.05598533251466195
2594,0.05523221924733871,0.055985353513720255
2595,0.055231858615760646,0.0559852894246654
2596,0.05523149629835461,0.055985401587039914
2597,0.055231077802433935,0.05598533931707705
2598,0.055230455433352824,0.055985347482789875
2599,0.05523028288738873,0.055985377485795705
2600,0.055229712688201996,0.05598523877515968
2601,0.05522953296517689,0.05598520839888288
2602,0.05522902259038741,0.055985183084067414
2603,0.05522857073517253,0.055985215188646256
2604,0.0552282606347078,0.05598530278899521
2605,0.05522805302969433,0.05598556560385985
2606,0.05522791064858526,0.05598568553548895
2607,0.05522779242924151,0.05598572451283628
2608,0.05522731820609281,0.05598577582933816
